reporting_month,account_id,account_status,plan_tier,mrr_amount,usage_flag
2023-11-01,A-00bed1,active,Basic,1159,true
2023-12-01,A-00bed1,active,Basic,1159,true
2024-01-01,A-00bed1,active,Basic,1159,true
2024-02-01,A-00bed1,active,Basic,1159,true
2024-03-01,A-00bed1,active,Basic,1159,true
2024-04-01,A-00bed1,active,Pro,1372,true
2024-05-01,A-00bed1,active,Enterprise,9751,true
2024-06-01,A-00bed1,active,Enterprise,9751,true
2024-07-01,A-00bed1,active,Pro,1372,true
2024-08-01,A-00bed1,active,Enterprise,1764,true
2024-09-01,A-00bed1,active,Enterprise,5572,true
2024-10-01,A-00bed1,active,Enterprise,5572,true
2024-11-01,A-00bed1,active,Enterprise,5572,true
2024-12-01,A-00bed1,active,Enterprise,5572,true
2023-09-01,A-00cac8,active,Pro,392,false
2023-10-01,A-00cac8,active,Pro,392,true
2023-11-01,A-00cac8,active,Pro,392,true
2023-12-01,A-00cac8,active,Basic,361,true
2024-01-01,A-00cac8,active,Basic,361,true
2024-02-01,A-00cac8,active,Basic,361,true
2024-03-01,A-00cac8,active,Basic,152,true
2024-04-01,A-00cac8,active,Enterprise,152,true
2024-05-01,A-00cac8,active,Enterprise,152,true
2024-06-01,A-00cac8,active,Enterprise,152,true
2024-07-01,A-00cac8,active,Enterprise,152,true
2024-08-01,A-00cac8,active,Enterprise,7761,true
2024-09-01,A-00cac8,active,Pro,392,true
2024-10-01,A-00cac8,active,Enterprise,3980,true
2024-11-01,A-00cac8,active,Enterprise,3980,false
2024-12-01,A-00cac8,active,Pro,931,true
2024-05-01,A-0158bb,trial,Basic,0,false
2024-06-01,A-0158bb,active,Basic,171,true
2024-07-01,A-0158bb,active,Basic,171,true
2024-08-01,A-0158bb,active,Basic,171,true
2024-09-01,A-0158bb,active,Basic,171,true
2024-10-01,A-0158bb,active,Enterprise,171,false
2024-11-01,A-0158bb,active,Enterprise,171,true
2024-12-01,A-0158bb,active,Pro,2205,true
2024-08-01,A-016043,active,Basic,114,false
2024-09-01,A-016043,active,Enterprise,3980,true
2024-10-01,A-016043,active,Pro,1323,true
2024-11-01,A-016043,active,Basic,209,false
2024-12-01,A-016043,active,Enterprise,2587,true
2023-06-01,A-019782,active,Pro,833,true
2023-07-01,A-019782,active,Pro,833,true
2023-08-01,A-019782,active,Enterprise,2587,true
2023-09-01,A-019782,active,Enterprise,2587,false
2023-10-01,A-019782,active,Basic,209,true
2023-11-01,A-019782,active,Basic,209,true
2023-12-01,A-019782,active,Basic,209,false
2024-01-01,A-019782,active,Basic,209,true
2024-02-01,A-019782,active,Basic,209,true
2024-03-01,A-019782,active,Basic,209,true
2024-04-01,A-019782,active,Basic,209,true
2024-05-01,A-019782,active,Pro,539,true
2024-06-01,A-019782,active,Basic,266,true
2024-07-01,A-019782,active,Basic,266,true
2024-08-01,A-019782,active,Basic,266,true
2024-09-01,A-019782,active,Basic,266,true
2024-10-01,A-019782,active,Basic,266,true
2024-11-01,A-019782,active,Basic,266,true
2024-12-01,A-019782,active,Enterprise,266,true
2024-05-01,A-029f69,active,Enterprise,4776,true
2024-06-01,A-029f69,active,Enterprise,4776,true
2024-07-01,A-029f69,active,Enterprise,4776,true
2024-08-01,A-029f69,active,Enterprise,597,true
2024-09-01,A-029f69,active,Basic,285,true
2024-10-01,A-029f69,active,Pro,285,true
2024-11-01,A-029f69,active,Pro,147,true
2024-12-01,A-029f69,active,Basic,646,true
2024-03-01,A-02cd81,active,Basic,836,false
2024-04-01,A-02cd81,trial,Basic,0,true
2024-05-01,A-02cd81,active,Enterprise,8756,true
2024-06-01,A-02cd81,active,Pro,2156,true
2024-07-01,A-02cd81,active,Pro,2156,true
2024-08-01,A-02cd81,active,Basic,836,true
2024-09-01,A-02cd81,active,Basic,836,true
2024-10-01,A-02cd81,active,Basic,836,true
2024-11-01,A-02cd81,active,Basic,836,true
2024-12-01,A-02cd81,active,Pro,2156,true
2023-10-01,A-02fac6,active,Pro,1078,true
2023-11-01,A-02fac6,active,Enterprise,4378,true
2023-12-01,A-02fac6,active,Enterprise,4378,true
2024-01-01,A-02fac6,active,Pro,1078,true
2024-02-01,A-02fac6,active,Pro,1078,true
2024-03-01,A-02fac6,active,Pro,1078,true
2024-04-01,A-02fac6,active,Pro,1078,true
2024-05-01,A-02fac6,active,Pro,2891,true
2024-06-01,A-02fac6,active,Pro,2891,true
2024-07-01,A-02fac6,active,Pro,2891,true
2024-08-01,A-02fac6,active,Pro,2891,true
2024-09-01,A-02fac6,active,Basic,418,false
2024-10-01,A-02fac6,active,Pro,1078,true
2024-11-01,A-02fac6,active,Pro,1078,true
2024-12-01,A-02fac6,active,Pro,1078,true
2023-12-01,A-034368,trial,Basic,0,true
2024-01-01,A-034368,trial,Basic,0,false
2024-02-01,A-034368,trial,Basic,0,false
2024-03-01,A-034368,trial,Basic,0,false
2024-04-01,A-034368,trial,Basic,0,true
2024-05-01,A-034368,trial,Basic,0,false
2024-06-01,A-034368,active,Basic,494,false
2024-07-01,A-034368,active,Basic,494,true
2024-08-01,A-034368,active,Basic,494,true
2024-09-01,A-034368,active,Basic,494,true
2024-10-01,A-034368,active,Enterprise,5572,true
2024-11-01,A-034368,active,Basic,551,true
2024-12-01,A-034368,active,Enterprise,4577,true
2024-11-01,A-0354fe,active,Basic,646,true
2024-12-01,A-0354fe,active,Enterprise,6766,true
2024-06-01,A-038089,active,Pro,245,false
2024-07-01,A-038089,active,Pro,1764,false
2024-08-01,A-038089,active,Pro,1764,true
2024-09-01,A-038089,active,Pro,1764,true
2024-10-01,A-038089,active,Pro,1764,false
2024-11-01,A-038089,active,Pro,1764,true
2024-12-01,A-038089,active,Basic,95,false
2024-11-01,A-039727,active,Pro,1225,true
2024-12-01,A-039727,churned,Enterprise,4975,true
2024-09-01,A-0532a9,active,Basic,361,true
2024-10-01,A-0532a9,active,Enterprise,5373,true
2024-11-01,A-0532a9,active,Pro,1029,true
2024-12-01,A-0532a9,active,Pro,931,true
2024-05-01,A-054577,active,Pro,343,true
2024-06-01,A-054577,active,Pro,1715,false
2024-07-01,A-054577,active,Enterprise,597,true
2024-08-01,A-054577,active,Basic,456,false
2024-09-01,A-054577,active,Enterprise,14925,true
2024-10-01,A-054577,active,Basic,456,false
2024-11-01,A-054577,active,Basic,475,true
2024-12-01,A-054577,active,Enterprise,16915,true
2023-07-01,A-05d3b3,active,Basic,171,true
2023-08-01,A-05d3b3,active,Basic,3184,false
2023-09-01,A-05d3b3,active,Pro,1078,false
2023-10-01,A-05d3b3,active,Pro,1078,true
2023-11-01,A-05d3b3,active,Pro,209,true
2023-12-01,A-05d3b3,active,Pro,209,true
2024-01-01,A-05d3b3,active,Enterprise,2587,true
2024-02-01,A-05d3b3,active,Basic,532,true
2024-03-01,A-05d3b3,active,Basic,532,true
2024-04-01,A-05d3b3,active,Basic,532,true
2024-05-01,A-05d3b3,active,Basic,532,true
2024-06-01,A-05d3b3,active,Basic,532,true
2024-07-01,A-05d3b3,active,Basic,532,true
2024-08-01,A-05d3b3,active,Pro,441,true
2024-09-01,A-05d3b3,active,Enterprise,171,true
2024-10-01,A-05d3b3,active,Enterprise,3781,true
2024-11-01,A-05d3b3,active,Enterprise,3781,true
2024-12-01,A-05d3b3,active,Enterprise,3781,true
2023-06-01,A-05f0e5,active,Pro,2254,true
2023-07-01,A-05f0e5,active,Pro,2254,true
2023-08-01,A-05f0e5,active,Pro,2254,true
2023-09-01,A-05f0e5,active,Pro,2254,false
2023-10-01,A-05f0e5,active,Basic,608,true
2023-11-01,A-05f0e5,active,Basic,608,true
2023-12-01,A-05f0e5,active,Basic,608,true
2024-01-01,A-05f0e5,active,Basic,608,true
2024-02-01,A-05f0e5,active,Basic,1064,true
2024-03-01,A-05f0e5,active,Basic,1064,true
2024-04-01,A-05f0e5,active,Enterprise,6368,true
2024-05-01,A-05f0e5,active,Pro,1568,true
2024-06-01,A-05f0e5,active,Enterprise,18308,true
2024-07-01,A-05f0e5,active,Enterprise,6368,true
2024-08-01,A-05f0e5,active,Pro,1568,true
2024-09-01,A-05f0e5,active,Pro,1568,true
2024-10-01,A-05f0e5,active,Pro,3185,true
2024-11-01,A-05f0e5,active,Pro,2842,true
2024-12-01,A-05f0e5,active,Pro,2842,true
2024-10-01,A-0651a4,active,Enterprise,11940,false
2024-11-01,A-0651a4,active,Basic,304,true
2024-12-01,A-0651a4,active,Enterprise,12935,true
2023-10-01,A-068fc6,active,Pro,1715,false
2023-11-01,A-068fc6,active,Pro,1715,true
2023-12-01,A-068fc6,active,Pro,1715,false
2024-01-01,A-068fc6,active,Pro,1715,true
2024-02-01,A-068fc6,active,Pro,1715,true
2024-03-01,A-068fc6,active,Basic,665,true
2024-04-01,A-068fc6,active,Enterprise,6965,true
2024-05-01,A-068fc6,active,Enterprise,6965,true
2024-06-01,A-068fc6,active,Enterprise,6965,true
2024-07-01,A-068fc6,active,Pro,1715,true
2024-08-01,A-068fc6,active,Pro,1715,true
2024-09-01,A-068fc6,active,Pro,1715,true
2024-10-01,A-068fc6,active,Basic,665,false
2024-11-01,A-068fc6,active,Basic,665,true
2024-12-01,A-068fc6,churned,Enterprise,6965,true
2023-07-01,A-075038,active,Pro,5047,false
2023-08-01,A-075038,active,Pro,5047,true
2023-09-01,A-075038,active,Pro,5047,true
2023-10-01,A-075038,active,Pro,5047,true
2023-11-01,A-075038,trial,Pro,0,true
2023-12-01,A-075038,trial,Pro,0,true
2024-01-01,A-075038,active,Pro,2450,true
2024-02-01,A-075038,active,Pro,833,true
2024-03-01,A-075038,active,Pro,833,true
2024-04-01,A-075038,active,Basic,323,true
2024-05-01,A-075038,active,Basic,703,true
2024-06-01,A-075038,active,Basic,703,true
2024-07-01,A-075038,active,Pro,833,true
2024-08-01,A-075038,active,Enterprise,3383,true
2024-09-01,A-075038,active,Enterprise,3383,true
2024-10-01,A-075038,active,Basic,798,true
2024-11-01,A-075038,active,Basic,798,true
2024-12-01,A-075038,active,Basic,798,true
2023-06-01,A-089363,active,Pro,98,true
2023-07-01,A-089363,active,Pro,98,true
2023-08-01,A-089363,active,Pro,98,true
2023-09-01,A-089363,active,Pro,98,true
2023-10-01,A-089363,active,Enterprise,98,true
2023-11-01,A-089363,active,Basic,760,true
2023-12-01,A-089363,active,Basic,760,true
2024-01-01,A-089363,active,Enterprise,2985,true
2024-02-01,A-089363,active,Enterprise,2985,true
2024-03-01,A-089363,active,Enterprise,2985,true
2024-04-01,A-089363,active,Enterprise,2985,true
2024-05-01,A-089363,active,Enterprise,2985,true
2024-06-01,A-089363,trial,Basic,0,true
2024-07-01,A-089363,active,Pro,1274,true
2024-08-01,A-089363,active,Enterprise,1990,false
2024-09-01,A-089363,active,Enterprise,1990,true
2024-10-01,A-089363,active,Basic,209,true
2024-11-01,A-089363,active,Enterprise,5174,true
2024-12-01,A-089363,active,Enterprise,5174,true
2024-07-01,A-08e34e,active,Basic,686,true
2024-08-01,A-08e34e,active,Pro,686,true
2024-09-01,A-08e34e,active,Pro,686,true
2024-10-01,A-08e34e,active,Pro,686,true
2024-11-01,A-08e34e,active,Enterprise,5771,true
2024-12-01,A-08e34e,active,Enterprise,2786,true
2024-09-01,A-09316c,active,Enterprise,13930,false
2024-10-01,A-09316c,active,Basic,13930,false
2024-11-01,A-09316c,active,Pro,3430,true
2024-12-01,A-09316c,active,Enterprise,13930,true
2024-04-01,A-09540c,active,Basic,1273,true
2024-05-01,A-09540c,active,Enterprise,13333,false
2024-06-01,A-09540c,active,Enterprise,13333,false
2024-07-01,A-09540c,active,Enterprise,13333,true
2024-08-01,A-09540c,active,Basic,1273,true
2024-09-01,A-09540c,active,Basic,1273,true
2024-10-01,A-09540c,active,Basic,1273,true
2024-11-01,A-09540c,active,Pro,3283,false
2024-12-01,A-09540c,active,Pro,3283,true
2023-12-01,A-098560,active,Pro,1715,true
2024-01-01,A-098560,active,Pro,1715,true
2024-02-01,A-098560,active,Pro,1715,false
2024-03-01,A-098560,active,Pro,588,true
2024-04-01,A-098560,active,Basic,190,true
2024-05-01,A-098560,active,Basic,190,true
2024-06-01,A-098560,active,Basic,190,false
2024-07-01,A-098560,active,Basic,551,true
2024-08-01,A-098560,active,Basic,551,true
2024-09-01,A-098560,active,Basic,133,true
2024-10-01,A-098560,active,Basic,760,true
2024-11-01,A-098560,active,Enterprise,796,true
2024-12-01,A-098560,active,Enterprise,796,true
2024-08-01,A-0a282f,active,Enterprise,3781,false
2024-09-01,A-0a282f,active,Enterprise,1194,true
2024-10-01,A-0a282f,active,Basic,228,false
2024-11-01,A-0a282f,active,Pro,49,true
2024-12-01,A-0a282f,active,Pro,98,true
2024-09-01,A-0a62f5,active,Enterprise,3184,false
2024-10-01,A-0a62f5,active,Pro,784,false
2024-11-01,A-0a62f5,active,Pro,784,true
2024-12-01,A-0a62f5,active,Basic,475,false
2024-06-01,A-0aaf6e,active,Pro,1813,false
2024-07-01,A-0aaf6e,active,Basic,1813,true
2024-08-01,A-0aaf6e,active,Pro,456,true
2024-09-01,A-0aaf6e,active,Pro,456,true
2024-10-01,A-0aaf6e,active,Pro,456,true
2024-11-01,A-0aaf6e,active,Basic,57,true
2024-12-01,A-0aaf6e,active,Enterprise,3582,true
2024-12-01,A-0b0d6d,active,Pro,147,false
2024-06-01,A-0baac2,active,Enterprise,5771,true
2024-07-01,A-0baac2,active,Enterprise,5771,false
2024-08-01,A-0baac2,active,Enterprise,5771,true
2024-09-01,A-0baac2,active,Enterprise,5771,false
2024-10-01,A-0baac2,active,Enterprise,6169,true
2024-11-01,A-0baac2,active,Enterprise,6169,false
2024-12-01,A-0baac2,churned,Enterprise,2786,false
2024-10-01,A-0be015,active,Basic,361,true
2024-11-01,A-0be015,active,Basic,456,false
2024-12-01,A-0be015,trial,Basic,0,false
2024-07-01,A-0cc442,trial,Enterprise,0,true
2024-08-01,A-0cc442,active,Enterprise,8955,true
2024-09-01,A-0cc442,active,Basic,855,true
2024-10-01,A-0cc442,active,Basic,855,true
2024-11-01,A-0cc442,active,Enterprise,8955,true
2024-12-01,A-0cc442,active,Enterprise,8955,true
2023-06-01,A-0dbdc6,trial,Pro,0,true
2023-07-01,A-0dbdc6,trial,Pro,0,true
2023-08-01,A-0dbdc6,trial,Pro,0,true
2023-09-01,A-0dbdc6,trial,Pro,0,true
2023-10-01,A-0dbdc6,trial,Pro,0,true
2023-11-01,A-0dbdc6,active,Basic,570,true
2023-12-01,A-0dbdc6,active,Basic,570,false
2024-01-01,A-0dbdc6,active,Basic,570,true
2024-02-01,A-0dbdc6,active,Basic,570,true
2024-03-01,A-0dbdc6,active,Basic,570,false
2024-04-01,A-0dbdc6,active,Pro,1470,false
2024-05-01,A-0dbdc6,active,Enterprise,9950,true
2024-06-01,A-0dbdc6,active,Enterprise,9950,true
2024-07-01,A-0dbdc6,active,Pro,1470,true
2024-08-01,A-0dbdc6,active,Pro,1470,true
2024-09-01,A-0dbdc6,active,Pro,1470,true
2024-10-01,A-0dbdc6,active,Enterprise,5970,true
2024-11-01,A-0dbdc6,active,Enterprise,5970,false
2024-12-01,A-0dbdc6,active,Pro,2303,true
2024-06-01,A-0e966d,active,Enterprise,4577,false
2024-07-01,A-0e966d,active,Enterprise,4577,true
2024-08-01,A-0e966d,active,Pro,4577,true
2024-09-01,A-0e966d,active,Pro,637,true
2024-10-01,A-0e966d,active,Basic,418,true
2024-11-01,A-0e966d,churned,Basic,209,true
2024-12-01,A-0e966d,churned,Basic,209,false
2023-08-01,A-0f3e88,active,Basic,133,true
2023-09-01,A-0f3e88,active,Basic,456,true
2023-10-01,A-0f3e88,active,Basic,456,true
2023-11-01,A-0f3e88,active,Basic,456,true
2023-12-01,A-0f3e88,active,Basic,304,true
2024-01-01,A-0f3e88,active,Pro,1078,true
2024-02-01,A-0f3e88,active,Enterprise,2189,true
2024-03-01,A-0f3e88,active,Enterprise,2189,true
2024-04-01,A-0f3e88,active,Basic,266,true
2024-05-01,A-0f3e88,active,Basic,266,true
2024-06-01,A-0f3e88,active,Basic,323,true
2024-07-01,A-0f3e88,active,Basic,323,true
2024-08-01,A-0f3e88,active,Basic,323,true
2024-09-01,A-0f3e88,active,Basic,323,true
2024-10-01,A-0f3e88,active,Basic,209,true
2024-11-01,A-0f3e88,active,Basic,323,true
2024-12-01,A-0f3e88,churned,Pro,343,true
2024-12-01,A-0f6450,active,Enterprise,5572,false
2024-11-01,A-0f7d77,active,Pro,539,true
2024-12-01,A-0f7d77,active,Basic,133,true
2024-09-01,A-104f1a,active,Pro,1960,false
2024-10-01,A-104f1a,active,Pro,1176,true
2024-11-01,A-104f1a,active,Basic,456,true
2024-12-01,A-104f1a,active,Basic,646,true
2023-05-01,A-10b8da,active,Enterprise,3383,false
2023-06-01,A-10b8da,active,Basic,266,false
2023-07-01,A-10b8da,active,Basic,266,true
2023-08-01,A-10b8da,active,Basic,266,true
2023-09-01,A-10b8da,active,Basic,266,false
2023-10-01,A-10b8da,active,Basic,266,false
2023-11-01,A-10b8da,active,Basic,266,true
2023-12-01,A-10b8da,active,Basic,266,false
2024-01-01,A-10b8da,active,Basic,266,true
2024-02-01,A-10b8da,active,Basic,266,true
2024-03-01,A-10b8da,active,Basic,266,false
2024-04-01,A-10b8da,active,Enterprise,266,true
2024-05-01,A-10b8da,active,Pro,686,false
2024-06-01,A-10b8da,active,Pro,686,true
2024-07-01,A-10b8da,active,Enterprise,2786,false
2024-08-01,A-10b8da,active,Enterprise,2786,false
2024-09-01,A-10b8da,active,Pro,1666,true
2024-10-01,A-10b8da,active,Pro,1666,true
2024-11-01,A-10b8da,active,Pro,1666,false
2024-12-01,A-10b8da,active,Pro,1666,true
2023-02-01,A-10b8f2,trial,Basic,0,true
2023-03-01,A-10b8f2,trial,Basic,0,true
2023-04-01,A-10b8f2,active,Basic,893,true
2023-05-01,A-10b8f2,active,Basic,893,true
2023-06-01,A-10b8f2,active,Basic,969,true
2023-07-01,A-10b8f2,active,Basic,969,true
2023-08-01,A-10b8f2,active,Basic,969,true
2023-09-01,A-10b8f2,active,Basic,969,true
2023-10-01,A-10b8f2,active,Enterprise,9353,true
2023-11-01,A-10b8f2,active,Enterprise,9353,true
2023-12-01,A-10b8f2,active,Enterprise,9353,true
2024-01-01,A-10b8f2,active,Basic,893,true
2024-02-01,A-10b8f2,active,Basic,893,true
2024-03-01,A-10b8f2,active,Pro,2303,true
2024-04-01,A-10b8f2,active,Basic,1957,true
2024-05-01,A-10b8f2,active,Basic,1957,false
2024-06-01,A-10b8f2,active,Basic,1957,true
2024-07-01,A-10b8f2,active,Basic,1957,true
2024-08-01,A-10b8f2,active,Basic,1957,true
2024-09-01,A-10b8f2,active,Basic,1957,true
2024-10-01,A-10b8f2,active,Basic,1957,true
2024-11-01,A-10b8f2,active,Basic,1957,true
2024-12-01,A-10b8f2,active,Pro,2352,true
2024-10-01,A-117171,active,Enterprise,8955,false
2024-11-01,A-117171,active,Pro,855,true
2024-12-01,A-117171,churned,Pro,2205,true
2024-10-01,A-118d55,active,Enterprise,1592,false
2024-11-01,A-118d55,active,Enterprise,3184,true
2024-12-01,A-118d55,churned,Enterprise,5771,true
2024-10-01,A-118f1c,active,Enterprise,6368,false
2024-11-01,A-118f1c,active,Enterprise,6368,false
2024-12-01,A-118f1c,active,Enterprise,6368,false
2023-11-01,A-13466a,active,Basic,38,false
2023-12-01,A-13466a,active,Basic,38,true
2024-01-01,A-13466a,active,Basic,38,false
2024-02-01,A-13466a,active,Enterprise,7960,true
2024-03-01,A-13466a,active,Enterprise,7960,false
2024-04-01,A-13466a,active,Basic,7960,true
2024-05-01,A-13466a,active,Enterprise,4378,false
2024-06-01,A-13466a,active,Enterprise,4378,true
2024-07-01,A-13466a,active,Enterprise,4378,false
2024-08-01,A-13466a,active,Enterprise,4378,false
2024-09-01,A-13466a,active,Basic,171,false
2024-10-01,A-13466a,active,Basic,171,true
2024-11-01,A-13466a,active,Basic,171,false
2024-12-01,A-13466a,active,Basic,171,true
2024-11-01,A-139c3b,active,Basic,551,true
2024-12-01,A-139c3b,active,Pro,490,true
2024-12-01,A-149a69,active,Basic,646,false
2023-05-01,A-151c9a,active,Pro,1127,false
2023-06-01,A-151c9a,active,Pro,1127,false
2023-07-01,A-151c9a,active,Pro,1421,true
2023-08-01,A-151c9a,active,Pro,1421,true
2023-09-01,A-151c9a,active,Pro,1421,true
2023-10-01,A-151c9a,active,Pro,1421,true
2023-11-01,A-151c9a,active,Pro,1421,false
2023-12-01,A-151c9a,active,Pro,1421,false
2024-01-01,A-151c9a,active,Pro,1421,true
2024-02-01,A-151c9a,active,Enterprise,4577,true
2024-03-01,A-151c9a,active,Enterprise,4577,true
2024-04-01,A-151c9a,active,Enterprise,4577,true
2024-05-01,A-151c9a,active,Enterprise,4577,true
2024-06-01,A-151c9a,active,Pro,2548,false
2024-07-01,A-151c9a,active,Pro,2548,false
2024-08-01,A-151c9a,active,Pro,2548,true
2024-09-01,A-151c9a,active,Pro,2548,true
2024-10-01,A-151c9a,active,Pro,2548,true
2024-11-01,A-151c9a,active,Pro,2548,false
2024-12-01,A-151c9a,active,Pro,2548,true
2023-12-01,A-157070,active,Basic,323,false
2024-01-01,A-157070,active,Enterprise,3184,true
2024-02-01,A-157070,active,Pro,882,true
2024-03-01,A-157070,active,Enterprise,6965,true
2024-04-01,A-157070,active,Enterprise,6965,true
2024-05-01,A-157070,active,Basic,513,true
2024-06-01,A-157070,active,Basic,513,true
2024-07-01,A-157070,active,Pro,882,true
2024-08-01,A-157070,active,Enterprise,3184,true
2024-09-01,A-157070,active,Basic,513,true
2024-10-01,A-157070,active,Enterprise,4577,true
2024-11-01,A-157070,active,Enterprise,4577,true
2024-12-01,A-157070,churned,Basic,722,true
2023-06-01,A-158f4e,active,Basic,1159,true
2023-07-01,A-158f4e,active,Basic,1159,true
2023-08-01,A-158f4e,active,Pro,1159,true
2023-09-01,A-158f4e,active,Pro,2989,false
2023-10-01,A-158f4e,active,Pro,2989,true
2023-11-01,A-158f4e,active,Basic,1159,true
2023-12-01,A-158f4e,active,Pro,2989,true
2024-01-01,A-158f4e,active,Pro,2989,false
2024-02-01,A-158f4e,active,Pro,2989,false
2024-03-01,A-158f4e,active,Enterprise,12139,true
2024-04-01,A-158f4e,active,Enterprise,12139,true
2024-05-01,A-158f4e,active,Enterprise,12139,true
2024-06-01,A-158f4e,active,Enterprise,12139,true
2024-07-01,A-158f4e,active,Enterprise,12139,true
2024-08-01,A-158f4e,active,Enterprise,12139,true
2024-09-01,A-158f4e,active,Basic,1159,true
2024-10-01,A-158f4e,active,Basic,1159,true
2024-11-01,A-158f4e,active,Enterprise,12139,true
2024-12-01,A-158f4e,active,Enterprise,12139,false
2024-06-01,A-1619f8,active,Pro,10945,false
2024-07-01,A-1619f8,active,Basic,551,true
2024-08-01,A-1619f8,active,Basic,551,true
2024-09-01,A-1619f8,active,Basic,551,true
2024-10-01,A-1619f8,active,Basic,551,true
2024-11-01,A-1619f8,active,Basic,551,true
2024-12-01,A-1619f8,active,Basic,551,true
2024-12-01,A-17939a,active,Basic,266,false
2023-09-01,A-180abf,active,Enterprise,12736,true
2023-10-01,A-180abf,active,Enterprise,12736,true
2023-11-01,A-180abf,active,Enterprise,12736,true
2023-12-01,A-180abf,active,Enterprise,12736,true
2024-01-01,A-180abf,active,Basic,12736,true
2024-02-01,A-180abf,active,Pro,3136,true
2024-03-01,A-180abf,active,Pro,3136,true
2024-04-01,A-180abf,active,Enterprise,12736,false
2024-05-01,A-180abf,active,Enterprise,12736,true
2024-06-01,A-180abf,active,Enterprise,12736,true
2024-07-01,A-180abf,active,Basic,1216,true
2024-08-01,A-180abf,active,Basic,1216,true
2024-09-01,A-180abf,active,Basic,1216,true
2024-10-01,A-180abf,active,Basic,1216,true
2024-11-01,A-180abf,active,Basic,1216,true
2024-12-01,A-180abf,active,Pro,3136,true
2023-08-01,A-186a44,active,Basic,380,false
2023-09-01,A-186a44,active,Basic,380,true
2023-10-01,A-186a44,active,Basic,380,true
2023-11-01,A-186a44,active,Pro,980,true
2023-12-01,A-186a44,active,Pro,980,false
2024-01-01,A-186a44,active,Pro,980,false
2024-02-01,A-186a44,active,Pro,980,true
2024-03-01,A-186a44,active,Basic,380,true
2024-04-01,A-186a44,active,Basic,380,true
2024-05-01,A-186a44,active,Pro,380,true
2024-06-01,A-186a44,active,Pro,380,true
2024-07-01,A-186a44,active,Basic,380,true
2024-08-01,A-186a44,active,Basic,380,true
2024-09-01,A-186a44,active,Basic,380,false
2024-10-01,A-186a44,active,Basic,380,true
2024-11-01,A-186a44,active,Enterprise,9353,true
2024-12-01,A-186a44,churned,Basic,380,false
2024-12-01,A-18793f,active,Basic,7252,false
2023-07-01,A-1986ca,active,Enterprise,3980,true
2023-08-01,A-1986ca,active,Enterprise,3980,true
2023-09-01,A-1986ca,active,Enterprise,3980,false
2023-10-01,A-1986ca,active,Enterprise,3980,true
2023-11-01,A-1986ca,active,Enterprise,3980,true
2023-12-01,A-1986ca,active,Enterprise,3980,true
2024-01-01,A-1986ca,active,Enterprise,3980,true
2024-02-01,A-1986ca,active,Enterprise,3980,true
2024-03-01,A-1986ca,active,Enterprise,3980,false
2024-04-01,A-1986ca,active,Enterprise,3980,true
2024-05-01,A-1986ca,active,Enterprise,6169,true
2024-06-01,A-1986ca,active,Enterprise,6169,true
2024-07-01,A-1986ca,active,Enterprise,6169,true
2024-08-01,A-1986ca,active,Enterprise,6169,true
2024-09-01,A-1986ca,active,Enterprise,3980,false
2024-10-01,A-1986ca,active,Enterprise,3980,true
2024-11-01,A-1986ca,active,Enterprise,3980,true
2024-12-01,A-1986ca,active,Enterprise,3980,false
2023-06-01,A-19b2c8,active,Pro,1617,true
2023-07-01,A-19b2c8,active,Pro,980,true
2023-08-01,A-19b2c8,active,Basic,380,true
2023-09-01,A-19b2c8,active,Basic,380,true
2023-10-01,A-19b2c8,active,Basic,380,true
2023-11-01,A-19b2c8,active,Enterprise,3980,true
2023-12-01,A-19b2c8,active,Enterprise,3980,true
2024-01-01,A-19b2c8,active,Enterprise,3980,true
2024-02-01,A-19b2c8,active,Enterprise,3980,true
2024-03-01,A-19b2c8,active,Enterprise,3980,true
2024-04-01,A-19b2c8,active,Enterprise,3980,true
2024-05-01,A-19b2c8,active,Pro,980,true
2024-06-01,A-19b2c8,active,Pro,980,true
2024-07-01,A-19b2c8,active,Enterprise,5572,true
2024-08-01,A-19b2c8,active,Enterprise,5572,true
2024-09-01,A-19b2c8,active,Enterprise,5572,true
2024-10-01,A-19b2c8,active,Enterprise,3980,true
2024-11-01,A-19b2c8,active,Enterprise,3980,true
2024-12-01,A-19b2c8,active,Enterprise,3980,true
2024-10-01,A-1ac5e0,active,Basic,627,true
2024-11-01,A-1ac5e0,active,Pro,1617,true
2024-12-01,A-1ac5e0,trial,Enterprise,0,true
2023-11-01,A-1b707d,active,Enterprise,3184,true
2023-12-01,A-1b707d,active,Enterprise,3184,true
2024-01-01,A-1b707d,active,Pro,637,true
2024-02-01,A-1b707d,active,Pro,637,false
2024-03-01,A-1b707d,active,Pro,637,true
2024-04-01,A-1b707d,active,Enterprise,3781,false
2024-05-01,A-1b707d,active,Basic,152,false
2024-06-01,A-1b707d,active,Basic,152,true
2024-07-01,A-1b707d,active,Basic,152,true
2024-08-01,A-1b707d,active,Basic,152,true
2024-09-01,A-1b707d,active,Basic,152,true
2024-10-01,A-1b707d,active,Basic,779,true
2024-11-01,A-1b707d,active,Basic,456,true
2024-12-01,A-1b707d,active,Basic,456,true
2024-10-01,A-1b7577,active,Enterprise,1791,true
2024-11-01,A-1b7577,active,Enterprise,796,true
2024-12-01,A-1b7577,active,Pro,2009,true
2023-12-01,A-1b9609,active,Basic,342,true
2024-01-01,A-1b9609,active,Basic,304,true
2024-02-01,A-1b9609,active,Basic,931,true
2024-03-01,A-1b9609,active,Basic,931,true
2024-04-01,A-1b9609,active,Basic,931,true
2024-05-01,A-1b9609,active,Pro,196,true
2024-06-01,A-1b9609,active,Enterprise,6965,true
2024-07-01,A-1b9609,active,Enterprise,6965,true
2024-08-01,A-1b9609,active,Enterprise,5970,true
2024-09-01,A-1b9609,active,Basic,323,false
2024-10-01,A-1b9609,active,Enterprise,323,true
2024-11-01,A-1b9609,active,Enterprise,323,true
2024-12-01,A-1b9609,active,Enterprise,323,false
2024-03-01,A-1d5444,active,Basic,456,false
2024-04-01,A-1d5444,active,Enterprise,4776,true
2024-05-01,A-1d5444,active,Enterprise,4776,true
2024-06-01,A-1d5444,active,Enterprise,4776,true
2024-07-01,A-1d5444,active,Basic,456,true
2024-08-01,A-1d5444,active,Enterprise,8159,true
2024-09-01,A-1d5444,active,Pro,8159,true
2024-10-01,A-1d5444,active,Pro,8159,true
2024-11-01,A-1d5444,active,Basic,1176,true
2024-12-01,A-1d5444,active,Basic,1176,true
2023-10-01,A-1e1b80,active,Basic,950,false
2023-11-01,A-1e1b80,active,Enterprise,9950,true
2023-12-01,A-1e1b80,active,Pro,2597,true
2024-01-01,A-1e1b80,active,Pro,2597,true
2024-02-01,A-1e1b80,active,Pro,2597,true
2024-03-01,A-1e1b80,active,Enterprise,9950,true
2024-04-01,A-1e1b80,active,Basic,950,true
2024-05-01,A-1e1b80,active,Basic,950,true
2024-06-01,A-1e1b80,active,Basic,950,true
2024-07-01,A-1e1b80,active,Pro,2450,true
2024-08-01,A-1e1b80,active,Pro,2450,true
2024-09-01,A-1e1b80,active,Enterprise,2450,true
2024-10-01,A-1e1b80,active,Enterprise,2450,true
2024-11-01,A-1e1b80,active,Basic,950,true
2024-12-01,A-1e1b80,active,Basic,950,true
2023-03-01,A-1e50e0,active,Enterprise,3781,false
2023-04-01,A-1e50e0,active,Enterprise,3781,true
2023-05-01,A-1e50e0,active,Enterprise,3781,false
2023-06-01,A-1e50e0,active,Enterprise,3781,false
2023-07-01,A-1e50e0,active,Enterprise,3781,true
2023-08-01,A-1e50e0,active,Enterprise,3781,false
2023-09-01,A-1e50e0,active,Enterprise,3781,false
2023-10-01,A-1e50e0,active,Enterprise,3781,true
2023-11-01,A-1e50e0,active,Enterprise,3781,true
2023-12-01,A-1e50e0,active,Enterprise,3781,false
2024-01-01,A-1e50e0,active,Enterprise,3781,true
2024-02-01,A-1e50e0,active,Enterprise,3781,false
2024-03-01,A-1e50e0,active,Pro,4802,false
2024-04-01,A-1e50e0,active,Pro,4802,false
2024-05-01,A-1e50e0,active,Pro,931,false
2024-06-01,A-1e50e0,active,Pro,931,true
2024-07-01,A-1e50e0,active,Pro,931,false
2024-08-01,A-1e50e0,active,Pro,931,false
2024-09-01,A-1e50e0,active,Enterprise,3781,true
2024-10-01,A-1e50e0,active,Enterprise,3781,true
2024-11-01,A-1e50e0,active,Enterprise,3781,false
2024-12-01,A-1e50e0,active,Enterprise,3781,true
2024-01-01,A-1e6fc3,trial,Basic,0,true
2024-02-01,A-1e6fc3,trial,Basic,0,true
2024-03-01,A-1e6fc3,trial,Basic,0,true
2024-04-01,A-1e6fc3,active,Pro,245,false
2024-05-01,A-1e6fc3,active,Pro,245,true
2024-06-01,A-1e6fc3,active,Pro,245,true
2024-07-01,A-1e6fc3,active,Pro,245,true
2024-08-01,A-1e6fc3,active,Basic,245,true
2024-09-01,A-1e6fc3,active,Basic,245,true
2024-10-01,A-1e6fc3,active,Basic,245,true
2024-11-01,A-1e6fc3,active,Basic,245,false
2024-12-01,A-1e6fc3,active,Enterprise,199,false
2024-02-01,A-1f0636,trial,Pro,0,false
2024-03-01,A-1f0636,trial,Pro,0,true
2024-04-01,A-1f0636,active,Enterprise,20895,true
2024-05-01,A-1f0636,active,Enterprise,20895,true
2024-06-01,A-1f0636,active,Enterprise,20895,true
2024-07-01,A-1f0636,active,Basic,1995,true
2024-08-01,A-1f0636,active,Basic,1995,true
2024-09-01,A-1f0636,active,Basic,1995,true
2024-10-01,A-1f0636,active,Basic,1995,true
2024-11-01,A-1f0636,active,Enterprise,20895,true
2024-12-01,A-1f0636,active,Enterprise,20895,true
2023-12-01,A-1f0ac7,active,Pro,1176,true
2024-01-01,A-1f0ac7,active,Pro,1176,true
2024-02-01,A-1f0ac7,active,Enterprise,4776,false
2024-03-01,A-1f0ac7,active,Enterprise,4776,true
2024-04-01,A-1f0ac7,active,Basic,646,true
2024-05-01,A-1f0ac7,active,Basic,893,true
2024-06-01,A-1f0ac7,active,Basic,893,true
2024-07-01,A-1f0ac7,active,Pro,893,true
2024-08-01,A-1f0ac7,active,Pro,893,true
2024-09-01,A-1f0ac7,active,Pro,893,true
2024-10-01,A-1f0ac7,active,Pro,893,true
2024-11-01,A-1f0ac7,active,Basic,608,false
2024-12-01,A-1f0ac7,active,Pro,1176,true
2023-12-01,A-1f559b,active,Pro,245,true
2024-01-01,A-1f559b,active,Pro,245,true
2024-02-01,A-1f559b,active,Enterprise,5174,true
2024-03-01,A-1f559b,active,Enterprise,5174,false
2024-04-01,A-1f559b,active,Pro,2891,true
2024-05-01,A-1f559b,active,Pro,2891,true
2024-06-01,A-1f559b,active,Pro,588,false
2024-07-01,A-1f559b,active,Basic,133,true
2024-08-01,A-1f559b,active,Pro,882,true
2024-09-01,A-1f559b,active,Pro,882,false
2024-10-01,A-1f559b,active,Basic,190,true
2024-11-01,A-1f559b,active,Basic,190,true
2024-12-01,A-1f559b,active,Basic,190,false
2023-09-01,A-1f7acb,active,Enterprise,12736,true
2023-10-01,A-1f7acb,active,Basic,1216,true
2023-11-01,A-1f7acb,active,Basic,1216,true
2023-12-01,A-1f7acb,active,Basic,1216,true
2024-01-01,A-1f7acb,active,Basic,1216,true
2024-02-01,A-1f7acb,active,Basic,1216,true
2024-03-01,A-1f7acb,active,Basic,1216,true
2024-04-01,A-1f7acb,active,Basic,1216,true
2024-05-01,A-1f7acb,active,Basic,1216,true
2024-06-01,A-1f7acb,active,Basic,1216,true
2024-07-01,A-1f7acb,active,Enterprise,12736,true
2024-08-01,A-1f7acb,active,Pro,3136,true
2024-09-01,A-1f7acb,active,Enterprise,12736,true
2024-10-01,A-1f7acb,active,Enterprise,12736,true
2024-11-01,A-1f7acb,active,Enterprise,12736,true
2024-12-01,A-1f7acb,active,Enterprise,12736,true
2024-03-01,A-202b67,active,Pro,539,false
2024-04-01,A-202b67,active,Pro,539,false
2024-05-01,A-202b67,active,Pro,539,true
2024-06-01,A-202b67,active,Enterprise,4975,true
2024-07-01,A-202b67,active,Basic,209,true
2024-08-01,A-202b67,active,Basic,418,true
2024-09-01,A-202b67,active,Pro,539,true
2024-10-01,A-202b67,active,Enterprise,5771,true
2024-11-01,A-202b67,active,Enterprise,5771,true
2024-12-01,A-202b67,active,Enterprise,5771,true
2024-05-01,A-20736a,active,Pro,2450,true
2024-06-01,A-20736a,active,Pro,2450,true
2024-07-01,A-20736a,active,Pro,2450,false
2024-08-01,A-20736a,active,Pro,2450,true
2024-09-01,A-20736a,active,Enterprise,9950,true
2024-10-01,A-20736a,active,Enterprise,12736,true
2024-11-01,A-20736a,active,Enterprise,9950,false
2024-12-01,A-20736a,active,Enterprise,9950,true
2024-03-01,A-22d9d2,active,Basic,152,false
2024-04-01,A-22d9d2,active,Basic,2842,true
2024-05-01,A-22d9d2,active,Basic,2842,true
2024-06-01,A-22d9d2,active,Pro,392,true
2024-07-01,A-22d9d2,active,Enterprise,1592,true
2024-08-01,A-22d9d2,active,Pro,1470,true
2024-09-01,A-22d9d2,active,Pro,1470,true
2024-10-01,A-22d9d2,active,Pro,4508,true
2024-11-01,A-22d9d2,active,Enterprise,3184,true
2024-12-01,A-22d9d2,churned,Pro,1568,true
2024-12-01,A-22f2df,active,Basic,209,false
2024-07-01,A-241e75,active,Pro,2254,true
2024-08-01,A-241e75,active,Basic,342,false
2024-09-01,A-241e75,active,Pro,637,true
2024-10-01,A-241e75,active,Basic,95,true
2024-11-01,A-241e75,active,Basic,95,true
2024-12-01,A-241e75,active,Basic,95,true
2024-01-01,A-2446e3,active,Pro,1323,false
2024-02-01,A-2446e3,active,Pro,1323,true
2024-03-01,A-2446e3,active,Pro,1323,true
2024-04-01,A-2446e3,active,Enterprise,5373,true
2024-05-01,A-2446e3,active,Enterprise,5373,true
2024-06-01,A-2446e3,active,Enterprise,5373,true
2024-07-01,A-2446e3,active,Pro,1323,true
2024-08-01,A-2446e3,active,Pro,1323,true
2024-09-01,A-2446e3,active,Enterprise,5373,false
2024-10-01,A-2446e3,active,Enterprise,5373,true
2024-11-01,A-2446e3,active,Enterprise,5373,true
2024-12-01,A-2446e3,active,Enterprise,5373,true
2024-06-01,A-249769,active,Pro,539,true
2024-07-01,A-249769,active,Basic,95,true
2024-08-01,A-249769,active,Basic,76,true
2024-09-01,A-249769,active,Basic,399,true
2024-10-01,A-249769,active,Pro,392,true
2024-11-01,A-249769,active,Basic,133,false
2024-12-01,A-249769,active,Basic,133,true
2023-03-01,A-271f46,active,Basic,722,false
2023-04-01,A-271f46,active,Basic,722,true
2023-05-01,A-271f46,active,Basic,722,true
2023-06-01,A-271f46,active,Basic,722,true
2023-07-01,A-271f46,active,Basic,722,true
2023-08-01,A-271f46,active,Basic,722,true
2023-09-01,A-271f46,active,Basic,722,false
2023-10-01,A-271f46,active,Basic,722,true
2023-11-01,A-271f46,active,Basic,722,true
2023-12-01,A-271f46,active,Basic,722,true
2024-01-01,A-271f46,active,Pro,722,true
2024-02-01,A-271f46,active,Pro,722,true
2024-03-01,A-271f46,active,Pro,722,false
2024-04-01,A-271f46,trial,Enterprise,0,true
2024-05-01,A-271f46,active,Enterprise,7562,false
2024-06-01,A-271f46,active,Basic,722,true
2024-07-01,A-271f46,active,Basic,722,true
2024-08-01,A-271f46,active,Basic,722,true
2024-09-01,A-271f46,active,Basic,722,false
2024-10-01,A-271f46,active,Basic,722,true
2024-11-01,A-271f46,active,Enterprise,9154,true
2024-12-01,A-271f46,active,Enterprise,9154,true
2024-09-01,A-2789e3,active,Basic,627,false
2024-10-01,A-2789e3,active,Basic,209,true
2024-11-01,A-2789e3,active,Enterprise,12139,true
2024-12-01,A-2789e3,active,Pro,539,true
2024-12-01,A-2922b6,active,Pro,980,true
2024-01-01,A-296d7c,active,Basic,114,false
2024-02-01,A-296d7c,active,Basic,114,true
2024-03-01,A-296d7c,active,Basic,114,false
2024-04-01,A-296d7c,active,Basic,361,true
2024-05-01,A-296d7c,active,Basic,361,true
2024-06-01,A-296d7c,active,Basic,38,true
2024-07-01,A-296d7c,active,Basic,38,true
2024-08-01,A-296d7c,active,Pro,784,false
2024-09-01,A-296d7c,active,Pro,784,true
2024-10-01,A-296d7c,active,Pro,784,true
2024-11-01,A-296d7c,active,Pro,294,true
2024-12-01,A-296d7c,active,Pro,294,false
2023-08-01,A-297a2d,active,Enterprise,7164,true
2023-09-01,A-297a2d,active,Enterprise,7164,true
2023-10-01,A-297a2d,active,Enterprise,7164,true
2023-11-01,A-297a2d,active,Enterprise,7164,true
2023-12-01,A-297a2d,active,Enterprise,7164,true
2024-01-01,A-297a2d,active,Enterprise,7164,true
2024-02-01,A-297a2d,active,Enterprise,7164,true
2024-03-01,A-297a2d,active,Pro,1323,false
2024-04-01,A-297a2d,active,Pro,1323,false
2024-05-01,A-297a2d,active,Pro,1323,true
2024-06-01,A-297a2d,active,Pro,1323,true
2024-07-01,A-297a2d,active,Pro,1323,false
2024-08-01,A-297a2d,active,Basic,513,false
2024-09-01,A-297a2d,active,Basic,513,true
2024-10-01,A-297a2d,active,Basic,513,true
2024-11-01,A-297a2d,active,Enterprise,5373,true
2024-12-01,A-297a2d,active,Enterprise,5373,false
2023-09-01,A-2b9d3e,active,Basic,209,true
2023-10-01,A-2b9d3e,active,Basic,209,false
2023-11-01,A-2b9d3e,active,Enterprise,995,true
2023-12-01,A-2b9d3e,active,Enterprise,995,true
2024-01-01,A-2b9d3e,active,Enterprise,995,true
2024-02-01,A-2b9d3e,active,Enterprise,995,true
2024-03-01,A-2b9d3e,active,Enterprise,882,true
2024-04-01,A-2b9d3e,active,Basic,19,true
2024-05-01,A-2b9d3e,active,Basic,19,false
2024-06-01,A-2b9d3e,active,Basic,19,true
2024-07-01,A-2b9d3e,active,Basic,19,true
2024-08-01,A-2b9d3e,active,Basic,532,false
2024-09-01,A-2b9d3e,active,Basic,532,true
2024-10-01,A-2b9d3e,active,Basic,532,true
2024-11-01,A-2b9d3e,active,Pro,686,true
2024-12-01,A-2b9d3e,active,Enterprise,398,true
2023-07-01,A-2bc93d,active,Basic,380,true
2023-08-01,A-2bc93d,active,Enterprise,7960,true
2023-09-01,A-2bc93d,active,Enterprise,7960,true
2023-10-01,A-2bc93d,active,Enterprise,7960,true
2023-11-01,A-2bc93d,active,Enterprise,3980,true
2023-12-01,A-2bc93d,active,Enterprise,7960,true
2024-01-01,A-2bc93d,active,Enterprise,7960,true
2024-02-01,A-2bc93d,active,Pro,686,true
2024-03-01,A-2bc93d,active,Basic,1805,true
2024-04-01,A-2bc93d,active,Pro,1519,true
2024-05-01,A-2bc93d,active,Pro,1519,true
2024-06-01,A-2bc93d,active,Pro,1519,true
2024-07-01,A-2bc93d,active,Pro,1519,true
2024-08-01,A-2bc93d,active,Enterprise,1519,true
2024-09-01,A-2bc93d,active,Basic,551,true
2024-10-01,A-2bc93d,active,Basic,551,true
2024-11-01,A-2bc93d,active,Basic,551,true
2024-12-01,A-2bc93d,active,Pro,1715,true
2024-07-01,A-2d1036,active,Enterprise,13731,true
2024-08-01,A-2d1036,active,Pro,3381,true
2024-09-01,A-2d1036,active,Pro,3381,true
2024-10-01,A-2d1036,active,Enterprise,13731,true
2024-11-01,A-2d1036,active,Basic,1311,true
2024-12-01,A-2d1036,active,Pro,3381,true
2024-04-01,A-2d4502,active,Pro,392,false
2024-05-01,A-2d4502,active,Pro,392,false
2024-06-01,A-2d4502,active,Pro,392,true
2024-07-01,A-2d4502,active,Enterprise,8159,true
2024-08-01,A-2d4502,active,Enterprise,1393,true
2024-09-01,A-2d4502,active,Basic,4378,true
2024-10-01,A-2d4502,active,Basic,4378,true
2024-11-01,A-2d4502,active,Basic,266,false
2024-12-01,A-2d4502,active,Enterprise,6766,true
2023-08-01,A-2e3bad,active,Enterprise,12139,true
2023-09-01,A-2e3bad,active,Enterprise,12139,true
2023-10-01,A-2e3bad,active,Enterprise,12139,true
2023-11-01,A-2e3bad,active,Enterprise,12139,true
2023-12-01,A-2e3bad,active,Enterprise,12139,true
2024-01-01,A-2e3bad,active,Pro,2989,true
2024-02-01,A-2e3bad,active,Pro,2989,true
2024-03-01,A-2e3bad,active,Enterprise,2989,true
2024-04-01,A-2e3bad,active,Basic,1159,true
2024-05-01,A-2e3bad,active,Basic,1159,false
2024-06-01,A-2e3bad,active,Enterprise,12139,true
2024-07-01,A-2e3bad,active,Enterprise,12139,true
2024-08-01,A-2e3bad,active,Enterprise,12139,true
2024-09-01,A-2e3bad,active,Enterprise,12139,true
2024-10-01,A-2e3bad,active,Basic,1159,true
2024-11-01,A-2e3bad,active,Basic,1159,true
2024-12-01,A-2e3bad,churned,Basic,1159,false
2024-10-01,A-2e4581,active,Pro,637,true
2024-11-01,A-2e4581,active,Enterprise,1791,true
2024-12-01,A-2e4581,active,Basic,836,true
2023-06-01,A-2ebb4b,active,Basic,779,false
2023-07-01,A-2ebb4b,active,Basic,779,true
2023-08-01,A-2ebb4b,active,Basic,779,true
2023-09-01,A-2ebb4b,active,Basic,779,true
2023-10-01,A-2ebb4b,active,Pro,2009,true
2023-11-01,A-2ebb4b,active,Basic,2009,true
2023-12-01,A-2ebb4b,active,Basic,2009,true
2024-01-01,A-2ebb4b,active,Basic,2009,true
2024-02-01,A-2ebb4b,active,Basic,2009,true
2024-03-01,A-2ebb4b,active,Basic,2009,true
2024-04-01,A-2ebb4b,active,Basic,2009,true
2024-05-01,A-2ebb4b,active,Pro,2009,true
2024-06-01,A-2ebb4b,active,Enterprise,8159,true
2024-07-01,A-2ebb4b,active,Pro,2009,true
2024-08-01,A-2ebb4b,active,Pro,2009,true
2024-09-01,A-2ebb4b,active,Pro,2009,false
2024-10-01,A-2ebb4b,active,Pro,2009,true
2024-11-01,A-2ebb4b,active,Pro,2009,false
2024-12-01,A-2ebb4b,active,Pro,2009,true
2023-11-01,A-2edab2,active,Pro,833,true
2023-12-01,A-2edab2,active,Basic,323,false
2024-01-01,A-2edab2,active,Basic,323,true
2024-02-01,A-2edab2,active,Basic,323,true
2024-03-01,A-2edab2,active,Pro,833,true
2024-04-01,A-2edab2,active,Pro,833,true
2024-05-01,A-2edab2,active,Pro,833,true
2024-06-01,A-2edab2,active,Enterprise,3383,true
2024-07-01,A-2edab2,active,Basic,323,false
2024-08-01,A-2edab2,active,Basic,323,true
2024-09-01,A-2edab2,active,Basic,323,false
2024-10-01,A-2edab2,active,Basic,323,true
2024-11-01,A-2edab2,active,Enterprise,3383,true
2024-12-01,A-2edab2,active,Pro,833,true
2024-09-01,A-2f6a32,active,Basic,361,true
2024-10-01,A-2f6a32,active,Pro,1127,true
2024-11-01,A-2f6a32,active,Pro,931,true
2024-12-01,A-2f6a32,active,Basic,361,true
2024-12-01,A-309e54,active,Basic,285,true
2024-05-01,A-30b4ca,active,Enterprise,17114,true
2024-06-01,A-30b4ca,active,Enterprise,17114,false
2024-07-01,A-30b4ca,active,Pro,4214,true
2024-08-01,A-30b4ca,active,Basic,1634,true
2024-09-01,A-30b4ca,active,Basic,1634,true
2024-10-01,A-30b4ca,active,Basic,1634,true
2024-11-01,A-30b4ca,active,Basic,1634,false
2024-12-01,A-30b4ca,active,Basic,1634,true
2024-12-01,A-310452,active,Pro,441,false
2023-11-01,A-313be3,trial,Enterprise,0,false
2023-12-01,A-313be3,active,Pro,2303,true
2024-01-01,A-313be3,active,Enterprise,9353,false
2024-02-01,A-313be3,active,Enterprise,9353,true
2024-03-01,A-313be3,active,Enterprise,9353,true
2024-04-01,A-313be3,active,Enterprise,9353,true
2024-05-01,A-313be3,active,Enterprise,9353,true
2024-06-01,A-313be3,active,Enterprise,9353,false
2024-07-01,A-313be3,active,Enterprise,9353,true
2024-08-01,A-313be3,active,Pro,2303,true
2024-09-01,A-313be3,active,Basic,2303,true
2024-10-01,A-313be3,active,Basic,2303,true
2024-11-01,A-313be3,trial,Enterprise,0,true
2024-12-01,A-313be3,active,Pro,2303,true
2024-03-01,A-31ab9a,active,Basic,285,true
2024-04-01,A-31ab9a,active,Pro,3577,true
2024-05-01,A-31ab9a,active,Pro,3577,true
2024-06-01,A-31ab9a,active,Pro,3577,true
2024-07-01,A-31ab9a,active,Pro,3577,true
2024-08-01,A-31ab9a,active,Pro,3577,true
2024-09-01,A-31ab9a,active,Pro,3577,true
2024-10-01,A-31ab9a,active,Enterprise,2786,false
2024-11-01,A-31ab9a,active,Enterprise,2786,true
2024-12-01,A-31ab9a,active,Enterprise,2786,true
2023-04-01,A-32728c,active,Pro,980,false
2023-05-01,A-32728c,active,Pro,980,false
2023-06-01,A-32728c,active,Pro,980,true
2023-07-01,A-32728c,active,Basic,380,true
2023-08-01,A-32728c,active,Basic,380,true
2023-09-01,A-32728c,active,Basic,380,true
2023-10-01,A-32728c,active,Basic,380,true
2023-11-01,A-32728c,active,Basic,380,true
2023-12-01,A-32728c,active,Basic,380,false
2024-01-01,A-32728c,active,Basic,380,true
2024-02-01,A-32728c,active,Basic,380,true
2024-03-01,A-32728c,active,Enterprise,380,true
2024-04-01,A-32728c,trial,Enterprise,0,true
2024-05-01,A-32728c,active,Basic,380,true
2024-06-01,A-32728c,active,Basic,380,true
2024-07-01,A-32728c,active,Basic,380,true
2024-08-01,A-32728c,active,Basic,380,true
2024-09-01,A-32728c,active,Basic,798,true
2024-10-01,A-32728c,active,Basic,798,false
2024-11-01,A-32728c,active,Basic,798,false
2024-12-01,A-32728c,active,Basic,798,true
2023-08-01,A-328bd0,active,Enterprise,3582,true
2023-09-01,A-328bd0,active,Pro,1617,true
2023-10-01,A-328bd0,active,Basic,342,true
2023-11-01,A-328bd0,active,Basic,342,true
2023-12-01,A-328bd0,active,Pro,1911,true
2024-01-01,A-328bd0,active,Pro,1911,true
2024-02-01,A-328bd0,active,Basic,342,true
2024-03-01,A-328bd0,active,Basic,342,true
2024-04-01,A-328bd0,active,Pro,882,true
2024-05-01,A-328bd0,active,Pro,1813,true
2024-06-01,A-328bd0,active,Pro,1813,true
2024-07-01,A-328bd0,active,Enterprise,3582,true
2024-08-01,A-328bd0,active,Basic,342,true
2024-09-01,A-328bd0,active,Basic,342,true
2024-10-01,A-328bd0,active,Basic,342,true
2024-11-01,A-328bd0,active,Basic,342,false
2024-12-01,A-328bd0,active,Pro,882,true
2023-07-01,A-32fb14,trial,Basic,0,true
2023-08-01,A-32fb14,trial,Basic,0,true
2023-09-01,A-32fb14,active,Basic,494,true
2023-10-01,A-32fb14,active,Basic,494,true
2023-11-01,A-32fb14,active,Basic,494,true
2023-12-01,A-32fb14,active,Basic,494,false
2024-01-01,A-32fb14,active,Basic,494,true
2024-02-01,A-32fb14,active,Basic,494,true
2024-03-01,A-32fb14,active,Basic,551,true
2024-04-01,A-32fb14,active,Basic,551,true
2024-05-01,A-32fb14,active,Basic,551,true
2024-06-01,A-32fb14,active,Basic,551,false
2024-07-01,A-32fb14,active,Pro,1568,true
2024-08-01,A-32fb14,active,Pro,1568,true
2024-09-01,A-32fb14,active,Basic,494,false
2024-10-01,A-32fb14,active,Basic,494,false
2024-11-01,A-32fb14,active,Enterprise,5174,false
2024-12-01,A-32fb14,active,Enterprise,5174,true
2024-01-01,A-331424,active,Enterprise,2189,true
2024-02-01,A-331424,active,Basic,209,false
2024-03-01,A-331424,active,Basic,209,true
2024-04-01,A-331424,active,Basic,209,false
2024-05-01,A-331424,active,Enterprise,2189,true
2024-06-01,A-331424,active,Enterprise,2189,false
2024-07-01,A-331424,active,Enterprise,2189,true
2024-08-01,A-331424,active,Enterprise,2189,true
2024-09-01,A-331424,active,Enterprise,2189,true
2024-10-01,A-331424,active,Enterprise,2189,true
2024-11-01,A-331424,active,Pro,2189,false
2024-12-01,A-331424,active,Pro,2189,true
2023-08-01,A-337bc1,active,Pro,1470,true
2023-09-01,A-337bc1,active,Pro,1470,true
2023-10-01,A-337bc1,active,Pro,1470,true
2023-11-01,A-337bc1,active,Enterprise,6766,false
2023-12-01,A-337bc1,active,Enterprise,6766,true
2024-01-01,A-337bc1,active,Enterprise,6766,true
2024-02-01,A-337bc1,active,Enterprise,6766,true
2024-03-01,A-337bc1,active,Enterprise,6169,true
2024-04-01,A-337bc1,active,Enterprise,6169,true
2024-05-01,A-337bc1,active,Enterprise,6169,true
2024-06-01,A-337bc1,active,Enterprise,6169,true
2024-07-01,A-337bc1,active,Enterprise,6169,true
2024-08-01,A-337bc1,active,Basic,760,true
2024-09-01,A-337bc1,active,Pro,4214,true
2024-10-01,A-337bc1,active,Pro,4214,true
2024-11-01,A-337bc1,active,Pro,4214,false
2024-12-01,A-337bc1,active,Pro,4214,true
2024-05-01,A-342303,active,Basic,323,true
2024-06-01,A-342303,active,Basic,323,false
2024-07-01,A-342303,active,Pro,1372,false
2024-08-01,A-342303,active,Pro,1372,true
2024-09-01,A-342303,active,Pro,1372,true
2024-10-01,A-342303,active,Pro,1372,true
2024-11-01,A-342303,active,Enterprise,1372,true
2024-12-01,A-342303,active,Enterprise,1372,false
2024-04-01,A-34d880,active,Pro,196,false
2024-05-01,A-34d880,active,Pro,196,true
2024-06-01,A-34d880,trial,Enterprise,0,true
2024-07-01,A-34d880,active,Enterprise,6965,true
2024-08-01,A-34d880,active,Basic,779,false
2024-09-01,A-34d880,active,Basic,779,true
2024-10-01,A-34d880,active,Enterprise,995,true
2024-11-01,A-34d880,active,Enterprise,995,true
2024-12-01,A-34d880,active,Enterprise,995,true
2024-09-01,A-34ea2f,active,Enterprise,392,true
2024-10-01,A-34ea2f,active,Basic,152,true
2024-11-01,A-34ea2f,active,Basic,779,true
2024-12-01,A-34ea2f,active,Enterprise,3184,true
2023-06-01,A-35083d,trial,Enterprise,0,true
2023-07-01,A-35083d,trial,Enterprise,0,true
2023-08-01,A-35083d,active,Enterprise,3781,true
2023-09-01,A-35083d,active,Enterprise,3781,true
2023-10-01,A-35083d,active,Enterprise,3781,true
2023-11-01,A-35083d,active,Basic,475,true
2023-12-01,A-35083d,active,Basic,475,true
2024-01-01,A-35083d,active,Basic,646,true
2024-02-01,A-35083d,active,Basic,646,true
2024-03-01,A-35083d,active,Basic,646,false
2024-04-01,A-35083d,active,Pro,931,true
2024-05-01,A-35083d,active,Enterprise,3781,true
2024-06-01,A-35083d,active,Enterprise,3781,true
2024-07-01,A-35083d,active,Pro,2058,false
2024-08-01,A-35083d,active,Enterprise,3781,true
2024-09-01,A-35083d,active,Pro,1225,true
2024-10-01,A-35083d,active,Pro,931,true
2024-11-01,A-35083d,active,Pro,931,true
2024-12-01,A-35083d,active,Enterprise,9751,true
2024-05-01,A-354f12,active,Enterprise,6766,false
2024-06-01,A-354f12,active,Enterprise,6766,true
2024-07-01,A-354f12,active,Enterprise,6766,false
2024-08-01,A-354f12,active,Enterprise,199,false
2024-09-01,A-354f12,active,Enterprise,199,false
2024-10-01,A-354f12,active,Enterprise,1791,true
2024-11-01,A-354f12,active,Basic,133,true
2024-12-01,A-354f12,active,Basic,133,true
2024-09-01,A-378b99,active,Basic,1292,false
2024-10-01,A-378b99,active,Pro,392,true
2024-11-01,A-378b99,active,Enterprise,1791,true
2024-12-01,A-378b99,active,Pro,784,true
2023-11-01,A-3793ee,active,Enterprise,2401,false
2023-12-01,A-3793ee,active,Enterprise,2401,true
2024-01-01,A-3793ee,active,Pro,2401,false
2024-02-01,A-3793ee,active,Pro,2401,true
2024-03-01,A-3793ee,active,Pro,2401,true
2024-04-01,A-3793ee,active,Pro,2401,false
2024-05-01,A-3793ee,active,Pro,2401,true
2024-06-01,A-3793ee,active,Pro,2401,true
2024-07-01,A-3793ee,active,Enterprise,9751,true
2024-08-01,A-3793ee,active,Enterprise,9751,true
2024-09-01,A-3793ee,active,Enterprise,9751,true
2024-10-01,A-3793ee,active,Enterprise,9751,true
2024-11-01,A-3793ee,active,Enterprise,9751,true
2024-12-01,A-3793ee,active,Enterprise,9751,true
2023-10-01,A-37f969,active,Pro,1470,false
2023-11-01,A-37f969,active,Basic,969,true
2023-12-01,A-37f969,active,Pro,1470,true
2024-01-01,A-37f969,active,Enterprise,5970,false
2024-02-01,A-37f969,active,Enterprise,5970,false
2024-03-01,A-37f969,active,Enterprise,5970,true
2024-04-01,A-37f969,active,Enterprise,5970,true
2024-05-01,A-37f969,active,Enterprise,5970,true
2024-06-01,A-37f969,active,Basic,570,true
2024-07-01,A-37f969,active,Basic,570,true
2024-08-01,A-37f969,active,Basic,570,true
2024-09-01,A-37f969,active,Enterprise,5970,true
2024-10-01,A-37f969,active,Enterprise,5970,true
2024-11-01,A-37f969,active,Enterprise,5970,false
2024-12-01,A-37f969,active,Enterprise,5970,true
2023-12-01,A-3932db,active,Basic,437,true
2024-01-01,A-3932db,active,Basic,437,true
2024-02-01,A-3932db,active,Basic,361,true
2024-03-01,A-3932db,active,Basic,779,true
2024-04-01,A-3932db,active,Basic,779,true
2024-05-01,A-3932db,active,Basic,779,true
2024-06-01,A-3932db,active,Basic,779,true
2024-07-01,A-3932db,active,Pro,779,true
2024-08-01,A-3932db,active,Pro,779,true
2024-09-01,A-3932db,active,Enterprise,3781,true
2024-10-01,A-3932db,active,Pro,1764,true
2024-11-01,A-3932db,active,Enterprise,6965,true
2024-12-01,A-3932db,active,Enterprise,6965,true
2024-10-01,A-396e5f,active,Pro,1813,true
2024-11-01,A-396e5f,active,Pro,343,true
2024-12-01,A-396e5f,active,Pro,1666,true
2024-04-01,A-39868b,active,Enterprise,1791,false
2024-05-01,A-39868b,active,Enterprise,1791,true
2024-06-01,A-39868b,active,Enterprise,1791,true
2024-07-01,A-39868b,active,Enterprise,1791,true
2024-08-01,A-39868b,active,Enterprise,1791,true
2024-09-01,A-39868b,active,Enterprise,1791,true
2024-10-01,A-39868b,active,Pro,441,true
2024-11-01,A-39868b,active,Basic,441,true
2024-12-01,A-39868b,active,Basic,441,true
2023-02-01,A-39b19f,active,Pro,1176,false
2023-03-01,A-39b19f,active,Pro,1176,true
2023-04-01,A-39b19f,active,Pro,1176,true
2023-05-01,A-39b19f,active,Pro,1176,true
2023-06-01,A-39b19f,active,Pro,1176,true
2023-07-01,A-39b19f,active,Pro,2695,true
2023-08-01,A-39b19f,active,Pro,2695,true
2023-09-01,A-39b19f,active,Pro,2695,true
2023-10-01,A-39b19f,active,Pro,2695,true
2023-11-01,A-39b19f,active,Pro,1764,true
2023-12-01,A-39b19f,active,Pro,1764,true
2024-01-01,A-39b19f,active,Pro,1764,true
2024-02-01,A-39b19f,active,Pro,1764,true
2024-03-01,A-39b19f,active,Enterprise,8159,true
2024-04-01,A-39b19f,active,Enterprise,8159,false
2024-05-01,A-39b19f,active,Enterprise,2786,true
2024-06-01,A-39b19f,active,Enterprise,2786,true
2024-07-01,A-39b19f,active,Enterprise,2786,true
2024-08-01,A-39b19f,active,Enterprise,2786,true
2024-09-01,A-39b19f,active,Enterprise,2786,true
2024-10-01,A-39b19f,trial,Enterprise,0,true
2024-11-01,A-39b19f,active,Basic,247,false
2024-12-01,A-39b19f,active,Basic,247,false
2024-12-01,A-39ddf4,active,Enterprise,7960,true
2023-12-01,A-3a5ad8,trial,Enterprise,0,false
2024-01-01,A-3a5ad8,active,Enterprise,2189,true
2024-02-01,A-3a5ad8,active,Enterprise,6169,true
2024-03-01,A-3a5ad8,active,Basic,6169,true
2024-04-01,A-3a5ad8,active,Pro,441,true
2024-05-01,A-3a5ad8,active,Pro,441,true
2024-06-01,A-3a5ad8,active,Pro,441,true
2024-07-01,A-3a5ad8,active,Pro,441,true
2024-08-01,A-3a5ad8,active,Pro,441,true
2024-09-01,A-3a5ad8,active,Enterprise,441,true
2024-10-01,A-3a5ad8,active,Enterprise,441,true
2024-11-01,A-3a5ad8,active,Enterprise,13930,false
2024-12-01,A-3a5ad8,active,Enterprise,1791,true
2024-11-01,A-3a7284,active,Enterprise,7761,false
2024-12-01,A-3a7284,active,Pro,1519,true
2023-04-01,A-3b37d9,active,Enterprise,4577,true
2023-05-01,A-3b37d9,active,Enterprise,4577,true
2023-06-01,A-3b37d9,active,Enterprise,4577,false
2023-07-01,A-3b37d9,active,Pro,1127,true
2023-08-01,A-3b37d9,active,Pro,1127,true
2023-09-01,A-3b37d9,active,Pro,1127,true
2023-10-01,A-3b37d9,active,Enterprise,4577,true
2023-11-01,A-3b37d9,active,Enterprise,4577,true
2023-12-01,A-3b37d9,active,Pro,4577,true
2024-01-01,A-3b37d9,active,Pro,4577,true
2024-02-01,A-3b37d9,active,Pro,4577,true
2024-03-01,A-3b37d9,active,Pro,4577,true
2024-04-01,A-3b37d9,active,Pro,4577,true
2024-05-01,A-3b37d9,trial,Enterprise,0,true
2024-06-01,A-3b37d9,trial,Enterprise,0,false
2024-07-01,A-3b37d9,trial,Enterprise,0,true
2024-08-01,A-3b37d9,trial,Enterprise,0,true
2024-09-01,A-3b37d9,trial,Enterprise,0,false
2024-10-01,A-3b37d9,trial,Enterprise,0,true
2024-11-01,A-3b37d9,active,Enterprise,4577,true
2024-12-01,A-3b37d9,active,Enterprise,4577,true
2023-09-01,A-3b5cd1,trial,Pro,0,false
2023-10-01,A-3b5cd1,active,Pro,1029,false
2023-11-01,A-3b5cd1,active,Pro,637,true
2023-12-01,A-3b5cd1,active,Enterprise,2587,true
2024-01-01,A-3b5cd1,active,Basic,247,true
2024-02-01,A-3b5cd1,active,Enterprise,3582,true
2024-03-01,A-3b5cd1,active,Pro,637,true
2024-04-01,A-3b5cd1,active,Pro,637,true
2024-05-01,A-3b5cd1,active,Pro,637,true
2024-06-01,A-3b5cd1,active,Enterprise,637,false
2024-07-01,A-3b5cd1,active,Enterprise,637,true
2024-08-01,A-3b5cd1,active,Enterprise,637,true
2024-09-01,A-3b5cd1,active,Enterprise,637,true
2024-10-01,A-3b5cd1,active,Enterprise,637,true
2024-11-01,A-3b5cd1,active,Enterprise,2587,true
2024-12-01,A-3b5cd1,active,Enterprise,6368,true
2023-11-01,A-3be56b,trial,Enterprise,0,true
2023-12-01,A-3be56b,active,Pro,3038,true
2024-01-01,A-3be56b,active,Pro,3038,true
2024-02-01,A-3be56b,active,Pro,1715,true
2024-03-01,A-3be56b,active,Pro,833,true
2024-04-01,A-3be56b,active,Pro,833,true
2024-05-01,A-3be56b,active,Basic,133,true
2024-06-01,A-3be56b,active,Enterprise,133,true
2024-07-01,A-3be56b,active,Enterprise,133,true
2024-08-01,A-3be56b,active,Basic,703,true
2024-09-01,A-3be56b,active,Basic,703,true
2024-10-01,A-3be56b,active,Basic,703,true
2024-11-01,A-3be56b,active,Basic,703,true
2024-12-01,A-3be56b,active,Basic,380,true
2023-08-01,A-3c1a3f,trial,Basic,0,false
2023-09-01,A-3c1a3f,trial,Basic,0,true
2023-10-01,A-3c1a3f,trial,Basic,0,true
2023-11-01,A-3c1a3f,trial,Basic,0,true
2023-12-01,A-3c1a3f,active,Pro,5771,true
2024-01-01,A-3c1a3f,active,Pro,5771,false
2024-02-01,A-3c1a3f,active,Pro,5771,true
2024-03-01,A-3c1a3f,active,Basic,76,true
2024-04-01,A-3c1a3f,active,Enterprise,398,true
2024-05-01,A-3c1a3f,active,Pro,931,false
2024-06-01,A-3c1a3f,active,Pro,931,true
2024-07-01,A-3c1a3f,active,Pro,931,true
2024-08-01,A-3c1a3f,active,Pro,931,true
2024-09-01,A-3c1a3f,active,Enterprise,597,true
2024-10-01,A-3c1a3f,active,Basic,133,true
2024-11-01,A-3c1a3f,active,Basic,133,true
2024-12-01,A-3c1a3f,active,Basic,133,true
2024-01-01,A-3cc791,trial,Basic,0,false
2024-02-01,A-3cc791,trial,Basic,0,true
2024-03-01,A-3cc791,active,Enterprise,1194,true
2024-04-01,A-3cc791,active,Basic,304,false
2024-05-01,A-3cc791,active,Pro,588,true
2024-06-01,A-3cc791,active,Enterprise,4378,true
2024-07-01,A-3cc791,active,Pro,294,true
2024-08-01,A-3cc791,active,Pro,294,true
2024-09-01,A-3cc791,active,Pro,294,true
2024-10-01,A-3cc791,active,Pro,294,true
2024-11-01,A-3cc791,active,Pro,294,true
2024-12-01,A-3cc791,active,Pro,1764,false
2023-12-01,A-3ce5b8,active,Pro,9261,true
2024-01-01,A-3ce5b8,active,Pro,9261,true
2024-02-01,A-3ce5b8,active,Pro,392,false
2024-03-01,A-3ce5b8,active,Pro,1764,true
2024-04-01,A-3ce5b8,active,Enterprise,2786,true
2024-05-01,A-3ce5b8,active,Basic,703,true
2024-06-01,A-3ce5b8,active,Enterprise,1592,true
2024-07-01,A-3ce5b8,active,Enterprise,1592,true
2024-08-01,A-3ce5b8,active,Enterprise,1592,true
2024-09-01,A-3ce5b8,active,Basic,152,true
2024-10-01,A-3ce5b8,active,Enterprise,152,true
2024-11-01,A-3ce5b8,active,Enterprise,152,true
2024-12-01,A-3ce5b8,active,Enterprise,152,true
2024-07-01,A-3d957b,active,Pro,1421,false
2024-08-01,A-3d957b,active,Basic,1387,false
2024-09-01,A-3d957b,active,Basic,1387,false
2024-10-01,A-3d957b,active,Enterprise,2786,true
2024-11-01,A-3d957b,active,Enterprise,2786,false
2024-12-01,A-3d957b,active,Enterprise,2786,false
2024-06-01,A-3f9cc0,active,Basic,418,false
2024-07-01,A-3f9cc0,active,Enterprise,4378,true
2024-08-01,A-3f9cc0,active,Enterprise,5970,true
2024-09-01,A-3f9cc0,active,Enterprise,5970,true
2024-10-01,A-3f9cc0,active,Enterprise,5970,false
2024-11-01,A-3f9cc0,active,Enterprise,5970,false
2024-12-01,A-3f9cc0,active,Enterprise,5970,true
2024-05-01,A-40906c,trial,Basic,0,false
2024-06-01,A-40906c,active,Enterprise,1748,true
2024-07-01,A-40906c,active,Enterprise,1748,true
2024-08-01,A-40906c,active,Enterprise,1748,true
2024-09-01,A-40906c,active,Pro,4508,true
2024-10-01,A-40906c,active,Basic,1748,true
2024-11-01,A-40906c,active,Enterprise,18308,true
2024-12-01,A-40906c,active,Pro,4508,true
2024-01-01,A-40a557,active,Enterprise,3184,true
2024-02-01,A-40a557,active,Enterprise,3184,true
2024-03-01,A-40a557,active,Enterprise,10945,true
2024-04-01,A-40a557,active,Enterprise,10945,true
2024-05-01,A-40a557,active,Enterprise,10945,true
2024-06-01,A-40a557,active,Basic,475,true
2024-07-01,A-40a557,active,Basic,475,true
2024-08-01,A-40a557,active,Basic,475,true
2024-09-01,A-40a557,active,Pro,475,true
2024-10-01,A-40a557,active,Pro,475,true
2024-11-01,A-40a557,active,Pro,784,false
2024-12-01,A-40a557,active,Enterprise,3184,true
2023-06-01,A-40de06,active,Basic,1178,true
2023-07-01,A-40de06,active,Basic,1178,true
2023-08-01,A-40de06,active,Basic,1178,true
2023-09-01,A-40de06,active,Pro,1372,true
2023-10-01,A-40de06,active,Pro,1372,true
2023-11-01,A-40de06,active,Basic,532,true
2023-12-01,A-40de06,active,Enterprise,5572,true
2024-01-01,A-40de06,active,Enterprise,5572,true
2024-02-01,A-40de06,active,Enterprise,5572,true
2024-03-01,A-40de06,active,Pro,1372,true
2024-04-01,A-40de06,active,Pro,1372,false
2024-05-01,A-40de06,active,Pro,1372,true
2024-06-01,A-40de06,active,Enterprise,1372,true
2024-07-01,A-40de06,trial,Pro,0,true
2024-08-01,A-40de06,active,Pro,1372,true
2024-09-01,A-40de06,active,Basic,1140,true
2024-10-01,A-40de06,active,Enterprise,5572,true
2024-11-01,A-40de06,active,Basic,532,true
2024-12-01,A-40de06,active,Basic,532,true
2024-11-01,A-410e86,active,Enterprise,4776,false
2024-12-01,A-410e86,active,Enterprise,4776,true
2023-07-01,A-417d2f,active,Enterprise,10149,true
2023-08-01,A-417d2f,active,Basic,703,true
2023-09-01,A-417d2f,active,Basic,703,true
2023-10-01,A-417d2f,active,Basic,703,true
2023-11-01,A-417d2f,active,Basic,703,true
2023-12-01,A-417d2f,active,Enterprise,796,true
2024-01-01,A-417d2f,active,Basic,266,false
2024-02-01,A-417d2f,active,Enterprise,5174,true
2024-03-01,A-417d2f,active,Pro,637,true
2024-04-01,A-417d2f,active,Pro,637,true
2024-05-01,A-417d2f,active,Pro,637,true
2024-06-01,A-417d2f,active,Pro,196,true
2024-07-01,A-417d2f,active,Pro,196,true
2024-08-01,A-417d2f,active,Pro,196,true
2024-09-01,A-417d2f,active,Enterprise,196,true
2024-10-01,A-417d2f,active,Basic,703,true
2024-11-01,A-417d2f,active,Basic,703,true
2024-12-01,A-417d2f,active,Pro,1617,true
2023-06-01,A-425e76,active,Basic,532,false
2023-07-01,A-425e76,active,Pro,392,false
2023-08-01,A-425e76,active,Enterprise,6368,true
2023-09-01,A-425e76,active,Enterprise,6368,true
2023-10-01,A-425e76,active,Enterprise,6368,false
2023-11-01,A-425e76,active,Pro,3479,false
2023-12-01,A-425e76,active,Pro,3479,true
2024-01-01,A-425e76,active,Pro,3479,true
2024-02-01,A-425e76,active,Pro,3479,true
2024-03-01,A-425e76,active,Pro,3479,true
2024-04-01,A-425e76,active,Basic,152,true
2024-05-01,A-425e76,active,Basic,513,true
2024-06-01,A-425e76,active,Basic,513,true
2024-07-01,A-425e76,active,Basic,703,true
2024-08-01,A-425e76,active,Enterprise,1791,true
2024-09-01,A-425e76,active,Enterprise,1791,true
2024-10-01,A-425e76,active,Enterprise,1791,true
2024-11-01,A-425e76,active,Enterprise,1791,false
2024-12-01,A-425e76,active,Enterprise,1791,true
2024-09-01,A-427b69,active,Pro,5174,false
2024-10-01,A-427b69,active,Pro,833,false
2024-11-01,A-427b69,active,Pro,833,true
2024-12-01,A-427b69,active,Basic,323,true
2024-06-01,A-42b791,active,Pro,1421,true
2024-07-01,A-42b791,active,Pro,1421,true
2024-08-01,A-42b791,active,Pro,1421,false
2024-09-01,A-42b791,active,Pro,1421,true
2024-10-01,A-42b791,active,Basic,513,true
2024-11-01,A-42b791,active,Pro,1078,true
2024-12-01,A-42b791,active,Basic,380,true
2024-07-01,A-42e5e1,active,Pro,49,true
2024-08-01,A-42e5e1,active,Basic,19,true
2024-09-01,A-42e5e1,active,Basic,19,true
2024-10-01,A-42e5e1,active,Basic,4378,true
2024-11-01,A-42e5e1,active,Pro,490,true
2024-12-01,A-42e5e1,active,Pro,490,true
2023-04-01,A-432483,active,Basic,245,true
2023-05-01,A-432483,active,Basic,245,false
2023-06-01,A-432483,active,Basic,245,true
2023-07-01,A-432483,active,Basic,245,false
2023-08-01,A-432483,active,Basic,245,true
2023-09-01,A-432483,active,Enterprise,1990,false
2023-10-01,A-432483,active,Enterprise,1990,false
2023-11-01,A-432483,active,Enterprise,1990,true
2023-12-01,A-432483,active,Pro,931,true
2024-01-01,A-432483,active,Enterprise,8159,true
2024-02-01,A-432483,active,Enterprise,8159,true
2024-03-01,A-432483,active,Enterprise,8159,true
2024-04-01,A-432483,active,Enterprise,8159,true
2024-05-01,A-432483,active,Pro,392,true
2024-06-01,A-432483,active,Pro,392,true
2024-07-01,A-432483,active,Pro,392,true
2024-08-01,A-432483,active,Pro,392,true
2024-09-01,A-432483,active,Pro,637,true
2024-10-01,A-432483,active,Pro,637,true
2024-11-01,A-432483,active,Pro,1519,true
2024-12-01,A-432483,active,Pro,1519,true
2024-03-01,A-439b2f,active,Basic,133,true
2024-04-01,A-439b2f,active,Pro,133,false
2024-05-01,A-439b2f,active,Enterprise,199,true
2024-06-01,A-439b2f,active,Enterprise,199,true
2024-07-01,A-439b2f,active,Basic,76,true
2024-08-01,A-439b2f,active,Basic,76,true
2024-09-01,A-439b2f,active,Basic,76,false
2024-10-01,A-439b2f,active,Basic,76,false
2024-11-01,A-439b2f,active,Basic,76,false
2024-12-01,A-439b2f,active,Pro,1274,true
2023-09-01,A-43a9e3,active,Basic,418,false
2023-10-01,A-43a9e3,active,Basic,418,true
2023-11-01,A-43a9e3,active,Basic,342,false
2023-12-01,A-43a9e3,active,Basic,342,true
2024-01-01,A-43a9e3,active,Basic,342,true
2024-02-01,A-43a9e3,active,Pro,882,true
2024-03-01,A-43a9e3,active,Basic,513,true
2024-04-01,A-43a9e3,active,Basic,513,true
2024-05-01,A-43a9e3,active,Basic,513,false
2024-06-01,A-43a9e3,active,Basic,513,true
2024-07-01,A-43a9e3,active,Pro,882,true
2024-08-01,A-43a9e3,active,Pro,882,true
2024-09-01,A-43a9e3,active,Pro,882,true
2024-10-01,A-43a9e3,active,Pro,882,true
2024-11-01,A-43a9e3,active,Pro,882,true
2024-12-01,A-43a9e3,active,Pro,882,true
2023-11-01,A-4437e4,active,Basic,0,true
2023-12-01,A-4437e4,active,Basic,0,true
2024-01-01,A-4437e4,active,Basic,0,true
2024-02-01,A-4437e4,active,Pro,1323,true
2024-03-01,A-4437e4,active,Pro,1323,true
2024-04-01,A-4437e4,active,Enterprise,597,true
2024-05-01,A-4437e4,active,Enterprise,597,true
2024-06-01,A-4437e4,active,Enterprise,597,true
2024-07-01,A-4437e4,active,Enterprise,3184,false
2024-08-01,A-4437e4,active,Pro,2189,true
2024-09-01,A-4437e4,active,Pro,2189,true
2024-10-01,A-4437e4,active,Enterprise,1194,true
2024-11-01,A-4437e4,active,Enterprise,1194,true
2024-12-01,A-4437e4,active,Basic,171,true
2024-09-01,A-443b7c,active,Basic,684,true
2024-10-01,A-443b7c,active,Pro,637,true
2024-11-01,A-443b7c,active,Basic,152,true
2024-12-01,A-443b7c,active,Basic,152,true
2024-12-01,A-443f6f,active,Basic,361,true
2024-06-01,A-44dc83,active,Basic,456,true
2024-07-01,A-44dc83,active,Basic,456,true
2024-08-01,A-44dc83,active,Basic,456,false
2024-09-01,A-44dc83,trial,Enterprise,0,true
2024-10-01,A-44dc83,trial,Enterprise,0,true
2024-11-01,A-44dc83,trial,Enterprise,0,false
2024-12-01,A-44dc83,trial,Enterprise,0,false
2023-08-01,A-45ce7a,active,Pro,784,true
2023-09-01,A-45ce7a,active,Pro,784,true
2023-10-01,A-45ce7a,active,Pro,784,true
2023-11-01,A-45ce7a,active,Pro,784,true
2023-12-01,A-45ce7a,active,Pro,784,true
2024-01-01,A-45ce7a,active,Pro,784,true
2024-02-01,A-45ce7a,active,Basic,342,true
2024-03-01,A-45ce7a,active,Enterprise,3184,true
2024-04-01,A-45ce7a,active,Pro,418,true
2024-05-01,A-45ce7a,active,Pro,418,true
2024-06-01,A-45ce7a,active,Pro,418,true
2024-07-01,A-45ce7a,active,Pro,418,true
2024-08-01,A-45ce7a,active,Pro,418,true
2024-09-01,A-45ce7a,active,Basic,304,true
2024-10-01,A-45ce7a,active,Basic,304,true
2024-11-01,A-45ce7a,active,Enterprise,3184,false
2024-12-01,A-45ce7a,active,Enterprise,3184,true
2024-01-01,A-462d45,active,Basic,1691,false
2024-02-01,A-462d45,active,Pro,10348,true
2024-03-01,A-462d45,active,Pro,882,true
2024-04-01,A-462d45,active,Basic,1159,true
2024-05-01,A-462d45,active,Pro,931,true
2024-06-01,A-462d45,active,Pro,931,true
2024-07-01,A-462d45,active,Pro,931,true
2024-08-01,A-462d45,active,Enterprise,2786,true
2024-09-01,A-462d45,active,Basic,2786,true
2024-10-01,A-462d45,active,Basic,2786,true
2024-11-01,A-462d45,active,Pro,2989,true
2024-12-01,A-462d45,active,Pro,1470,true
2024-12-01,A-463db0,active,Pro,735,true
2023-12-01,A-474ad4,active,Basic,323,true
2024-01-01,A-474ad4,active,Pro,441,true
2024-02-01,A-474ad4,active,Pro,441,true
2024-03-01,A-474ad4,active,Pro,2597,true
2024-04-01,A-474ad4,active,Basic,152,true
2024-05-01,A-474ad4,active,Basic,152,true
2024-06-01,A-474ad4,active,Basic,152,true
2024-07-01,A-474ad4,active,Enterprise,833,true
2024-08-01,A-474ad4,active,Enterprise,833,true
2024-09-01,A-474ad4,active,Pro,392,true
2024-10-01,A-474ad4,active,Pro,392,true
2024-11-01,A-474ad4,active,Enterprise,1592,true
2024-12-01,A-474ad4,active,Enterprise,4776,true
2024-09-01,A-4814a3,active,Pro,4263,false
2024-10-01,A-4814a3,active,Enterprise,17313,true
2024-11-01,A-4814a3,active,Enterprise,17313,true
2024-12-01,A-4814a3,active,Pro,4263,true
2023-02-01,A-484819,active,Enterprise,3582,false
2023-03-01,A-484819,active,Enterprise,3582,true
2023-04-01,A-484819,active,Enterprise,3582,true
2023-05-01,A-484819,active,Enterprise,3582,true
2023-06-01,A-484819,active,Basic,342,false
2023-07-01,A-484819,active,Basic,342,false
2023-08-01,A-484819,active,Basic,342,true
2023-09-01,A-484819,active,Basic,342,true
2023-10-01,A-484819,active,Basic,342,true
2023-11-01,A-484819,active,Basic,342,true
2023-12-01,A-484819,active,Basic,342,false
2024-01-01,A-484819,active,Enterprise,3582,true
2024-02-01,A-484819,active,Enterprise,3582,true
2024-03-01,A-484819,active,Enterprise,3582,true
2024-04-01,A-484819,active,Enterprise,3582,false
2024-05-01,A-484819,active,Enterprise,5174,false
2024-06-01,A-484819,active,Enterprise,5174,true
2024-07-01,A-484819,active,Basic,418,true
2024-08-01,A-484819,active,Basic,418,true
2024-09-01,A-484819,active,Basic,418,true
2024-10-01,A-484819,active,Basic,418,false
2024-11-01,A-484819,active,Enterprise,3582,true
2024-12-01,A-484819,active,Enterprise,3582,true
2023-05-01,A-49b828,active,Basic,171,true
2023-06-01,A-49b828,active,Basic,171,true
2023-07-01,A-49b828,active,Basic,171,true
2023-08-01,A-49b828,active,Enterprise,4975,true
2023-09-01,A-49b828,active,Enterprise,4975,true
2023-10-01,A-49b828,active,Enterprise,9751,true
2023-11-01,A-49b828,active,Enterprise,9751,true
2023-12-01,A-49b828,active,Enterprise,6169,true
2024-01-01,A-49b828,active,Enterprise,6169,true
2024-02-01,A-49b828,active,Basic,456,true
2024-03-01,A-49b828,active,Pro,1470,false
2024-04-01,A-49b828,active,Pro,1225,true
2024-05-01,A-49b828,active,Pro,1225,true
2024-06-01,A-49b828,active,Pro,1225,true
2024-07-01,A-49b828,active,Enterprise,1194,true
2024-08-01,A-49b828,active,Pro,686,true
2024-09-01,A-49b828,active,Pro,686,true
2024-10-01,A-49b828,active,Pro,490,true
2024-11-01,A-49b828,active,Enterprise,3980,true
2024-12-01,A-49b828,active,Enterprise,3980,true
2024-05-01,A-4a267b,active,Enterprise,5771,true
2024-06-01,A-4a267b,active,Basic,475,false
2024-07-01,A-4a267b,active,Basic,475,true
2024-08-01,A-4a267b,active,Basic,1225,true
2024-09-01,A-4a267b,active,Pro,1225,true
2024-10-01,A-4a267b,active,Pro,1225,true
2024-11-01,A-4a267b,active,Pro,1225,true
2024-12-01,A-4a267b,active,Pro,1225,false
2023-07-01,A-4a4c2d,active,Basic,1026,true
2023-08-01,A-4a4c2d,active,Basic,1026,true
2023-09-01,A-4a4c2d,active,Enterprise,10746,true
2023-10-01,A-4a4c2d,active,Enterprise,10746,true
2023-11-01,A-4a4c2d,active,Enterprise,10746,false
2023-12-01,A-4a4c2d,active,Enterprise,10746,true
2024-01-01,A-4a4c2d,active,Enterprise,10746,true
2024-02-01,A-4a4c2d,active,Basic,2646,true
2024-03-01,A-4a4c2d,active,Basic,2646,true
2024-04-01,A-4a4c2d,trial,Pro,0,true
2024-05-01,A-4a4c2d,trial,Pro,0,false
2024-06-01,A-4a4c2d,trial,Pro,0,true
2024-07-01,A-4a4c2d,active,Basic,1026,true
2024-08-01,A-4a4c2d,active,Basic,1026,true
2024-09-01,A-4a4c2d,active,Basic,1026,true
2024-10-01,A-4a4c2d,active,Basic,1026,true
2024-11-01,A-4a4c2d,active,Basic,1026,true
2024-12-01,A-4a4c2d,active,Pro,2646,true
2024-05-01,A-4ae22a,active,Enterprise,5572,false
2024-06-01,A-4ae22a,active,Enterprise,5572,false
2024-07-01,A-4ae22a,active,Enterprise,1194,true
2024-08-01,A-4ae22a,active,Pro,294,false
2024-09-01,A-4ae22a,active,Basic,532,true
2024-10-01,A-4ae22a,active,Enterprise,1194,true
2024-11-01,A-4ae22a,active,Basic,114,true
2024-12-01,A-4ae22a,active,Basic,532,true
2024-12-01,A-4bfa33,active,Enterprise,3528,true
2024-03-01,A-4c38bc,active,Basic,684,true
2024-04-01,A-4c38bc,active,Basic,684,false
2024-05-01,A-4c38bc,active,Pro,1764,true
2024-06-01,A-4c38bc,active,Pro,1764,true
2024-07-01,A-4c38bc,active,Enterprise,7164,true
2024-08-01,A-4c38bc,active,Enterprise,7164,true
2024-09-01,A-4c38bc,active,Enterprise,7164,true
2024-10-01,A-4c38bc,active,Enterprise,7164,true
2024-11-01,A-4c38bc,active,Enterprise,7164,true
2024-12-01,A-4c38bc,churned,Pro,1764,true
2024-05-01,A-4c56c9,active,Basic,171,false
2024-06-01,A-4c56c9,active,Basic,171,true
2024-07-01,A-4c56c9,active,Basic,228,true
2024-08-01,A-4c56c9,active,Enterprise,9751,true
2024-09-01,A-4c56c9,active,Enterprise,1791,false
2024-10-01,A-4c56c9,active,Enterprise,1791,true
2024-11-01,A-4c56c9,active,Enterprise,3582,true
2024-12-01,A-4c56c9,active,Basic,342,true
2024-03-01,A-4c6f11,active,Enterprise,4776,false
2024-04-01,A-4c6f11,active,Enterprise,4776,true
2024-05-01,A-4c6f11,active,Basic,513,true
2024-06-01,A-4c6f11,active,Basic,513,true
2024-07-01,A-4c6f11,active,Basic,665,true
2024-08-01,A-4c6f11,active,Basic,456,true
2024-09-01,A-4c6f11,active,Basic,456,false
2024-10-01,A-4c6f11,active,Basic,456,true
2024-11-01,A-4c6f11,active,Basic,456,true
2024-12-01,A-4c6f11,active,Basic,456,true
2024-09-01,A-4d1e75,active,Pro,980,true
2024-10-01,A-4d1e75,active,Pro,980,true
2024-11-01,A-4d1e75,active,Pro,1519,false
2024-12-01,A-4d1e75,active,Pro,1519,true
2024-02-01,A-4e0e85,active,Enterprise,1194,false
2024-03-01,A-4e0e85,active,Enterprise,1194,true
2024-04-01,A-4e0e85,active,Enterprise,1194,false
2024-05-01,A-4e0e85,active,Enterprise,1194,true
2024-06-01,A-4e0e85,active,Pro,1862,true
2024-07-01,A-4e0e85,active,Pro,294,true
2024-08-01,A-4e0e85,active,Enterprise,294,false
2024-09-01,A-4e0e85,trial,Basic,0,false
2024-10-01,A-4e0e85,trial,Basic,0,true
2024-11-01,A-4e0e85,trial,Basic,0,true
2024-12-01,A-4e0e85,trial,Enterprise,0,true
2024-08-01,A-4e44e8,active,Basic,722,true
2024-09-01,A-4e44e8,active,Basic,392,true
2024-10-01,A-4e44e8,active,Pro,190,true
2024-11-01,A-4e44e8,active,Basic,551,true
2024-12-01,A-4e44e8,active,Enterprise,3383,false
2024-03-01,A-4e631b,active,Enterprise,7960,true
2024-04-01,A-4e631b,active,Enterprise,7960,true
2024-05-01,A-4e631b,active,Enterprise,4378,true
2024-06-01,A-4e631b,active,Enterprise,4378,true
2024-07-01,A-4e631b,active,Basic,418,true
2024-08-01,A-4e631b,active,Basic,418,false
2024-09-01,A-4e631b,active,Basic,418,true
2024-10-01,A-4e631b,active,Enterprise,4378,true
2024-11-01,A-4e631b,active,Basic,418,true
2024-12-01,A-4e631b,active,Basic,418,true
2024-02-01,A-4e960a,trial,Enterprise,0,true
2024-03-01,A-4e960a,active,Basic,228,true
2024-04-01,A-4e960a,active,Enterprise,14129,true
2024-05-01,A-4e960a,active,Enterprise,14129,false
2024-06-01,A-4e960a,active,Basic,228,true
2024-07-01,A-4e960a,active,Enterprise,2388,true
2024-08-01,A-4e960a,active,Pro,588,false
2024-09-01,A-4e960a,active,Basic,228,true
2024-10-01,A-4e960a,active,Basic,228,true
2024-11-01,A-4e960a,active,Pro,588,true
2024-12-01,A-4e960a,active,Basic,228,true
2024-04-01,A-4ef964,active,Enterprise,3383,true
2024-05-01,A-4ef964,active,Pro,833,true
2024-06-01,A-4ef964,active,Pro,833,false
2024-07-01,A-4ef964,active,Enterprise,3383,true
2024-08-01,A-4ef964,active,Pro,3383,true
2024-09-01,A-4ef964,active,Basic,722,true
2024-10-01,A-4ef964,active,Basic,722,true
2024-11-01,A-4ef964,active,Pro,1372,true
2024-12-01,A-4ef964,active,Pro,1372,true
2024-04-01,A-4f18f0,active,Pro,1176,true
2024-05-01,A-4f18f0,active,Pro,1176,true
2024-06-01,A-4f18f0,active,Basic,456,true
2024-07-01,A-4f18f0,active,Enterprise,4776,true
2024-08-01,A-4f18f0,active,Basic,475,true
2024-09-01,A-4f18f0,active,Pro,475,true
2024-10-01,A-4f18f0,active,Enterprise,11741,false
2024-11-01,A-4f18f0,active,Enterprise,11741,true
2024-12-01,A-4f18f0,active,Basic,456,true
2023-10-01,A-503d5a,active,Basic,931,false
2023-11-01,A-503d5a,active,Enterprise,2388,true
2023-12-01,A-503d5a,active,Basic,2388,true
2024-01-01,A-503d5a,trial,Basic,0,true
2024-02-01,A-503d5a,trial,Basic,0,true
2024-03-01,A-503d5a,active,Pro,196,true
2024-04-01,A-503d5a,active,Pro,196,true
2024-05-01,A-503d5a,active,Enterprise,196,true
2024-06-01,A-503d5a,active,Pro,294,true
2024-07-01,A-503d5a,active,Pro,294,false
2024-08-01,A-503d5a,active,Pro,294,true
2024-09-01,A-503d5a,active,Pro,294,true
2024-10-01,A-503d5a,active,Pro,294,true
2024-11-01,A-503d5a,active,Basic,190,true
2024-12-01,A-503d5a,active,Enterprise,11144,true
2024-01-01,A-508199,active,Enterprise,3781,false
2024-02-01,A-508199,active,Basic,361,true
2024-03-01,A-508199,active,Basic,361,false
2024-04-01,A-508199,active,Enterprise,3781,false
2024-05-01,A-508199,active,Enterprise,3781,true
2024-06-01,A-508199,active,Enterprise,3781,true
2024-07-01,A-508199,active,Enterprise,3781,true
2024-08-01,A-508199,active,Enterprise,3781,true
2024-09-01,A-508199,active,Enterprise,3781,false
2024-10-01,A-508199,active,Enterprise,3781,true
2024-11-01,A-508199,active,Enterprise,3781,true
2024-12-01,A-508199,active,Enterprise,3781,false
2024-07-01,A-50bb9f,active,Enterprise,6965,false
2024-08-01,A-50bb9f,active,Pro,343,true
2024-09-01,A-50bb9f,active,Pro,343,false
2024-10-01,A-50bb9f,active,Enterprise,398,true
2024-11-01,A-50bb9f,active,Pro,1470,false
2024-12-01,A-50bb9f,active,Pro,2646,true
2024-01-01,A-50f3f7,active,Enterprise,8955,true
2024-02-01,A-50f3f7,active,Basic,589,true
2024-03-01,A-50f3f7,active,Basic,589,true
2024-04-01,A-50f3f7,active,Basic,969,true
2024-05-01,A-50f3f7,active,Pro,1519,true
2024-06-01,A-50f3f7,active,Pro,1519,true
2024-07-01,A-50f3f7,active,Basic,589,true
2024-08-01,A-50f3f7,active,Basic,589,true
2024-09-01,A-50f3f7,active,Basic,589,true
2024-10-01,A-50f3f7,active,Enterprise,6169,true
2024-11-01,A-50f3f7,active,Enterprise,6169,true
2024-12-01,A-50f3f7,active,Enterprise,6169,true
2024-02-01,A-51ec1b,active,Basic,209,true
2024-03-01,A-51ec1b,active,Basic,209,true
2024-04-01,A-51ec1b,active,Enterprise,1393,false
2024-05-01,A-51ec1b,active,Enterprise,1393,true
2024-06-01,A-51ec1b,active,Enterprise,1393,true
2024-07-01,A-51ec1b,active,Enterprise,1393,false
2024-08-01,A-51ec1b,active,Enterprise,3582,true
2024-09-01,A-51ec1b,active,Enterprise,3582,true
2024-10-01,A-51ec1b,active,Pro,1127,true
2024-11-01,A-51ec1b,active,Enterprise,3383,false
2024-12-01,A-51ec1b,active,Enterprise,3383,false
2024-12-01,A-524364,active,Basic,228,false
2024-03-01,A-5247b3,active,Enterprise,3184,false
2024-04-01,A-5247b3,active,Pro,3184,true
2024-05-01,A-5247b3,active,Basic,627,true
2024-06-01,A-5247b3,active,Enterprise,3184,true
2024-07-01,A-5247b3,active,Pro,1176,true
2024-08-01,A-5247b3,active,Pro,1176,true
2024-09-01,A-5247b3,active,Pro,784,true
2024-10-01,A-5247b3,active,Basic,342,true
2024-11-01,A-5247b3,active,Basic,1406,true
2024-12-01,A-5247b3,active,Basic,1406,true
2024-04-01,A-526d93,active,Enterprise,9751,false
2024-05-01,A-526d93,active,Enterprise,9751,true
2024-06-01,A-526d93,active,Basic,855,true
2024-07-01,A-526d93,active,Pro,2107,true
2024-08-01,A-526d93,active,Pro,2107,true
2024-09-01,A-526d93,active,Enterprise,8557,false
2024-10-01,A-526d93,active,Basic,817,true
2024-11-01,A-526d93,churned,Enterprise,8557,true
2024-12-01,A-526d93,churned,Enterprise,8557,false
2023-03-01,A-52dd88,active,Pro,1274,true
2023-04-01,A-52dd88,active,Pro,1274,true
2023-05-01,A-52dd88,active,Pro,1274,true
2023-06-01,A-52dd88,active,Pro,1274,true
2023-07-01,A-52dd88,active,Pro,1274,false
2023-08-01,A-52dd88,active,Pro,1274,true
2023-09-01,A-52dd88,active,Pro,1274,true
2023-10-01,A-52dd88,active,Pro,1127,true
2023-11-01,A-52dd88,active,Pro,1127,false
2023-12-01,A-52dd88,active,Basic,437,true
2024-01-01,A-52dd88,active,Basic,437,true
2024-02-01,A-52dd88,active,Basic,437,true
2024-03-01,A-52dd88,active,Pro,1127,true
2024-04-01,A-52dd88,active,Pro,1127,true
2024-05-01,A-52dd88,active,Pro,1127,true
2024-06-01,A-52dd88,active,Pro,1127,true
2024-07-01,A-52dd88,active,Pro,1127,true
2024-08-01,A-52dd88,active,Enterprise,5174,true
2024-09-01,A-52dd88,active,Enterprise,4577,true
2024-10-01,A-52dd88,active,Enterprise,4577,true
2024-11-01,A-52dd88,active,Basic,532,true
2024-12-01,A-52dd88,active,Pro,1470,false
2024-11-01,A-533452,active,Enterprise,5174,true
2024-12-01,A-533452,active,Basic,988,true
2024-06-01,A-53f4e3,active,Pro,931,false
2024-07-01,A-53f4e3,active,Pro,931,true
2024-08-01,A-53f4e3,active,Pro,931,true
2024-09-01,A-53f4e3,active,Basic,418,true
2024-10-01,A-53f4e3,active,Basic,342,true
2024-11-01,A-53f4e3,active,Basic,342,false
2024-12-01,A-53f4e3,active,Pro,1421,true
2024-05-01,A-544d0a,active,Pro,2107,false
2024-06-01,A-544d0a,active,Basic,209,true
2024-07-01,A-544d0a,active,Enterprise,995,true
2024-08-01,A-544d0a,active,Enterprise,995,true
2024-09-01,A-544d0a,active,Enterprise,12736,true
2024-10-01,A-544d0a,active,Pro,294,true
2024-11-01,A-544d0a,active,Basic,294,true
2024-12-01,A-544d0a,active,Enterprise,398,true
2023-11-01,A-54d94a,trial,Enterprise,0,false
2023-12-01,A-54d94a,active,Pro,1323,true
2024-01-01,A-54d94a,active,Pro,2548,true
2024-02-01,A-54d94a,active,Pro,1323,true
2024-03-01,A-54d94a,active,Pro,1323,true
2024-04-01,A-54d94a,active,Pro,1323,true
2024-05-01,A-54d94a,active,Pro,1323,true
2024-06-01,A-54d94a,active,Pro,1323,true
2024-07-01,A-54d94a,active,Basic,513,true
2024-08-01,A-54d94a,active,Pro,1323,true
2024-09-01,A-54d94a,active,Pro,1323,true
2024-10-01,A-54d94a,active,Pro,1323,true
2024-11-01,A-54d94a,active,Pro,1323,true
2024-12-01,A-54d94a,active,Basic,513,true
2023-08-01,A-54ecc2,active,Pro,196,true
2023-09-01,A-54ecc2,active,Enterprise,2189,true
2023-10-01,A-54ecc2,active,Enterprise,2189,true
2023-11-01,A-54ecc2,active,Basic,76,true
2023-12-01,A-54ecc2,active,Basic,76,true
2024-01-01,A-54ecc2,active,Basic,76,true
2024-02-01,A-54ecc2,active,Basic,76,true
2024-03-01,A-54ecc2,active,Basic,76,true
2024-04-01,A-54ecc2,active,Enterprise,5970,true
2024-05-01,A-54ecc2,active,Enterprise,5970,false
2024-06-01,A-54ecc2,active,Enterprise,5970,true
2024-07-01,A-54ecc2,active,Enterprise,5970,true
2024-08-01,A-54ecc2,active,Basic,76,true
2024-09-01,A-54ecc2,active,Basic,114,true
2024-10-01,A-54ecc2,active,Enterprise,5572,false
2024-11-01,A-54ecc2,active,Enterprise,5572,true
2024-12-01,A-54ecc2,active,Enterprise,5572,true
2023-06-01,A-558c72,active,Pro,784,false
2023-07-01,A-558c72,active,Pro,784,true
2023-08-01,A-558c72,active,Pro,784,true
2023-09-01,A-558c72,active,Pro,784,true
2023-10-01,A-558c72,active,Pro,784,false
2023-11-01,A-558c72,active,Pro,784,false
2023-12-01,A-558c72,active,Pro,588,true
2024-01-01,A-558c72,active,Enterprise,2388,true
2024-02-01,A-558c72,active,Enterprise,2388,false
2024-03-01,A-558c72,active,Enterprise,2985,true
2024-04-01,A-558c72,active,Enterprise,2985,false
2024-05-01,A-558c72,active,Enterprise,2985,true
2024-06-01,A-558c72,active,Basic,1463,false
2024-07-01,A-558c72,active,Basic,1463,true
2024-08-01,A-558c72,active,Basic,1463,true
2024-09-01,A-558c72,active,Basic,1463,false
2024-10-01,A-558c72,active,Pro,735,true
2024-11-01,A-558c72,active,Pro,735,true
2024-12-01,A-558c72,active,Pro,735,true
2024-01-01,A-55f257,active,Enterprise,4577,true
2024-02-01,A-55f257,active,Pro,637,true
2024-03-01,A-55f257,active,Pro,441,true
2024-04-01,A-55f257,active,Pro,441,false
2024-05-01,A-55f257,active,Pro,441,true
2024-06-01,A-55f257,active,Pro,1176,true
2024-07-01,A-55f257,active,Basic,1176,true
2024-08-01,A-55f257,active,Enterprise,4179,true
2024-09-01,A-55f257,active,Enterprise,4179,true
2024-10-01,A-55f257,active,Enterprise,4179,true
2024-11-01,A-55f257,active,Enterprise,4179,true
2024-12-01,A-55f257,active,Enterprise,4179,true
2024-05-01,A-560d27,active,Enterprise,14129,false
2024-06-01,A-560d27,active,Pro,1127,true
2024-07-01,A-560d27,active,Enterprise,4577,true
2024-08-01,A-560d27,active,Enterprise,4577,true
2024-09-01,A-560d27,active,Enterprise,4577,true
2024-10-01,A-560d27,active,Enterprise,4577,true
2024-11-01,A-560d27,active,Enterprise,437,false
2024-12-01,A-560d27,trial,Basic,0,false
2024-05-01,A-56962b,trial,Pro,0,false
2024-06-01,A-56962b,trial,Pro,0,true
2024-07-01,A-56962b,trial,Pro,0,true
2024-08-01,A-56962b,active,Basic,3097,true
2024-09-01,A-56962b,active,Pro,7987,true
2024-10-01,A-56962b,active,Pro,7987,true
2024-11-01,A-56962b,active,Pro,7987,true
2024-12-01,A-56962b,active,Enterprise,32437,false
2024-12-01,A-5790f4,active,Enterprise,1592,false
2024-06-01,A-58b9ff,active,Pro,294,true
2024-07-01,A-58b9ff,active,Enterprise,398,true
2024-08-01,A-58b9ff,active,Pro,98,true
2024-09-01,A-58b9ff,active,Pro,3087,true
2024-10-01,A-58b9ff,active,Basic,228,true
2024-11-01,A-58b9ff,active,Pro,1617,true
2024-12-01,A-58b9ff,active,Pro,1617,true
2024-09-01,A-592832,active,Basic,665,true
2024-10-01,A-592832,active,Basic,665,true
2024-11-01,A-592832,active,Pro,1764,true
2024-12-01,A-592832,active,Pro,882,true
2024-01-01,A-59f724,active,Enterprise,4378,true
2024-02-01,A-59f724,active,Enterprise,4378,true
2024-03-01,A-59f724,active,Basic,4378,true
2024-04-01,A-59f724,active,Basic,4378,true
2024-05-01,A-59f724,active,Pro,294,true
2024-06-01,A-59f724,active,Basic,684,true
2024-07-01,A-59f724,active,Enterprise,597,true
2024-08-01,A-59f724,active,Basic,597,true
2024-09-01,A-59f724,active,Basic,597,true
2024-10-01,A-59f724,active,Basic,597,true
2024-11-01,A-59f724,active,Basic,597,true
2024-12-01,A-59f724,active,Basic,342,true
2023-08-01,A-5a184f,trial,Pro,0,false
2023-09-01,A-5a184f,active,Basic,1406,false
2023-10-01,A-5a184f,active,Basic,1406,false
2023-11-01,A-5a184f,active,Pro,2009,true
2023-12-01,A-5a184f,active,Enterprise,4378,false
2024-01-01,A-5a184f,active,Basic,114,true
2024-02-01,A-5a184f,active,Basic,114,true
2024-03-01,A-5a184f,active,Basic,114,true
2024-04-01,A-5a184f,active,Enterprise,2786,true
2024-05-01,A-5a184f,active,Enterprise,2786,true
2024-06-01,A-5a184f,active,Enterprise,2786,true
2024-07-01,A-5a184f,active,Enterprise,2786,true
2024-08-01,A-5a184f,active,Enterprise,2786,true
2024-09-01,A-5a184f,active,Enterprise,2786,false
2024-10-01,A-5a184f,active,Basic,19,true
2024-11-01,A-5a184f,active,Basic,684,true
2024-12-01,A-5a184f,churned,Basic,684,true
2024-01-01,A-5a215a,active,Basic,1653,false
2024-02-01,A-5a215a,active,Pro,4263,true
2024-03-01,A-5a215a,active,Enterprise,17313,true
2024-04-01,A-5a215a,active,Enterprise,17313,true
2024-05-01,A-5a215a,active,Enterprise,17313,true
2024-06-01,A-5a215a,active,Pro,17313,true
2024-07-01,A-5a215a,active,Pro,4263,true
2024-08-01,A-5a215a,active,Pro,4263,true
2024-09-01,A-5a215a,active,Enterprise,17313,true
2024-10-01,A-5a215a,active,Pro,4263,true
2024-11-01,A-5a215a,active,Basic,1653,true
2024-12-01,A-5a215a,active,Pro,4263,true
2023-09-01,A-5a3eb9,active,Pro,882,false
2023-10-01,A-5a3eb9,active,Pro,882,true
2023-11-01,A-5a3eb9,active,Pro,882,true
2023-12-01,A-5a3eb9,active,Basic,551,true
2024-01-01,A-5a3eb9,active,Basic,551,true
2024-02-01,A-5a3eb9,active,Basic,551,true
2024-03-01,A-5a3eb9,active,Basic,342,true
2024-04-01,A-5a3eb9,active,Pro,882,true
2024-05-01,A-5a3eb9,active,Enterprise,3582,true
2024-06-01,A-5a3eb9,active,Basic,760,true
2024-07-01,A-5a3eb9,active,Basic,760,true
2024-08-01,A-5a3eb9,active,Basic,836,true
2024-09-01,A-5a3eb9,active,Basic,836,true
2024-10-01,A-5a3eb9,active,Basic,399,true
2024-11-01,A-5a3eb9,active,Enterprise,3582,true
2024-12-01,A-5a3eb9,churned,Pro,882,true
2024-06-01,A-5a92e7,active,Pro,171,true
2024-07-01,A-5a92e7,active,Basic,133,true
2024-08-01,A-5a92e7,active,Pro,980,true
2024-09-01,A-5a92e7,active,Pro,1372,true
2024-10-01,A-5a92e7,active,Pro,1715,true
2024-11-01,A-5a92e7,active,Pro,441,true
2024-12-01,A-5a92e7,active,Pro,114,true
2024-09-01,A-5b051a,active,Basic,418,false
2024-10-01,A-5b051a,active,Basic,418,false
2024-11-01,A-5b051a,active,Basic,418,true
2024-12-01,A-5b051a,active,Pro,1078,true
2023-09-01,A-5b1bcd,active,Basic,1387,true
2023-10-01,A-5b1bcd,active,Enterprise,14527,true
2023-11-01,A-5b1bcd,active,Enterprise,14527,true
2023-12-01,A-5b1bcd,active,Enterprise,14527,true
2024-01-01,A-5b1bcd,active,Enterprise,14527,true
2024-02-01,A-5b1bcd,active,Enterprise,14527,true
2024-03-01,A-5b1bcd,active,Enterprise,14527,true
2024-04-01,A-5b1bcd,active,Pro,14527,true
2024-05-01,A-5b1bcd,active,Pro,14527,true
2024-06-01,A-5b1bcd,active,Pro,3577,true
2024-07-01,A-5b1bcd,active,Pro,3577,true
2024-08-01,A-5b1bcd,active,Pro,3577,true
2024-09-01,A-5b1bcd,active,Enterprise,14527,true
2024-10-01,A-5b1bcd,active,Enterprise,14527,true
2024-11-01,A-5b1bcd,active,Enterprise,14527,true
2024-12-01,A-5b1bcd,active,Pro,3577,true
2024-07-01,A-5b4ebb,active,Basic,551,true
2024-08-01,A-5b4ebb,active,Basic,988,true
2024-09-01,A-5b4ebb,active,Basic,399,true
2024-10-01,A-5b4ebb,active,Basic,399,true
2024-11-01,A-5b4ebb,active,Enterprise,12537,true
2024-12-01,A-5b4ebb,active,Pro,1470,true
2024-07-01,A-5c046d,active,Pro,4557,false
2024-08-01,A-5c046d,active,Basic,1767,true
2024-09-01,A-5c046d,active,Enterprise,18507,true
2024-10-01,A-5c046d,active,Enterprise,18507,false
2024-11-01,A-5c046d,active,Enterprise,18507,true
2024-12-01,A-5c046d,active,Enterprise,18507,true
2024-11-01,A-5c9849,active,Enterprise,12338,true
2024-12-01,A-5c9849,active,Pro,931,true
2024-06-01,A-5ed98d,active,Enterprise,4776,false
2024-07-01,A-5ed98d,active,Enterprise,4776,true
2024-08-01,A-5ed98d,active,Pro,1176,false
2024-09-01,A-5ed98d,active,Pro,1176,false
2024-10-01,A-5ed98d,active,Pro,1176,true
2024-11-01,A-5ed98d,active,Pro,1372,true
2024-12-01,A-5ed98d,active,Basic,1026,true
2024-11-01,A-5f2961,active,Enterprise,1393,false
2024-12-01,A-5f2961,active,Basic,304,false
2024-08-01,A-5f7781,trial,Pro,0,true
2024-09-01,A-5f7781,active,Basic,418,true
2024-10-01,A-5f7781,active,Enterprise,4378,false
2024-11-01,A-5f7781,active,Enterprise,4378,true
2024-12-01,A-5f7781,active,Pro,1078,true
2024-12-01,A-5fe118,active,Basic,7761,true
2024-01-01,A-600734,active,Pro,1421,true
2024-02-01,A-600734,active,Basic,551,true
2024-03-01,A-600734,active,Enterprise,5771,true
2024-04-01,A-600734,active,Basic,551,true
2024-05-01,A-600734,active,Basic,551,true
2024-06-01,A-600734,active,Pro,1911,true
2024-07-01,A-600734,active,Pro,1911,true
2024-08-01,A-600734,active,Basic,798,true
2024-09-01,A-600734,active,Basic,551,true
2024-10-01,A-600734,active,Pro,1421,true
2024-11-01,A-600734,active,Pro,1764,true
2024-12-01,A-600734,active,Pro,1764,true
2024-09-01,A-625d0b,trial,Basic,0,false
2024-10-01,A-625d0b,active,Pro,2058,true
2024-11-01,A-625d0b,active,Pro,441,true
2024-12-01,A-625d0b,active,Enterprise,1791,true
2023-11-01,A-659280,active,Pro,637,false
2023-12-01,A-659280,active,Enterprise,6169,true
2024-01-01,A-659280,active,Enterprise,6169,true
2024-02-01,A-659280,active,Basic,380,false
2024-03-01,A-659280,active,Basic,380,true
2024-04-01,A-659280,active,Enterprise,3781,true
2024-05-01,A-659280,active,Basic,247,true
2024-06-01,A-659280,active,Enterprise,4776,true
2024-07-01,A-659280,active,Basic,247,true
2024-08-01,A-659280,active,Basic,247,true
2024-09-01,A-659280,active,Basic,247,true
2024-10-01,A-659280,active,Basic,247,true
2024-11-01,A-659280,active,Enterprise,323,true
2024-12-01,A-659280,trial,Basic,0,true
2024-03-01,A-65a46c,active,Basic,855,true
2024-04-01,A-65a46c,active,Enterprise,1791,true
2024-05-01,A-65a46c,active,Pro,1813,true
2024-06-01,A-65a46c,active,Pro,1813,true
2024-07-01,A-65a46c,active,Pro,1813,true
2024-08-01,A-65a46c,active,Pro,637,false
2024-09-01,A-65a46c,active,Pro,637,true
2024-10-01,A-65a46c,active,Enterprise,637,true
2024-11-01,A-65a46c,active,Enterprise,637,true
2024-12-01,A-65a46c,active,Pro,1715,true
2024-02-01,A-65aeb5,active,Basic,171,true
2024-03-01,A-65aeb5,active,Enterprise,12537,true
2024-04-01,A-65aeb5,active,Enterprise,12537,true
2024-05-01,A-65aeb5,active,Enterprise,441,true
2024-06-01,A-65aeb5,active,Enterprise,441,true
2024-07-01,A-65aeb5,active,Enterprise,441,true
2024-08-01,A-65aeb5,active,Basic,532,true
2024-09-01,A-65aeb5,active,Pro,441,true
2024-10-01,A-65aeb5,active,Basic,171,true
2024-11-01,A-65aeb5,active,Basic,171,true
2024-12-01,A-65aeb5,churned,Basic,171,true
2024-02-01,A-65c341,active,Enterprise,6169,true
2024-03-01,A-65c341,active,Enterprise,16716,true
2024-04-01,A-65c341,active,Enterprise,16716,true
2024-05-01,A-65c341,active,Enterprise,16716,true
2024-06-01,A-65c341,active,Enterprise,16716,true
2024-07-01,A-65c341,active,Enterprise,16716,true
2024-08-01,A-65c341,active,Enterprise,16716,true
2024-09-01,A-65c341,active,Pro,539,true
2024-10-01,A-65c341,active,Enterprise,2189,false
2024-11-01,A-65c341,churned,Pro,1911,false
2024-12-01,A-65c341,churned,Pro,1911,false
2024-10-01,A-66224b,active,Enterprise,18308,false
2024-11-01,A-66224b,active,Pro,18308,true
2024-12-01,A-66224b,trial,Enterprise,0,true
2024-11-01,A-671f31,active,Pro,2891,false
2024-12-01,A-671f31,active,Enterprise,11741,true
2023-08-01,A-67be94,active,Basic,494,false
2023-09-01,A-67be94,active,Enterprise,7363,false
2023-10-01,A-67be94,active,Enterprise,7363,true
2023-11-01,A-67be94,active,Basic,779,true
2023-12-01,A-67be94,active,Basic,779,false
2024-01-01,A-67be94,active,Basic,1178,true
2024-02-01,A-67be94,active,Basic,1178,true
2024-03-01,A-67be94,active,Basic,1178,true
2024-04-01,A-67be94,active,Basic,494,false
2024-05-01,A-67be94,active,Basic,494,true
2024-06-01,A-67be94,active,Enterprise,10348,true
2024-07-01,A-67be94,active,Enterprise,10348,true
2024-08-01,A-67be94,active,Enterprise,10348,true
2024-09-01,A-67be94,active,Enterprise,10348,true
2024-10-01,A-67be94,active,Enterprise,10348,true
2024-11-01,A-67be94,active,Enterprise,10348,true
2024-12-01,A-67be94,active,Pro,1274,true
2024-04-01,A-684255,active,Basic,608,true
2024-05-01,A-684255,active,Pro,1127,true
2024-06-01,A-684255,active,Pro,980,true
2024-07-01,A-684255,active,Pro,539,true
2024-08-01,A-684255,active,Enterprise,2786,true
2024-09-01,A-684255,active,Enterprise,1791,true
2024-10-01,A-684255,active,Basic,532,true
2024-11-01,A-684255,active,Basic,532,true
2024-12-01,A-684255,churned,Basic,0,true
2024-12-01,A-6843f2,active,Pro,1029,false
2023-07-01,A-68f37c,active,Enterprise,24079,false
2023-08-01,A-68f37c,active,Pro,796,true
2023-09-01,A-68f37c,active,Pro,796,true
2023-10-01,A-68f37c,active,Pro,796,true
2023-11-01,A-68f37c,trial,Basic,0,true
2023-12-01,A-68f37c,active,Pro,539,true
2024-01-01,A-68f37c,active,Pro,539,true
2024-02-01,A-68f37c,active,Basic,247,true
2024-03-01,A-68f37c,active,Basic,1273,true
2024-04-01,A-68f37c,active,Basic,1786,true
2024-05-01,A-68f37c,active,Basic,1786,true
2024-06-01,A-68f37c,active,Basic,1786,true
2024-07-01,A-68f37c,active,Basic,1786,true
2024-08-01,A-68f37c,active,Pro,735,true
2024-09-01,A-68f37c,active,Pro,735,true
2024-10-01,A-68f37c,active,Enterprise,796,true
2024-11-01,A-68f37c,active,Enterprise,796,true
2024-12-01,A-68f37c,active,Enterprise,796,true
2024-03-01,A-692f18,active,Enterprise,5771,false
2024-04-01,A-692f18,active,Pro,931,true
2024-05-01,A-692f18,active,Pro,294,true
2024-06-01,A-692f18,active,Pro,245,true
2024-07-01,A-692f18,active,Enterprise,1393,true
2024-08-01,A-692f18,active,Enterprise,3383,true
2024-09-01,A-692f18,trial,Pro,0,true
2024-10-01,A-692f18,active,Basic,190,true
2024-11-01,A-692f18,active,Basic,190,true
2024-12-01,A-692f18,churned,Enterprise,5572,true
2024-12-01,A-6965e1,active,Basic,247,true
2023-12-01,A-69b156,active,Enterprise,1393,false
2024-01-01,A-69b156,active,Enterprise,5572,true
2024-02-01,A-69b156,active,Enterprise,5572,false
2024-03-01,A-69b156,active,Enterprise,5572,true
2024-04-01,A-69b156,active,Pro,343,true
2024-05-01,A-69b156,active,Pro,343,true
2024-06-01,A-69b156,active,Enterprise,2587,true
2024-07-01,A-69b156,active,Enterprise,2587,true
2024-08-01,A-69b156,active,Enterprise,2587,true
2024-09-01,A-69b156,active,Enterprise,2587,false
2024-10-01,A-69b156,active,Basic,266,false
2024-11-01,A-69b156,active,Pro,266,false
2024-12-01,A-69b156,churned,Basic,152,true
2023-07-01,A-69fad4,active,Basic,285,true
2023-08-01,A-69fad4,active,Basic,285,true
2023-09-01,A-69fad4,active,Basic,665,true
2023-10-01,A-69fad4,active,Basic,665,true
2023-11-01,A-69fad4,active,Basic,665,true
2023-12-01,A-69fad4,active,Enterprise,1990,true
2024-01-01,A-69fad4,active,Enterprise,1990,true
2024-02-01,A-69fad4,active,Basic,209,true
2024-03-01,A-69fad4,active,Pro,209,true
2024-04-01,A-69fad4,active,Pro,209,false
2024-05-01,A-69fad4,active,Pro,209,false
2024-06-01,A-69fad4,active,Pro,209,true
2024-07-01,A-69fad4,active,Pro,209,true
2024-08-01,A-69fad4,active,Pro,209,true
2024-09-01,A-69fad4,active,Pro,209,false
2024-10-01,A-69fad4,active,Pro,209,true
2024-11-01,A-69fad4,active,Pro,209,true
2024-12-01,A-69fad4,active,Pro,209,true
2023-05-01,A-6a4e2d,trial,Pro,0,false
2023-06-01,A-6a4e2d,trial,Pro,0,true
2023-07-01,A-6a4e2d,active,Enterprise,1791,true
2023-08-01,A-6a4e2d,active,Enterprise,4378,true
2023-09-01,A-6a4e2d,active,Enterprise,4378,true
2023-10-01,A-6a4e2d,active,Enterprise,4378,true
2023-11-01,A-6a4e2d,active,Basic,266,false
2023-12-01,A-6a4e2d,active,Pro,784,true
2024-01-01,A-6a4e2d,active,Basic,171,true
2024-02-01,A-6a4e2d,active,Basic,171,true
2024-03-01,A-6a4e2d,active,Basic,418,true
2024-04-01,A-6a4e2d,active,Basic,380,true
2024-05-01,A-6a4e2d,active,Basic,380,true
2024-06-01,A-6a4e2d,active,Basic,380,true
2024-07-01,A-6a4e2d,active,Basic,380,true
2024-08-01,A-6a4e2d,active,Basic,380,true
2024-09-01,A-6a4e2d,active,Basic,494,true
2024-10-01,A-6a4e2d,active,Pro,686,true
2024-11-01,A-6a4e2d,churned,Pro,686,false
2024-12-01,A-6a4e2d,churned,Pro,686,false
2024-11-01,A-6a7c9d,active,Enterprise,5174,false
2024-12-01,A-6a7c9d,active,Pro,1274,true
2023-04-01,A-6c093d,active,Basic,285,false
2023-05-01,A-6c093d,active,Basic,285,true
2023-06-01,A-6c093d,active,Basic,285,true
2023-07-01,A-6c093d,active,Basic,285,true
2023-08-01,A-6c093d,active,Pro,637,true
2023-09-01,A-6c093d,active,Basic,637,true
2023-10-01,A-6c093d,active,Basic,637,true
2023-11-01,A-6c093d,active,Basic,637,true
2023-12-01,A-6c093d,active,Basic,637,true
2024-01-01,A-6c093d,active,Basic,133,true
2024-02-01,A-6c093d,active,Basic,133,true
2024-03-01,A-6c093d,active,Enterprise,1393,true
2024-04-01,A-6c093d,active,Enterprise,1393,true
2024-05-01,A-6c093d,active,Basic,285,true
2024-06-01,A-6c093d,active,Basic,285,false
2024-07-01,A-6c093d,active,Enterprise,12139,true
2024-08-01,A-6c093d,active,Enterprise,12139,true
2024-09-01,A-6c093d,active,Pro,343,true
2024-10-01,A-6c093d,active,Basic,171,true
2024-11-01,A-6c093d,active,Basic,171,true
2024-12-01,A-6c093d,active,Enterprise,171,true
2023-10-01,A-6da850,active,Pro,1666,true
2023-11-01,A-6da850,active,Pro,1666,true
2023-12-01,A-6da850,active,Pro,245,true
2024-01-01,A-6da850,active,Enterprise,995,true
2024-02-01,A-6da850,active,Enterprise,342,true
2024-03-01,A-6da850,active,Enterprise,342,true
2024-04-01,A-6da850,active,Basic,228,true
2024-05-01,A-6da850,active,Basic,228,false
2024-06-01,A-6da850,active,Enterprise,7363,true
2024-07-01,A-6da850,active,Enterprise,7363,true
2024-08-01,A-6da850,active,Basic,7363,true
2024-09-01,A-6da850,active,Pro,245,true
2024-10-01,A-6da850,active,Pro,1519,false
2024-11-01,A-6da850,active,Pro,392,true
2024-12-01,A-6da850,churned,Basic,114,true
2023-10-01,A-6dee43,active,Enterprise,2388,true
2023-11-01,A-6dee43,active,Enterprise,2388,true
2023-12-01,A-6dee43,active,Enterprise,2388,false
2024-01-01,A-6dee43,active,Basic,228,true
2024-02-01,A-6dee43,active,Basic,228,true
2024-03-01,A-6dee43,active,Basic,57,true
2024-04-01,A-6dee43,active,Pro,147,true
2024-05-01,A-6dee43,active,Enterprise,784,true
2024-06-01,A-6dee43,active,Enterprise,784,true
2024-07-01,A-6dee43,active,Basic,437,false
2024-08-01,A-6dee43,active,Pro,2695,true
2024-09-01,A-6dee43,active,Pro,2695,true
2024-10-01,A-6dee43,active,Pro,2695,true
2024-11-01,A-6dee43,active,Pro,2695,true
2024-12-01,A-6dee43,active,Pro,2695,false
2023-07-01,A-6e08f3,trial,Enterprise,0,false
2023-08-01,A-6e08f3,trial,Enterprise,0,true
2023-09-01,A-6e08f3,trial,Enterprise,0,true
2023-10-01,A-6e08f3,trial,Enterprise,0,true
2023-11-01,A-6e08f3,trial,Enterprise,0,true
2023-12-01,A-6e08f3,trial,Enterprise,0,true
2024-01-01,A-6e08f3,trial,Enterprise,0,true
2024-02-01,A-6e08f3,active,Pro,2189,true
2024-03-01,A-6e08f3,active,Pro,2189,true
2024-04-01,A-6e08f3,active,Pro,2189,true
2024-05-01,A-6e08f3,active,Enterprise,3980,true
2024-06-01,A-6e08f3,active,Enterprise,3980,false
2024-07-01,A-6e08f3,active,Pro,392,false
2024-08-01,A-6e08f3,active,Pro,882,true
2024-09-01,A-6e08f3,active,Pro,882,true
2024-10-01,A-6e08f3,active,Pro,882,true
2024-11-01,A-6e08f3,active,Pro,882,true
2024-12-01,A-6e08f3,active,Basic,247,true
2023-06-01,A-6e7827,active,Basic,171,false
2023-07-01,A-6e7827,active,Basic,171,true
2023-08-01,A-6e7827,active,Pro,392,false
2023-09-01,A-6e7827,active,Pro,392,true
2023-10-01,A-6e7827,active,Pro,392,true
2023-11-01,A-6e7827,active,Pro,49,true
2023-12-01,A-6e7827,active,Pro,49,true
2024-01-01,A-6e7827,active,Pro,49,true
2024-02-01,A-6e7827,active,Pro,49,true
2024-03-01,A-6e7827,active,Enterprise,398,true
2024-04-01,A-6e7827,active,Pro,1715,false
2024-05-01,A-6e7827,active,Pro,1715,true
2024-06-01,A-6e7827,active,Pro,1715,true
2024-07-01,A-6e7827,active,Pro,1715,true
2024-08-01,A-6e7827,active,Enterprise,2189,true
2024-09-01,A-6e7827,active,Enterprise,2189,true
2024-10-01,A-6e7827,active,Pro,2450,true
2024-11-01,A-6e7827,active,Pro,2450,true
2024-12-01,A-6e7827,active,Pro,833,true
2023-11-01,A-6f50ae,active,Enterprise,361,true
2023-12-01,A-6f50ae,active,Enterprise,361,true
2024-01-01,A-6f50ae,active,Basic,361,true
2024-02-01,A-6f50ae,active,Basic,361,true
2024-03-01,A-6f50ae,active,Basic,361,true
2024-04-01,A-6f50ae,active,Pro,361,true
2024-05-01,A-6f50ae,active,Pro,931,true
2024-06-01,A-6f50ae,active,Enterprise,9950,true
2024-07-01,A-6f50ae,active,Pro,1078,true
2024-08-01,A-6f50ae,active,Pro,1078,true
2024-09-01,A-6f50ae,active,Pro,931,true
2024-10-01,A-6f50ae,active,Pro,931,true
2024-11-01,A-6f50ae,active,Enterprise,3781,true
2024-12-01,A-6f50ae,active,Enterprise,3781,true
2024-07-01,A-6f8ad2,trial,Basic,0,true
2024-08-01,A-6f8ad2,active,Enterprise,5373,true
2024-09-01,A-6f8ad2,active,Basic,551,true
2024-10-01,A-6f8ad2,active,Basic,399,true
2024-11-01,A-6f8ad2,active,Basic,399,true
2024-12-01,A-6f8ad2,active,Basic,779,true
2024-11-01,A-700ade,active,Basic,133,false
2024-12-01,A-700ade,active,Basic,950,false
2024-04-01,A-702032,active,Enterprise,5572,false
2024-05-01,A-702032,active,Enterprise,5572,true
2024-06-01,A-702032,active,Enterprise,5572,false
2024-07-01,A-702032,active,Basic,5572,true
2024-08-01,A-702032,active,Basic,5572,true
2024-09-01,A-702032,active,Basic,5572,true
2024-10-01,A-702032,active,Basic,532,true
2024-11-01,A-702032,active,Basic,532,false
2024-12-01,A-702032,churned,Pro,1372,true
2024-11-01,A-712426,active,Enterprise,1791,true
2024-12-01,A-712426,active,Enterprise,247,true
2023-08-01,A-712533,trial,Enterprise,0,false
2023-09-01,A-712533,trial,Enterprise,0,true
2023-10-01,A-712533,trial,Enterprise,0,true
2023-11-01,A-712533,active,Basic,684,false
2023-12-01,A-712533,active,Basic,684,true
2024-01-01,A-712533,active,Pro,1078,true
2024-02-01,A-712533,active,Pro,1078,true
2024-03-01,A-712533,active,Pro,1078,true
2024-04-01,A-712533,active,Basic,1078,true
2024-05-01,A-712533,active,Basic,1078,true
2024-06-01,A-712533,active,Basic,1078,true
2024-07-01,A-712533,active,Enterprise,3582,true
2024-08-01,A-712533,active,Enterprise,3582,false
2024-09-01,A-712533,active,Enterprise,3582,true
2024-10-01,A-712533,active,Pro,3430,true
2024-11-01,A-712533,active,Basic,456,true
2024-12-01,A-712533,active,Pro,882,true
2024-01-01,A-712f1c,active,Pro,3383,false
2024-02-01,A-712f1c,active,Enterprise,8756,true
2024-03-01,A-712f1c,active,Enterprise,14925,true
2024-04-01,A-712f1c,active,Pro,882,true
2024-05-01,A-712f1c,active,Pro,1862,true
2024-06-01,A-712f1c,active,Pro,1862,false
2024-07-01,A-712f1c,active,Pro,1862,true
2024-08-01,A-712f1c,active,Pro,1862,true
2024-09-01,A-712f1c,active,Pro,1862,true
2024-10-01,A-712f1c,active,Pro,833,true
2024-11-01,A-712f1c,active,Pro,833,true
2024-12-01,A-712f1c,active,Pro,833,true
2024-06-01,A-71615e,active,Enterprise,2985,false
2024-07-01,A-71615e,active,Basic,285,true
2024-08-01,A-71615e,active,Pro,2499,true
2024-09-01,A-71615e,active,Enterprise,6368,true
2024-10-01,A-71615e,active,Basic,285,true
2024-11-01,A-71615e,active,Basic,11940,true
2024-12-01,A-71615e,active,Pro,735,true
2024-05-01,A-716841,active,Pro,2205,true
2024-06-01,A-716841,active,Pro,2205,true
2024-07-01,A-716841,active,Pro,2205,true
2024-08-01,A-716841,active,Pro,2205,true
2024-09-01,A-716841,active,Pro,2205,false
2024-10-01,A-716841,active,Basic,855,false
2024-11-01,A-716841,active,Enterprise,8955,true
2024-12-01,A-716841,active,Enterprise,8955,true
2023-07-01,A-726cfa,active,Pro,980,true
2023-08-01,A-726cfa,active,Pro,1470,true
2023-09-01,A-726cfa,active,Pro,1029,true
2023-10-01,A-726cfa,active,Pro,1029,true
2023-11-01,A-726cfa,active,Pro,539,true
2023-12-01,A-726cfa,active,Enterprise,539,true
2024-01-01,A-726cfa,active,Basic,285,true
2024-02-01,A-726cfa,active,Basic,456,true
2024-03-01,A-726cfa,active,Enterprise,2189,true
2024-04-01,A-726cfa,active,Enterprise,2189,true
2024-05-01,A-726cfa,active,Pro,539,true
2024-06-01,A-726cfa,active,Pro,539,true
2024-07-01,A-726cfa,active,Basic,627,true
2024-08-01,A-726cfa,active,Pro,2058,true
2024-09-01,A-726cfa,active,Enterprise,2058,true
2024-10-01,A-726cfa,active,Enterprise,2058,true
2024-11-01,A-726cfa,active,Enterprise,6169,true
2024-12-01,A-726cfa,active,Enterprise,7562,true
2023-11-01,A-72799b,active,Enterprise,3980,false
2023-12-01,A-72799b,active,Basic,380,true
2024-01-01,A-72799b,active,Basic,380,false
2024-02-01,A-72799b,active,Basic,380,true
2024-03-01,A-72799b,active,Pro,980,true
2024-04-01,A-72799b,active,Basic,380,true
2024-05-01,A-72799b,active,Enterprise,3980,true
2024-06-01,A-72799b,active,Enterprise,3980,true
2024-07-01,A-72799b,active,Enterprise,3980,true
2024-08-01,A-72799b,active,Enterprise,3980,false
2024-09-01,A-72799b,active,Pro,3980,false
2024-10-01,A-72799b,active,Pro,2989,true
2024-11-01,A-72799b,active,Pro,2989,true
2024-12-01,A-72799b,active,Pro,2989,true
2024-09-01,A-751bd4,active,Basic,190,false
2024-10-01,A-751bd4,active,Pro,190,false
2024-11-01,A-751bd4,active,Pro,190,true
2024-12-01,A-751bd4,active,Pro,190,true
2024-07-01,A-751c58,active,Enterprise,2985,true
2024-08-01,A-751c58,active,Pro,1617,true
2024-09-01,A-751c58,active,Basic,342,true
2024-10-01,A-751c58,active,Pro,2205,true
2024-11-01,A-751c58,active,Pro,2205,true
2024-12-01,A-751c58,active,Basic,1349,true
2023-09-01,A-756192,trial,Pro,0,false
2023-10-01,A-756192,active,Pro,931,true
2023-11-01,A-756192,active,Pro,931,true
2023-12-01,A-756192,active,Pro,931,true
2024-01-01,A-756192,active,Pro,931,true
2024-02-01,A-756192,active,Pro,931,true
2024-03-01,A-756192,active,Pro,931,true
2024-04-01,A-756192,active,Pro,931,false
2024-05-01,A-756192,active,Pro,931,true
2024-06-01,A-756192,active,Enterprise,4975,true
2024-07-01,A-756192,active,Enterprise,3781,true
2024-08-01,A-756192,active,Basic,1292,true
2024-09-01,A-756192,active,Enterprise,1292,true
2024-10-01,A-756192,active,Enterprise,1292,true
2024-11-01,A-756192,active,Basic,437,true
2024-12-01,A-756192,active,Pro,1862,true
2023-04-01,A-7641d3,active,Enterprise,1592,true
2023-05-01,A-7641d3,active,Enterprise,1592,true
2023-06-01,A-7641d3,active,Enterprise,1592,true
2023-07-01,A-7641d3,active,Enterprise,1592,true
2023-08-01,A-7641d3,active,Enterprise,1592,true
2023-09-01,A-7641d3,active,Enterprise,1592,true
2023-10-01,A-7641d3,active,Pro,1592,true
2023-11-01,A-7641d3,active,Pro,1592,true
2023-12-01,A-7641d3,active,Pro,1592,true
2024-01-01,A-7641d3,active,Pro,1592,true
2024-02-01,A-7641d3,active,Pro,1592,false
2024-03-01,A-7641d3,trial,Pro,0,true
2024-04-01,A-7641d3,trial,Pro,0,true
2024-05-01,A-7641d3,active,Enterprise,2786,true
2024-06-01,A-7641d3,active,Pro,392,true
2024-07-01,A-7641d3,active,Pro,392,true
2024-08-01,A-7641d3,active,Pro,2989,true
2024-09-01,A-7641d3,active,Pro,2989,true
2024-10-01,A-7641d3,active,Pro,2989,true
2024-11-01,A-7641d3,active,Basic,190,true
2024-12-01,A-7641d3,active,Basic,190,true
2024-11-01,A-76fa4d,active,Pro,3381,false
2024-12-01,A-76fa4d,active,Pro,3381,true
2023-01-01,A-779e4e,active,Enterprise,3582,true
2023-02-01,A-779e4e,active,Pro,931,true
2023-03-01,A-779e4e,active,Pro,1029,true
2023-04-01,A-779e4e,active,Pro,1029,true
2023-05-01,A-779e4e,active,Pro,1029,true
2023-06-01,A-779e4e,active,Pro,1029,true
2023-07-01,A-779e4e,active,Enterprise,11542,true
2023-08-01,A-779e4e,active,Enterprise,11542,true
2023-09-01,A-779e4e,active,Enterprise,11542,true
2023-10-01,A-779e4e,active,Enterprise,11542,false
2023-11-01,A-779e4e,active,Enterprise,7164,false
2023-12-01,A-779e4e,active,Enterprise,7164,true
2024-01-01,A-779e4e,active,Enterprise,7164,false
2024-02-01,A-779e4e,active,Enterprise,7164,true
2024-03-01,A-779e4e,active,Enterprise,7164,true
2024-04-01,A-779e4e,active,Enterprise,7164,true
2024-05-01,A-779e4e,active,Enterprise,7164,true
2024-06-01,A-779e4e,active,Enterprise,7164,false
2024-07-01,A-779e4e,active,Pro,245,true
2024-08-01,A-779e4e,active,Pro,245,false
2024-09-01,A-779e4e,active,Basic,1862,true
2024-10-01,A-779e4e,active,Basic,1862,true
2024-11-01,A-779e4e,active,Basic,1862,false
2024-12-01,A-779e4e,active,Basic,1862,true
2024-09-01,A-781cc0,active,Basic,646,true
2024-10-01,A-781cc0,active,Basic,228,true
2024-11-01,A-781cc0,active,Enterprise,980,true
2024-12-01,A-781cc0,active,Basic,228,true
2024-11-01,A-78f02b,active,Enterprise,3582,true
2024-12-01,A-78f02b,active,Pro,539,false
2023-11-01,A-7920cc,active,Basic,741,true
2023-12-01,A-7920cc,active,Basic,741,true
2024-01-01,A-7920cc,active,Pro,741,true
2024-02-01,A-7920cc,active,Basic,741,true
2024-03-01,A-7920cc,active,Enterprise,10746,false
2024-04-01,A-7920cc,active,Enterprise,10746,true
2024-05-01,A-7920cc,active,Enterprise,10746,true
2024-06-01,A-7920cc,active,Pro,1911,true
2024-07-01,A-7920cc,active,Enterprise,7761,true
2024-08-01,A-7920cc,active,Enterprise,7761,true
2024-09-01,A-7920cc,active,Basic,741,true
2024-10-01,A-7920cc,active,Pro,1911,true
2024-11-01,A-7920cc,active,Pro,1911,true
2024-12-01,A-7920cc,active,Enterprise,13731,true
2023-08-01,A-794a0b,trial,Pro,0,false
2023-09-01,A-794a0b,trial,Pro,0,true
2023-10-01,A-794a0b,trial,Pro,0,true
2023-11-01,A-794a0b,trial,Pro,0,false
2023-12-01,A-794a0b,active,Basic,437,true
2024-01-01,A-794a0b,active,Basic,437,true
2024-02-01,A-794a0b,active,Pro,1715,true
2024-03-01,A-794a0b,active,Pro,1715,false
2024-04-01,A-794a0b,active,Pro,1127,true
2024-05-01,A-794a0b,active,Pro,1127,true
2024-06-01,A-794a0b,active,Pro,1127,true
2024-07-01,A-794a0b,active,Enterprise,6169,true
2024-08-01,A-794a0b,active,Enterprise,6169,true
2024-09-01,A-794a0b,active,Enterprise,6169,true
2024-10-01,A-794a0b,active,Enterprise,6169,true
2024-11-01,A-794a0b,active,Enterprise,6169,true
2024-12-01,A-794a0b,active,Enterprise,6169,true
2024-03-01,A-7988d1,trial,Basic,0,true
2024-04-01,A-7988d1,active,Basic,627,true
2024-05-01,A-7988d1,active,Basic,627,true
2024-06-01,A-7988d1,active,Basic,627,true
2024-07-01,A-7988d1,active,Basic,627,true
2024-08-01,A-7988d1,active,Pro,1617,true
2024-09-01,A-7988d1,active,Basic,627,true
2024-10-01,A-7988d1,active,Basic,627,true
2024-11-01,A-7988d1,active,Basic,627,true
2024-12-01,A-7988d1,active,Basic,627,true
2023-12-01,A-798a3f,active,Basic,589,false
2024-01-01,A-798a3f,active,Basic,589,true
2024-02-01,A-798a3f,active,Enterprise,589,true
2024-03-01,A-798a3f,active,Basic,798,true
2024-04-01,A-798a3f,active,Basic,798,true
2024-05-01,A-798a3f,active,Enterprise,2388,true
2024-06-01,A-798a3f,active,Enterprise,2388,true
2024-07-01,A-798a3f,active,Basic,228,false
2024-08-01,A-798a3f,active,Enterprise,5174,false
2024-09-01,A-798a3f,active,Enterprise,5174,true
2024-10-01,A-798a3f,active,Enterprise,2587,true
2024-11-01,A-798a3f,active,Enterprise,2587,true
2024-12-01,A-798a3f,active,Enterprise,2587,true
2024-07-01,A-7a0d69,trial,Basic,0,false
2024-08-01,A-7a0d69,active,Pro,735,true
2024-09-01,A-7a0d69,active,Pro,196,true
2024-10-01,A-7a0d69,active,Enterprise,5174,true
2024-11-01,A-7a0d69,active,Pro,294,true
2024-12-01,A-7a0d69,active,Enterprise,3184,true
2023-06-01,A-7c4956,active,Basic,171,true
2023-07-01,A-7c4956,active,Basic,95,true
2023-08-01,A-7c4956,active,Basic,95,true
2023-09-01,A-7c4956,active,Basic,95,true
2023-10-01,A-7c4956,active,Basic,95,true
2023-11-01,A-7c4956,active,Basic,95,true
2023-12-01,A-7c4956,active,Enterprise,995,false
2024-01-01,A-7c4956,active,Enterprise,995,true
2024-02-01,A-7c4956,active,Enterprise,995,false
2024-03-01,A-7c4956,active,Enterprise,995,true
2024-04-01,A-7c4956,active,Enterprise,995,true
2024-05-01,A-7c4956,active,Enterprise,995,true
2024-06-01,A-7c4956,active,Enterprise,995,true
2024-07-01,A-7c4956,active,Enterprise,995,true
2024-08-01,A-7c4956,active,Enterprise,1194,true
2024-09-01,A-7c4956,active,Enterprise,1194,true
2024-10-01,A-7c4956,active,Enterprise,1194,true
2024-11-01,A-7c4956,active,Enterprise,1194,true
2024-12-01,A-7c4956,active,Basic,513,true
2024-03-01,A-7c5768,active,Enterprise,995,true
2024-04-01,A-7c5768,active,Enterprise,995,true
2024-05-01,A-7c5768,active,Basic,152,true
2024-06-01,A-7c5768,active,Basic,152,true
2024-07-01,A-7c5768,active,Basic,57,true
2024-08-01,A-7c5768,active,Basic,57,true
2024-09-01,A-7c5768,active,Pro,1178,false
2024-10-01,A-7c5768,active,Basic,57,true
2024-11-01,A-7c5768,active,Basic,950,true
2024-12-01,A-7c5768,active,Enterprise,950,true
2024-12-01,A-7c6b6b,active,Pro,1127,true
2024-05-01,A-7c83a1,active,Enterprise,2388,true
2024-06-01,A-7c83a1,active,Enterprise,5174,true
2024-07-01,A-7c83a1,active,Basic,228,true
2024-08-01,A-7c83a1,active,Basic,228,true
2024-09-01,A-7c83a1,active,Pro,588,true
2024-10-01,A-7c83a1,active,Pro,588,true
2024-11-01,A-7c83a1,active,Basic,228,false
2024-12-01,A-7c83a1,active,Pro,1176,true
2024-07-01,A-7cfe77,active,Pro,3381,false
2024-08-01,A-7cfe77,active,Pro,3381,false
2024-09-01,A-7cfe77,active,Pro,3381,true
2024-10-01,A-7cfe77,active,Pro,3381,true
2024-11-01,A-7cfe77,active,Pro,3381,false
2024-12-01,A-7cfe77,active,Basic,1311,true
2024-02-01,A-7d514c,trial,Enterprise,0,true
2024-03-01,A-7d514c,active,Basic,323,false
2024-04-01,A-7d514c,active,Enterprise,6766,true
2024-05-01,A-7d514c,active,Enterprise,6766,true
2024-06-01,A-7d514c,active,Pro,833,true
2024-07-01,A-7d514c,active,Enterprise,8557,true
2024-08-01,A-7d514c,active,Enterprise,8557,true
2024-09-01,A-7d514c,active,Basic,3383,true
2024-10-01,A-7d514c,active,Basic,3383,true
2024-11-01,A-7d514c,active,Pro,1029,true
2024-12-01,A-7d514c,active,Enterprise,3383,true
2024-06-01,A-7da956,trial,Enterprise,0,true
2024-07-01,A-7da956,active,Basic,247,true
2024-08-01,A-7da956,active,Basic,247,true
2024-09-01,A-7da956,active,Enterprise,2786,true
2024-10-01,A-7da956,active,Pro,2587,true
2024-11-01,A-7da956,active,Enterprise,2985,true
2024-12-01,A-7da956,active,Enterprise,2985,true
2024-09-01,A-7dacce,active,Enterprise,2587,true
2024-10-01,A-7dacce,active,Enterprise,2587,true
2024-11-01,A-7dacce,active,Enterprise,13333,true
2024-12-01,A-7dacce,active,Pro,13333,true
2023-02-01,A-7df7a7,active,Pro,343,true
2023-03-01,A-7df7a7,active,Basic,343,true
2023-04-01,A-7df7a7,active,Basic,343,true
2023-05-01,A-7df7a7,active,Basic,343,true
2023-06-01,A-7df7a7,active,Enterprise,8955,true
2023-07-01,A-7df7a7,active,Enterprise,8955,true
2023-08-01,A-7df7a7,active,Enterprise,8955,true
2023-09-01,A-7df7a7,active,Pro,343,true
2023-10-01,A-7df7a7,active,Enterprise,2587,true
2023-11-01,A-7df7a7,active,Enterprise,2587,true
2023-12-01,A-7df7a7,active,Enterprise,2985,true
2024-01-01,A-7df7a7,active,Enterprise,2985,true
2024-02-01,A-7df7a7,active,Enterprise,2985,true
2024-03-01,A-7df7a7,active,Pro,343,true
2024-04-01,A-7df7a7,active,Basic,133,true
2024-05-01,A-7df7a7,active,Enterprise,1393,true
2024-06-01,A-7df7a7,active,Enterprise,1393,true
2024-07-01,A-7df7a7,active,Enterprise,1393,true
2024-08-01,A-7df7a7,active,Enterprise,1393,true
2024-09-01,A-7df7a7,active,Enterprise,1393,true
2024-10-01,A-7df7a7,active,Enterprise,1393,true
2024-11-01,A-7df7a7,active,Basic,133,true
2024-12-01,A-7df7a7,active,Enterprise,5970,true
2023-11-01,A-7e0a10,active,Basic,874,false
2023-12-01,A-7e0a10,active,Basic,874,true
2024-01-01,A-7e0a10,active,Basic,874,true
2024-02-01,A-7e0a10,active,Enterprise,9154,true
2024-03-01,A-7e0a10,active,Enterprise,9154,true
2024-04-01,A-7e0a10,active,Enterprise,9154,true
2024-05-01,A-7e0a10,active,Enterprise,9154,true
2024-06-01,A-7e0a10,active,Basic,874,false
2024-07-01,A-7e0a10,active,Basic,874,true
2024-08-01,A-7e0a10,active,Basic,874,true
2024-09-01,A-7e0a10,active,Basic,874,true
2024-10-01,A-7e0a10,active,Basic,874,true
2024-11-01,A-7e0a10,active,Basic,874,true
2024-12-01,A-7e0a10,active,Enterprise,13930,true
2024-09-01,A-7f29a7,active,Basic,779,false
2024-10-01,A-7f29a7,active,Pro,2009,true
2024-11-01,A-7f29a7,active,Pro,2009,true
2024-12-01,A-7f29a7,active,Basic,779,true
2023-03-01,A-7f4db3,active,Pro,196,true
2023-04-01,A-7f4db3,active,Basic,196,true
2023-05-01,A-7f4db3,active,Basic,196,true
2023-06-01,A-7f4db3,active,Basic,196,true
2023-07-01,A-7f4db3,active,Pro,343,true
2023-08-01,A-7f4db3,active,Pro,343,true
2023-09-01,A-7f4db3,active,Pro,343,true
2023-10-01,A-7f4db3,active,Pro,294,true
2023-11-01,A-7f4db3,active,Pro,294,true
2023-12-01,A-7f4db3,active,Pro,294,true
2024-01-01,A-7f4db3,active,Pro,294,true
2024-02-01,A-7f4db3,active,Pro,294,true
2024-03-01,A-7f4db3,active,Pro,784,true
2024-04-01,A-7f4db3,active,Pro,784,true
2024-05-01,A-7f4db3,active,Pro,784,true
2024-06-01,A-7f4db3,active,Enterprise,8955,false
2024-07-01,A-7f4db3,active,Enterprise,8955,true
2024-08-01,A-7f4db3,active,Pro,3871,true
2024-09-01,A-7f4db3,active,Enterprise,3871,true
2024-10-01,A-7f4db3,trial,Basic,0,true
2024-11-01,A-7f4db3,active,Enterprise,3582,true
2024-12-01,A-7f4db3,churned,Enterprise,4776,true
2023-08-01,A-7f6b86,trial,Pro,0,false
2023-09-01,A-7f6b86,trial,Pro,0,true
2023-10-01,A-7f6b86,active,Pro,2891,true
2023-11-01,A-7f6b86,active,Pro,2891,true
2023-12-01,A-7f6b86,active,Pro,2891,true
2024-01-01,A-7f6b86,active,Pro,2205,true
2024-02-01,A-7f6b86,active,Pro,2205,true
2024-03-01,A-7f6b86,active,Pro,2205,true
2024-04-01,A-7f6b86,active,Pro,2205,true
2024-05-01,A-7f6b86,active,Basic,855,true
2024-06-01,A-7f6b86,active,Basic,855,false
2024-07-01,A-7f6b86,active,Pro,855,true
2024-08-01,A-7f6b86,active,Pro,855,true
2024-09-01,A-7f6b86,active,Enterprise,11741,false
2024-10-01,A-7f6b86,active,Enterprise,11741,true
2024-11-01,A-7f6b86,active,Enterprise,11741,false
2024-12-01,A-7f6b86,active,Basic,855,true
2023-03-01,A-7f8241,active,Basic,646,false
2023-04-01,A-7f8241,active,Basic,646,true
2023-05-01,A-7f8241,active,Basic,646,true
2023-06-01,A-7f8241,active,Enterprise,6766,false
2023-07-01,A-7f8241,active,Pro,1666,true
2023-08-01,A-7f8241,active,Pro,1666,false
2023-09-01,A-7f8241,active,Pro,1666,true
2023-10-01,A-7f8241,active,Enterprise,6766,true
2023-11-01,A-7f8241,active,Enterprise,6766,true
2023-12-01,A-7f8241,active,Basic,646,true
2024-01-01,A-7f8241,active,Basic,1140,true
2024-02-01,A-7f8241,active,Basic,1140,true
2024-03-01,A-7f8241,active,Basic,1140,true
2024-04-01,A-7f8241,active,Basic,1140,true
2024-05-01,A-7f8241,active,Basic,1140,true
2024-06-01,A-7f8241,active,Enterprise,7164,true
2024-07-01,A-7f8241,active,Enterprise,7164,true
2024-08-01,A-7f8241,active,Pro,1666,true
2024-09-01,A-7f8241,active,Pro,1666,true
2024-10-01,A-7f8241,active,Basic,646,true
2024-11-01,A-7f8241,active,Basic,646,true
2024-12-01,A-7f8241,active,Enterprise,6766,true
2023-07-01,A-80eeb6,active,Basic,646,true
2023-08-01,A-80eeb6,active,Enterprise,13532,true
2023-09-01,A-80eeb6,active,Enterprise,13532,true
2023-10-01,A-80eeb6,active,Basic,418,true
2023-11-01,A-80eeb6,active,Basic,418,true
2023-12-01,A-80eeb6,active,Basic,418,true
2024-01-01,A-80eeb6,active,Basic,418,true
2024-02-01,A-80eeb6,active,Enterprise,4378,true
2024-03-01,A-80eeb6,active,Enterprise,4378,true
2024-04-01,A-80eeb6,active,Enterprise,12935,true
2024-05-01,A-80eeb6,active,Enterprise,17711,true
2024-06-01,A-80eeb6,active,Enterprise,17711,true
2024-07-01,A-80eeb6,active,Enterprise,17711,true
2024-08-01,A-80eeb6,active,Enterprise,17711,false
2024-09-01,A-80eeb6,active,Pro,1225,true
2024-10-01,A-80eeb6,active,Pro,1078,true
2024-11-01,A-80eeb6,active,Basic,418,true
2024-12-01,A-80eeb6,churned,Enterprise,4378,true
2024-04-01,A-812c5b,trial,Pro,0,true
2024-05-01,A-812c5b,active,Pro,6370,true
2024-06-01,A-812c5b,trial,Basic,0,true
2024-07-01,A-812c5b,active,Basic,1045,true
2024-08-01,A-812c5b,active,Basic,1045,true
2024-09-01,A-812c5b,active,Basic,1045,true
2024-10-01,A-812c5b,active,Basic,1045,true
2024-11-01,A-812c5b,active,Basic,1045,true
2024-12-01,A-812c5b,active,Pro,2695,true
2023-08-01,A-8145a0,active,Enterprise,796,true
2023-09-01,A-8145a0,active,Enterprise,4776,true
2023-10-01,A-8145a0,active,Basic,836,true
2023-11-01,A-8145a0,active,Enterprise,1791,true
2023-12-01,A-8145a0,active,Enterprise,1791,true
2024-01-01,A-8145a0,active,Basic,190,true
2024-02-01,A-8145a0,active,Enterprise,4975,true
2024-03-01,A-8145a0,active,Enterprise,398,true
2024-04-01,A-8145a0,active,Enterprise,398,true
2024-05-01,A-8145a0,active,Basic,398,true
2024-06-01,A-8145a0,active,Basic,398,true
2024-07-01,A-8145a0,active,Basic,398,true
2024-08-01,A-8145a0,active,Enterprise,2388,true
2024-09-01,A-8145a0,active,Basic,228,true
2024-10-01,A-8145a0,active,Basic,228,true
2024-11-01,A-8145a0,active,Basic,228,true
2024-12-01,A-8145a0,active,Basic,285,true
2023-11-01,A-81edc3,active,Enterprise,995,true
2023-12-01,A-81edc3,active,Enterprise,995,true
2024-01-01,A-81edc3,active,Pro,882,true
2024-02-01,A-81edc3,active,Enterprise,882,true
2024-03-01,A-81edc3,active,Enterprise,882,true
2024-04-01,A-81edc3,active,Enterprise,882,true
2024-05-01,A-81edc3,active,Enterprise,882,true
2024-06-01,A-81edc3,active,Pro,2009,true
2024-07-01,A-81edc3,active,Pro,245,true
2024-08-01,A-81edc3,active,Pro,245,true
2024-09-01,A-81edc3,active,Enterprise,8756,true
2024-10-01,A-81edc3,active,Enterprise,8756,true
2024-11-01,A-81edc3,active,Enterprise,995,true
2024-12-01,A-81edc3,active,Enterprise,995,true
2024-05-01,A-82861f,active,Enterprise,8159,true
2024-06-01,A-82861f,active,Enterprise,8159,true
2024-07-01,A-82861f,active,Basic,779,true
2024-08-01,A-82861f,active,Basic,779,true
2024-09-01,A-82861f,active,Basic,779,true
2024-10-01,A-82861f,active,Pro,2009,true
2024-11-01,A-82861f,active,Enterprise,8159,true
2024-12-01,A-82861f,active,Enterprise,8159,true
2024-12-01,A-82d8a6,churned,Pro,245,true
2024-01-01,A-832ec2,trial,Basic,0,true
2024-02-01,A-832ec2,active,Enterprise,3781,true
2024-03-01,A-832ec2,active,Basic,95,true
2024-04-01,A-832ec2,active,Basic,228,true
2024-05-01,A-832ec2,active,Basic,228,true
2024-06-01,A-832ec2,active,Basic,228,true
2024-07-01,A-832ec2,active,Basic,589,true
2024-08-01,A-832ec2,active,Basic,589,true
2024-09-01,A-832ec2,active,Pro,589,true
2024-10-01,A-832ec2,active,Pro,589,true
2024-11-01,A-832ec2,active,Enterprise,4378,true
2024-12-01,A-832ec2,active,Enterprise,4378,true
2023-05-01,A-84ebe4,active,Basic,342,true
2023-06-01,A-84ebe4,active,Enterprise,3582,true
2023-07-01,A-84ebe4,active,Enterprise,3582,true
2023-08-01,A-84ebe4,active,Enterprise,4179,true
2023-09-01,A-84ebe4,active,Enterprise,4179,true
2023-10-01,A-84ebe4,active,Enterprise,4179,true
2023-11-01,A-84ebe4,active,Enterprise,4179,true
2023-12-01,A-84ebe4,active,Enterprise,4179,false
2024-01-01,A-84ebe4,active,Enterprise,4179,true
2024-02-01,A-84ebe4,active,Pro,882,true
2024-03-01,A-84ebe4,active,Pro,1666,true
2024-04-01,A-84ebe4,active,Pro,882,true
2024-05-01,A-84ebe4,active,Pro,882,true
2024-06-01,A-84ebe4,active,Enterprise,882,true
2024-07-01,A-84ebe4,active,Enterprise,882,true
2024-08-01,A-84ebe4,active,Enterprise,8955,true
2024-09-01,A-84ebe4,active,Enterprise,8955,true
2024-10-01,A-84ebe4,active,Enterprise,8955,true
2024-11-01,A-84ebe4,active,Enterprise,7164,true
2024-12-01,A-84ebe4,active,Enterprise,7164,true
2024-12-01,A-854864,active,Pro,980,true
2024-01-01,A-855a48,active,Enterprise,7960,false
2024-02-01,A-855a48,active,Pro,1519,true
2024-03-01,A-855a48,active,Enterprise,2786,true
2024-04-01,A-855a48,active,Enterprise,2786,true
2024-05-01,A-855a48,active,Enterprise,5373,true
2024-06-01,A-855a48,active,Basic,266,true
2024-07-01,A-855a48,active,Enterprise,11940,true
2024-08-01,A-855a48,active,Enterprise,11940,true
2024-09-01,A-855a48,active,Enterprise,11940,true
2024-10-01,A-855a48,active,Enterprise,11940,false
2024-11-01,A-855a48,active,Enterprise,11940,true
2024-12-01,A-855a48,active,Enterprise,11940,false
2023-11-01,A-856b1e,active,Pro,931,false
2023-12-01,A-856b1e,active,Pro,1225,false
2024-01-01,A-856b1e,active,Pro,931,true
2024-02-01,A-856b1e,active,Pro,1764,true
2024-03-01,A-856b1e,active,Pro,1764,false
2024-04-01,A-856b1e,active,Pro,1764,true
2024-05-01,A-856b1e,active,Pro,1764,false
2024-06-01,A-856b1e,active,Pro,1764,true
2024-07-01,A-856b1e,active,Pro,1764,true
2024-08-01,A-856b1e,active,Pro,1764,true
2024-09-01,A-856b1e,active,Pro,1764,true
2024-10-01,A-856b1e,active,Basic,1764,true
2024-11-01,A-856b1e,active,Basic,1764,true
2024-12-01,A-856b1e,active,Basic,1764,true
2023-07-01,A-86902e,trial,Basic,0,false
2023-08-01,A-86902e,trial,Basic,0,false
2023-09-01,A-86902e,trial,Basic,0,true
2023-10-01,A-86902e,trial,Basic,0,true
2023-11-01,A-86902e,active,Basic,646,true
2023-12-01,A-86902e,active,Basic,646,true
2024-01-01,A-86902e,active,Basic,646,false
2024-02-01,A-86902e,active,Basic,646,true
2024-03-01,A-86902e,active,Basic,646,true
2024-04-01,A-86902e,active,Enterprise,6766,true
2024-05-01,A-86902e,active,Pro,1666,true
2024-06-01,A-86902e,active,Enterprise,6766,true
2024-07-01,A-86902e,active,Enterprise,6766,true
2024-08-01,A-86902e,active,Enterprise,6766,true
2024-09-01,A-86902e,active,Enterprise,6766,true
2024-10-01,A-86902e,active,Enterprise,6766,true
2024-11-01,A-86902e,active,Basic,646,true
2024-12-01,A-86902e,active,Enterprise,6766,true
2024-10-01,A-86cdb4,active,Pro,147,true
2024-11-01,A-86cdb4,active,Pro,882,true
2024-12-01,A-86cdb4,active,Basic,323,true
2024-08-01,A-86fc1d,active,Enterprise,5572,true
2024-09-01,A-86fc1d,active,Enterprise,5572,true
2024-10-01,A-86fc1d,active,Basic,494,false
2024-11-01,A-86fc1d,active,Enterprise,5174,true
2024-12-01,A-86fc1d,trial,Basic,0,true
2024-05-01,A-87aa7b,active,Pro,1323,true
2024-06-01,A-87aa7b,active,Pro,1176,true
2024-07-01,A-87aa7b,active,Enterprise,1064,true
2024-08-01,A-87aa7b,active,Pro,1176,true
2024-09-01,A-87aa7b,active,Enterprise,4776,true
2024-10-01,A-87aa7b,active,Enterprise,4776,true
2024-11-01,A-87aa7b,active,Basic,456,true
2024-12-01,A-87aa7b,active,Pro,2499,true
2024-04-01,A-883b7d,active,Basic,589,false
2024-05-01,A-883b7d,active,Enterprise,4975,true
2024-06-01,A-883b7d,active,Enterprise,4975,true
2024-07-01,A-883b7d,active,Enterprise,4975,true
2024-08-01,A-883b7d,active,Enterprise,9950,true
2024-09-01,A-883b7d,active,Enterprise,9950,true
2024-10-01,A-883b7d,active,Enterprise,9950,true
2024-11-01,A-883b7d,active,Enterprise,9950,true
2024-12-01,A-883b7d,active,Enterprise,9950,true
2024-11-01,A-88c6ca,active,Enterprise,995,true
2024-12-01,A-88c6ca,active,Pro,1127,true
2024-10-01,A-89ee83,active,Basic,513,false
2024-11-01,A-89ee83,active,Pro,98,true
2024-12-01,A-89ee83,active,Enterprise,3582,true
2024-02-01,A-8adedc,active,Enterprise,11343,false
2024-03-01,A-8adedc,active,Enterprise,2786,true
2024-04-01,A-8adedc,active,Enterprise,2786,true
2024-05-01,A-8adedc,active,Enterprise,95,true
2024-06-01,A-8adedc,active,Basic,361,true
2024-07-01,A-8adedc,active,Enterprise,3184,true
2024-08-01,A-8adedc,active,Basic,418,true
2024-09-01,A-8adedc,active,Pro,3332,true
2024-10-01,A-8adedc,active,Pro,3332,false
2024-11-01,A-8adedc,active,Pro,3332,true
2024-12-01,A-8adedc,active,Pro,3332,true
2024-06-01,A-8ae05d,active,Basic,1634,false
2024-07-01,A-8ae05d,active,Basic,1634,false
2024-08-01,A-8ae05d,active,Basic,1634,true
2024-09-01,A-8ae05d,active,Basic,1634,false
2024-10-01,A-8ae05d,active,Basic,1634,true
2024-11-01,A-8ae05d,active,Enterprise,17114,true
2024-12-01,A-8ae05d,active,Enterprise,4214,true
2024-07-01,A-8ae3fc,active,Basic,589,false
2024-08-01,A-8ae3fc,active,Pro,1029,true
2024-09-01,A-8ae3fc,active,Pro,441,true
2024-10-01,A-8ae3fc,active,Enterprise,441,true
2024-11-01,A-8ae3fc,active,Basic,171,true
2024-12-01,A-8ae3fc,active,Basic,380,true
2024-09-01,A-8b0451,active,Basic,779,true
2024-10-01,A-8b0451,active,Basic,779,true
2024-11-01,A-8b0451,active,Enterprise,8159,true
2024-12-01,A-8b0451,active,Enterprise,8159,true
2024-02-01,A-8b25f2,trial,Enterprise,0,true
2024-03-01,A-8b25f2,active,Pro,294,true
2024-04-01,A-8b25f2,active,Pro,294,true
2024-05-01,A-8b25f2,active,Pro,588,true
2024-06-01,A-8b25f2,active,Pro,588,true
2024-07-01,A-8b25f2,active,Basic,114,true
2024-08-01,A-8b25f2,active,Basic,114,true
2024-09-01,A-8b25f2,active,Basic,190,true
2024-10-01,A-8b25f2,active,Enterprise,893,true
2024-11-01,A-8b25f2,active,Enterprise,893,true
2024-12-01,A-8b25f2,active,Enterprise,2587,true
2024-11-01,A-8bde0c,active,Pro,588,true
2024-12-01,A-8bde0c,active,Enterprise,2388,true
2024-02-01,A-8e47ca,active,Pro,931,false
2024-03-01,A-8e47ca,active,Enterprise,3781,true
2024-04-01,A-8e47ca,active,Enterprise,3781,true
2024-05-01,A-8e47ca,active,Enterprise,3980,true
2024-06-01,A-8e47ca,active,Enterprise,3980,false
2024-07-01,A-8e47ca,active,Basic,361,true
2024-08-01,A-8e47ca,active,Enterprise,3781,false
2024-09-01,A-8e47ca,active,Enterprise,3781,true
2024-10-01,A-8e47ca,active,Enterprise,3781,false
2024-11-01,A-8e47ca,active,Enterprise,4975,true
2024-12-01,A-8e47ca,churned,Enterprise,4975,true
2023-08-01,A-8ed5dd,active,Pro,245,true
2023-09-01,A-8ed5dd,active,Pro,245,true
2023-10-01,A-8ed5dd,active,Pro,245,true
2023-11-01,A-8ed5dd,active,Pro,245,true
2023-12-01,A-8ed5dd,active,Pro,2254,true
2024-01-01,A-8ed5dd,active,Enterprise,995,true
2024-02-01,A-8ed5dd,active,Enterprise,5970,true
2024-03-01,A-8ed5dd,active,Basic,95,true
2024-04-01,A-8ed5dd,active,Enterprise,995,true
2024-05-01,A-8ed5dd,active,Enterprise,995,true
2024-06-01,A-8ed5dd,active,Enterprise,995,true
2024-07-01,A-8ed5dd,active,Enterprise,995,false
2024-08-01,A-8ed5dd,active,Basic,95,true
2024-09-01,A-8ed5dd,active,Basic,437,true
2024-10-01,A-8ed5dd,active,Basic,437,true
2024-11-01,A-8ed5dd,active,Basic,285,true
2024-12-01,A-8ed5dd,active,Basic,285,true
2024-09-01,A-902ef7,active,Enterprise,16517,true
2024-10-01,A-902ef7,active,Enterprise,16517,true
2024-11-01,A-902ef7,active,Pro,1577,false
2024-12-01,A-902ef7,active,Basic,1577,false
2024-08-01,A-9077b0,active,Basic,38,true
2024-09-01,A-9077b0,active,Basic,38,true
2024-10-01,A-9077b0,active,Basic,38,true
2024-11-01,A-9077b0,active,Basic,2786,true
2024-12-01,A-9077b0,churned,Pro,0,false
2024-08-01,A-90a8c8,active,Pro,1568,false
2024-09-01,A-90a8c8,active,Enterprise,5572,true
2024-10-01,A-90a8c8,active,Pro,735,true
2024-11-01,A-90a8c8,active,Pro,1127,true
2024-12-01,A-90a8c8,active,Enterprise,2985,true
2023-10-01,A-9123ac,active,Basic,171,false
2023-11-01,A-9123ac,active,Basic,171,true
2023-12-01,A-9123ac,active,Enterprise,8358,false
2024-01-01,A-9123ac,active,Enterprise,8358,true
2024-02-01,A-9123ac,active,Enterprise,8358,true
2024-03-01,A-9123ac,active,Enterprise,8358,true
2024-04-01,A-9123ac,active,Enterprise,8358,true
2024-05-01,A-9123ac,active,Basic,209,true
2024-06-01,A-9123ac,active,Pro,441,true
2024-07-01,A-9123ac,active,Pro,441,false
2024-08-01,A-9123ac,active,Pro,441,false
2024-09-01,A-9123ac,active,Pro,441,true
2024-10-01,A-9123ac,active,Enterprise,3582,true
2024-11-01,A-9123ac,active,Enterprise,3582,true
2024-12-01,A-9123ac,active,Enterprise,3582,true
2024-12-01,A-9174e0,active,Enterprise,7363,true
2023-08-01,A-91e948,active,Basic,779,false
2023-09-01,A-91e948,active,Basic,779,true
2023-10-01,A-91e948,active,Basic,779,true
2023-11-01,A-91e948,active,Pro,2009,true
2023-12-01,A-91e948,active,Basic,779,true
2024-01-01,A-91e948,active,Basic,779,true
2024-02-01,A-91e948,active,Basic,779,true
2024-03-01,A-91e948,active,Basic,779,true
2024-04-01,A-91e948,active,Basic,779,true
2024-05-01,A-91e948,active,Basic,779,true
2024-06-01,A-91e948,active,Basic,779,true
2024-07-01,A-91e948,active,Enterprise,8159,false
2024-08-01,A-91e948,active,Enterprise,8159,true
2024-09-01,A-91e948,active,Enterprise,8159,true
2024-10-01,A-91e948,active,Enterprise,8159,true
2024-11-01,A-91e948,active,Enterprise,8159,false
2024-12-01,A-91e948,active,Enterprise,8159,true
2023-05-01,A-9208f0,active,Enterprise,2786,true
2023-06-01,A-9208f0,active,Enterprise,2786,true
2023-07-01,A-9208f0,active,Enterprise,2786,true
2023-08-01,A-9208f0,active,Basic,76,true
2023-09-01,A-9208f0,active,Pro,98,true
2023-10-01,A-9208f0,active,Pro,98,true
2023-11-01,A-9208f0,active,Pro,98,true
2023-12-01,A-9208f0,active,Pro,98,true
2024-01-01,A-9208f0,active,Pro,98,true
2024-02-01,A-9208f0,active,Pro,98,true
2024-03-01,A-9208f0,active,Pro,98,true
2024-04-01,A-9208f0,active,Pro,98,true
2024-05-01,A-9208f0,active,Pro,98,true
2024-06-01,A-9208f0,active,Pro,98,true
2024-07-01,A-9208f0,active,Pro,98,true
2024-08-01,A-9208f0,trial,Basic,0,true
2024-09-01,A-9208f0,trial,Basic,0,true
2024-10-01,A-9208f0,trial,Basic,0,true
2024-11-01,A-9208f0,trial,Basic,0,true
2024-12-01,A-9208f0,trial,Basic,0,true
2024-03-01,A-922109,active,Pro,1862,false
2024-04-01,A-922109,active,Pro,147,true
2024-05-01,A-922109,active,Basic,1368,true
2024-06-01,A-922109,active,Basic,1368,true
2024-07-01,A-922109,active,Enterprise,8159,true
2024-08-01,A-922109,active,Enterprise,8159,true
2024-09-01,A-922109,active,Pro,392,true
2024-10-01,A-922109,active,Basic,392,true
2024-11-01,A-922109,active,Enterprise,796,true
2024-12-01,A-922109,active,Basic,796,true
2023-07-01,A-9289f6,active,Basic,418,true
2023-08-01,A-9289f6,active,Basic,418,true
2023-09-01,A-9289f6,active,Basic,418,true
2023-10-01,A-9289f6,active,Basic,418,true
2023-11-01,A-9289f6,active,Enterprise,418,true
2023-12-01,A-9289f6,active,Basic,19,true
2024-01-01,A-9289f6,active,Basic,19,true
2024-02-01,A-9289f6,active,Basic,19,true
2024-03-01,A-9289f6,active,Enterprise,1990,false
2024-04-01,A-9289f6,active,Pro,1568,true
2024-05-01,A-9289f6,active,Pro,1568,true
2024-06-01,A-9289f6,active,Pro,1568,true
2024-07-01,A-9289f6,active,Pro,1568,true
2024-08-01,A-9289f6,active,Pro,1568,true
2024-09-01,A-9289f6,active,Enterprise,3383,true
2024-10-01,A-9289f6,active,Enterprise,3383,true
2024-11-01,A-9289f6,active,Pro,49,true
2024-12-01,A-9289f6,active,Pro,1225,false
2023-08-01,A-92a333,active,Enterprise,6567,true
2023-09-01,A-92a333,active,Enterprise,6567,false
2023-10-01,A-92a333,active,Enterprise,6567,true
2023-11-01,A-92a333,active,Enterprise,6567,true
2023-12-01,A-92a333,active,Enterprise,6567,false
2024-01-01,A-92a333,active,Enterprise,6567,true
2024-02-01,A-92a333,active,Pro,686,false
2024-03-01,A-92a333,active,Enterprise,1791,true
2024-04-01,A-92a333,active,Enterprise,1791,true
2024-05-01,A-92a333,active,Enterprise,1791,false
2024-06-01,A-92a333,active,Enterprise,1791,false
2024-07-01,A-92a333,active,Basic,171,true
2024-08-01,A-92a333,active,Basic,171,true
2024-09-01,A-92a333,active,Basic,171,true
2024-10-01,A-92a333,active,Basic,171,true
2024-11-01,A-92a333,active,Basic,171,true
2024-12-01,A-92a333,active,Basic,171,true
2024-07-01,A-92a3af,active,Pro,1666,false
2024-08-01,A-92a3af,active,Pro,1666,true
2024-09-01,A-92a3af,active,Enterprise,5373,true
2024-10-01,A-92a3af,active,Pro,3773,true
2024-11-01,A-92a3af,active,Pro,1225,true
2024-12-01,A-92a3af,active,Pro,1225,true
2024-04-01,A-940b8b,active,Pro,1176,true
2024-05-01,A-940b8b,active,Basic,1064,true
2024-06-01,A-940b8b,active,Enterprise,199,true
2024-07-01,A-940b8b,active,Enterprise,199,true
2024-08-01,A-940b8b,active,Enterprise,199,true
2024-09-01,A-940b8b,active,Enterprise,833,true
2024-10-01,A-940b8b,active,Enterprise,833,true
2024-11-01,A-940b8b,trial,Enterprise,0,false
2024-12-01,A-940b8b,trial,Enterprise,0,false
2024-01-01,A-94c3cd,trial,Enterprise,0,true
2024-02-01,A-94c3cd,trial,Enterprise,0,true
2024-03-01,A-94c3cd,trial,Enterprise,0,true
2024-04-01,A-94c3cd,trial,Enterprise,0,true
2024-05-01,A-94c3cd,trial,Enterprise,0,true
2024-06-01,A-94c3cd,trial,Enterprise,0,true
2024-07-01,A-94c3cd,active,Pro,1813,true
2024-08-01,A-94c3cd,active,Enterprise,1813,false
2024-09-01,A-94c3cd,active,Basic,855,true
2024-10-01,A-94c3cd,active,Basic,855,true
2024-11-01,A-94c3cd,active,Pro,855,false
2024-12-01,A-94c3cd,active,Enterprise,6368,true
2023-06-01,A-94d3da,active,Enterprise,8159,true
2023-07-01,A-94d3da,active,Enterprise,8159,true
2023-08-01,A-94d3da,active,Enterprise,8159,true
2023-09-01,A-94d3da,trial,Pro,0,true
2023-10-01,A-94d3da,trial,Pro,0,true
2023-11-01,A-94d3da,trial,Pro,0,false
2023-12-01,A-94d3da,active,Basic,779,true
2024-01-01,A-94d3da,active,Basic,779,true
2024-02-01,A-94d3da,active,Basic,779,true
2024-03-01,A-94d3da,trial,Pro,0,true
2024-04-01,A-94d3da,trial,Pro,0,true
2024-05-01,A-94d3da,trial,Pro,0,false
2024-06-01,A-94d3da,trial,Pro,0,true
2024-07-01,A-94d3da,trial,Pro,0,true
2024-08-01,A-94d3da,trial,Basic,0,false
2024-09-01,A-94d3da,active,Enterprise,8159,true
2024-10-01,A-94d3da,active,Basic,779,true
2024-11-01,A-94d3da,active,Basic,779,true
2024-12-01,A-94d3da,active,Basic,779,true
2024-04-01,A-94f8c9,active,Enterprise,2587,true
2024-05-01,A-94f8c9,active,Enterprise,2587,true
2024-06-01,A-94f8c9,trial,Basic,0,true
2024-07-01,A-94f8c9,active,Enterprise,2587,true
2024-08-01,A-94f8c9,active,Enterprise,2587,true
2024-09-01,A-94f8c9,active,Enterprise,2587,true
2024-10-01,A-94f8c9,active,Basic,247,true
2024-11-01,A-94f8c9,active,Enterprise,3383,true
2024-12-01,A-94f8c9,active,Enterprise,2587,true
2024-12-01,A-956988,active,Enterprise,6368,true
2023-07-01,A-95b24a,active,Basic,722,true
2023-08-01,A-95b24a,active,Basic,722,true
2023-09-01,A-95b24a,active,Basic,722,true
2023-10-01,A-95b24a,active,Enterprise,7562,true
2023-11-01,A-95b24a,active,Enterprise,7562,false
2023-12-01,A-95b24a,active,Basic,722,true
2024-01-01,A-95b24a,active,Enterprise,8557,true
2024-02-01,A-95b24a,active,Enterprise,8557,true
2024-03-01,A-95b24a,active,Enterprise,8557,true
2024-04-01,A-95b24a,active,Enterprise,8557,true
2024-05-01,A-95b24a,active,Enterprise,8557,true
2024-06-01,A-95b24a,active,Enterprise,1862,true
2024-07-01,A-95b24a,active,Enterprise,1862,true
2024-08-01,A-95b24a,active,Enterprise,1862,true
2024-09-01,A-95b24a,active,Basic,722,true
2024-10-01,A-95b24a,active,Pro,722,true
2024-11-01,A-95b24a,active,Pro,722,true
2024-12-01,A-95b24a,active,Pro,722,true
2024-08-01,A-96215d,active,Enterprise,1990,true
2024-09-01,A-96215d,active,Enterprise,3184,true
2024-10-01,A-96215d,active,Pro,1029,false
2024-11-01,A-96215d,active,Pro,490,true
2024-12-01,A-96215d,active,Pro,490,true
2024-05-01,A-96bbc6,active,Pro,1911,true
2024-06-01,A-96bbc6,active,Enterprise,7761,true
2024-07-01,A-96bbc6,active,Enterprise,7761,false
2024-08-01,A-96bbc6,active,Enterprise,7761,true
2024-09-01,A-96bbc6,active,Pro,3136,true
2024-10-01,A-96bbc6,active,Pro,3136,true
2024-11-01,A-96bbc6,active,Pro,3136,true
2024-12-01,A-96bbc6,active,Basic,741,true
2023-10-01,A-96e141,trial,Enterprise,0,false
2023-11-01,A-96e141,trial,Enterprise,0,false
2023-12-01,A-96e141,active,Pro,1568,true
2024-01-01,A-96e141,active,Pro,1568,false
2024-02-01,A-96e141,active,Pro,1568,true
2024-03-01,A-96e141,active,Pro,1078,false
2024-04-01,A-96e141,active,Pro,1078,true
2024-05-01,A-96e141,active,Enterprise,2786,true
2024-06-01,A-96e141,active,Enterprise,2786,true
2024-07-01,A-96e141,active,Enterprise,2786,true
2024-08-01,A-96e141,active,Enterprise,4975,false
2024-09-01,A-96e141,active,Enterprise,4975,true
2024-10-01,A-96e141,active,Enterprise,4975,true
2024-11-01,A-96e141,active,Enterprise,4975,true
2024-12-01,A-96e141,active,Enterprise,4975,true
2024-03-01,A-970c97,active,Enterprise,2786,true
2024-04-01,A-970c97,active,Enterprise,2786,false
2024-05-01,A-970c97,active,Enterprise,2786,true
2024-06-01,A-970c97,active,Enterprise,2786,true
2024-07-01,A-970c97,active,Enterprise,5572,true
2024-08-01,A-970c97,active,Enterprise,5572,true
2024-09-01,A-970c97,active,Enterprise,5572,false
2024-10-01,A-970c97,active,Enterprise,5572,true
2024-11-01,A-970c97,active,Pro,686,true
2024-12-01,A-970c97,active,Pro,931,true
2024-04-01,A-9779ad,active,Enterprise,7960,true
2024-05-01,A-9779ad,active,Enterprise,7960,true
2024-06-01,A-9779ad,active,Enterprise,7960,true
2024-07-01,A-9779ad,active,Enterprise,7960,true
2024-08-01,A-9779ad,active,Pro,1960,true
2024-09-01,A-9779ad,active,Pro,1960,true
2024-10-01,A-9779ad,active,Basic,7960,true
2024-11-01,A-9779ad,active,Basic,7960,true
2024-12-01,A-9779ad,active,Enterprise,7960,true
2023-02-01,A-977ca0,active,Enterprise,1194,false
2023-03-01,A-977ca0,active,Basic,494,true
2023-04-01,A-977ca0,active,Pro,833,true
2023-05-01,A-977ca0,active,Pro,833,true
2023-06-01,A-977ca0,active,Pro,833,true
2023-07-01,A-977ca0,active,Pro,833,true
2023-08-01,A-977ca0,active,Enterprise,18109,true
2023-09-01,A-977ca0,active,Enterprise,18109,true
2023-10-01,A-977ca0,active,Basic,209,true
2023-11-01,A-977ca0,active,Basic,209,true
2023-12-01,A-977ca0,active,Basic,209,true
2024-01-01,A-977ca0,active,Basic,114,true
2024-02-01,A-977ca0,active,Basic,114,true
2024-03-01,A-977ca0,active,Pro,294,true
2024-04-01,A-977ca0,trial,Pro,0,true
2024-05-01,A-977ca0,trial,Pro,0,true
2024-06-01,A-977ca0,trial,Pro,0,true
2024-07-01,A-977ca0,active,Pro,1519,true
2024-08-01,A-977ca0,active,Pro,1715,true
2024-09-01,A-977ca0,active,Pro,1715,true
2024-10-01,A-977ca0,active,Pro,1715,true
2024-11-01,A-977ca0,churned,Pro,686,true
2024-12-01,A-977ca0,active,Pro,686,false
2023-09-01,A-98a59a,active,Basic,1064,true
2023-10-01,A-98a59a,active,Basic,1064,true
2023-11-01,A-98a59a,active,Basic,1064,true
2023-12-01,A-98a59a,active,Basic,1064,true
2024-01-01,A-98a59a,active,Basic,1064,true
2024-02-01,A-98a59a,active,Pro,2744,true
2024-03-01,A-98a59a,active,Pro,2744,true
2024-04-01,A-98a59a,active,Pro,2744,true
2024-05-01,A-98a59a,active,Basic,1064,true
2024-06-01,A-98a59a,active,Basic,1064,true
2024-07-01,A-98a59a,active,Basic,1064,true
2024-08-01,A-98a59a,active,Enterprise,11144,true
2024-09-01,A-98a59a,active,Enterprise,11144,false
2024-10-01,A-98a59a,active,Pro,2744,true
2024-11-01,A-98a59a,active,Pro,2744,true
2024-12-01,A-98a59a,active,Pro,2744,true
2023-08-01,A-993085,active,Pro,1519,true
2023-09-01,A-993085,active,Enterprise,6169,true
2023-10-01,A-993085,active,Enterprise,6169,true
2023-11-01,A-993085,active,Basic,589,true
2023-12-01,A-993085,active,Basic,589,true
2024-01-01,A-993085,active,Basic,589,true
2024-02-01,A-993085,active,Basic,589,true
2024-03-01,A-993085,active,Basic,589,true
2024-04-01,A-993085,active,Basic,589,true
2024-05-01,A-993085,active,Enterprise,589,true
2024-06-01,A-993085,active,Pro,1519,true
2024-07-01,A-993085,active,Pro,1519,true
2024-08-01,A-993085,active,Basic,589,true
2024-09-01,A-993085,active,Pro,1617,true
2024-10-01,A-993085,active,Enterprise,8358,true
2024-11-01,A-993085,churned,Enterprise,8358,true
2024-12-01,A-993085,churned,Enterprise,8358,false
2024-08-01,A-9a532a,active,Enterprise,6567,false
2024-09-01,A-9a532a,active,Basic,2189,false
2024-10-01,A-9a532a,active,Enterprise,2189,true
2024-11-01,A-9a532a,active,Enterprise,2189,false
2024-12-01,A-9a532a,active,Enterprise,2189,false
2023-04-01,A-9affe6,active,Enterprise,1393,true
2023-05-01,A-9affe6,active,Enterprise,1393,true
2023-06-01,A-9affe6,active,Basic,133,true
2023-07-01,A-9affe6,active,Basic,133,true
2023-08-01,A-9affe6,active,Basic,133,true
2023-09-01,A-9affe6,active,Basic,1064,true
2023-10-01,A-9affe6,active,Enterprise,1393,true
2023-11-01,A-9affe6,active,Pro,1176,true
2023-12-01,A-9affe6,active,Pro,1176,true
2024-01-01,A-9affe6,active,Pro,1176,true
2024-02-01,A-9affe6,active,Pro,1421,true
2024-03-01,A-9affe6,active,Pro,1421,true
2024-04-01,A-9affe6,active,Pro,1421,true
2024-05-01,A-9affe6,active,Pro,1421,false
2024-06-01,A-9affe6,active,Pro,833,true
2024-07-01,A-9affe6,active,Pro,833,true
2024-08-01,A-9affe6,active,Pro,833,false
2024-09-01,A-9affe6,active,Pro,833,false
2024-10-01,A-9affe6,active,Basic,342,true
2024-11-01,A-9affe6,active,Pro,1127,false
2024-12-01,A-9affe6,active,Pro,1127,true
2023-10-01,A-9b9fe9,trial,Basic,0,true
2023-11-01,A-9b9fe9,active,Enterprise,995,true
2023-12-01,A-9b9fe9,active,Pro,245,true
2024-01-01,A-9b9fe9,active,Pro,1176,true
2024-02-01,A-9b9fe9,active,Pro,1176,true
2024-03-01,A-9b9fe9,active,Pro,1176,true
2024-04-01,A-9b9fe9,active,Pro,1176,true
2024-05-01,A-9b9fe9,active,Pro,1176,true
2024-06-01,A-9b9fe9,active,Pro,833,true
2024-07-01,A-9b9fe9,active,Pro,833,true
2024-08-01,A-9b9fe9,active,Pro,245,true
2024-09-01,A-9b9fe9,active,Pro,245,true
2024-10-01,A-9b9fe9,active,Basic,1881,true
2024-11-01,A-9b9fe9,active,Enterprise,9950,true
2024-12-01,A-9b9fe9,active,Enterprise,9950,true
2024-06-01,A-9badbd,active,Basic,532,false
2024-07-01,A-9badbd,active,Enterprise,5970,true
2024-08-01,A-9badbd,active,Basic,323,true
2024-09-01,A-9badbd,active,Enterprise,437,true
2024-10-01,A-9badbd,active,Basic,3773,true
2024-11-01,A-9badbd,active,Basic,779,true
2024-12-01,A-9badbd,churned,Enterprise,11741,true
2023-09-01,A-9bfc9f,active,Pro,2597,false
2023-10-01,A-9bfc9f,active,Pro,2597,true
2023-11-01,A-9bfc9f,active,Pro,2597,true
2023-12-01,A-9bfc9f,active,Pro,2597,true
2024-01-01,A-9bfc9f,active,Basic,1007,true
2024-02-01,A-9bfc9f,active,Basic,1007,true
2024-03-01,A-9bfc9f,active,Pro,2597,true
2024-04-01,A-9bfc9f,active,Pro,2597,true
2024-05-01,A-9bfc9f,active,Pro,2597,true
2024-06-01,A-9bfc9f,active,Pro,2597,true
2024-07-01,A-9bfc9f,active,Pro,2940,true
2024-08-01,A-9bfc9f,active,Pro,2940,true
2024-09-01,A-9bfc9f,active,Pro,2940,true
2024-10-01,A-9bfc9f,active,Pro,2940,true
2024-11-01,A-9bfc9f,active,Pro,2940,false
2024-12-01,A-9bfc9f,active,Pro,2940,true
2023-08-01,A-9c18c4,active,Enterprise,3781,false
2023-09-01,A-9c18c4,active,Enterprise,3781,false
2023-10-01,A-9c18c4,active,Enterprise,3781,true
2023-11-01,A-9c18c4,active,Enterprise,2388,true
2023-12-01,A-9c18c4,active,Enterprise,2189,true
2024-01-01,A-9c18c4,active,Enterprise,2189,true
2024-02-01,A-9c18c4,active,Enterprise,2189,true
2024-03-01,A-9c18c4,active,Pro,539,true
2024-04-01,A-9c18c4,active,Pro,539,true
2024-05-01,A-9c18c4,active,Pro,539,true
2024-06-01,A-9c18c4,active,Pro,539,true
2024-07-01,A-9c18c4,active,Enterprise,539,true
2024-08-01,A-9c18c4,active,Enterprise,539,true
2024-09-01,A-9c18c4,active,Enterprise,2189,true
2024-10-01,A-9c18c4,active,Enterprise,2189,true
2024-11-01,A-9c18c4,active,Enterprise,2189,true
2024-12-01,A-9c18c4,active,Enterprise,2189,true
2023-06-01,A-9ee962,active,Pro,441,true
2023-07-01,A-9ee962,active,Pro,1225,true
2023-08-01,A-9ee962,active,Pro,1470,true
2023-09-01,A-9ee962,active,Basic,1470,false
2023-10-01,A-9ee962,active,Basic,1470,true
2023-11-01,A-9ee962,trial,Basic,0,true
2023-12-01,A-9ee962,trial,Basic,0,true
2024-01-01,A-9ee962,trial,Basic,0,true
2024-02-01,A-9ee962,trial,Basic,0,true
2024-03-01,A-9ee962,trial,Basic,0,true
2024-04-01,A-9ee962,trial,Basic,0,true
2024-05-01,A-9ee962,active,Basic,171,true
2024-06-01,A-9ee962,active,Enterprise,5771,true
2024-07-01,A-9ee962,active,Basic,171,true
2024-08-01,A-9ee962,active,Basic,171,false
2024-09-01,A-9ee962,active,Basic,171,true
2024-10-01,A-9ee962,active,Basic,171,false
2024-11-01,A-9ee962,active,Basic,171,true
2024-12-01,A-9ee962,active,Basic,171,true
2024-05-01,A-9f0b68,active,Basic,418,true
2024-06-01,A-9f0b68,active,Enterprise,1990,true
2024-07-01,A-9f0b68,active,Enterprise,6567,true
2024-08-01,A-9f0b68,active,Basic,684,true
2024-09-01,A-9f0b68,active,Enterprise,2587,true
2024-10-01,A-9f0b68,active,Enterprise,6766,true
2024-11-01,A-9f0b68,active,Pro,266,true
2024-12-01,A-9f0b68,active,Pro,266,true
2024-10-01,A-9f2731,trial,Pro,0,true
2024-11-01,A-9f2731,active,Pro,637,true
2024-12-01,A-9f2731,active,Pro,637,true
2023-11-01,A-9f9299,active,Pro,1372,false
2023-12-01,A-9f9299,active,Pro,1372,true
2024-01-01,A-9f9299,active,Pro,1372,true
2024-02-01,A-9f9299,active,Pro,1372,false
2024-03-01,A-9f9299,active,Basic,532,true
2024-04-01,A-9f9299,active,Basic,532,true
2024-05-01,A-9f9299,active,Basic,532,true
2024-06-01,A-9f9299,active,Enterprise,5572,true
2024-07-01,A-9f9299,active,Enterprise,5572,true
2024-08-01,A-9f9299,active,Enterprise,5572,true
2024-09-01,A-9f9299,active,Enterprise,5572,true
2024-10-01,A-9f9299,active,Basic,1159,true
2024-11-01,A-9f9299,active,Pro,1372,true
2024-12-01,A-9f9299,active,Pro,1372,true
2024-08-01,A-a09355,active,Basic,266,true
2024-09-01,A-a09355,active,Pro,735,true
2024-10-01,A-a09355,active,Enterprise,2786,true
2024-11-01,A-a09355,active,Enterprise,4577,true
2024-12-01,A-a09355,active,Pro,686,true
2024-03-01,A-a0ca4e,active,Enterprise,2388,true
2024-04-01,A-a0ca4e,active,Enterprise,2388,false
2024-05-01,A-a0ca4e,active,Basic,209,true
2024-06-01,A-a0ca4e,active,Basic,209,true
2024-07-01,A-a0ca4e,active,Basic,209,true
2024-08-01,A-a0ca4e,active,Enterprise,5174,true
2024-09-01,A-a0ca4e,active,Pro,2401,true
2024-10-01,A-a0ca4e,active,Pro,539,true
2024-11-01,A-a0ca4e,active,Enterprise,539,true
2024-12-01,A-a0ca4e,active,Enterprise,5174,true
2024-03-01,A-a1b80b,active,Enterprise,3184,true
2024-04-01,A-a1b80b,active,Basic,722,true
2024-05-01,A-a1b80b,active,Enterprise,722,true
2024-06-01,A-a1b80b,active,Enterprise,3184,true
2024-07-01,A-a1b80b,active,Basic,418,true
2024-08-01,A-a1b80b,active,Pro,784,true
2024-09-01,A-a1b80b,active,Enterprise,3184,true
2024-10-01,A-a1b80b,active,Enterprise,3184,true
2024-11-01,A-a1b80b,active,Pro,3184,true
2024-12-01,A-a1b80b,active,Pro,3184,true
2023-04-01,A-a1bbb6,active,Pro,1029,true
2023-05-01,A-a1bbb6,active,Enterprise,5572,true
2023-06-01,A-a1bbb6,active,Enterprise,3184,true
2023-07-01,A-a1bbb6,active,Pro,245,false
2023-08-01,A-a1bbb6,active,Enterprise,1791,false
2023-09-01,A-a1bbb6,active,Enterprise,1791,true
2023-10-01,A-a1bbb6,active,Enterprise,1791,true
2023-11-01,A-a1bbb6,active,Enterprise,1791,true
2023-12-01,A-a1bbb6,active,Enterprise,2189,true
2024-01-01,A-a1bbb6,active,Enterprise,2189,true
2024-02-01,A-a1bbb6,active,Pro,392,true
2024-03-01,A-a1bbb6,active,Pro,392,true
2024-04-01,A-a1bbb6,active,Pro,392,true
2024-05-01,A-a1bbb6,active,Pro,392,true
2024-06-01,A-a1bbb6,active,Pro,392,true
2024-07-01,A-a1bbb6,active,Pro,392,true
2024-08-01,A-a1bbb6,active,Pro,392,false
2024-09-01,A-a1bbb6,active,Pro,392,true
2024-10-01,A-a1bbb6,active,Pro,392,true
2024-11-01,A-a1bbb6,active,Pro,392,false
2024-12-01,A-a1bbb6,active,Pro,392,true
2024-08-01,A-a2485e,active,Pro,3332,false
2024-09-01,A-a2485e,active,Pro,3332,true
2024-10-01,A-a2485e,active,Pro,3332,true
2024-11-01,A-a2485e,active,Basic,532,true
2024-12-01,A-a2485e,active,Enterprise,3383,false
2024-09-01,A-a33200,active,Enterprise,5771,true
2024-10-01,A-a33200,active,Pro,1421,true
2024-11-01,A-a33200,active,Basic,551,true
2024-12-01,A-a33200,active,Basic,551,true
2024-07-01,A-a45270,active,Enterprise,4577,true
2024-08-01,A-a45270,active,Pro,3871,true
2024-09-01,A-a45270,active,Basic,551,false
2024-10-01,A-a45270,active,Enterprise,2189,false
2024-11-01,A-a45270,active,Enterprise,597,true
2024-12-01,A-a45270,active,Basic,147,true
2023-12-01,A-a6d261,active,Basic,171,true
2024-01-01,A-a6d261,active,Enterprise,2985,true
2024-02-01,A-a6d261,active,Pro,441,true
2024-03-01,A-a6d261,active,Enterprise,2786,true
2024-04-01,A-a6d261,active,Enterprise,20497,true
2024-05-01,A-a6d261,active,Enterprise,1791,true
2024-06-01,A-a6d261,active,Basic,912,true
2024-07-01,A-a6d261,active,Basic,171,true
2024-08-01,A-a6d261,active,Basic,171,true
2024-09-01,A-a6d261,active,Pro,1274,true
2024-10-01,A-a6d261,active,Pro,1274,true
2024-11-01,A-a6d261,active,Basic,247,true
2024-12-01,A-a6d261,active,Basic,247,true
2023-03-01,A-a7bd4b,active,Pro,392,true
2023-04-01,A-a7bd4b,active,Pro,392,true
2023-05-01,A-a7bd4b,active,Pro,392,true
2023-06-01,A-a7bd4b,active,Pro,392,true
2023-07-01,A-a7bd4b,active,Pro,392,true
2023-08-01,A-a7bd4b,active,Pro,392,true
2023-09-01,A-a7bd4b,active,Pro,392,true
2023-10-01,A-a7bd4b,active,Basic,418,true
2023-11-01,A-a7bd4b,active,Enterprise,418,true
2023-12-01,A-a7bd4b,active,Enterprise,418,true
2024-01-01,A-a7bd4b,active,Basic,912,true
2024-02-01,A-a7bd4b,active,Basic,912,true
2024-03-01,A-a7bd4b,active,Basic,912,true
2024-04-01,A-a7bd4b,active,Basic,912,true
2024-05-01,A-a7bd4b,active,Pro,2499,false
2024-06-01,A-a7bd4b,active,Enterprise,995,true
2024-07-01,A-a7bd4b,active,Enterprise,995,true
2024-08-01,A-a7bd4b,active,Enterprise,995,true
2024-09-01,A-a7bd4b,active,Basic,342,true
2024-10-01,A-a7bd4b,active,Basic,342,false
2024-11-01,A-a7bd4b,active,Basic,342,true
2024-12-01,A-a7bd4b,active,Basic,342,true
2024-01-01,A-a865bd,active,Pro,1862,true
2024-02-01,A-a865bd,active,Pro,1862,true
2024-03-01,A-a865bd,active,Pro,1862,false
2024-04-01,A-a865bd,active,Basic,1292,false
2024-05-01,A-a865bd,active,Enterprise,7562,false
2024-06-01,A-a865bd,active,Enterprise,7562,false
2024-07-01,A-a865bd,active,Enterprise,7562,false
2024-08-01,A-a865bd,active,Enterprise,7562,true
2024-09-01,A-a865bd,active,Pro,2744,true
2024-10-01,A-a865bd,active,Pro,2744,true
2024-11-01,A-a865bd,active,Pro,2744,true
2024-12-01,A-a865bd,active,Pro,2744,true
2023-10-01,A-a8b49c,active,Basic,133,true
2023-11-01,A-a8b49c,active,Basic,343,true
2023-12-01,A-a8b49c,trial,Pro,0,true
2024-01-01,A-a8b49c,trial,Pro,0,true
2024-02-01,A-a8b49c,active,Pro,1274,true
2024-03-01,A-a8b49c,active,Enterprise,1393,true
2024-04-01,A-a8b49c,active,Enterprise,1393,true
2024-05-01,A-a8b49c,active,Enterprise,1393,true
2024-06-01,A-a8b49c,active,Basic,570,true
2024-07-01,A-a8b49c,active,Basic,570,true
2024-08-01,A-a8b49c,active,Basic,570,true
2024-09-01,A-a8b49c,active,Enterprise,2388,true
2024-10-01,A-a8b49c,active,Pro,343,true
2024-11-01,A-a8b49c,active,Pro,343,true
2024-12-01,A-a8b49c,active,Pro,343,true
2023-12-01,A-a8d89d,active,Enterprise,15522,false
2024-01-01,A-a8d89d,active,Enterprise,15522,true
2024-02-01,A-a8d89d,active,Enterprise,15522,true
2024-03-01,A-a8d89d,active,Enterprise,15522,true
2024-04-01,A-a8d89d,active,Enterprise,2587,true
2024-05-01,A-a8d89d,active,Enterprise,2587,true
2024-06-01,A-a8d89d,active,Pro,686,true
2024-07-01,A-a8d89d,active,Basic,665,true
2024-08-01,A-a8d89d,active,Pro,637,true
2024-09-01,A-a8d89d,active,Basic,247,true
2024-10-01,A-a8d89d,active,Basic,247,true
2024-11-01,A-a8d89d,active,Enterprise,5572,false
2024-12-01,A-a8d89d,active,Basic,323,true
2023-10-01,A-aa9511,active,Basic,437,true
2023-11-01,A-aa9511,active,Enterprise,6567,true
2023-12-01,A-aa9511,active,Enterprise,6567,true
2024-01-01,A-aa9511,active,Enterprise,6567,true
2024-02-01,A-aa9511,active,Enterprise,19303,true
2024-03-01,A-aa9511,active,Enterprise,19303,true
2024-04-01,A-aa9511,active,Enterprise,19303,true
2024-05-01,A-aa9511,active,Enterprise,19303,true
2024-06-01,A-aa9511,active,Pro,1127,true
2024-07-01,A-aa9511,active,Enterprise,4577,true
2024-08-01,A-aa9511,active,Pro,4975,true
2024-09-01,A-aa9511,trial,Enterprise,0,true
2024-10-01,A-aa9511,active,Enterprise,10746,true
2024-11-01,A-aa9511,active,Basic,437,true
2024-12-01,A-aa9511,active,Enterprise,5970,true
2024-10-01,A-ab438f,active,Enterprise,5970,true
2024-11-01,A-ab438f,active,Enterprise,2587,true
2024-12-01,A-ab438f,active,Pro,637,true
2023-09-01,A-ac14bb,active,Pro,1029,false
2023-10-01,A-ac14bb,active,Enterprise,4179,true
2023-11-01,A-ac14bb,active,Enterprise,4179,true
2023-12-01,A-ac14bb,active,Enterprise,4179,true
2024-01-01,A-ac14bb,active,Enterprise,14129,true
2024-02-01,A-ac14bb,active,Pro,399,true
2024-03-01,A-ac14bb,active,Basic,513,true
2024-04-01,A-ac14bb,active,Basic,513,true
2024-05-01,A-ac14bb,active,Basic,513,true
2024-06-01,A-ac14bb,active,Basic,513,true
2024-07-01,A-ac14bb,active,Basic,532,true
2024-08-01,A-ac14bb,active,Basic,532,true
2024-09-01,A-ac14bb,active,Basic,532,true
2024-10-01,A-ac14bb,active,Basic,532,true
2024-11-01,A-ac14bb,active,Basic,532,true
2024-12-01,A-ac14bb,active,Basic,532,true
2024-08-01,A-ac85cd,active,Pro,2597,true
2024-09-01,A-ac85cd,active,Basic,1007,true
2024-10-01,A-ac85cd,active,Pro,2597,true
2024-11-01,A-ac85cd,active,Enterprise,12139,true
2024-12-01,A-ac85cd,active,Pro,4165,false
2023-09-01,A-ac9111,active,Pro,2009,true
2023-10-01,A-ac9111,active,Basic,399,true
2023-11-01,A-ac9111,active,Basic,399,true
2023-12-01,A-ac9111,active,Basic,399,true
2024-01-01,A-ac9111,active,Basic,399,true
2024-02-01,A-ac9111,active,Enterprise,399,true
2024-03-01,A-ac9111,active,Pro,1029,true
2024-04-01,A-ac9111,active,Pro,1029,true
2024-05-01,A-ac9111,active,Pro,1029,true
2024-06-01,A-ac9111,active,Enterprise,4179,true
2024-07-01,A-ac9111,active,Pro,1127,true
2024-08-01,A-ac9111,active,Enterprise,4179,false
2024-09-01,A-ac9111,active,Basic,532,true
2024-10-01,A-ac9111,active,Enterprise,399,true
2024-11-01,A-ac9111,active,Enterprise,6368,true
2024-12-01,A-ac9111,active,Basic,399,true
2024-01-01,A-acb7f7,active,Enterprise,6368,true
2024-02-01,A-acb7f7,active,Basic,741,true
2024-03-01,A-acb7f7,active,Pro,6368,true
2024-04-01,A-acb7f7,active,Pro,2009,true
2024-05-01,A-acb7f7,active,Pro,2009,true
2024-06-01,A-acb7f7,active,Pro,1568,true
2024-07-01,A-acb7f7,active,Enterprise,6368,true
2024-08-01,A-acb7f7,active,Pro,1568,true
2024-09-01,A-acb7f7,active,Pro,1568,true
2024-10-01,A-acb7f7,active,Basic,1568,true
2024-11-01,A-acb7f7,active,Basic,608,true
2024-12-01,A-acb7f7,active,Basic,608,true
2024-07-01,A-ad296b,active,Basic,722,false
2024-08-01,A-ad296b,active,Enterprise,7562,true
2024-09-01,A-ad296b,active,Enterprise,7562,true
2024-10-01,A-ad296b,active,Enterprise,7562,true
2024-11-01,A-ad296b,active,Basic,722,true
2024-12-01,A-ad296b,active,Pro,1862,true
2023-03-01,A-ad3abd,active,Enterprise,8756,true
2023-04-01,A-ad3abd,active,Basic,836,true
2023-05-01,A-ad3abd,active,Pro,2156,true
2023-06-01,A-ad3abd,active,Pro,2156,true
2023-07-01,A-ad3abd,active,Pro,2156,true
2023-08-01,A-ad3abd,active,Pro,2156,false
2023-09-01,A-ad3abd,active,Pro,2156,true
2023-10-01,A-ad3abd,active,Pro,2156,false
2023-11-01,A-ad3abd,active,Basic,2156,false
2023-12-01,A-ad3abd,active,Basic,2156,false
2024-01-01,A-ad3abd,active,Basic,2156,false
2024-02-01,A-ad3abd,active,Basic,2156,true
2024-03-01,A-ad3abd,active,Basic,836,true
2024-04-01,A-ad3abd,active,Basic,836,true
2024-05-01,A-ad3abd,active,Basic,836,true
2024-06-01,A-ad3abd,active,Basic,836,false
2024-07-01,A-ad3abd,active,Pro,2156,true
2024-08-01,A-ad3abd,active,Pro,2156,true
2024-09-01,A-ad3abd,active,Pro,2156,true
2024-10-01,A-ad3abd,active,Pro,2156,true
2024-11-01,A-ad3abd,active,Pro,2156,true
2024-12-01,A-ad3abd,active,Pro,2156,false
2024-03-01,A-ad64c6,active,Enterprise,2388,false
2024-04-01,A-ad64c6,active,Enterprise,2388,true
2024-05-01,A-ad64c6,active,Enterprise,2388,true
2024-06-01,A-ad64c6,active,Enterprise,5572,true
2024-07-01,A-ad64c6,active,Basic,5572,false
2024-08-01,A-ad64c6,active,Pro,588,true
2024-09-01,A-ad64c6,active,Pro,588,true
2024-10-01,A-ad64c6,active,Pro,588,false
2024-11-01,A-ad64c6,active,Enterprise,5572,true
2024-12-01,A-ad64c6,active,Enterprise,5572,false
2024-08-01,A-adc1f3,active,Enterprise,1592,false
2024-09-01,A-adc1f3,active,Basic,9950,false
2024-10-01,A-adc1f3,active,Basic,9950,true
2024-11-01,A-adc1f3,active,Enterprise,9950,true
2024-12-01,A-adc1f3,active,Enterprise,995,true
2024-01-01,A-ae052e,trial,Pro,0,false
2024-02-01,A-ae052e,trial,Pro,0,true
2024-03-01,A-ae052e,active,Pro,1911,true
2024-04-01,A-ae052e,active,Pro,1911,true
2024-05-01,A-ae052e,active,Pro,1911,true
2024-06-01,A-ae052e,active,Pro,1911,false
2024-07-01,A-ae052e,active,Pro,1911,false
2024-08-01,A-ae052e,active,Pro,1911,false
2024-09-01,A-ae052e,active,Pro,1911,true
2024-10-01,A-ae052e,active,Pro,1911,true
2024-11-01,A-ae052e,active,Pro,1960,true
2024-12-01,A-ae052e,active,Basic,1960,true
2023-01-01,A-af0cd2,active,Pro,931,false
2023-02-01,A-af0cd2,active,Pro,931,false
2023-03-01,A-af0cd2,active,Pro,931,true
2023-04-01,A-af0cd2,active,Pro,931,true
2023-05-01,A-af0cd2,active,Pro,931,true
2023-06-01,A-af0cd2,active,Pro,931,true
2023-07-01,A-af0cd2,active,Basic,931,true
2023-08-01,A-af0cd2,active,Basic,931,true
2023-09-01,A-af0cd2,active,Basic,931,true
2023-10-01,A-af0cd2,active,Basic,361,true
2023-11-01,A-af0cd2,active,Basic,361,true
2023-12-01,A-af0cd2,active,Basic,361,true
2024-01-01,A-af0cd2,active,Basic,361,false
2024-02-01,A-af0cd2,active,Basic,361,true
2024-03-01,A-af0cd2,active,Basic,361,true
2024-04-01,A-af0cd2,active,Basic,361,true
2024-05-01,A-af0cd2,active,Pro,931,true
2024-06-01,A-af0cd2,active,Pro,931,true
2024-07-01,A-af0cd2,active,Pro,931,true
2024-08-01,A-af0cd2,active,Pro,931,true
2024-09-01,A-af0cd2,active,Basic,361,false
2024-10-01,A-af0cd2,active,Basic,1083,true
2024-11-01,A-af0cd2,active,Basic,1083,true
2024-12-01,A-af0cd2,active,Basic,1083,true
2024-01-01,A-afa505,active,Pro,3430,true
2024-02-01,A-afa505,active,Pro,3430,true
2024-03-01,A-afa505,active,Pro,3430,false
2024-04-01,A-afa505,active,Pro,3430,true
2024-05-01,A-afa505,active,Enterprise,13930,true
2024-06-01,A-afa505,active,Enterprise,13930,true
2024-07-01,A-afa505,active,Enterprise,13930,true
2024-08-01,A-afa505,active,Pro,3430,true
2024-09-01,A-afa505,active,Pro,3430,true
2024-10-01,A-afa505,active,Pro,3430,true
2024-11-01,A-afa505,active,Enterprise,13930,false
2024-12-01,A-afa505,active,Enterprise,13930,true
2024-11-01,A-b07346,active,Enterprise,10149,false
2024-12-01,A-b07346,active,Enterprise,10149,true
2024-11-01,A-b07b56,active,Basic,475,true
2024-12-01,A-b07b56,active,Basic,1666,true
2023-02-01,A-b11cd0,active,Basic,494,true
2023-03-01,A-b11cd0,active,Basic,494,true
2023-04-01,A-b11cd0,active,Basic,494,true
2023-05-01,A-b11cd0,active,Basic,494,true
2023-06-01,A-b11cd0,active,Basic,494,true
2023-07-01,A-b11cd0,active,Basic,494,true
2023-08-01,A-b11cd0,active,Basic,494,true
2023-09-01,A-b11cd0,active,Basic,494,true
2023-10-01,A-b11cd0,trial,Basic,0,true
2023-11-01,A-b11cd0,trial,Basic,0,true
2023-12-01,A-b11cd0,active,Pro,1274,false
2024-01-01,A-b11cd0,active,Pro,1274,false
2024-02-01,A-b11cd0,active,Pro,1764,true
2024-03-01,A-b11cd0,active,Pro,1764,true
2024-04-01,A-b11cd0,active,Pro,1764,true
2024-05-01,A-b11cd0,active,Pro,1764,true
2024-06-01,A-b11cd0,active,Pro,1764,false
2024-07-01,A-b11cd0,active,Pro,1274,true
2024-08-01,A-b11cd0,active,Pro,1274,false
2024-09-01,A-b11cd0,active,Pro,1274,true
2024-10-01,A-b11cd0,active,Pro,1274,false
2024-11-01,A-b11cd0,active,Pro,1274,false
2024-12-01,A-b11cd0,active,Pro,1274,true
2024-10-01,A-b179bf,trial,Pro,0,false
2024-11-01,A-b179bf,active,Enterprise,8557,false
2024-12-01,A-b179bf,active,Pro,8557,true
2024-01-01,A-b20d99,active,Basic,380,false
2024-02-01,A-b20d99,active,Basic,380,true
2024-03-01,A-b20d99,active,Basic,646,true
2024-04-01,A-b20d99,active,Basic,646,true
2024-05-01,A-b20d99,active,Basic,646,true
2024-06-01,A-b20d99,active,Basic,646,true
2024-07-01,A-b20d99,active,Basic,380,false
2024-08-01,A-b20d99,active,Basic,380,true
2024-09-01,A-b20d99,active,Pro,1323,true
2024-10-01,A-b20d99,active,Pro,1323,false
2024-11-01,A-b20d99,active,Enterprise,3980,false
2024-12-01,A-b20d99,active,Enterprise,3980,false
2024-04-01,A-b2225d,trial,Enterprise,0,true
2024-05-01,A-b2225d,active,Enterprise,893,true
2024-06-01,A-b2225d,active,Enterprise,893,true
2024-07-01,A-b2225d,active,Enterprise,893,true
2024-08-01,A-b2225d,active,Basic,893,true
2024-09-01,A-b2225d,active,Basic,2303,true
2024-10-01,A-b2225d,trial,Basic,0,true
2024-11-01,A-b2225d,active,Pro,2450,true
2024-12-01,A-b2225d,active,Basic,893,true
2024-08-01,A-b2af2e,active,Pro,882,false
2024-09-01,A-b2af2e,active,Pro,882,false
2024-10-01,A-b2af2e,active,Enterprise,995,true
2024-11-01,A-b2af2e,active,Enterprise,995,true
2024-12-01,A-b2af2e,active,Basic,1026,false
2024-04-01,A-b30291,active,Basic,95,true
2024-05-01,A-b30291,active,Basic,95,true
2024-06-01,A-b30291,active,Pro,882,true
2024-07-01,A-b30291,active,Pro,882,true
2024-08-01,A-b30291,active,Pro,882,true
2024-09-01,A-b30291,active,Basic,779,true
2024-10-01,A-b30291,trial,Pro,0,true
2024-11-01,A-b30291,trial,Pro,0,true
2024-12-01,A-b30291,active,Pro,245,true
2024-06-01,A-b3fe05,trial,Pro,0,true
2024-07-01,A-b3fe05,trial,Pro,0,true
2024-08-01,A-b3fe05,active,Enterprise,9950,true
2024-09-01,A-b3fe05,active,Enterprise,3383,true
2024-10-01,A-b3fe05,active,Enterprise,9154,true
2024-11-01,A-b3fe05,active,Basic,285,true
2024-12-01,A-b3fe05,active,Basic,285,true
2024-02-01,A-b44e3e,active,Enterprise,15721,false
2024-03-01,A-b44e3e,active,Enterprise,15721,true
2024-04-01,A-b44e3e,active,Pro,1960,true
2024-05-01,A-b44e3e,active,Enterprise,7960,true
2024-06-01,A-b44e3e,active,Enterprise,7960,true
2024-07-01,A-b44e3e,active,Pro,7960,true
2024-08-01,A-b44e3e,active,Pro,7960,false
2024-09-01,A-b44e3e,active,Pro,7960,true
2024-10-01,A-b44e3e,active,Pro,7960,true
2024-11-01,A-b44e3e,active,Pro,7960,true
2024-12-01,A-b44e3e,churned,Enterprise,7960,false
2024-11-01,A-b48f73,active,Pro,3920,true
2024-12-01,A-b48f73,active,Pro,3920,false
2024-10-01,A-b54c01,active,Pro,1421,false
2024-11-01,A-b54c01,active,Pro,1421,false
2024-12-01,A-b54c01,active,Basic,551,false
2023-06-01,A-b7724f,active,Basic,627,true
2023-07-01,A-b7724f,active,Basic,627,true
2023-08-01,A-b7724f,active,Basic,627,true
2023-09-01,A-b7724f,active,Basic,627,true
2023-10-01,A-b7724f,active,Basic,627,false
2023-11-01,A-b7724f,active,Basic,627,false
2023-12-01,A-b7724f,active,Basic,627,true
2024-01-01,A-b7724f,active,Basic,627,false
2024-02-01,A-b7724f,active,Basic,627,true
2024-03-01,A-b7724f,active,Basic,627,false
2024-04-01,A-b7724f,active,Basic,627,false
2024-05-01,A-b7724f,active,Basic,627,true
2024-06-01,A-b7724f,active,Basic,209,true
2024-07-01,A-b7724f,active,Basic,228,false
2024-08-01,A-b7724f,active,Basic,228,true
2024-09-01,A-b7724f,active,Basic,190,true
2024-10-01,A-b7724f,active,Basic,190,true
2024-11-01,A-b7724f,active,Basic,190,false
2024-12-01,A-b7724f,active,Basic,551,true
2024-11-01,A-b78bf8,active,Pro,1617,false
2024-12-01,A-b78bf8,active,Pro,1617,true
2024-07-01,A-b7b7b7,active,Pro,1176,true
2024-08-01,A-b7b7b7,active,Pro,3283,true
2024-09-01,A-b7b7b7,active,Enterprise,4776,true
2024-10-01,A-b7b7b7,active,Enterprise,7761,true
2024-11-01,A-b7b7b7,active,Pro,2205,true
2024-12-01,A-b7b7b7,active,Pro,1176,true
2024-06-01,A-b7ef83,active,Pro,1274,true
2024-07-01,A-b7ef83,active,Enterprise,5174,true
2024-08-01,A-b7ef83,active,Enterprise,5174,true
2024-09-01,A-b7ef83,active,Enterprise,995,true
2024-10-01,A-b7ef83,active,Pro,833,true
2024-11-01,A-b7ef83,active,Basic,152,true
2024-12-01,A-b7ef83,active,Pro,588,true
2024-03-01,A-b9eed8,active,Enterprise,2985,false
2024-04-01,A-b9eed8,active,Enterprise,2985,true
2024-05-01,A-b9eed8,active,Pro,588,true
2024-06-01,A-b9eed8,active,Basic,209,false
2024-07-01,A-b9eed8,active,Pro,637,true
2024-08-01,A-b9eed8,active,Basic,323,true
2024-09-01,A-b9eed8,active,Basic,323,true
2024-10-01,A-b9eed8,active,Enterprise,6766,true
2024-11-01,A-b9eed8,active,Basic,342,true
2024-12-01,A-b9eed8,active,Basic,342,true
2023-03-01,A-b9f5b1,trial,Enterprise,0,false
2023-04-01,A-b9f5b1,trial,Enterprise,0,true
2023-05-01,A-b9f5b1,trial,Enterprise,0,true
2023-06-01,A-b9f5b1,trial,Enterprise,0,true
2023-07-01,A-b9f5b1,trial,Enterprise,0,true
2023-08-01,A-b9f5b1,trial,Enterprise,0,true
2023-09-01,A-b9f5b1,trial,Enterprise,0,true
2023-10-01,A-b9f5b1,trial,Enterprise,0,true
2023-11-01,A-b9f5b1,trial,Enterprise,0,false
2023-12-01,A-b9f5b1,trial,Enterprise,0,true
2024-01-01,A-b9f5b1,trial,Enterprise,0,true
2024-02-01,A-b9f5b1,trial,Enterprise,0,false
2024-03-01,A-b9f5b1,trial,Enterprise,0,false
2024-04-01,A-b9f5b1,trial,Enterprise,0,true
2024-05-01,A-b9f5b1,trial,Enterprise,0,true
2024-06-01,A-b9f5b1,active,Basic,285,true
2024-07-01,A-b9f5b1,active,Enterprise,2985,false
2024-08-01,A-b9f5b1,active,Basic,817,true
2024-09-01,A-b9f5b1,active,Basic,817,true
2024-10-01,A-b9f5b1,active,Enterprise,2985,true
2024-11-01,A-b9f5b1,active,Enterprise,2985,true
2024-12-01,A-b9f5b1,active,Enterprise,2985,false
2024-01-01,A-ba6516,active,Basic,513,true
2024-02-01,A-ba6516,active,Basic,513,true
2024-03-01,A-ba6516,active,Pro,1323,true
2024-04-01,A-ba6516,active,Basic,513,true
2024-05-01,A-ba6516,active,Enterprise,5373,true
2024-06-01,A-ba6516,active,Enterprise,7562,true
2024-07-01,A-ba6516,active,Enterprise,7562,true
2024-08-01,A-ba6516,active,Enterprise,7562,true
2024-09-01,A-ba6516,active,Pro,7562,true
2024-10-01,A-ba6516,active,Basic,513,true
2024-11-01,A-ba6516,active,Enterprise,5373,true
2024-12-01,A-ba6516,active,Enterprise,5373,true
2023-06-01,A-bad8c1,active,Pro,2646,true
2023-07-01,A-bad8c1,active,Pro,2646,true
2023-08-01,A-bad8c1,active,Pro,2646,true
2023-09-01,A-bad8c1,active,Basic,798,true
2023-10-01,A-bad8c1,active,Basic,798,false
2023-11-01,A-bad8c1,active,Pro,798,false
2023-12-01,A-bad8c1,trial,Enterprise,0,false
2024-01-01,A-bad8c1,trial,Enterprise,0,true
2024-02-01,A-bad8c1,active,Enterprise,2388,true
2024-03-01,A-bad8c1,active,Basic,152,true
2024-04-01,A-bad8c1,active,Basic,152,true
2024-05-01,A-bad8c1,active,Basic,152,true
2024-06-01,A-bad8c1,active,Pro,1813,true
2024-07-01,A-bad8c1,active,Pro,1813,false
2024-08-01,A-bad8c1,active,Pro,1813,true
2024-09-01,A-bad8c1,active,Pro,1813,true
2024-10-01,A-bad8c1,active,Pro,1813,true
2024-11-01,A-bad8c1,active,Pro,1813,false
2024-12-01,A-bad8c1,active,Pro,1813,true
2024-11-01,A-bb1486,active,Pro,2009,false
2024-12-01,A-bb1486,active,Pro,3283,true
2024-06-01,A-bb1eaa,active,Enterprise,4179,false
2024-07-01,A-bb1eaa,active,Basic,399,false
2024-08-01,A-bb1eaa,active,Basic,399,false
2024-09-01,A-bb1eaa,active,Enterprise,4179,true
2024-10-01,A-bb1eaa,active,Enterprise,4179,true
2024-11-01,A-bb1eaa,active,Enterprise,4179,true
2024-12-01,A-bb1eaa,active,Pro,1225,false
2023-06-01,A-bb2f49,active,Pro,3332,false
2023-07-01,A-bb2f49,active,Enterprise,9751,true
2023-08-01,A-bb2f49,active,Enterprise,9751,true
2023-09-01,A-bb2f49,active,Enterprise,9751,true
2023-10-01,A-bb2f49,active,Pro,441,true
2023-11-01,A-bb2f49,active,Pro,441,false
2023-12-01,A-bb2f49,active,Enterprise,1592,false
2024-01-01,A-bb2f49,active,Pro,1592,true
2024-02-01,A-bb2f49,active,Pro,784,true
2024-03-01,A-bb2f49,active,Pro,784,true
2024-04-01,A-bb2f49,active,Pro,784,true
2024-05-01,A-bb2f49,active,Pro,784,true
2024-06-01,A-bb2f49,active,Pro,1715,true
2024-07-01,A-bb2f49,active,Pro,1715,true
2024-08-01,A-bb2f49,active,Pro,1715,true
2024-09-01,A-bb2f49,active,Pro,686,true
2024-10-01,A-bb2f49,active,Pro,686,true
2024-11-01,A-bb2f49,active,Pro,4165,true
2024-12-01,A-bb2f49,active,Pro,1372,true
2024-04-01,A-bb3bd4,active,Enterprise,4577,true
2024-05-01,A-bb3bd4,active,Pro,1127,true
2024-06-01,A-bb3bd4,active,Basic,437,false
2024-07-01,A-bb3bd4,active,Basic,437,true
2024-08-01,A-bb3bd4,active,Basic,437,true
2024-09-01,A-bb3bd4,active,Basic,437,true
2024-10-01,A-bb3bd4,active,Basic,437,false
2024-11-01,A-bb3bd4,active,Basic,437,false
2024-12-01,A-bb3bd4,active,Basic,437,true
2024-08-01,A-bbc346,active,Pro,980,false
2024-09-01,A-bbc346,trial,Enterprise,0,true
2024-10-01,A-bbc346,active,Enterprise,8955,true
2024-11-01,A-bbc346,active,Basic,760,false
2024-12-01,A-bbc346,active,Pro,980,true
2023-08-01,A-bbe56f,active,Enterprise,4179,false
2023-09-01,A-bbe56f,active,Basic,399,true
2023-10-01,A-bbe56f,active,Basic,399,true
2023-11-01,A-bbe56f,active,Basic,399,true
2023-12-01,A-bbe56f,active,Basic,399,true
2024-01-01,A-bbe56f,active,Basic,399,false
2024-02-01,A-bbe56f,active,Basic,399,false
2024-03-01,A-bbe56f,active,Basic,399,true
2024-04-01,A-bbe56f,active,Pro,1029,true
2024-05-01,A-bbe56f,active,Pro,1029,true
2024-06-01,A-bbe56f,active,Pro,1029,false
2024-07-01,A-bbe56f,active,Pro,1029,true
2024-08-01,A-bbe56f,active,Pro,1029,true
2024-09-01,A-bbe56f,active,Pro,1029,false
2024-10-01,A-bbe56f,active,Basic,418,false
2024-11-01,A-bbe56f,active,Basic,418,true
2024-12-01,A-bbe56f,active,Basic,418,true
2024-06-01,A-bc4d48,active,Pro,665,false
2024-07-01,A-bc4d48,active,Pro,1715,true
2024-08-01,A-bc4d48,active,Pro,1715,true
2024-09-01,A-bc4d48,active,Pro,1715,false
2024-10-01,A-bc4d48,active,Pro,1715,true
2024-11-01,A-bc4d48,active,Enterprise,6965,true
2024-12-01,A-bc4d48,active,Basic,665,true
2024-09-01,A-bc87bc,active,Basic,342,true
2024-10-01,A-bc87bc,active,Basic,342,false
2024-11-01,A-bc87bc,active,Enterprise,6169,true
2024-12-01,A-bc87bc,active,Basic,152,true
2024-07-01,A-bcbe98,active,Basic,874,true
2024-08-01,A-bcbe98,active,Basic,874,true
2024-09-01,A-bcbe98,trial,Enterprise,0,true
2024-10-01,A-bcbe98,active,Enterprise,9154,true
2024-11-01,A-bcbe98,active,Pro,2254,true
2024-12-01,A-bcbe98,active,Basic,874,true
2023-06-01,A-bcf664,active,Basic,1121,false
2023-07-01,A-bcf664,active,Basic,1121,true
2023-08-01,A-bcf664,active,Basic,1568,true
2023-09-01,A-bcf664,active,Basic,1568,true
2023-10-01,A-bcf664,trial,Basic,0,true
2023-11-01,A-bcf664,active,Enterprise,2388,true
2023-12-01,A-bcf664,active,Basic,247,true
2024-01-01,A-bcf664,active,Basic,1045,true
2024-02-01,A-bcf664,active,Basic,1045,true
2024-03-01,A-bcf664,active,Basic,1045,true
2024-04-01,A-bcf664,active,Enterprise,2587,true
2024-05-01,A-bcf664,active,Enterprise,2587,true
2024-06-01,A-bcf664,active,Enterprise,2587,false
2024-07-01,A-bcf664,active,Enterprise,2587,true
2024-08-01,A-bcf664,active,Basic,570,true
2024-09-01,A-bcf664,active,Basic,114,true
2024-10-01,A-bcf664,active,Basic,114,true
2024-11-01,A-bcf664,active,Enterprise,1393,true
2024-12-01,A-bcf664,active,Pro,2303,true
2024-07-01,A-bcf87c,active,Pro,833,true
2024-08-01,A-bcf87c,active,Enterprise,1990,true
2024-09-01,A-bcf87c,active,Enterprise,1990,false
2024-10-01,A-bcf87c,active,Basic,190,true
2024-11-01,A-bcf87c,active,Pro,1029,true
2024-12-01,A-bcf87c,active,Enterprise,3383,true
2024-11-01,A-bd4513,active,Basic,950,true
2024-12-01,A-bd4513,active,Basic,950,true
2024-07-01,A-bd4708,active,Enterprise,7363,true
2024-08-01,A-bd4708,active,Enterprise,7363,true
2024-09-01,A-bd4708,active,Basic,703,true
2024-10-01,A-bd4708,active,Pro,1813,true
2024-11-01,A-bd4708,active,Pro,1813,true
2024-12-01,A-bd4708,active,Enterprise,7363,true
2024-01-01,A-bece89,active,Enterprise,5174,false
2024-02-01,A-bece89,active,Pro,1372,false
2024-03-01,A-bece89,active,Basic,494,false
2024-04-01,A-bece89,active,Basic,494,true
2024-05-01,A-bece89,active,Enterprise,5174,false
2024-06-01,A-bece89,active,Enterprise,5174,false
2024-07-01,A-bece89,active,Enterprise,5174,false
2024-08-01,A-bece89,active,Enterprise,5174,true
2024-09-01,A-bece89,active,Enterprise,5174,false
2024-10-01,A-bece89,active,Pro,1862,true
2024-11-01,A-bece89,active,Pro,1862,false
2024-12-01,A-bece89,active,Pro,1862,true
2024-12-01,A-bf7919,trial,Enterprise,0,false
2024-09-01,A-c16101,active,Basic,304,false
2024-10-01,A-c16101,active,Basic,228,true
2024-11-01,A-c16101,active,Basic,228,true
2024-12-01,A-c16101,active,Pro,343,true
2024-03-01,A-c16b88,trial,Pro,0,true
2024-04-01,A-c16b88,trial,Pro,0,true
2024-05-01,A-c16b88,trial,Pro,0,false
2024-06-01,A-c16b88,active,Basic,8955,true
2024-07-01,A-c16b88,active,Basic,8955,true
2024-08-01,A-c16b88,active,Basic,8955,true
2024-09-01,A-c16b88,active,Basic,8955,true
2024-10-01,A-c16b88,active,Basic,665,false
2024-11-01,A-c16b88,active,Enterprise,4577,true
2024-12-01,A-c16b88,active,Enterprise,4577,false
2024-10-01,A-c16cf7,active,Pro,637,true
2024-11-01,A-c16cf7,active,Enterprise,2587,true
2024-12-01,A-c16cf7,active,Basic,665,true
2023-10-01,A-c1dfe1,active,Basic,494,false
2023-11-01,A-c1dfe1,active,Basic,494,true
2023-12-01,A-c1dfe1,active,Basic,627,false
2024-01-01,A-c1dfe1,active,Basic,627,true
2024-02-01,A-c1dfe1,active,Basic,494,true
2024-03-01,A-c1dfe1,active,Enterprise,5174,true
2024-04-01,A-c1dfe1,active,Enterprise,5174,true
2024-05-01,A-c1dfe1,active,Enterprise,5174,true
2024-06-01,A-c1dfe1,active,Enterprise,5174,true
2024-07-01,A-c1dfe1,active,Enterprise,8159,false
2024-08-01,A-c1dfe1,active,Enterprise,8159,true
2024-09-01,A-c1dfe1,active,Basic,494,true
2024-10-01,A-c1dfe1,active,Basic,494,false
2024-11-01,A-c1dfe1,active,Basic,494,true
2024-12-01,A-c1dfe1,active,Basic,494,true
2024-10-01,A-c1e51e,active,Enterprise,2786,false
2024-11-01,A-c1e51e,active,Basic,475,true
2024-12-01,A-c1e51e,churned,Basic,779,true
2024-08-01,A-c222ab,active,Pro,1568,false
2024-09-01,A-c222ab,active,Enterprise,6368,true
2024-10-01,A-c222ab,active,Basic,608,true
2024-11-01,A-c222ab,active,Basic,608,true
2024-12-01,A-c222ab,active,Pro,1568,true
2024-11-01,A-c37601,active,Basic,418,true
2024-12-01,A-c37601,active,Enterprise,10746,true
2024-07-01,A-c37cab,active,Enterprise,4179,false
2024-08-01,A-c37cab,trial,Enterprise,0,true
2024-09-01,A-c37cab,active,Basic,570,true
2024-10-01,A-c37cab,active,Pro,637,true
2024-11-01,A-c37cab,active,Basic,247,true
2024-12-01,A-c37cab,active,Basic,437,true
2024-07-01,A-c42f1f,active,Pro,539,false
2024-08-01,A-c42f1f,active,Pro,539,true
2024-09-01,A-c42f1f,active,Pro,539,true
2024-10-01,A-c42f1f,active,Pro,539,true
2024-11-01,A-c42f1f,active,Pro,588,false
2024-12-01,A-c42f1f,active,Basic,152,false
2024-11-01,A-c43359,active,Basic,722,false
2024-12-01,A-c43359,active,Basic,722,true
2023-12-01,A-c45b23,active,Basic,152,true
2024-01-01,A-c45b23,active,Basic,152,true
2024-02-01,A-c45b23,active,Pro,343,true
2024-03-01,A-c45b23,active,Pro,343,true
2024-04-01,A-c45b23,active,Basic,228,true
2024-05-01,A-c45b23,active,Enterprise,1791,true
2024-06-01,A-c45b23,active,Enterprise,1791,true
2024-07-01,A-c45b23,active,Basic,95,true
2024-08-01,A-c45b23,active,Pro,95,true
2024-09-01,A-c45b23,trial,Pro,0,true
2024-10-01,A-c45b23,active,Basic,133,true
2024-11-01,A-c45b23,active,Pro,343,false
2024-12-01,A-c45b23,churned,Enterprise,5174,false
2023-04-01,A-c4ea60,active,Basic,912,true
2023-05-01,A-c4ea60,active,Basic,342,false
2023-06-01,A-c4ea60,active,Basic,342,true
2023-07-01,A-c4ea60,active,Basic,342,true
2023-08-01,A-c4ea60,active,Basic,342,true
2023-09-01,A-c4ea60,active,Basic,342,true
2023-10-01,A-c4ea60,active,Basic,342,true
2023-11-01,A-c4ea60,active,Basic,342,true
2023-12-01,A-c4ea60,active,Basic,342,true
2024-01-01,A-c4ea60,active,Basic,342,true
2024-02-01,A-c4ea60,active,Basic,342,true
2024-03-01,A-c4ea60,active,Basic,342,false
2024-04-01,A-c4ea60,active,Basic,342,true
2024-05-01,A-c4ea60,active,Basic,342,true
2024-06-01,A-c4ea60,active,Basic,342,false
2024-07-01,A-c4ea60,active,Enterprise,3582,true
2024-08-01,A-c4ea60,active,Enterprise,3582,true
2024-09-01,A-c4ea60,active,Pro,882,true
2024-10-01,A-c4ea60,active,Pro,882,true
2024-11-01,A-c4ea60,active,Enterprise,3582,true
2024-12-01,A-c4ea60,active,Enterprise,3582,true
2024-08-01,A-c58f49,active,Basic,1330,false
2024-09-01,A-c58f49,active,Enterprise,13930,true
2024-10-01,A-c58f49,active,Enterprise,13930,true
2024-11-01,A-c58f49,active,Enterprise,13930,false
2024-12-01,A-c58f49,active,Enterprise,13930,true
2023-06-01,A-c608c8,active,Enterprise,597,false
2023-07-01,A-c608c8,active,Enterprise,597,true
2023-08-01,A-c608c8,active,Enterprise,597,true
2023-09-01,A-c608c8,active,Enterprise,597,true
2023-10-01,A-c608c8,active,Enterprise,1194,true
2023-11-01,A-c608c8,active,Enterprise,1194,true
2023-12-01,A-c608c8,active,Pro,539,true
2024-01-01,A-c608c8,active,Pro,539,true
2024-02-01,A-c608c8,active,Pro,539,true
2024-03-01,A-c608c8,active,Pro,2842,true
2024-04-01,A-c608c8,active,Pro,2842,true
2024-05-01,A-c608c8,active,Pro,2842,true
2024-06-01,A-c608c8,active,Enterprise,2189,true
2024-07-01,A-c608c8,active,Enterprise,2189,true
2024-08-01,A-c608c8,active,Basic,95,false
2024-09-01,A-c608c8,active,Basic,95,true
2024-10-01,A-c608c8,active,Pro,1029,true
2024-11-01,A-c608c8,active,Pro,1029,true
2024-12-01,A-c608c8,active,Pro,1029,true
2023-11-01,A-c62e55,active,Pro,1666,true
2023-12-01,A-c62e55,active,Pro,1666,true
2024-01-01,A-c62e55,active,Basic,190,true
2024-02-01,A-c62e55,active,Pro,833,true
2024-03-01,A-c62e55,active,Pro,1176,true
2024-04-01,A-c62e55,active,Basic,152,false
2024-05-01,A-c62e55,active,Enterprise,2985,true
2024-06-01,A-c62e55,active,Enterprise,2985,false
2024-07-01,A-c62e55,active,Enterprise,2985,true
2024-08-01,A-c62e55,active,Enterprise,2985,true
2024-09-01,A-c62e55,active,Enterprise,2985,false
2024-10-01,A-c62e55,active,Enterprise,2985,true
2024-11-01,A-c62e55,active,Pro,1470,true
2024-12-01,A-c62e55,active,Pro,686,true
2024-11-01,A-c70870,active,Pro,589,true
2024-12-01,A-c70870,active,Pro,4606,true
2023-08-01,A-c7e58b,active,Basic,57,false
2023-09-01,A-c7e58b,active,Basic,57,true
2023-10-01,A-c7e58b,active,Basic,57,true
2023-11-01,A-c7e58b,active,Basic,57,true
2023-12-01,A-c7e58b,active,Enterprise,1393,true
2024-01-01,A-c7e58b,active,Enterprise,1393,true
2024-02-01,A-c7e58b,active,Enterprise,1393,false
2024-03-01,A-c7e58b,active,Enterprise,1393,true
2024-04-01,A-c7e58b,active,Enterprise,1990,true
2024-05-01,A-c7e58b,active,Enterprise,1990,true
2024-06-01,A-c7e58b,active,Enterprise,1990,true
2024-07-01,A-c7e58b,active,Basic,304,true
2024-08-01,A-c7e58b,active,Basic,304,true
2024-09-01,A-c7e58b,active,Pro,304,false
2024-10-01,A-c7e58b,active,Pro,304,false
2024-11-01,A-c7e58b,active,Pro,304,true
2024-12-01,A-c7e58b,active,Pro,304,false
2023-05-01,A-c7ffc2,active,Pro,6468,true
2023-06-01,A-c7ffc2,active,Pro,6468,false
2023-07-01,A-c7ffc2,active,Basic,570,true
2023-08-01,A-c7ffc2,active,Basic,1083,true
2023-09-01,A-c7ffc2,active,Basic,570,true
2023-10-01,A-c7ffc2,active,Basic,570,true
2023-11-01,A-c7ffc2,active,Enterprise,5970,false
2023-12-01,A-c7ffc2,active,Enterprise,5970,false
2024-01-01,A-c7ffc2,active,Enterprise,5970,true
2024-02-01,A-c7ffc2,active,Pro,1470,true
2024-03-01,A-c7ffc2,active,Enterprise,5970,true
2024-04-01,A-c7ffc2,active,Enterprise,5970,true
2024-05-01,A-c7ffc2,active,Enterprise,5970,true
2024-06-01,A-c7ffc2,active,Enterprise,5970,true
2024-07-01,A-c7ffc2,active,Enterprise,5970,true
2024-08-01,A-c7ffc2,active,Basic,570,true
2024-09-01,A-c7ffc2,active,Basic,570,true
2024-10-01,A-c7ffc2,active,Enterprise,5970,true
2024-11-01,A-c7ffc2,active,Enterprise,5970,true
2024-12-01,A-c7ffc2,active,Basic,931,true
2024-04-01,A-c9bb3e,active,Pro,6027,true
2024-05-01,A-c9bb3e,active,Pro,6027,true
2024-06-01,A-c9bb3e,active,Pro,245,true
2024-07-01,A-c9bb3e,active,Pro,245,false
2024-08-01,A-c9bb3e,active,Enterprise,2189,true
2024-09-01,A-c9bb3e,active,Pro,490,true
2024-10-01,A-c9bb3e,active,Enterprise,3582,true
2024-11-01,A-c9bb3e,active,Basic,190,true
2024-12-01,A-c9bb3e,active,Basic,190,false
2023-04-01,A-cab532,active,Enterprise,2189,true
2023-05-01,A-cab532,active,Enterprise,4975,true
2023-06-01,A-cab532,active,Enterprise,4975,true
2023-07-01,A-cab532,active,Enterprise,2189,true
2023-08-01,A-cab532,active,Enterprise,2189,true
2023-09-01,A-cab532,active,Enterprise,2189,true
2023-10-01,A-cab532,active,Enterprise,2189,true
2023-11-01,A-cab532,active,Pro,1519,true
2023-12-01,A-cab532,active,Pro,1519,true
2024-01-01,A-cab532,active,Pro,1519,true
2024-02-01,A-cab532,active,Enterprise,1519,true
2024-03-01,A-cab532,active,Pro,539,true
2024-04-01,A-cab532,active,Pro,539,true
2024-05-01,A-cab532,active,Basic,539,true
2024-06-01,A-cab532,active,Basic,539,true
2024-07-01,A-cab532,active,Pro,1127,true
2024-08-01,A-cab532,active,Pro,1127,true
2024-09-01,A-cab532,active,Pro,1127,true
2024-10-01,A-cab532,active,Enterprise,2189,true
2024-11-01,A-cab532,active,Pro,1029,true
2024-12-01,A-cab532,active,Pro,1715,true
2024-04-01,A-cb5333,active,Basic,836,true
2024-05-01,A-cb5333,trial,Pro,0,true
2024-06-01,A-cb5333,active,Basic,627,true
2024-07-01,A-cb5333,active,Basic,703,true
2024-08-01,A-cb5333,active,Basic,703,true
2024-09-01,A-cb5333,active,Enterprise,6567,true
2024-10-01,A-cb5333,active,Enterprise,6567,true
2024-11-01,A-cb5333,active,Enterprise,6567,true
2024-12-01,A-cb5333,active,Pro,1617,true
2023-04-01,A-cb6cc6,trial,Enterprise,0,false
2023-05-01,A-cb6cc6,trial,Enterprise,0,false
2023-06-01,A-cb6cc6,trial,Enterprise,0,false
2023-07-01,A-cb6cc6,trial,Enterprise,0,false
2023-08-01,A-cb6cc6,active,Basic,247,true
2023-09-01,A-cb6cc6,active,Basic,247,false
2023-10-01,A-cb6cc6,active,Basic,247,true
2023-11-01,A-cb6cc6,active,Basic,247,false
2023-12-01,A-cb6cc6,active,Basic,247,true
2024-01-01,A-cb6cc6,active,Basic,247,true
2024-02-01,A-cb6cc6,active,Basic,247,true
2024-03-01,A-cb6cc6,active,Pro,637,true
2024-04-01,A-cb6cc6,active,Pro,637,true
2024-05-01,A-cb6cc6,active,Enterprise,637,true
2024-06-01,A-cb6cc6,active,Enterprise,637,true
2024-07-01,A-cb6cc6,active,Enterprise,637,true
2024-08-01,A-cb6cc6,active,Enterprise,637,true
2024-09-01,A-cb6cc6,active,Basic,247,false
2024-10-01,A-cb6cc6,active,Pro,1225,true
2024-11-01,A-cb6cc6,active,Pro,1225,true
2024-12-01,A-cb6cc6,active,Pro,1225,true
2023-07-01,A-cbbe12,trial,Pro,0,true
2023-08-01,A-cbbe12,active,Pro,1960,true
2023-09-01,A-cbbe12,active,Pro,1960,true
2023-10-01,A-cbbe12,active,Pro,1960,true
2023-11-01,A-cbbe12,active,Pro,1960,true
2023-12-01,A-cbbe12,active,Pro,1960,false
2024-01-01,A-cbbe12,active,Pro,1960,false
2024-02-01,A-cbbe12,active,Pro,1960,false
2024-03-01,A-cbbe12,active,Pro,1960,true
2024-04-01,A-cbbe12,active,Pro,1960,true
2024-05-01,A-cbbe12,active,Basic,760,false
2024-06-01,A-cbbe12,active,Pro,2401,true
2024-07-01,A-cbbe12,active,Pro,2401,true
2024-08-01,A-cbbe12,active,Pro,2401,false
2024-09-01,A-cbbe12,active,Pro,2401,true
2024-10-01,A-cbbe12,active,Pro,2401,false
2024-11-01,A-cbbe12,active,Pro,2401,false
2024-12-01,A-cbbe12,active,Enterprise,7960,true
2024-11-01,A-cbd1a3,active,Pro,294,true
2024-12-01,A-cbd1a3,active,Basic,380,true
2024-05-01,A-cc102e,active,Basic,247,true
2024-06-01,A-cc102e,active,Basic,247,true
2024-07-01,A-cc102e,active,Basic,247,true
2024-08-01,A-cc102e,active,Basic,247,true
2024-09-01,A-cc102e,active,Enterprise,2587,true
2024-10-01,A-cc102e,active,Enterprise,2587,true
2024-11-01,A-cc102e,active,Enterprise,2985,true
2024-12-01,A-cc102e,active,Basic,247,true
2024-12-01,A-cc1d8d,active,Enterprise,1194,true
2024-06-01,A-cc8c8f,active,Enterprise,5572,true
2024-07-01,A-cc8c8f,active,Basic,437,true
2024-08-01,A-cc8c8f,active,Basic,437,true
2024-09-01,A-cc8c8f,active,Basic,437,false
2024-10-01,A-cc8c8f,active,Basic,437,false
2024-11-01,A-cc8c8f,active,Enterprise,4577,true
2024-12-01,A-cc8c8f,active,Basic,4577,false
2023-05-01,A-cc98bc,active,Enterprise,6368,false
2023-06-01,A-cc98bc,active,Pro,2793,true
2023-07-01,A-cc98bc,active,Enterprise,6368,true
2023-08-01,A-cc98bc,active,Enterprise,6368,false
2023-09-01,A-cc98bc,active,Enterprise,6368,true
2023-10-01,A-cc98bc,active,Basic,608,true
2023-11-01,A-cc98bc,active,Basic,608,true
2023-12-01,A-cc98bc,active,Basic,608,true
2024-01-01,A-cc98bc,active,Basic,608,true
2024-02-01,A-cc98bc,active,Basic,608,true
2024-03-01,A-cc98bc,active,Basic,608,true
2024-04-01,A-cc98bc,active,Basic,608,false
2024-05-01,A-cc98bc,active,Pro,2646,true
2024-06-01,A-cc98bc,active,Pro,2646,false
2024-07-01,A-cc98bc,active,Pro,1568,false
2024-08-01,A-cc98bc,active,Pro,1568,true
2024-09-01,A-cc98bc,active,Basic,1568,false
2024-10-01,A-cc98bc,active,Basic,1568,true
2024-11-01,A-cc98bc,active,Basic,1568,true
2024-12-01,A-cc98bc,active,Basic,1568,true
2023-11-01,A-ccabf0,active,Enterprise,11741,true
2023-12-01,A-ccabf0,active,Pro,1029,true
2024-01-01,A-ccabf0,active,Enterprise,2587,true
2024-02-01,A-ccabf0,active,Enterprise,2587,true
2024-03-01,A-ccabf0,active,Enterprise,2189,true
2024-04-01,A-ccabf0,active,Enterprise,2189,false
2024-05-01,A-ccabf0,active,Basic,323,true
2024-06-01,A-ccabf0,active,Basic,323,true
2024-07-01,A-ccabf0,active,Pro,98,true
2024-08-01,A-ccabf0,active,Pro,98,true
2024-09-01,A-ccabf0,active,Enterprise,199,true
2024-10-01,A-ccabf0,active,Basic,199,true
2024-11-01,A-ccabf0,churned,Basic,0,true
2024-12-01,A-ccabf0,churned,Basic,0,false
2024-02-01,A-ccb686,active,Pro,2548,true
2024-03-01,A-ccb686,active,Enterprise,2548,true
2024-04-01,A-ccb686,trial,Pro,0,true
2024-05-01,A-ccb686,active,Basic,190,true
2024-06-01,A-ccb686,active,Pro,931,true
2024-07-01,A-ccb686,active,Pro,931,true
2024-08-01,A-ccb686,active,Enterprise,10547,true
2024-09-01,A-ccb686,active,Enterprise,10547,true
2024-10-01,A-ccb686,active,Pro,1421,true
2024-11-01,A-ccb686,active,Pro,1421,true
2024-12-01,A-ccb686,active,Basic,209,true
2024-05-01,A-ccc747,trial,Enterprise,0,true
2024-06-01,A-ccc747,active,Pro,1813,true
2024-07-01,A-ccc747,active,Pro,784,true
2024-08-01,A-ccc747,active,Pro,784,true
2024-09-01,A-ccc747,active,Pro,784,false
2024-10-01,A-ccc747,active,Pro,1127,false
2024-11-01,A-ccc747,active,Basic,304,true
2024-12-01,A-ccc747,active,Basic,304,true
2024-07-01,A-cd458b,active,Enterprise,5174,true
2024-08-01,A-cd458b,active,Basic,190,true
2024-09-01,A-cd458b,active,Basic,513,true
2024-10-01,A-cd458b,active,Basic,494,true
2024-11-01,A-cd458b,active,Basic,494,true
2024-12-01,A-cd458b,active,Enterprise,1990,true
2023-12-01,A-cdf020,active,Pro,1519,true
2024-01-01,A-cdf020,active,Pro,2205,false
2024-02-01,A-cdf020,active,Pro,2205,true
2024-03-01,A-cdf020,active,Pro,2205,true
2024-04-01,A-cdf020,active,Basic,4577,true
2024-05-01,A-cdf020,active,Basic,4577,true
2024-06-01,A-cdf020,active,Basic,4577,true
2024-07-01,A-cdf020,active,Pro,1127,true
2024-08-01,A-cdf020,active,Pro,1127,true
2024-09-01,A-cdf020,active,Pro,1127,true
2024-10-01,A-cdf020,active,Pro,2156,true
2024-11-01,A-cdf020,active,Pro,2156,true
2024-12-01,A-cdf020,active,Pro,2156,false
2024-10-01,A-ce550d,active,Enterprise,6965,false
2024-11-01,A-ce550d,active,Pro,1715,true
2024-12-01,A-ce550d,active,Enterprise,21691,true
2023-08-01,A-ce66f8,active,Basic,551,false
2023-09-01,A-ce66f8,active,Basic,551,false
2023-10-01,A-ce66f8,active,Basic,551,true
2023-11-01,A-ce66f8,active,Basic,551,true
2023-12-01,A-ce66f8,active,Basic,551,true
2024-01-01,A-ce66f8,active,Basic,551,true
2024-02-01,A-ce66f8,active,Basic,551,true
2024-03-01,A-ce66f8,active,Basic,551,true
2024-04-01,A-ce66f8,active,Basic,551,true
2024-05-01,A-ce66f8,active,Basic,551,true
2024-06-01,A-ce66f8,active,Basic,551,true
2024-07-01,A-ce66f8,active,Pro,1421,true
2024-08-01,A-ce66f8,active,Pro,1421,false
2024-09-01,A-ce66f8,active,Pro,1421,true
2024-10-01,A-ce66f8,active,Pro,1421,true
2024-11-01,A-ce66f8,active,Pro,1421,true
2024-12-01,A-ce66f8,active,Pro,1421,true
2024-06-01,A-cea1f0,active,Basic,570,true
2024-07-01,A-cea1f0,active,Basic,570,true
2024-08-01,A-cea1f0,active,Pro,392,true
2024-09-01,A-cea1f0,active,Pro,392,true
2024-10-01,A-cea1f0,active,Basic,266,true
2024-11-01,A-cea1f0,active,Pro,266,true
2024-12-01,A-cea1f0,active,Enterprise,1592,true
2024-10-01,A-ced9aa,active,Enterprise,1194,true
2024-11-01,A-ced9aa,active,Pro,147,false
2024-12-01,A-ced9aa,active,Pro,147,true
2024-11-01,A-d26ab4,active,Basic,209,true
2024-12-01,A-d26ab4,active,Enterprise,6567,true
2024-07-01,A-d27f50,active,Enterprise,8756,false
2024-08-01,A-d27f50,active,Pro,2156,false
2024-09-01,A-d27f50,active,Pro,2156,true
2024-10-01,A-d27f50,active,Enterprise,8756,true
2024-11-01,A-d27f50,active,Enterprise,8756,true
2024-12-01,A-d27f50,churned,Basic,836,true
2024-10-01,A-d3c88e,active,Basic,784,false
2024-11-01,A-d3c88e,active,Enterprise,3184,true
2024-12-01,A-d3c88e,active,Enterprise,3184,true
2024-11-01,A-d40bf7,active,Basic,1121,true
2024-12-01,A-d40bf7,active,Basic,1121,false
2024-06-01,A-d42431,active,Basic,418,false
2024-07-01,A-d42431,active,Basic,1729,true
2024-08-01,A-d42431,active,Enterprise,4378,true
2024-09-01,A-d42431,active,Basic,418,true
2024-10-01,A-d42431,active,Basic,665,true
2024-11-01,A-d42431,active,Basic,418,true
2024-12-01,A-d42431,active,Enterprise,4378,true
2024-02-01,A-d49cc5,active,Basic,950,false
2024-03-01,A-d49cc5,active,Pro,2450,true
2024-04-01,A-d49cc5,active,Pro,2450,true
2024-05-01,A-d49cc5,active,Pro,2450,true
2024-06-01,A-d49cc5,active,Basic,950,true
2024-07-01,A-d49cc5,active,Basic,950,false
2024-08-01,A-d49cc5,active,Basic,950,true
2024-09-01,A-d49cc5,active,Basic,950,false
2024-10-01,A-d49cc5,active,Pro,3675,true
2024-11-01,A-d49cc5,active,Pro,3675,true
2024-12-01,A-d49cc5,active,Basic,950,true
2024-05-01,A-d4ac0e,active,Basic,342,true
2024-06-01,A-d4ac0e,active,Pro,882,true
2024-07-01,A-d4ac0e,active,Enterprise,3980,true
2024-08-01,A-d4ac0e,active,Pro,882,true
2024-09-01,A-d4ac0e,active,Basic,551,true
2024-10-01,A-d4ac0e,active,Basic,342,true
2024-11-01,A-d4ac0e,active,Pro,882,true
2024-12-01,A-d4ac0e,active,Pro,882,true
2024-10-01,A-d4e0d4,active,Enterprise,23283,false
2024-11-01,A-d4e0d4,active,Enterprise,23283,true
2024-12-01,A-d4e0d4,active,Enterprise,23283,true
2024-09-01,A-d535f6,active,Enterprise,2388,true
2024-10-01,A-d535f6,active,Basic,2388,true
2024-11-01,A-d535f6,active,Pro,588,false
2024-12-01,A-d535f6,active,Enterprise,2254,true
2023-06-01,A-d5a319,trial,Pro,0,false
2023-07-01,A-d5a319,trial,Pro,0,true
2023-08-01,A-d5a319,trial,Pro,0,true
2023-09-01,A-d5a319,active,Pro,735,true
2023-10-01,A-d5a319,active,Basic,735,true
2023-11-01,A-d5a319,active,Basic,304,true
2023-12-01,A-d5a319,active,Basic,323,true
2024-01-01,A-d5a319,active,Basic,285,true
2024-02-01,A-d5a319,active,Basic,285,true
2024-03-01,A-d5a319,active,Basic,285,false
2024-04-01,A-d5a319,active,Basic,285,true
2024-05-01,A-d5a319,active,Basic,285,true
2024-06-01,A-d5a319,active,Basic,285,true
2024-07-01,A-d5a319,active,Enterprise,2985,true
2024-08-01,A-d5a319,active,Pro,1176,true
2024-09-01,A-d5a319,active,Enterprise,6169,true
2024-10-01,A-d5a319,active,Enterprise,6169,true
2024-11-01,A-d5a319,active,Enterprise,2985,true
2024-12-01,A-d5a319,active,Enterprise,2985,true
2024-09-01,A-d62e02,active,Enterprise,1990,false
2024-10-01,A-d62e02,active,Enterprise,1194,true
2024-11-01,A-d62e02,active,Enterprise,3184,true
2024-12-01,A-d62e02,active,Enterprise,1194,true
2023-10-01,A-d77f4c,active,Basic,152,true
2023-11-01,A-d77f4c,active,Basic,152,true
2023-12-01,A-d77f4c,active,Basic,152,true
2024-01-01,A-d77f4c,active,Basic,152,true
2024-02-01,A-d77f4c,active,Pro,1421,true
2024-03-01,A-d77f4c,active,Pro,294,true
2024-04-01,A-d77f4c,active,Enterprise,18706,true
2024-05-01,A-d77f4c,active,Enterprise,2587,true
2024-06-01,A-d77f4c,active,Enterprise,2587,true
2024-07-01,A-d77f4c,active,Pro,343,true
2024-08-01,A-d77f4c,active,Enterprise,4378,true
2024-09-01,A-d77f4c,active,Enterprise,4378,true
2024-10-01,A-d77f4c,active,Basic,152,true
2024-11-01,A-d77f4c,active,Enterprise,5771,true
2024-12-01,A-d77f4c,churned,Pro,196,true
2023-02-01,A-d792a6,active,Basic,76,true
2023-03-01,A-d792a6,active,Pro,76,true
2023-04-01,A-d792a6,active,Enterprise,2388,true
2023-05-01,A-d792a6,active,Enterprise,1791,true
2023-06-01,A-d792a6,active,Enterprise,1791,true
2023-07-01,A-d792a6,active,Enterprise,1791,true
2023-08-01,A-d792a6,active,Basic,399,true
2023-09-01,A-d792a6,active,Basic,95,true
2023-10-01,A-d792a6,active,Enterprise,796,true
2023-11-01,A-d792a6,active,Enterprise,796,true
2023-12-01,A-d792a6,active,Enterprise,796,true
2024-01-01,A-d792a6,active,Pro,1764,true
2024-02-01,A-d792a6,active,Pro,1764,true
2024-03-01,A-d792a6,active,Pro,1764,true
2024-04-01,A-d792a6,active,Pro,196,true
2024-05-01,A-d792a6,active,Pro,196,true
2024-06-01,A-d792a6,active,Pro,196,true
2024-07-01,A-d792a6,active,Enterprise,796,true
2024-08-01,A-d792a6,active,Enterprise,796,true
2024-09-01,A-d792a6,active,Enterprise,796,true
2024-10-01,A-d792a6,active,Enterprise,12935,true
2024-11-01,A-d792a6,active,Enterprise,12935,true
2024-12-01,A-d792a6,active,Enterprise,12935,true
2024-07-01,A-d82ef9,active,Pro,2842,true
2024-08-01,A-d82ef9,active,Pro,5174,true
2024-09-01,A-d82ef9,active,Pro,1274,true
2024-10-01,A-d82ef9,active,Basic,494,false
2024-11-01,A-d82ef9,active,Basic,494,true
2024-12-01,A-d82ef9,active,Basic,494,true
2023-10-01,A-d922bf,active,Enterprise,5970,true
2023-11-01,A-d922bf,active,Enterprise,6368,false
2023-12-01,A-d922bf,active,Enterprise,6368,false
2024-01-01,A-d922bf,active,Enterprise,6368,true
2024-02-01,A-d922bf,active,Basic,6368,true
2024-03-01,A-d922bf,active,Basic,6368,true
2024-04-01,A-d922bf,active,Basic,6368,true
2024-05-01,A-d922bf,active,Basic,6368,true
2024-06-01,A-d922bf,active,Basic,6368,true
2024-07-01,A-d922bf,active,Basic,6368,true
2024-08-01,A-d922bf,trial,Enterprise,0,false
2024-09-01,A-d922bf,active,Enterprise,2985,true
2024-10-01,A-d922bf,active,Enterprise,2985,true
2024-11-01,A-d922bf,active,Enterprise,2985,false
2024-12-01,A-d922bf,active,Enterprise,1791,true
2024-11-01,A-db5e9e,active,Basic,798,false
2024-12-01,A-db5e9e,active,Pro,588,true
2024-01-01,A-dbc825,active,Enterprise,3781,true
2024-02-01,A-dbc825,active,Enterprise,3781,true
2024-03-01,A-dbc825,active,Pro,931,true
2024-04-01,A-dbc825,active,Pro,931,true
2024-05-01,A-dbc825,active,Basic,361,true
2024-06-01,A-dbc825,active,Basic,1615,false
2024-07-01,A-dbc825,active,Enterprise,8955,true
2024-08-01,A-dbc825,active,Enterprise,8955,true
2024-09-01,A-dbc825,active,Enterprise,8955,true
2024-10-01,A-dbc825,active,Enterprise,10945,true
2024-11-01,A-dbc825,active,Basic,361,true
2024-12-01,A-dbc825,active,Basic,361,true
2023-10-01,A-dcc2f0,active,Basic,285,false
2023-11-01,A-dcc2f0,active,Enterprise,2985,true
2023-12-01,A-dcc2f0,active,Basic,475,true
2024-01-01,A-dcc2f0,active,Enterprise,2985,true
2024-02-01,A-dcc2f0,active,Enterprise,2985,true
2024-03-01,A-dcc2f0,active,Pro,1078,true
2024-04-01,A-dcc2f0,active,Pro,1078,true
2024-05-01,A-dcc2f0,active,Pro,1078,true
2024-06-01,A-dcc2f0,active,Pro,1078,true
2024-07-01,A-dcc2f0,active,Pro,1078,true
2024-08-01,A-dcc2f0,active,Pro,1078,true
2024-09-01,A-dcc2f0,active,Pro,735,true
2024-10-01,A-dcc2f0,active,Enterprise,2985,true
2024-11-01,A-dcc2f0,active,Basic,608,true
2024-12-01,A-dcc2f0,active,Basic,608,true
2023-12-01,A-dcc3f1,active,Basic,399,false
2024-01-01,A-dcc3f1,active,Pro,2499,true
2024-02-01,A-dcc3f1,active,Pro,2499,false
2024-03-01,A-dcc3f1,active,Enterprise,2499,true
2024-04-01,A-dcc3f1,active,Enterprise,2499,true
2024-05-01,A-dcc3f1,active,Basic,494,true
2024-06-01,A-dcc3f1,active,Basic,494,true
2024-07-01,A-dcc3f1,active,Basic,494,true
2024-08-01,A-dcc3f1,active,Enterprise,4378,true
2024-09-01,A-dcc3f1,active,Enterprise,4378,true
2024-10-01,A-dcc3f1,active,Enterprise,4179,true
2024-11-01,A-dcc3f1,active,Basic,399,true
2024-12-01,A-dcc3f1,active,Basic,399,true
2024-11-01,A-de24d5,active,Enterprise,1393,true
2024-12-01,A-de24d5,active,Pro,245,false
2023-04-01,A-de58ca,active,Pro,735,false
2023-05-01,A-de58ca,active,Enterprise,735,true
2023-06-01,A-de58ca,active,Enterprise,735,true
2023-07-01,A-de58ca,active,Pro,285,true
2023-08-01,A-de58ca,active,Pro,285,true
2023-09-01,A-de58ca,active,Pro,735,true
2023-10-01,A-de58ca,active,Enterprise,12338,true
2023-11-01,A-de58ca,active,Enterprise,12338,true
2023-12-01,A-de58ca,active,Basic,893,true
2024-01-01,A-de58ca,active,Pro,735,true
2024-02-01,A-de58ca,active,Pro,735,true
2024-03-01,A-de58ca,active,Pro,735,true
2024-04-01,A-de58ca,active,Pro,735,true
2024-05-01,A-de58ca,active,Pro,735,true
2024-06-01,A-de58ca,active,Pro,735,true
2024-07-01,A-de58ca,active,Pro,735,true
2024-08-01,A-de58ca,active,Basic,285,true
2024-09-01,A-de58ca,active,Enterprise,7164,true
2024-10-01,A-de58ca,active,Enterprise,7164,true
2024-11-01,A-de58ca,active,Enterprise,7164,true
2024-12-01,A-de58ca,active,Enterprise,7164,true
2023-10-01,A-dec005,trial,Basic,0,true
2023-11-01,A-dec005,trial,Basic,0,true
2023-12-01,A-dec005,active,Enterprise,6169,true
2024-01-01,A-dec005,active,Enterprise,6169,true
2024-02-01,A-dec005,active,Enterprise,6169,true
2024-03-01,A-dec005,active,Pro,4179,true
2024-04-01,A-dec005,active,Pro,4179,true
2024-05-01,A-dec005,active,Pro,4179,true
2024-06-01,A-dec005,active,Pro,4179,true
2024-07-01,A-dec005,active,Pro,4179,true
2024-08-01,A-dec005,active,Enterprise,4179,true
2024-09-01,A-dec005,active,Basic,399,true
2024-10-01,A-dec005,active,Basic,399,true
2024-11-01,A-dec005,active,Enterprise,10746,true
2024-12-01,A-dec005,churned,Enterprise,10746,true
2023-08-01,A-df10db,active,Basic,266,false
2023-09-01,A-df10db,active,Basic,38,true
2023-10-01,A-df10db,active,Basic,133,true
2023-11-01,A-df10db,active,Basic,133,true
2023-12-01,A-df10db,active,Pro,343,true
2024-01-01,A-df10db,active,Pro,343,true
2024-02-01,A-df10db,active,Pro,343,true
2024-03-01,A-df10db,active,Pro,343,true
2024-04-01,A-df10db,active,Pro,343,false
2024-05-01,A-df10db,active,Enterprise,6567,true
2024-06-01,A-df10db,active,Basic,57,true
2024-07-01,A-df10db,active,Basic,57,true
2024-08-01,A-df10db,active,Basic,57,true
2024-09-01,A-df10db,active,Basic,266,true
2024-10-01,A-df10db,active,Enterprise,2388,true
2024-11-01,A-df10db,active,Enterprise,2388,true
2024-12-01,A-df10db,active,Enterprise,2388,true
2024-03-01,A-df1e44,trial,Enterprise,0,false
2024-04-01,A-df1e44,active,Pro,588,true
2024-05-01,A-df1e44,active,Pro,3087,true
2024-06-01,A-df1e44,active,Basic,228,true
2024-07-01,A-df1e44,active,Basic,228,true
2024-08-01,A-df1e44,active,Enterprise,2388,true
2024-09-01,A-df1e44,active,Enterprise,2388,true
2024-10-01,A-df1e44,active,Enterprise,2587,false
2024-11-01,A-df1e44,active,Enterprise,2587,true
2024-12-01,A-df1e44,active,Pro,588,true
2023-12-01,A-dfbd31,trial,Enterprise,0,true
2024-01-01,A-dfbd31,trial,Enterprise,0,true
2024-02-01,A-dfbd31,active,Enterprise,2786,true
2024-03-01,A-dfbd31,active,Enterprise,2786,true
2024-04-01,A-dfbd31,active,Basic,266,true
2024-05-01,A-dfbd31,active,Basic,266,false
2024-06-01,A-dfbd31,active,Basic,266,true
2024-07-01,A-dfbd31,active,Pro,686,true
2024-08-01,A-dfbd31,active,Basic,456,true
2024-09-01,A-dfbd31,active,Pro,2107,true
2024-10-01,A-dfbd31,active,Pro,2940,true
2024-11-01,A-dfbd31,active,Enterprise,12338,false
2024-12-01,A-dfbd31,active,Basic,266,true
2024-09-01,A-e08cd3,active,Pro,3283,false
2024-10-01,A-e08cd3,active,Enterprise,13333,true
2024-11-01,A-e08cd3,active,Pro,3283,false
2024-12-01,A-e08cd3,active,Basic,1273,true
2023-04-01,A-e1462e,active,Enterprise,2985,true
2023-05-01,A-e1462e,active,Enterprise,2985,false
2023-06-01,A-e1462e,active,Enterprise,2985,true
2023-07-01,A-e1462e,active,Pro,735,false
2023-08-01,A-e1462e,active,Pro,735,true
2023-09-01,A-e1462e,active,Pro,735,false
2023-10-01,A-e1462e,active,Pro,735,false
2023-11-01,A-e1462e,active,Pro,735,true
2023-12-01,A-e1462e,active,Enterprise,5771,true
2024-01-01,A-e1462e,active,Enterprise,5771,false
2024-02-01,A-e1462e,active,Enterprise,5771,true
2024-03-01,A-e1462e,active,Enterprise,5771,true
2024-04-01,A-e1462e,active,Enterprise,5771,true
2024-05-01,A-e1462e,active,Enterprise,5771,true
2024-06-01,A-e1462e,active,Enterprise,5771,true
2024-07-01,A-e1462e,active,Pro,2254,true
2024-08-01,A-e1462e,active,Pro,2254,true
2024-09-01,A-e1462e,active,Pro,2254,true
2024-10-01,A-e1462e,active,Enterprise,2254,true
2024-11-01,A-e1462e,active,Basic,285,true
2024-12-01,A-e1462e,active,Basic,285,false
2023-08-01,A-e19ff6,active,Basic,152,true
2023-09-01,A-e19ff6,active,Basic,152,true
2023-10-01,A-e19ff6,active,Basic,722,true
2023-11-01,A-e19ff6,active,Basic,722,true
2023-12-01,A-e19ff6,active,Basic,722,true
2024-01-01,A-e19ff6,active,Basic,722,true
2024-02-01,A-e19ff6,active,Basic,722,true
2024-03-01,A-e19ff6,active,Enterprise,392,false
2024-04-01,A-e19ff6,active,Enterprise,392,false
2024-05-01,A-e19ff6,active,Enterprise,392,true
2024-06-01,A-e19ff6,active,Pro,49,true
2024-07-01,A-e19ff6,active,Basic,342,true
2024-08-01,A-e19ff6,active,Enterprise,342,true
2024-09-01,A-e19ff6,trial,Enterprise,0,true
2024-10-01,A-e19ff6,active,Pro,1274,true
2024-11-01,A-e19ff6,active,Pro,1274,true
2024-12-01,A-e19ff6,active,Pro,1274,true
2023-03-01,A-e1b9cd,active,Pro,1960,false
2023-04-01,A-e1b9cd,active,Pro,1960,true
2023-05-01,A-e1b9cd,active,Pro,4900,true
2023-06-01,A-e1b9cd,active,Pro,4900,true
2023-07-01,A-e1b9cd,active,Pro,4900,true
2023-08-01,A-e1b9cd,active,Pro,4900,true
2023-09-01,A-e1b9cd,active,Pro,4900,true
2023-10-01,A-e1b9cd,active,Pro,4900,true
2023-11-01,A-e1b9cd,active,Pro,1960,true
2023-12-01,A-e1b9cd,active,Pro,1960,true
2024-01-01,A-e1b9cd,active,Basic,760,true
2024-02-01,A-e1b9cd,active,Enterprise,7960,true
2024-03-01,A-e1b9cd,active,Basic,760,true
2024-04-01,A-e1b9cd,active,Basic,760,true
2024-05-01,A-e1b9cd,active,Basic,760,true
2024-06-01,A-e1b9cd,active,Basic,760,true
2024-07-01,A-e1b9cd,active,Basic,760,true
2024-08-01,A-e1b9cd,active,Basic,760,true
2024-09-01,A-e1b9cd,active,Pro,760,true
2024-10-01,A-e1b9cd,active,Basic,760,false
2024-11-01,A-e1b9cd,active,Basic,760,true
2024-12-01,A-e1b9cd,active,Pro,1960,true
2024-02-01,A-e2cd1b,active,Basic,836,true
2024-03-01,A-e2cd1b,active,Basic,836,true
2024-04-01,A-e2cd1b,active,Pro,735,true
2024-05-01,A-e2cd1b,active,Enterprise,2985,true
2024-06-01,A-e2cd1b,active,Basic,2985,true
2024-07-01,A-e2cd1b,active,Pro,2205,true
2024-08-01,A-e2cd1b,active,Pro,2205,true
2024-09-01,A-e2cd1b,active,Pro,2205,true
2024-10-01,A-e2cd1b,active,Enterprise,2205,true
2024-11-01,A-e2cd1b,active,Basic,342,true
2024-12-01,A-e2cd1b,active,Enterprise,3184,true
2024-09-01,A-e351e1,active,Basic,627,false
2024-10-01,A-e351e1,active,Pro,1617,true
2024-11-01,A-e351e1,active,Basic,1617,true
2024-12-01,A-e351e1,churned,Basic,627,true
2024-06-01,A-e36807,active,Pro,1862,true
2024-07-01,A-e36807,active,Enterprise,2786,true
2024-08-01,A-e36807,active,Enterprise,2786,true
2024-09-01,A-e36807,active,Basic,494,true
2024-10-01,A-e36807,active,Enterprise,494,true
2024-11-01,A-e36807,active,Enterprise,2786,true
2024-12-01,A-e36807,active,Enterprise,1791,true
2023-04-01,A-e3bd71,active,Enterprise,6169,true
2023-05-01,A-e3bd71,active,Enterprise,6169,true
2023-06-01,A-e3bd71,active,Enterprise,6169,true
2023-07-01,A-e3bd71,active,Enterprise,6169,true
2023-08-01,A-e3bd71,active,Enterprise,6169,false
2023-09-01,A-e3bd71,active,Enterprise,6169,true
2023-10-01,A-e3bd71,active,Enterprise,6169,true
2023-11-01,A-e3bd71,active,Enterprise,6169,true
2023-12-01,A-e3bd71,active,Enterprise,6169,true
2024-01-01,A-e3bd71,active,Basic,589,true
2024-02-01,A-e3bd71,active,Enterprise,6169,true
2024-03-01,A-e3bd71,active,Enterprise,6169,true
2024-04-01,A-e3bd71,active,Enterprise,6169,true
2024-05-01,A-e3bd71,active,Enterprise,6169,true
2024-06-01,A-e3bd71,active,Basic,779,true
2024-07-01,A-e3bd71,active,Basic,779,true
2024-08-01,A-e3bd71,active,Basic,779,true
2024-09-01,A-e3bd71,active,Basic,779,true
2024-10-01,A-e3bd71,active,Enterprise,6169,true
2024-11-01,A-e3bd71,active,Enterprise,6169,true
2024-12-01,A-e3bd71,active,Pro,1519,true
2024-05-01,A-e40f45,active,Basic,513,false
2024-06-01,A-e40f45,active,Basic,399,true
2024-07-01,A-e40f45,active,Basic,399,true
2024-08-01,A-e40f45,active,Pro,4179,true
2024-09-01,A-e40f45,active,Pro,4179,true
2024-10-01,A-e40f45,active,Pro,4179,true
2024-11-01,A-e40f45,active,Basic,399,true
2024-12-01,A-e40f45,churned,Basic,399,true
2024-11-01,A-e4144b,trial,Enterprise,0,true
2024-12-01,A-e4144b,active,Enterprise,8159,true
2023-05-01,A-e43bf7,active,Enterprise,8756,true
2023-06-01,A-e43bf7,active,Enterprise,8756,true
2023-07-01,A-e43bf7,active,Enterprise,13930,false
2023-08-01,A-e43bf7,active,Enterprise,13930,true
2023-09-01,A-e43bf7,active,Enterprise,13930,true
2023-10-01,A-e43bf7,active,Enterprise,13930,false
2023-11-01,A-e43bf7,active,Enterprise,13930,true
2023-12-01,A-e43bf7,active,Enterprise,13930,true
2024-01-01,A-e43bf7,active,Pro,2156,true
2024-02-01,A-e43bf7,active,Pro,2156,false
2024-03-01,A-e43bf7,active,Pro,2156,true
2024-04-01,A-e43bf7,active,Pro,2156,true
2024-05-01,A-e43bf7,active,Pro,2156,true
2024-06-01,A-e43bf7,active,Pro,2156,true
2024-07-01,A-e43bf7,active,Enterprise,8756,true
2024-08-01,A-e43bf7,active,Enterprise,8756,false
2024-09-01,A-e43bf7,active,Enterprise,8756,true
2024-10-01,A-e43bf7,active,Enterprise,8756,true
2024-11-01,A-e43bf7,active,Enterprise,8756,true
2024-12-01,A-e43bf7,active,Enterprise,8756,true
2024-11-01,A-e4bf56,active,Pro,1715,true
2024-12-01,A-e4bf56,active,Enterprise,4378,true
2023-11-01,A-e51ec7,active,Enterprise,4975,false
2023-12-01,A-e51ec7,active,Enterprise,4975,true
2024-01-01,A-e51ec7,active,Enterprise,4975,true
2024-02-01,A-e51ec7,active,Enterprise,4975,true
2024-03-01,A-e51ec7,active,Basic,4975,true
2024-04-01,A-e51ec7,active,Enterprise,398,true
2024-05-01,A-e51ec7,active,Pro,196,true
2024-06-01,A-e51ec7,active,Pro,196,false
2024-07-01,A-e51ec7,active,Pro,196,false
2024-08-01,A-e51ec7,active,Pro,196,true
2024-09-01,A-e51ec7,active,Enterprise,196,true
2024-10-01,A-e51ec7,active,Enterprise,16517,true
2024-11-01,A-e51ec7,active,Enterprise,16517,true
2024-12-01,A-e51ec7,active,Enterprise,1990,true
2023-05-01,A-e5d6ab,active,Basic,95,true
2023-06-01,A-e5d6ab,active,Basic,95,false
2023-07-01,A-e5d6ab,active,Basic,95,true
2023-08-01,A-e5d6ab,active,Basic,57,true
2023-09-01,A-e5d6ab,active,Pro,57,false
2023-10-01,A-e5d6ab,active,Enterprise,4179,true
2023-11-01,A-e5d6ab,active,Enterprise,4179,false
2023-12-01,A-e5d6ab,active,Enterprise,4179,false
2024-01-01,A-e5d6ab,active,Enterprise,4179,true
2024-02-01,A-e5d6ab,active,Enterprise,4179,true
2024-03-01,A-e5d6ab,active,Enterprise,2985,true
2024-04-01,A-e5d6ab,active,Enterprise,2985,true
2024-05-01,A-e5d6ab,active,Enterprise,2985,true
2024-06-01,A-e5d6ab,active,Basic,171,true
2024-07-01,A-e5d6ab,active,Basic,741,true
2024-08-01,A-e5d6ab,active,Basic,741,true
2024-09-01,A-e5d6ab,active,Basic,741,true
2024-10-01,A-e5d6ab,active,Basic,741,true
2024-11-01,A-e5d6ab,active,Pro,1568,true
2024-12-01,A-e5d6ab,active,Pro,1568,true
2024-09-01,A-e60f9d,active,Pro,1421,true
2024-10-01,A-e60f9d,active,Basic,1140,true
2024-11-01,A-e60f9d,active,Pro,5771,false
2024-12-01,A-e60f9d,churned,Basic,722,false
2023-11-01,A-e61e98,active,Pro,1813,true
2023-12-01,A-e61e98,active,Pro,1960,true
2024-01-01,A-e61e98,active,Basic,361,true
2024-02-01,A-e61e98,active,Basic,361,true
2024-03-01,A-e61e98,active,Basic,361,false
2024-04-01,A-e61e98,active,Basic,361,true
2024-05-01,A-e61e98,active,Pro,931,true
2024-06-01,A-e61e98,active,Basic,361,true
2024-07-01,A-e61e98,active,Basic,361,true
2024-08-01,A-e61e98,active,Basic,361,true
2024-09-01,A-e61e98,active,Enterprise,6766,true
2024-10-01,A-e61e98,active,Enterprise,6766,true
2024-11-01,A-e61e98,active,Enterprise,6766,false
2024-12-01,A-e61e98,active,Enterprise,6766,true
2023-08-01,A-e693b6,active,Basic,1045,true
2023-09-01,A-e693b6,active,Pro,2695,true
2023-10-01,A-e693b6,active,Pro,2695,true
2023-11-01,A-e693b6,active,Pro,2695,true
2023-12-01,A-e693b6,active,Pro,2695,true
2024-01-01,A-e693b6,active,Pro,2695,true
2024-02-01,A-e693b6,active,Pro,2695,false
2024-03-01,A-e693b6,active,Enterprise,10945,true
2024-04-01,A-e693b6,active,Enterprise,10945,true
2024-05-01,A-e693b6,active,Pro,2695,true
2024-06-01,A-e693b6,active,Pro,2695,true
2024-07-01,A-e693b6,active,Enterprise,2695,true
2024-08-01,A-e693b6,trial,Enterprise,0,true
2024-09-01,A-e693b6,active,Basic,1045,true
2024-10-01,A-e693b6,active,Basic,1045,false
2024-11-01,A-e693b6,active,Enterprise,10945,true
2024-12-01,A-e693b6,active,Enterprise,10945,true
2023-05-01,A-e6afc1,active,Pro,294,false
2023-06-01,A-e6afc1,active,Basic,969,false
2023-07-01,A-e6afc1,active,Basic,969,true
2023-08-01,A-e6afc1,active,Pro,342,true
2023-09-01,A-e6afc1,active,Pro,342,true
2023-10-01,A-e6afc1,active,Pro,342,true
2023-11-01,A-e6afc1,active,Pro,3332,true
2023-12-01,A-e6afc1,active,Pro,3332,true
2024-01-01,A-e6afc1,active,Pro,3332,true
2024-02-01,A-e6afc1,active,Pro,3332,true
2024-03-01,A-e6afc1,active,Pro,3332,true
2024-04-01,A-e6afc1,active,Pro,3332,true
2024-05-01,A-e6afc1,active,Pro,49,true
2024-06-01,A-e6afc1,active,Pro,49,true
2024-07-01,A-e6afc1,active,Enterprise,3184,true
2024-08-01,A-e6afc1,active,Pro,98,true
2024-09-01,A-e6afc1,active,Pro,98,true
2024-10-01,A-e6afc1,active,Pro,98,true
2024-11-01,A-e6afc1,active,Pro,98,true
2024-12-01,A-e6afc1,active,Pro,98,true
2024-07-01,A-e7a1e2,active,Enterprise,2786,false
2024-08-01,A-e7a1e2,active,Enterprise,2388,true
2024-09-01,A-e7a1e2,active,Enterprise,2388,true
2024-10-01,A-e7a1e2,active,Basic,228,true
2024-11-01,A-e7a1e2,active,Enterprise,995,true
2024-12-01,A-e7a1e2,active,Enterprise,8756,true
2023-10-01,A-e7beab,active,Enterprise,4179,true
2023-11-01,A-e7beab,active,Enterprise,4179,true
2023-12-01,A-e7beab,active,Enterprise,2189,true
2024-01-01,A-e7beab,active,Enterprise,2189,false
2024-02-01,A-e7beab,active,Enterprise,2189,true
2024-03-01,A-e7beab,active,Enterprise,995,true
2024-04-01,A-e7beab,active,Enterprise,995,true
2024-05-01,A-e7beab,active,Enterprise,995,true
2024-06-01,A-e7beab,active,Enterprise,995,true
2024-07-01,A-e7beab,active,Pro,2793,true
2024-08-01,A-e7beab,active,Pro,2793,false
2024-09-01,A-e7beab,active,Pro,2793,false
2024-10-01,A-e7beab,active,Pro,2793,true
2024-11-01,A-e7beab,active,Pro,2793,false
2024-12-01,A-e7beab,churned,Pro,245,false
2024-02-01,A-e83938,active,Enterprise,3184,true
2024-03-01,A-e83938,active,Enterprise,3184,false
2024-04-01,A-e83938,active,Enterprise,3184,true
2024-05-01,A-e83938,active,Enterprise,3184,false
2024-06-01,A-e83938,active,Basic,38,true
2024-07-01,A-e83938,active,Pro,1519,true
2024-08-01,A-e83938,active,Pro,1519,true
2024-09-01,A-e83938,active,Pro,1519,true
2024-10-01,A-e83938,active,Pro,1519,true
2024-11-01,A-e83938,active,Enterprise,1393,false
2024-12-01,A-e83938,active,Basic,1026,true
2023-05-01,A-e888d1,active,Basic,1026,true
2023-06-01,A-e888d1,active,Basic,1026,true
2023-07-01,A-e888d1,active,Basic,1026,true
2023-08-01,A-e888d1,active,Enterprise,3184,true
2023-09-01,A-e888d1,active,Enterprise,3184,true
2023-10-01,A-e888d1,active,Enterprise,3184,true
2023-11-01,A-e888d1,active,Enterprise,3184,true
2023-12-01,A-e888d1,active,Enterprise,3184,true
2024-01-01,A-e888d1,active,Enterprise,3184,true
2024-02-01,A-e888d1,active,Enterprise,3184,true
2024-03-01,A-e888d1,trial,Pro,0,false
2024-04-01,A-e888d1,trial,Pro,0,true
2024-05-01,A-e888d1,active,Pro,686,true
2024-06-01,A-e888d1,active,Pro,686,true
2024-07-01,A-e888d1,active,Pro,686,true
2024-08-01,A-e888d1,active,Pro,686,true
2024-09-01,A-e888d1,active,Basic,266,true
2024-10-01,A-e888d1,active,Enterprise,3781,true
2024-11-01,A-e888d1,active,Pro,686,true
2024-12-01,A-e888d1,active,Pro,833,true
2023-11-01,A-e89151,active,Enterprise,1592,true
2023-12-01,A-e89151,active,Enterprise,1592,true
2024-01-01,A-e89151,active,Enterprise,1592,true
2024-02-01,A-e89151,active,Enterprise,1592,true
2024-03-01,A-e89151,active,Enterprise,4577,true
2024-04-01,A-e89151,active,Pro,1176,false
2024-05-01,A-e89151,active,Basic,152,true
2024-06-01,A-e89151,active,Basic,152,true
2024-07-01,A-e89151,active,Basic,152,false
2024-08-01,A-e89151,active,Basic,152,true
2024-09-01,A-e89151,active,Basic,152,true
2024-10-01,A-e89151,active,Basic,152,true
2024-11-01,A-e89151,active,Pro,1519,true
2024-12-01,A-e89151,active,Enterprise,8756,true
2024-01-01,A-e98302,active,Pro,882,false
2024-02-01,A-e98302,active,Enterprise,6766,false
2024-03-01,A-e98302,active,Enterprise,6766,true
2024-04-01,A-e98302,active,Enterprise,6766,true
2024-05-01,A-e98302,active,Enterprise,6766,true
2024-06-01,A-e98302,active,Enterprise,6766,false
2024-07-01,A-e98302,active,Pro,1127,true
2024-08-01,A-e98302,active,Pro,1127,true
2024-09-01,A-e98302,active,Basic,646,true
2024-10-01,A-e98302,active,Basic,646,true
2024-11-01,A-e98302,active,Basic,304,true
2024-12-01,A-e98302,churned,Pro,2842,true
2023-08-01,A-eafc6e,active,Pro,1323,false
2023-09-01,A-eafc6e,active,Pro,1323,true
2023-10-01,A-eafc6e,active,Pro,1323,true
2023-11-01,A-eafc6e,active,Enterprise,6766,true
2023-12-01,A-eafc6e,active,Enterprise,6766,true
2024-01-01,A-eafc6e,active,Enterprise,6766,true
2024-02-01,A-eafc6e,active,Enterprise,6766,true
2024-03-01,A-eafc6e,active,Enterprise,6766,true
2024-04-01,A-eafc6e,active,Enterprise,6766,true
2024-05-01,A-eafc6e,active,Enterprise,6766,false
2024-06-01,A-eafc6e,active,Enterprise,6766,true
2024-07-01,A-eafc6e,active,Basic,1444,true
2024-08-01,A-eafc6e,active,Enterprise,5373,false
2024-09-01,A-eafc6e,active,Pro,1323,true
2024-10-01,A-eafc6e,trial,Basic,0,false
2024-11-01,A-eafc6e,trial,Basic,0,true
2024-12-01,A-eafc6e,trial,Basic,0,false
2024-09-01,A-eb1312,active,Pro,1225,false
2024-10-01,A-eb1312,active,Basic,1349,true
2024-11-01,A-eb1312,active,Pro,1225,true
2024-12-01,A-eb1312,active,Basic,475,true
2024-02-01,A-eb2fdc,active,Pro,1519,false
2024-03-01,A-eb2fdc,active,Pro,1519,true
2024-04-01,A-eb2fdc,active,Basic,589,true
2024-05-01,A-eb2fdc,active,Pro,1617,true
2024-06-01,A-eb2fdc,active,Basic,589,true
2024-07-01,A-eb2fdc,active,Enterprise,6169,true
2024-08-01,A-eb2fdc,active,Enterprise,6169,true
2024-09-01,A-eb2fdc,active,Enterprise,6169,true
2024-10-01,A-eb2fdc,active,Enterprise,6169,true
2024-11-01,A-eb2fdc,active,Pro,1519,true
2024-12-01,A-eb2fdc,active,Basic,589,false
2024-04-01,A-eb7c38,active,Basic,171,true
2024-05-01,A-eb7c38,active,Enterprise,17910,true
2024-06-01,A-eb7c38,active,Enterprise,17910,true
2024-07-01,A-eb7c38,active,Basic,95,true
2024-08-01,A-eb7c38,active,Pro,95,true
2024-09-01,A-eb7c38,trial,Basic,0,true
2024-10-01,A-eb7c38,active,Enterprise,6965,true
2024-11-01,A-eb7c38,active,Pro,686,true
2024-12-01,A-eb7c38,active,Basic,627,true
2023-12-01,A-eb7fac,active,Pro,588,false
2024-01-01,A-eb7fac,active,Pro,343,false
2024-02-01,A-eb7fac,active,Enterprise,27064,true
2024-03-01,A-eb7fac,active,Enterprise,1393,true
2024-04-01,A-eb7fac,active,Enterprise,1393,true
2024-05-01,A-eb7fac,active,Pro,4508,true
2024-06-01,A-eb7fac,active,Pro,4508,true
2024-07-01,A-eb7fac,active,Enterprise,2786,true
2024-08-01,A-eb7fac,active,Enterprise,2786,true
2024-09-01,A-eb7fac,active,Enterprise,1393,false
2024-10-01,A-eb7fac,active,Basic,494,true
2024-11-01,A-eb7fac,active,Basic,494,true
2024-12-01,A-eb7fac,active,Basic,494,true
2023-03-01,A-ed510f,active,Pro,2058,true
2023-04-01,A-ed510f,active,Enterprise,2058,true
2023-05-01,A-ed510f,active,Enterprise,2058,true
2023-06-01,A-ed510f,active,Enterprise,2058,true
2023-07-01,A-ed510f,active,Basic,798,true
2023-08-01,A-ed510f,active,Basic,798,true
2023-09-01,A-ed510f,active,Basic,798,true
2023-10-01,A-ed510f,active,Basic,798,false
2023-11-01,A-ed510f,active,Basic,798,true
2023-12-01,A-ed510f,active,Enterprise,8358,true
2024-01-01,A-ed510f,active,Pro,2058,true
2024-02-01,A-ed510f,active,Pro,2058,true
2024-03-01,A-ed510f,active,Pro,2058,true
2024-04-01,A-ed510f,active,Enterprise,8358,true
2024-05-01,A-ed510f,active,Pro,2058,true
2024-06-01,A-ed510f,active,Pro,2058,true
2024-07-01,A-ed510f,active,Pro,2058,false
2024-08-01,A-ed510f,active,Pro,2058,true
2024-09-01,A-ed510f,active,Pro,2058,true
2024-10-01,A-ed510f,active,Pro,2058,true
2024-11-01,A-ed510f,active,Pro,2058,true
2024-12-01,A-ed510f,active,Pro,2058,true
2023-05-01,A-ee42db,active,Pro,637,true
2023-06-01,A-ee42db,active,Pro,637,true
2023-07-01,A-ee42db,active,Pro,637,true
2023-08-01,A-ee42db,active,Basic,418,true
2023-09-01,A-ee42db,active,Basic,418,true
2023-10-01,A-ee42db,active,Pro,637,false
2023-11-01,A-ee42db,active,Basic,627,true
2023-12-01,A-ee42db,active,Basic,627,true
2024-01-01,A-ee42db,active,Basic,627,true
2024-02-01,A-ee42db,active,Basic,456,true
2024-03-01,A-ee42db,active,Basic,456,true
2024-04-01,A-ee42db,active,Basic,456,true
2024-05-01,A-ee42db,active,Basic,456,true
2024-06-01,A-ee42db,active,Pro,5635,true
2024-07-01,A-ee42db,active,Pro,5635,true
2024-08-01,A-ee42db,active,Enterprise,2587,true
2024-09-01,A-ee42db,active,Enterprise,2587,true
2024-10-01,A-ee42db,active,Basic,2587,true
2024-11-01,A-ee42db,active,Basic,2587,true
2024-12-01,A-ee42db,active,Basic,570,true
2024-03-01,A-ef84cf,trial,Enterprise,0,false
2024-04-01,A-ef84cf,trial,Enterprise,0,true
2024-05-01,A-ef84cf,active,Enterprise,6766,true
2024-06-01,A-ef84cf,active,Basic,152,true
2024-07-01,A-ef84cf,active,Basic,437,true
2024-08-01,A-ef84cf,active,Basic,152,true
2024-09-01,A-ef84cf,active,Basic,152,true
2024-10-01,A-ef84cf,active,Basic,152,true
2024-11-01,A-ef84cf,active,Basic,152,true
2024-12-01,A-ef84cf,active,Basic,152,true
2023-12-01,A-f03140,active,Basic,513,true
2024-01-01,A-f03140,active,Basic,513,true
2024-02-01,A-f03140,active,Pro,1323,true
2024-03-01,A-f03140,active,Enterprise,5373,false
2024-04-01,A-f03140,active,Enterprise,5373,true
2024-05-01,A-f03140,active,Pro,1372,true
2024-06-01,A-f03140,active,Pro,1372,true
2024-07-01,A-f03140,active,Enterprise,5373,true
2024-08-01,A-f03140,active,Enterprise,5373,false
2024-09-01,A-f03140,active,Enterprise,5373,true
2024-10-01,A-f03140,active,Enterprise,5373,true
2024-11-01,A-f03140,active,Pro,5373,true
2024-12-01,A-f03140,active,Pro,5373,true
2023-02-01,A-f17767,active,Pro,686,false
2023-03-01,A-f17767,active,Enterprise,1194,true
2023-04-01,A-f17767,active,Enterprise,1194,true
2023-05-01,A-f17767,active,Basic,38,true
2023-06-01,A-f17767,active,Basic,38,true
2023-07-01,A-f17767,active,Pro,441,true
2023-08-01,A-f17767,active,Pro,441,true
2023-09-01,A-f17767,active,Pro,1274,false
2023-10-01,A-f17767,active,Pro,1274,true
2023-11-01,A-f17767,active,Pro,1127,true
2023-12-01,A-f17767,active,Enterprise,7761,true
2024-01-01,A-f17767,active,Pro,539,true
2024-02-01,A-f17767,active,Pro,1078,true
2024-03-01,A-f17767,active,Pro,441,true
2024-04-01,A-f17767,active,Pro,441,true
2024-05-01,A-f17767,active,Pro,441,true
2024-06-01,A-f17767,active,Pro,441,true
2024-07-01,A-f17767,active,Pro,441,true
2024-08-01,A-f17767,active,Pro,588,true
2024-09-01,A-f17767,active,Pro,588,true
2024-10-01,A-f17767,active,Pro,588,true
2024-11-01,A-f17767,active,Pro,588,false
2024-12-01,A-f17767,active,Pro,735,true
2023-04-01,A-f19409,active,Pro,2156,false
2023-05-01,A-f19409,active,Pro,2156,true
2023-06-01,A-f19409,active,Pro,2156,true
2023-07-01,A-f19409,active,Pro,2156,true
2023-08-01,A-f19409,active,Enterprise,4577,true
2023-09-01,A-f19409,active,Pro,1666,true
2023-10-01,A-f19409,active,Pro,1666,true
2023-11-01,A-f19409,active,Pro,1666,true
2023-12-01,A-f19409,active,Pro,1666,true
2024-01-01,A-f19409,active,Pro,1666,true
2024-02-01,A-f19409,active,Pro,1666,false
2024-03-01,A-f19409,active,Pro,1666,true
2024-04-01,A-f19409,active,Pro,1127,true
2024-05-01,A-f19409,active,Pro,1127,true
2024-06-01,A-f19409,active,Basic,1127,true
2024-07-01,A-f19409,active,Basic,1127,true
2024-08-01,A-f19409,active,Enterprise,4577,true
2024-09-01,A-f19409,active,Pro,1127,true
2024-10-01,A-f19409,active,Pro,1127,true
2024-11-01,A-f19409,active,Pro,1127,true
2024-12-01,A-f19409,active,Basic,665,true
2024-03-01,A-f19b24,active,Pro,1421,false
2024-04-01,A-f19b24,active,Pro,1421,false
2024-05-01,A-f19b24,active,Pro,1421,true
2024-06-01,A-f19b24,active,Pro,1421,false
2024-07-01,A-f19b24,active,Pro,1421,false
2024-08-01,A-f19b24,active,Basic,551,false
2024-09-01,A-f19b24,active,Basic,551,false
2024-10-01,A-f19b24,active,Basic,551,true
2024-11-01,A-f19b24,active,Basic,551,true
2024-12-01,A-f19b24,active,Basic,551,false
2023-07-01,A-f1f639,active,Basic,95,true
2023-08-01,A-f1f639,active,Enterprise,995,true
2023-09-01,A-f1f639,active,Enterprise,995,false
2023-10-01,A-f1f639,active,Enterprise,995,true
2023-11-01,A-f1f639,active,Enterprise,995,false
2023-12-01,A-f1f639,active,Enterprise,995,false
2024-01-01,A-f1f639,active,Basic,38,false
2024-02-01,A-f1f639,active,Basic,38,false
2024-03-01,A-f1f639,active,Basic,38,false
2024-04-01,A-f1f639,active,Basic,38,false
2024-05-01,A-f1f639,active,Basic,38,false
2024-06-01,A-f1f639,active,Basic,38,true
2024-07-01,A-f1f639,active,Basic,38,false
2024-08-01,A-f1f639,active,Basic,38,false
2024-09-01,A-f1f639,active,Enterprise,1791,true
2024-10-01,A-f1f639,active,Enterprise,1791,true
2024-11-01,A-f1f639,active,Enterprise,1791,false
2024-12-01,A-f1f639,active,Enterprise,1791,true
2024-05-01,A-f25509,active,Enterprise,6368,false
2024-06-01,A-f25509,active,Enterprise,6368,true
2024-07-01,A-f25509,active,Enterprise,6368,true
2024-08-01,A-f25509,active,Enterprise,6368,true
2024-09-01,A-f25509,active,Enterprise,6368,true
2024-10-01,A-f25509,active,Pro,2303,false
2024-11-01,A-f25509,active,Pro,2303,false
2024-12-01,A-f25509,active,Basic,1083,true
2024-08-01,A-f3ff05,active,Pro,196,false
2024-09-01,A-f3ff05,active,Pro,1715,true
2024-10-01,A-f3ff05,active,Enterprise,9552,true
2024-11-01,A-f3ff05,active,Pro,196,true
2024-12-01,A-f3ff05,active,Basic,570,true
2023-03-01,A-f44180,active,Enterprise,1791,true
2023-04-01,A-f44180,active,Enterprise,2786,true
2023-05-01,A-f44180,active,Enterprise,17711,true
2023-06-01,A-f44180,active,Enterprise,17711,true
2023-07-01,A-f44180,active,Enterprise,17711,true
2023-08-01,A-f44180,active,Enterprise,1791,false
2023-09-01,A-f44180,active,Enterprise,1791,true
2023-10-01,A-f44180,active,Enterprise,1791,true
2023-11-01,A-f44180,active,Enterprise,1791,true
2023-12-01,A-f44180,active,Enterprise,1791,true
2024-01-01,A-f44180,active,Enterprise,1791,true
2024-02-01,A-f44180,active,Enterprise,1791,true
2024-03-01,A-f44180,active,Enterprise,1791,true
2024-04-01,A-f44180,active,Enterprise,1791,true
2024-05-01,A-f44180,active,Enterprise,1791,true
2024-06-01,A-f44180,active,Enterprise,441,false
2024-07-01,A-f44180,active,Enterprise,441,true
2024-08-01,A-f44180,active,Enterprise,441,true
2024-09-01,A-f44180,active,Enterprise,441,false
2024-10-01,A-f44180,active,Enterprise,441,true
2024-11-01,A-f44180,active,Enterprise,441,true
2024-12-01,A-f44180,trial,Basic,0,true
2023-05-01,A-f446b6,active,Basic,570,false
2023-06-01,A-f446b6,active,Basic,570,false
2023-07-01,A-f446b6,active,Basic,570,true
2023-08-01,A-f446b6,active,Basic,570,true
2023-09-01,A-f446b6,active,Basic,228,true
2023-10-01,A-f446b6,active,Basic,228,true
2023-11-01,A-f446b6,active,Basic,228,false
2023-12-01,A-f446b6,active,Basic,228,true
2024-01-01,A-f446b6,active,Enterprise,3582,true
2024-02-01,A-f446b6,active,Enterprise,1393,true
2024-03-01,A-f446b6,active,Enterprise,1393,true
2024-04-01,A-f446b6,active,Pro,2597,false
2024-05-01,A-f446b6,active,Pro,2597,true
2024-06-01,A-f446b6,active,Pro,2597,true
2024-07-01,A-f446b6,active,Enterprise,2587,true
2024-08-01,A-f446b6,active,Enterprise,2587,false
2024-09-01,A-f446b6,active,Basic,95,false
2024-10-01,A-f446b6,active,Basic,95,true
2024-11-01,A-f446b6,active,Basic,95,true
2024-12-01,A-f446b6,active,Basic,95,true
2024-08-01,A-f45426,active,Basic,380,false
2024-09-01,A-f45426,active,Enterprise,1791,true
2024-10-01,A-f45426,active,Basic,171,true
2024-11-01,A-f45426,active,Pro,833,true
2024-12-01,A-f45426,active,Pro,441,true
2024-02-01,A-f51f16,active,Basic,76,true
2024-03-01,A-f51f16,active,Pro,2940,true
2024-04-01,A-f51f16,active,Enterprise,49,true
2024-05-01,A-f51f16,active,Enterprise,7761,false
2024-06-01,A-f51f16,active,Enterprise,7761,true
2024-07-01,A-f51f16,active,Enterprise,7761,true
2024-08-01,A-f51f16,active,Basic,38,true
2024-09-01,A-f51f16,active,Basic,38,true
2024-10-01,A-f51f16,active,Basic,38,true
2024-11-01,A-f51f16,active,Basic,38,true
2024-12-01,A-f51f16,active,Basic,38,true
2024-04-01,A-f5641b,active,Enterprise,6169,true
2024-05-01,A-f5641b,active,Enterprise,6169,true
2024-06-01,A-f5641b,active,Basic,6169,false
2024-07-01,A-f5641b,active,Pro,1519,true
2024-08-01,A-f5641b,active,Enterprise,6169,true
2024-09-01,A-f5641b,active,Enterprise,6169,false
2024-10-01,A-f5641b,active,Pro,1862,false
2024-11-01,A-f5641b,active,Basic,589,true
2024-12-01,A-f5641b,active,Enterprise,8955,true
2024-05-01,A-f6b2fb,active,Pro,1127,false
2024-06-01,A-f6b2fb,active,Enterprise,4577,true
2024-07-01,A-f6b2fb,active,Pro,1127,true
2024-08-01,A-f6b2fb,active,Basic,437,true
2024-09-01,A-f6b2fb,active,Basic,437,true
2024-10-01,A-f6b2fb,active,Enterprise,1127,true
2024-11-01,A-f6b2fb,active,Basic,437,false
2024-12-01,A-f6b2fb,active,Basic,437,true
2024-07-01,A-f92792,active,Pro,1274,false
2024-08-01,A-f92792,active,Enterprise,6965,true
2024-09-01,A-f92792,active,Enterprise,4776,true
2024-10-01,A-f92792,active,Pro,735,true
2024-11-01,A-f92792,active,Basic,57,true
2024-12-01,A-f92792,active,Basic,361,true
2023-09-01,A-f97b9a,trial,Enterprise,0,true
2023-10-01,A-f97b9a,trial,Enterprise,0,true
2023-11-01,A-f97b9a,trial,Enterprise,0,true
2023-12-01,A-f97b9a,active,Enterprise,3781,true
2024-01-01,A-f97b9a,active,Enterprise,3781,true
2024-02-01,A-f97b9a,active,Enterprise,3781,true
2024-03-01,A-f97b9a,active,Enterprise,3781,true
2024-04-01,A-f97b9a,active,Enterprise,5970,true
2024-05-01,A-f97b9a,active,Enterprise,5970,true
2024-06-01,A-f97b9a,active,Enterprise,3184,false
2024-07-01,A-f97b9a,active,Basic,304,true
2024-08-01,A-f97b9a,active,Basic,304,true
2024-09-01,A-f97b9a,active,Basic,304,true
2024-10-01,A-f97b9a,active,Basic,304,true
2024-11-01,A-f97b9a,active,Pro,2646,true
2024-12-01,A-f97b9a,active,Pro,784,true
2024-10-01,A-f9cc74,active,Enterprise,5970,true
2024-11-01,A-f9cc74,active,Basic,570,true
2024-12-01,A-f9cc74,trial,Pro,0,true
2024-06-01,A-fa2041,active,Pro,2548,true
2024-07-01,A-fa2041,active,Basic,285,true
2024-08-01,A-fa2041,active,Pro,1029,false
2024-09-01,A-fa2041,active,Pro,1029,false
2024-10-01,A-fa2041,active,Enterprise,3582,true
2024-11-01,A-fa2041,active,Enterprise,3582,true
2024-12-01,A-fa2041,active,Pro,3582,true
2023-09-01,A-fa3095,trial,Enterprise,0,false
2023-10-01,A-fa3095,trial,Enterprise,0,true
2023-11-01,A-fa3095,trial,Enterprise,0,true
2023-12-01,A-fa3095,active,Enterprise,13930,true
2024-01-01,A-fa3095,active,Enterprise,13930,true
2024-02-01,A-fa3095,active,Enterprise,13930,true
2024-03-01,A-fa3095,active,Enterprise,13930,true
2024-04-01,A-fa3095,active,Enterprise,13930,false
2024-05-01,A-fa3095,active,Basic,1330,true
2024-06-01,A-fa3095,active,Enterprise,13930,true
2024-07-01,A-fa3095,active,Enterprise,13930,false
2024-08-01,A-fa3095,active,Enterprise,13930,true
2024-09-01,A-fa3095,active,Enterprise,13930,true
2024-10-01,A-fa3095,active,Enterprise,13930,true
2024-11-01,A-fa3095,active,Enterprise,13930,true
2024-12-01,A-fa3095,active,Basic,1330,true
2024-02-01,A-faa28c,active,Pro,3185,true
2024-03-01,A-faa28c,active,Pro,3185,true
2024-04-01,A-faa28c,active,Pro,3185,true
2024-05-01,A-faa28c,active,Enterprise,3185,true
2024-06-01,A-faa28c,active,Basic,912,true
2024-07-01,A-faa28c,active,Basic,912,true
2024-08-01,A-faa28c,active,Enterprise,9552,true
2024-09-01,A-faa28c,active,Enterprise,9552,false
2024-10-01,A-faa28c,active,Enterprise,9552,true
2024-11-01,A-faa28c,active,Enterprise,9552,true
2024-12-01,A-faa28c,active,Pro,2352,true
2024-11-01,A-fabe19,active,Enterprise,995,false
2024-12-01,A-fabe19,active,Enterprise,4577,true
2024-11-01,A-fb186e,trial,Basic,0,false
2024-12-01,A-fb186e,active,Enterprise,5771,false
2024-09-01,A-fce879,active,Basic,627,false
2024-10-01,A-fce879,active,Enterprise,3781,true
2024-11-01,A-fce879,active,Enterprise,3781,true
2024-12-01,A-fce879,active,Basic,399,false
2024-11-01,A-fd7ad3,active,Pro,49,true
2024-12-01,A-fd7ad3,active,Basic,551,false
2024-05-01,A-fd9422,active,Enterprise,11542,true
2024-06-01,A-fd9422,active,Enterprise,11542,true
2024-07-01,A-fd9422,active,Enterprise,11542,true
2024-08-01,A-fd9422,active,Basic,1102,true
2024-09-01,A-fd9422,active,Basic,1102,true
2024-10-01,A-fd9422,active,Basic,1102,true
2024-11-01,A-fd9422,active,Enterprise,11542,true
2024-12-01,A-fd9422,active,Pro,2842,true
2024-08-01,A-fda07f,active,Enterprise,2786,true
2024-09-01,A-fda07f,active,Basic,133,true
2024-10-01,A-fda07f,trial,Pro,0,true
2024-11-01,A-fda07f,active,Pro,343,true
2024-12-01,A-fda07f,active,Basic,266,true
2023-07-01,A-fdfc91,active,Basic,551,false
2023-08-01,A-fdfc91,active,Basic,551,true
2023-09-01,A-fdfc91,active,Basic,551,true
2023-10-01,A-fdfc91,active,Basic,551,true
2023-11-01,A-fdfc91,active,Basic,551,true
2023-12-01,A-fdfc91,active,Basic,551,true
2024-01-01,A-fdfc91,active,Basic,551,true
2024-02-01,A-fdfc91,active,Basic,551,true
2024-03-01,A-fdfc91,active,Pro,1421,false
2024-04-01,A-fdfc91,active,Pro,1421,true
2024-05-01,A-fdfc91,active,Pro,1421,true
2024-06-01,A-fdfc91,active,Pro,1421,true
2024-07-01,A-fdfc91,active,Pro,1421,true
2024-08-01,A-fdfc91,active,Enterprise,9353,true
2024-09-01,A-fdfc91,active,Basic,2109,true
2024-10-01,A-fdfc91,active,Basic,2109,false
2024-11-01,A-fdfc91,active,Basic,2109,true
2024-12-01,A-fdfc91,active,Basic,2109,false
2024-03-01,A-fe79a5,trial,Basic,0,true
2024-04-01,A-fe79a5,trial,Enterprise,0,true
2024-05-01,A-fe79a5,active,Enterprise,1791,true
2024-06-01,A-fe79a5,active,Enterprise,1791,true
2024-07-01,A-fe79a5,active,Enterprise,1791,true
2024-08-01,A-fe79a5,active,Enterprise,1791,true
2024-09-01,A-fe79a5,active,Enterprise,4577,true
2024-10-01,A-fe79a5,active,Enterprise,4577,true
2024-11-01,A-fe79a5,active,Enterprise,1791,true
2024-12-01,A-fe79a5,active,Enterprise,1791,true
2023-04-01,A-ff3c73,active,Basic,1254,true
2023-05-01,A-ff3c73,active,Basic,1254,true
2023-06-01,A-ff3c73,active,Basic,399,true
2023-07-01,A-ff3c73,active,Basic,399,true
2023-08-01,A-ff3c73,active,Basic,399,true
2023-09-01,A-ff3c73,active,Basic,399,true
2023-10-01,A-ff3c73,trial,Enterprise,0,true
2023-11-01,A-ff3c73,trial,Enterprise,0,true
2023-12-01,A-ff3c73,trial,Enterprise,0,false
2024-01-01,A-ff3c73,trial,Enterprise,0,true
2024-02-01,A-ff3c73,trial,Enterprise,0,true
2024-03-01,A-ff3c73,trial,Enterprise,0,true
2024-04-01,A-ff3c73,trial,Enterprise,0,false
2024-05-01,A-ff3c73,trial,Enterprise,0,true
2024-06-01,A-ff3c73,trial,Enterprise,0,true
2024-07-01,A-ff3c73,trial,Enterprise,0,true
2024-08-01,A-ff3c73,trial,Enterprise,0,true
2024-09-01,A-ff3c73,active,Basic,399,false
2024-10-01,A-ff3c73,active,Basic,399,true
2024-11-01,A-ff3c73,active,Basic,399,true
2024-12-01,A-ff3c73,active,Basic,399,true
2024-05-01,A-ff79f2,active,Basic,228,true
2024-06-01,A-ff79f2,active,Basic,228,true
2024-07-01,A-ff79f2,active,Pro,490,true
2024-08-01,A-ff79f2,active,Pro,490,false
2024-09-01,A-ff79f2,active,Enterprise,4577,true
2024-10-01,A-ff79f2,active,Basic,1007,true
2024-11-01,A-ff79f2,active,Basic,684,true
2024-12-01,A-ff79f2,active,Enterprise,3781,false
2024-06-01,A-ffc04f,active,Enterprise,2587,true
2024-07-01,A-ffc04f,active,Pro,2695,true
2024-08-01,A-ffc04f,active,Pro,2695,true
2024-09-01,A-ffc04f,trial,Enterprise,0,true
2024-10-01,A-ffc04f,active,Pro,980,true
2024-11-01,A-ffc04f,active,Pro,2009,true
2024-12-01,A-ffc04f,active,Basic,247,true
2024-04-01,A-ffdfd5,active,Pro,539,false
2024-05-01,A-ffdfd5,active,Pro,539,true
2024-06-01,A-ffdfd5,active,Basic,399,true
2024-07-01,A-ffdfd5,active,Basic,399,true
2024-08-01,A-ffdfd5,active,Basic,570,true
2024-09-01,A-ffdfd5,active,Pro,4508,true
2024-10-01,A-ffdfd5,active,Enterprise,796,true
2024-11-01,A-ffdfd5,active,Enterprise,5970,true
2024-12-01,A-ffdfd5,churned,Pro,147,true