usage_id,account_id,subscription_key,usage_date,feature_name,usage_count,usage_duration_secs,error_count,is_beta_feature
U-f7fde8,A-00bed1,S-289702,2024-03-27,feature_35,8,1832,0,false
U-c7b4be,A-00bed1,S-289702,2024-06-19,feature_28,8,2440,3,false
U-7765ff,A-00bed1,S-3fbf9e,2024-09-06,feature_39,10,1500,0,false
U-0edd6b,A-00bed1,S-3fbf9e,2024-07-22,feature_2,9,4635,0,false
U-6933d4,A-00bed1,S-3fbf9e,2024-05-10,feature_33,6,2022,2,false
U-48f373,A-00bed1,S-3fbf9e,2024-09-09,feature_14,12,4668,0,false
U-7d0a16,A-00bed1,S-4a724b,2024-07-22,feature_28,5,2150,4,false
U-12364a,A-00bed1,S-4a724b,2024-08-28,feature_17,11,814,0,false
U-6f21e2,A-00bed1,S-4a724b,2024-07-11,feature_31,8,2456,0,false
U-7682b2,A-00bed1,S-585d4c,2023-12-20,feature_40,8,1496,0,false
U-dafe49,A-00bed1,S-585d4c,2024-04-29,feature_24,11,5962,1,false
U-5df018,A-00bed1,S-585d4c,2024-04-25,feature_4,6,2082,1,false
U-266aec,A-00bed1,S-585d4c,2023-12-10,feature_24,11,2002,0,false
U-af6c21,A-00bed1,S-585d4c,2024-07-20,feature_1,16,4448,2,true
U-9e7fff,A-00bed1,S-64fba3,2024-09-28,feature_2,11,1111,0,false
U-d72fbe,A-00bed1,S-64fba3,2024-03-01,feature_6,13,7384,0,false
U-7a436e,A-00bed1,S-64fba3,2023-12-11,feature_37,9,1521,0,false
U-705b2c,A-00bed1,S-64fba3,2024-07-25,feature_32,10,4340,0,false
U-1a8771,A-00bed1,S-64fba3,2024-04-08,feature_37,13,4277,0,false
U-c85d35,A-00bed1,S-76a214,2024-11-01,feature_21,9,1143,3,false
U-338e55,A-00bed1,S-76a214,2024-12-14,feature_33,13,1170,0,false
U-9e00b7,A-00bed1,S-7f9ce5,2024-11-20,feature_40,9,3222,1,false
U-9dd314,A-00bed1,S-7f9ce5,2024-04-17,feature_31,10,3670,1,false
U-1192d4,A-00bed1,S-7f9ce5,2024-01-23,feature_7,9,927,1,false
U-69a6be,A-00bed1,S-a7360b,2024-10-17,feature_10,14,6706,0,false
U-0247f6,A-00bed1,S-a7360b,2024-04-03,feature_31,9,4203,0,false
U-675efa,A-00bed1,S-a7360b,2024-02-26,feature_22,12,4068,0,false
U-f4f2e7,A-00bed1,S-a86344,2024-08-30,feature_16,8,200,0,false
U-0caad1,A-00bed1,S-a86344,2024-01-29,feature_21,12,6180,0,false
U-c5f0ce,A-00bed1,S-a86344,2024-10-10,feature_33,7,273,0,false
U-bdde15,A-00bed1,S-f3dd83,2024-03-24,feature_11,9,3933,0,false
U-a8e926,A-00bed1,S-f3dd83,2023-11-22,feature_14,7,462,0,false
U-1f0018,A-00cac8,S-0bdbb3,2023-11-17,feature_28,10,5790,0,false
U-fc82c9,A-00cac8,S-0bdbb3,2024-12-24,feature_11,13,2015,0,false
U-c658c0,A-00cac8,S-0bdbb3,2023-10-08,feature_35,5,1685,0,false
U-9aa452,A-00cac8,S-0bdbb3,2024-10-04,feature_26,9,1701,0,false
U-aab172,A-00cac8,S-0bdbb3,2024-09-06,feature_6,14,7448,0,false
U-fcbbeb,A-00cac8,S-138c41,2024-01-11,feature_27,10,3220,0,false
U-0eae0d,A-00cac8,S-138c41,2024-04-29,feature_34,13,3679,3,false
U-704fcc,A-00cac8,S-138c41,2024-03-10,feature_5,17,1955,0,false
U-e8d7f1,A-00cac8,S-138c41,2024-12-12,feature_2,15,4680,1,true
U-386be4,A-00cac8,S-138c41,2023-11-11,feature_9,9,3510,0,false
U-09feaf,A-00cac8,S-138c41,2023-11-22,feature_15,14,4914,0,false
U-86946d,A-00cac8,S-2e965d,2024-06-12,feature_8,7,1785,2,false
U-7f3a27,A-00cac8,S-2e965d,2023-12-02,feature_25,15,2190,0,false
U-34098b,A-00cac8,S-2e965d,2024-02-07,feature_16,6,1050,0,true
U-83b2cc,A-00cac8,S-4d1ba6,2024-02-14,feature_9,8,880,0,false
U-79848e,A-00cac8,S-4d1ba6,2024-05-15,feature_16,15,5715,0,false
U-deddfd,A-00cac8,S-4d1ba6,2024-07-14,feature_35,5,1545,0,false
U-cbd94d,A-00cac8,S-4d1ba6,2024-01-09,feature_16,7,3206,0,true
U-6f9d46,A-00cac8,S-761518,2024-10-11,feature_31,10,2240,0,false
U-cced51,A-00cac8,S-761518,2024-05-12,feature_39,14,462,3,false
U-8ea46c,A-00cac8,S-c0ca82,2023-11-16,feature_36,11,4422,0,false
U-044b82,A-00cac8,S-c0ca82,2024-01-04,feature_27,8,264,0,false
U-70bd0b,A-00cac8,S-c0ca82,2023-10-07,feature_24,10,1210,1,false
U-81e97a,A-00cac8,S-c46499,2023-11-29,feature_12,6,1944,0,false
U-9191e1,A-00cac8,S-c46499,2023-11-06,feature_22,17,5712,0,false
U-4db8e9,A-00cac8,S-c46499,2024-05-20,feature_35,15,3060,0,false
U-18a19e,A-00cac8,S-c46499,2024-01-30,feature_22,5,330,1,false
U-1c08fb,A-00cac8,S-c46499,2024-01-25,feature_18,10,1410,1,false
U-469b38,A-00cac8,S-c46499,2024-07-12,feature_11,10,4750,0,false
U-0351b2,A-00cac8,S-dcae52,2024-06-07,feature_37,6,714,0,false
U-0fdc8f,A-00cac8,S-ebfbbe,2024-04-06,feature_14,13,1508,0,false
U-fe5c6f,A-00cac8,S-ebfbbe,2024-01-29,feature_10,11,4235,0,false
U-1e8a95,A-00cac8,S-ebfbbe,2024-01-03,feature_39,8,2784,0,false
U-47dcc5,A-00cac8,S-ebfbbe,2024-06-23,feature_31,12,3516,2,false
U-f5abca,A-00cac8,S-ebfbbe,2024-02-04,feature_31,7,973,0,false
U-d7c093,A-00cac8,S-ebfbbe,2024-08-10,feature_21,12,6936,2,true
U-4ed20c,A-0158bb,S-3fe1c3,2024-08-14,feature_16,7,3556,0,false
U-4d6b3e,A-0158bb,S-3fe1c3,2024-07-30,feature_31,16,3584,1,false
U-5633aa,A-0158bb,S-66f0d0,2024-09-07,feature_15,10,5480,0,true
U-3696a1,A-0158bb,S-66f0d0,2024-12-03,feature_11,8,4144,0,false
U-603af5,A-0158bb,S-b12284,2024-11-27,feature_31,7,1463,0,false
U-f29716,A-0158bb,S-b12284,2024-09-20,feature_2,7,847,1,false
U-116cdb,A-0158bb,S-b12284,2024-12-28,feature_30,10,410,0,false
U-a91841,A-0158bb,S-ba69a4,2024-09-21,feature_18,7,1946,0,false
U-165259,A-0158bb,S-fb9972,2024-08-09,feature_12,12,1236,2,false
U-038d42,A-0158bb,S-fb9972,2024-09-18,feature_26,8,4632,0,false
U-3d260f,A-0158bb,S-fb9972,2024-06-04,feature_31,7,2324,0,false
U-9df0f3,A-016043,S-0abd10,2024-09-04,feature_40,12,1608,0,false
U-1b2ae0,A-016043,S-0e1d53,2024-12-31,feature_23,12,1572,0,false
U-5762c4,A-016043,S-2c52b6,2024-10-01,feature_39,10,630,0,false
U-1df9d4,A-016043,S-463525,2024-10-05,feature_14,13,364,0,false
U-203929,A-016043,S-463525,2024-10-20,feature_27,16,832,1,false
U-649cec,A-016043,S-d54349,2024-12-25,feature_33,12,3456,2,false
U-394896,A-019782,S-15662a,2024-12-16,feature_29,9,3096,3,false
U-f261ee,A-019782,S-15662a,2023-06-24,feature_11,5,305,0,false
U-9da92a,A-019782,S-2fd650,2024-03-10,feature_15,11,3201,0,false
U-4579ec,A-019782,S-2fd650,2023-07-14,feature_14,12,1056,1,false
U-c22ad5,A-019782,S-2fd650,2024-09-13,feature_10,9,1836,0,false
U-d6b70a,A-019782,S-2fd650,2024-09-24,feature_33,10,1500,0,false
U-33030a,A-019782,S-2fd650,2023-06-16,feature_32,8,728,0,false
U-c2f072,A-019782,S-2fd650,2024-06-23,feature_28,10,4580,1,false
U-370b72,A-019782,S-3ea3af,2024-08-22,feature_6,12,1320,0,false
U-7141c4,A-019782,S-3ea3af,2024-08-26,feature_29,9,1053,1,false
U-477ca5,A-019782,S-3ea3af,2024-07-30,feature_36,11,6171,0,false
U-d18474,A-019782,S-3ea3af,2024-02-14,feature_36,8,4432,0,false
U-82719f,A-019782,S-3ea3af,2023-07-25,feature_5,11,3190,0,false
U-be9347,A-019782,S-3ec165,2023-08-16,feature_23,15,795,0,false
U-028818,A-019782,S-3ec165,2024-04-21,feature_23,13,7761,0,false
U-509395,A-019782,S-3ec165,2024-10-07,feature_31,12,288,1,false
U-d547cb,A-019782,S-3ec165,2024-03-03,feature_33,5,850,0,false
U-2eba75,A-019782,S-3ec165,2023-11-12,feature_5,11,1551,0,false
U-120ad0,A-019782,S-7820a5,2024-11-28,feature_23,9,4284,0,false
U-94e639,A-019782,S-7820a5,2024-11-10,feature_17,4,844,1,false
U-0282eb,A-019782,S-7820a5,2023-08-27,feature_6,21,2940,1,false
U-2322be,A-019782,S-7820a5,2023-10-21,feature_20,19,893,1,false
U-5bf612,A-019782,S-7820a5,2023-08-03,feature_9,13,5187,0,false
U-72c414,A-019782,S-b37d03,2024-04-04,feature_19,11,726,0,true
U-bf2e29,A-019782,S-b37d03,2024-02-17,feature_3,4,656,0,false
U-8d4165,A-019782,S-b37d03,2024-08-18,feature_38,10,3530,0,false
U-7b0d54,A-019782,S-b37d03,2023-07-09,feature_40,12,756,0,false
U-45c9b3,A-019782,S-b37d03,2024-10-15,feature_27,11,2563,0,false
U-2ca09b,A-019782,S-b6e44c,2023-06-25,feature_17,9,2781,4,false
U-de0fa2,A-019782,S-b6e44c,2024-06-09,feature_28,12,6768,0,false
U-610120,A-019782,S-b6e44c,2024-12-15,feature_29,11,946,1,true
U-08483a,A-019782,S-b6e44c,2024-08-04,feature_9,11,5610,0,false
U-a7ae35,A-019782,S-b6e44c,2024-12-20,feature_19,8,2600,0,false
U-1a40ab,A-019782,S-b7f657,2024-01-11,feature_27,12,5220,3,false
U-c402c5,A-019782,S-b7f657,2023-08-05,feature_16,12,6276,0,false
U-9cfca0,A-019782,S-b7f657,2023-07-15,feature_18,12,4152,0,false
U-bff14b,A-019782,S-b7f657,2024-02-07,feature_32,4,2012,0,false
U-fb470f,A-019782,S-b7f657,2024-02-28,feature_7,7,1344,0,false
U-317b04,A-019782,S-f018e9,2024-09-01,feature_4,14,7574,1,false
U-1b7a35,A-019782,S-f018e9,2023-11-07,feature_20,4,2272,0,false
U-580c63,A-019782,S-f018e9,2024-05-23,feature_31,14,4396,3,false
U-4e98f1,A-019782,S-f018e9,2024-03-16,feature_34,16,4016,0,false
U-65c0af,A-019782,S-f018e9,2024-08-12,feature_20,10,4280,0,false
U-46d345,A-019782,S-f018e9,2023-06-29,feature_35,8,4144,0,false
U-772494,A-019782,S-f018e9,2024-08-24,feature_27,14,3808,2,true
U-6c9be6,A-029f69,S-21c164,2024-08-11,feature_36,7,525,0,false
U-336816,A-029f69,S-37d13a,2024-09-17,feature_14,10,60,0,false
U-26cdf8,A-029f69,S-37d13a,2024-06-29,feature_37,5,1165,0,false
U-8d790c,A-029f69,S-3ceff3,2024-08-04,feature_31,9,2781,0,true
U-944bca,A-029f69,S-3ceff3,2024-09-01,feature_36,9,4581,2,false
U-570029,A-029f69,S-3ceff3,2024-09-23,feature_36,7,4032,0,false
U-704e38,A-029f69,S-3ceff3,2024-12-17,feature_20,11,2233,5,false
U-fb966c,A-029f69,S-3ceff3,2024-08-07,feature_12,10,2790,1,false
U-45070e,A-029f69,S-41871d,2024-10-17,feature_12,11,1606,3,false
U-52901f,A-029f69,S-41871d,2024-07-29,feature_7,9,4599,0,false
U-1edc0f,A-029f69,S-9eeb7e,2024-05-23,feature_1,8,1160,1,false
U-5c4411,A-029f69,S-9eeb7e,2024-07-13,feature_22,8,4320,0,false
U-c5d688,A-029f69,S-9eeb7e,2024-08-09,feature_32,9,81,0,false
U-668ae8,A-029f69,S-b250cc,2024-05-14,feature_38,12,2664,0,false
U-539a94,A-029f69,S-b250cc,2024-12-31,feature_33,11,4389,0,true
U-a2bde3,A-029f69,S-c2c197,2024-07-02,feature_29,6,78,2,true
U-7153bb,A-029f69,S-c2c197,2024-09-09,feature_25,4,1976,0,false
U-494e52,A-029f69,S-dcc1a5,2024-11-19,feature_23,5,90,0,false
U-ebcc07,A-029f69,S-dcc1a5,2024-09-03,feature_19,21,10143,0,false
U-8ed837,A-029f69,S-f967c2,2024-05-10,feature_1,9,1089,1,false
U-bc3471,A-02cd81,S-18b1f9,2024-12-26,feature_16,12,1920,0,false
U-27fcc4,A-02cd81,S-18b1f9,2024-12-11,feature_27,2,630,2,false
U-48a4b3,A-02cd81,S-18b1f9,2024-11-26,feature_34,11,5533,1,false
U-e1079d,A-02cd81,S-32d874,2024-09-12,feature_25,9,909,0,false
U-f81836,A-02cd81,S-32d874,2024-09-01,feature_37,10,4840,0,false
U-357ffc,A-02cd81,S-32d874,2024-04-02,feature_5,11,4048,1,false
U-f9c81a,A-02cd81,S-461988,2024-10-06,feature_36,5,1545,0,false
U-d28875,A-02cd81,S-461988,2024-04-24,feature_24,11,3421,1,false
U-8669a9,A-02cd81,S-461988,2024-09-01,feature_14,7,805,0,true
U-981c43,A-02cd81,S-567f8f,2024-07-12,feature_1,11,3795,0,false
U-cf7ea6,A-02cd81,S-567f8f,2024-06-23,feature_13,10,2640,0,false
U-1d5467,A-02cd81,S-567f8f,2024-04-13,feature_32,8,2784,0,false
U-191881,A-02cd81,S-567f8f,2024-11-10,feature_5,8,1136,0,false
U-6c5072,A-02cd81,S-700036,2024-05-24,feature_4,11,6303,0,false
U-ddf3b1,A-02cd81,S-700036,2024-07-30,feature_23,8,2664,1,false
U-585c68,A-02cd81,S-700036,2024-05-17,feature_2,7,3164,0,false
U-c8a3ec,A-02cd81,S-7c1eb7,2024-10-02,feature_22,12,3492,0,false
U-dc3ea4,A-02cd81,S-936fa3,2024-07-13,feature_19,12,3276,0,false
U-7a5ee8,A-02cd81,S-9b96c2,2024-04-13,feature_32,6,1170,0,false
U-6e7487,A-02cd81,S-afc43d,2024-10-24,feature_19,10,5790,3,false
U-ff1053,A-02cd81,S-afc43d,2024-07-10,feature_32,12,2916,0,false
U-2be8a5,A-02cd81,S-afc43d,2024-05-12,feature_33,9,954,0,false
U-41cb79,A-02cd81,S-b95751,2024-04-14,feature_22,8,1912,0,false
U-4c74bf,A-02cd81,S-bc4da7,2024-08-04,feature_20,10,2140,2,false
U-1f979c,A-02cd81,S-bc4da7,2024-08-02,feature_3,5,1795,0,false
U-823fa5,A-02cd81,S-bc4da7,2024-09-25,feature_10,13,1924,2,false
U-1070cd,A-02cd81,S-bc4da7,2024-09-29,feature_16,9,3528,0,false
U-8a0016,A-02cd81,S-bc4da7,2024-08-04,feature_32,9,3744,0,false
U-00ec84,A-02cd81,S-f6f97e,2024-09-11,feature_16,8,4072,0,false
U-11d500,A-02cd81,S-f6f97e,2024-07-31,feature_5,11,2497,0,false
U-b0d8e7,A-02cd81,S-f6f97e,2024-08-08,feature_13,5,560,0,false
U-cdb018,A-02fac6,S-020222,2024-10-21,feature_28,9,2745,0,false
U-6a9e7e,A-02fac6,S-020222,2024-12-16,feature_13,5,560,0,false
U-131c5f,A-02fac6,S-020222,2024-03-20,feature_21,11,6094,1,false
U-c3c0c7,A-02fac6,S-020222,2024-08-12,feature_25,12,1428,1,false
U-4997db,A-02fac6,S-33eb1d,2023-12-24,feature_23,6,1494,0,true
U-5f41d3,A-02fac6,S-33eb1d,2024-11-14,feature_19,8,936,0,false
U-8a0d40,A-02fac6,S-33eb1d,2023-11-18,feature_40,11,3311,0,false
U-cfc34b,A-02fac6,S-33eb1d,2023-12-09,feature_15,5,1435,3,false
U-8dd0e2,A-02fac6,S-52119f,2024-10-29,feature_39,14,6510,0,false
U-31bc62,A-02fac6,S-52119f,2024-08-15,feature_36,12,4404,0,false
U-10c1e4,A-02fac6,S-52119f,2023-11-11,feature_14,6,3324,0,false
U-25acaf,A-02fac6,S-52119f,2023-11-06,feature_7,8,4312,2,false
U-f42496,A-02fac6,S-52119f,2024-11-27,feature_29,15,5025,0,false
U-49a92e,A-02fac6,S-52119f,2024-12-07,feature_1,6,1788,0,false
U-76d29c,A-02fac6,S-60b7c7,2024-03-09,feature_24,15,5370,1,false
U-f1d7a0,A-02fac6,S-60b7c7,2024-07-14,feature_1,14,5278,0,false
U-4bdaa4,A-02fac6,S-60b7c7,2024-12-27,feature_16,10,2520,0,false
U-6278a1,A-02fac6,S-60b7c7,2024-05-22,feature_17,12,2796,0,false
U-73e973,A-02fac6,S-60b7c7,2024-07-25,feature_24,8,3352,0,false
U-f0d714,A-02fac6,S-74a274,2024-02-11,feature_18,7,2940,0,false
U-6d8964,A-02fac6,S-74a274,2024-11-03,feature_23,12,7128,2,false
U-78ffce,A-02fac6,S-9e15d0,2024-02-05,feature_37,10,1730,0,false
U-09e908,A-02fac6,S-a408fe,2024-06-22,feature_16,12,4140,1,true
U-7d2663,A-02fac6,S-a408fe,2024-12-17,feature_6,11,2145,0,true
U-9594d5,A-02fac6,S-a408fe,2023-11-01,feature_16,7,364,0,false
U-bba792,A-02fac6,S-a408fe,2024-04-30,feature_25,9,2097,0,false
U-6a440d,A-02fac6,S-a408fe,2024-11-19,feature_38,11,3817,0,false
U-42fbbf,A-02fac6,S-b48787,2024-12-27,feature_29,5,2165,0,false
U-c71b2d,A-02fac6,S-b48787,2023-11-07,feature_29,16,7328,0,false
U-fd8852,A-02fac6,S-b48787,2024-01-13,feature_15,8,3600,1,false
U-859c70,A-02fac6,S-b48787,2024-02-17,feature_12,2,824,2,false
U-67c1db,A-02fac6,S-d91908,2024-12-11,feature_40,7,3780,0,false
U-119c25,A-02fac6,S-d91908,2023-11-19,feature_34,8,2080,1,false
U-65bd30,A-02fac6,S-f45fe3,2023-12-21,feature_20,9,675,0,false
U-622883,A-02fac6,S-f45fe3,2023-10-27,feature_24,15,5430,1,false
U-22e5a9,A-02fac6,S-f95951,2024-05-08,feature_38,11,3168,0,false
U-f0c12d,A-02fac6,S-f95951,2024-01-30,feature_32,9,387,2,false
U-0eeabf,A-034368,S-2a312e,2024-11-18,feature_12,15,5955,5,false
U-dee041,A-034368,S-639754,2024-09-30,feature_32,15,5025,0,false
U-78a4ca,A-034368,S-8f2b13,2024-10-15,feature_20,8,2528,0,false
U-2f975c,A-034368,S-8f2b13,2024-08-31,feature_13,11,1012,0,false
U-5bb627,A-034368,S-8f2b13,2024-09-16,feature_8,11,5445,0,false
U-5a9e42,A-034368,S-c77f0c,2024-04-09,feature_13,5,685,1,true
U-70aa1f,A-034368,S-c77f0c,2024-04-21,feature_33,12,7200,0,false
U-696ca9,A-034368,S-c77f0c,2024-07-18,feature_16,7,469,4,false
U-d2b0b6,A-034368,S-cc80ee,2024-12-13,feature_30,7,2415,0,false
U-38513b,A-034368,S-cc80ee,2024-07-03,feature_27,10,4620,0,false
U-7301af,A-034368,S-cc80ee,2024-04-03,feature_29,6,1632,3,false
U-fd2155,A-034368,S-cc80ee,2024-07-25,feature_35,8,904,0,true
U-9bc281,A-034368,S-cc80ee,2023-12-17,feature_3,9,1251,0,true
U-eb9cb5,A-0354fe,S-487d18,2024-12-26,feature_16,10,2570,2,false
U-44c995,A-0354fe,S-9ea111,2024-11-16,feature_35,9,1269,0,false
U-5efa71,A-0354fe,S-ab63e3,2024-12-31,feature_37,10,2380,0,false
U-e008f9,A-0354fe,S-ab63e3,2024-12-09,feature_8,21,9303,1,false
U-7aba14,A-0354fe,S-c8fd93,2024-11-26,feature_9,8,3160,0,false
U-29f433,A-038089,S-7003c5,2024-08-25,feature_30,15,2265,0,true
U-79ad8a,A-038089,S-c3472f,2024-08-17,feature_37,12,4596,0,false
U-f80bcd,A-038089,S-c3472f,2024-09-24,feature_25,6,3042,0,false
U-649ea9,A-038089,S-fc86d6,2024-11-28,feature_35,9,2826,0,false
U-993139,A-039727,S-574b52,2024-12-05,feature_12,12,1452,0,false
U-f9b98b,A-039727,S-6da42f,2024-12-08,feature_25,7,3269,0,false
U-58c5fa,A-039727,S-a575f5,2024-11-22,feature_7,11,5203,0,false
U-a13b8e,A-039727,S-a575f5,2024-12-08,feature_38,9,3006,1,false
U-fd1654,A-039727,S-a6285f,2024-11-08,feature_23,6,3054,0,false
U-174cd8,A-039727,S-d81959,2024-12-22,feature_10,7,2485,1,false
U-0c1060,A-0532a9,S-29597a,2024-10-01,feature_2,5,2930,1,false
U-90f37b,A-0532a9,S-29597a,2024-11-02,feature_14,15,840,3,false
U-0998c2,A-0532a9,S-54b286,2024-11-13,feature_18,8,944,0,false
U-4a8def,A-0532a9,S-601bbe,2024-12-11,feature_17,9,4230,0,false
U-6a9d25,A-0532a9,S-951c06,2024-10-02,feature_26,8,2136,0,false
U-4eadad,A-0532a9,S-99af79,2024-10-12,feature_22,18,6048,0,false
U-50e5b9,A-0532a9,S-c1f8e1,2024-12-16,feature_24,10,2350,1,false
U-9006e4,A-0532a9,S-c1f8e1,2024-11-14,feature_25,5,2905,0,false
U-8908da,A-0532a9,S-dd80e4,2024-12-25,feature_14,7,1246,0,false
U-889d79,A-0532a9,S-eff018,2024-11-01,feature_14,11,2882,0,false
U-94e3e5,A-0532a9,S-eff018,2024-09-28,feature_4,6,2724,0,false
U-f9b8b8,A-054577,S-056af2,2024-11-27,feature_33,11,6017,0,true
U-ff92c7,A-054577,S-41ea32,2024-11-15,feature_1,10,3220,0,false
U-6c2a5b,A-054577,S-606d6d,2024-12-27,feature_20,11,3355,0,false
U-3b1eb1,A-054577,S-606d6d,2024-12-06,feature_30,11,407,2,false
U-9d7a8d,A-054577,S-7bebc1,2024-05-11,feature_22,8,1896,4,false
U-ba5493,A-054577,S-7bebc1,2024-11-15,feature_25,10,5240,0,false
U-215525,A-054577,S-8a37c8,2024-11-25,feature_17,9,675,0,false
U-ea0b67,A-054577,S-8a37c8,2024-12-31,feature_24,11,4356,2,false
U-27cde3,A-054577,S-8a37c8,2024-12-10,feature_38,16,7280,0,false
U-ae1eca,A-054577,S-9b8167,2024-05-30,feature_8,9,3285,0,false
U-b2adb7,A-054577,S-9b8167,2024-05-29,feature_22,10,4090,0,false
U-63977c,A-054577,S-d041d2,2024-07-01,feature_4,7,3990,0,false
U-23996a,A-054577,S-d041d2,2024-07-25,feature_27,10,900,0,false
U-c1bfed,A-054577,S-d041d2,2024-12-17,feature_14,11,6182,0,true
U-0d4642,A-054577,S-d26bbf,2024-09-08,feature_18,6,2868,0,false
U-e400f0,A-054577,S-d9d6ac,2024-05-17,feature_36,16,2752,0,false
U-873a2e,A-05d3b3,S-02508a,2024-02-23,feature_24,17,7616,1,false
U-d0caec,A-05d3b3,S-02508a,2024-10-15,feature_15,10,5090,0,true
U-7b6f55,A-05d3b3,S-02508a,2023-11-06,feature_36,5,635,0,false
U-f85bbe,A-05d3b3,S-3ee288,2024-01-06,feature_20,10,2640,0,false
U-71f29f,A-05d3b3,S-3ee288,2024-08-27,feature_33,11,5940,0,true
U-2cba02,A-05d3b3,S-3ee288,2024-07-31,feature_24,8,1576,0,false
U-ec904d,A-05d3b3,S-3ee288,2023-12-17,feature_32,15,1875,0,false
U-e3e2bf,A-05d3b3,S-3ee288,2023-10-05,feature_19,15,3990,0,false
U-d5f75a,A-05d3b3,S-474b5a,2023-12-26,feature_11,7,1036,0,false
U-286420,A-05d3b3,S-474b5a,2024-05-13,feature_13,11,6446,0,false
U-6fb893,A-05d3b3,S-474b5a,2024-11-08,feature_35,13,2483,0,false
U-19f99a,A-05d3b3,S-474b5a,2024-09-12,feature_23,9,2700,0,false
U-9245f1,A-05d3b3,S-474b5a,2024-10-26,feature_35,6,2556,0,false
U-a80294,A-05d3b3,S-5a1fc3,2024-03-21,feature_37,7,1043,3,false
U-e512cf,A-05d3b3,S-5a1fc3,2023-11-04,feature_33,8,3024,0,false
U-e2edae,A-05d3b3,S-5bc277,2024-10-17,feature_21,9,2619,0,false
U-21f777,A-05d3b3,S-5bc277,2024-05-05,feature_25,8,4568,0,true
U-2baef9,A-05d3b3,S-5bc277,2024-08-05,feature_33,5,1880,0,false
U-c9e07d,A-05d3b3,S-5bc277,2024-03-14,feature_26,11,4158,1,false
U-1edd34,A-05d3b3,S-5bc277,2024-02-21,feature_38,13,3757,0,false
U-ec4aa7,A-05d3b3,S-5bc277,2024-08-11,feature_17,8,2544,0,false
U-710f01,A-05d3b3,S-61efc1,2023-10-19,feature_26,13,3783,0,false
U-f438ba,A-05d3b3,S-61efc1,2023-12-01,feature_33,15,1950,1,false
U-d6258a,A-05d3b3,S-61efc1,2024-07-14,feature_19,11,4697,0,true
U-ba448e,A-05d3b3,S-61efc1,2024-09-23,feature_24,9,3429,0,false
U-39c3dc,A-05d3b3,S-61efc1,2024-12-05,feature_20,4,1160,0,false
U-80c963,A-05d3b3,S-672dd6,2023-10-14,feature_3,12,4368,1,false
U-05d5d6,A-05d3b3,S-672dd6,2023-07-14,feature_3,7,189,0,false
U-7e8a1c,A-05d3b3,S-81e9f1,2023-11-01,feature_4,13,6981,0,false
U-f1f552,A-05d3b3,S-81e9f1,2024-02-28,feature_32,11,2321,2,false
U-4a8b6f,A-05d3b3,S-81e9f1,2023-11-28,feature_20,12,1380,0,false
U-af2bef,A-05d3b3,S-98f176,2024-09-12,feature_10,13,2275,0,false
U-f2e1bd,A-05d3b3,S-98f176,2024-01-14,feature_35,10,4260,1,false
U-dd7f85,A-05d3b3,S-98f176,2024-03-11,feature_16,4,1888,0,false
U-fba81c,A-05d3b3,S-a3e1e3,2023-10-29,feature_1,17,6664,0,false
U-639e39,A-05d3b3,S-a3e1e3,2024-05-28,feature_2,10,2870,1,false
U-320505,A-05d3b3,S-a3e1e3,2024-06-24,feature_40,6,1188,0,false
U-d16c33,A-05d3b3,S-a3e1e3,2024-01-26,feature_32,10,1190,2,false
U-71f9dc,A-05d3b3,S-a3e1e3,2024-07-22,feature_29,7,980,0,false
U-5aa8de,A-05d3b3,S-b11cdb,2024-05-05,feature_5,10,1000,2,false
U-e2c556,A-05d3b3,S-b11cdb,2023-10-17,feature_20,6,1626,0,false
U-2ba6af,A-05d3b3,S-b11cdb,2024-06-15,feature_13,10,780,0,false
U-e7e9c3,A-05d3b3,S-b11cdb,2024-04-10,feature_23,10,790,0,false
U-b1a105,A-05d3b3,S-b11cdb,2024-09-16,feature_39,14,1288,0,false
U-ccdd58,A-05d3b3,S-c92850,2024-04-12,feature_34,17,5644,0,false
U-631936,A-05d3b3,S-c92850,2023-07-16,feature_28,13,4927,0,false
U-d1801b,A-05d3b3,S-c92850,2024-09-22,feature_16,15,2235,0,false
U-9ac0c7,A-05d3b3,S-c92850,2024-01-09,feature_2,9,4950,0,false
U-7a294f,A-05d3b3,S-c92850,2024-07-13,feature_36,12,6684,2,false
U-a3ce46,A-05d3b3,S-c92850,2024-06-05,feature_17,9,198,0,false
U-f76b01,A-05d3b3,S-eb84b1,2024-07-16,feature_33,3,1620,0,false
U-f5eb65,A-05d3b3,S-eb84b1,2024-12-18,feature_35,7,1379,0,false
U-7ed152,A-05d3b3,S-eb84b1,2023-12-09,feature_18,16,1200,1,false
U-208826,A-05f0e5,S-00866d,2023-08-28,feature_2,9,1611,0,false
U-fb063d,A-05f0e5,S-00866d,2024-11-21,feature_21,16,80,0,false
U-e51bda,A-05f0e5,S-00866d,2023-06-22,feature_26,12,264,2,false
U-abd022,A-05f0e5,S-0ab9fb,2024-12-30,feature_37,14,5992,1,false
U-5f7639,A-05f0e5,S-1883dc,2023-08-18,feature_27,9,1908,0,false
U-a1847d,A-05f0e5,S-1883dc,2024-02-16,feature_38,15,3195,0,false
U-05780e,A-05f0e5,S-22365f,2023-10-20,feature_4,12,1632,3,false
U-f23bce,A-05f0e5,S-22365f,2024-11-29,feature_23,7,315,2,false
U-e95dff,A-05f0e5,S-22365f,2024-10-16,feature_27,12,5256,0,false
U-afaae5,A-05f0e5,S-22365f,2023-12-08,feature_10,13,5629,3,false
U-9f7bcb,A-05f0e5,S-22365f,2024-06-30,feature_18,9,3078,0,false
U-1ba14b,A-05f0e5,S-27e9ad,2024-09-11,feature_26,7,3605,0,false
U-15ca8f,A-05f0e5,S-27e9ad,2024-03-02,feature_37,8,904,0,false
U-20ce93,A-05f0e5,S-27e9ad,2024-11-16,feature_4,8,1496,1,false
U-ffa2b1,A-05f0e5,S-27e9ad,2023-10-31,feature_30,14,1036,0,false
U-d5f8cf,A-05f0e5,S-3a57be,2024-05-01,feature_6,11,5357,0,true
U-87747c,A-05f0e5,S-3a57be,2024-06-22,feature_35,14,6986,1,false
U-15249a,A-05f0e5,S-3a57be,2023-08-07,feature_33,8,4264,0,false
U-31fec8,A-05f0e5,S-3a57be,2024-10-10,feature_16,10,4990,0,false
U-9e5e3e,A-05f0e5,S-3a57be,2024-12-21,feature_31,16,3056,2,false
U-ce3b09,A-05f0e5,S-3a57be,2024-12-09,feature_2,18,5004,3,false
U-31a1b6,A-05f0e5,S-42f3be,2024-06-22,feature_31,11,4983,2,false
U-65a908,A-05f0e5,S-42f3be,2024-08-17,feature_37,6,978,0,false
U-aabebf,A-05f0e5,S-42f3be,2024-02-10,feature_6,14,6538,1,false
U-356ad0,A-05f0e5,S-42f3be,2024-02-24,feature_9,9,5103,0,false
U-809dd4,A-05f0e5,S-597873,2024-07-19,feature_22,17,2482,0,false
U-467a4c,A-05f0e5,S-597873,2024-02-03,feature_5,13,5330,1,false
U-9f3b33,A-05f0e5,S-597873,2024-11-10,feature_30,10,5020,3,false
U-48ba9f,A-05f0e5,S-597873,2024-05-29,feature_7,10,260,0,true
U-ca6054,A-05f0e5,S-597873,2024-11-08,feature_36,8,3128,0,false
U-5d267d,A-05f0e5,S-597873,2023-11-07,feature_25,10,3610,0,false
U-1e6403,A-05f0e5,S-597873,2024-07-19,feature_1,12,1164,0,false
U-ea5b4d,A-05f0e5,S-62af97,2024-07-10,feature_29,10,5460,0,true
U-c9da63,A-05f0e5,S-62af97,2023-08-29,feature_14,11,2189,0,false
U-553e01,A-05f0e5,S-62af97,2023-12-09,feature_35,12,1944,1,false
U-22b95b,A-05f0e5,S-afea79,2024-07-11,feature_40,8,2448,0,false
U-0dc197,A-05f0e5,S-afea79,2024-01-01,feature_10,10,980,2,true
U-02cc8f,A-05f0e5,S-afea79,2024-04-21,feature_2,8,3464,0,true
U-45b320,A-05f0e5,S-d02277,2024-05-02,feature_6,12,6396,0,true
U-39b4a3,A-05f0e5,S-d02277,2024-11-05,feature_23,8,472,0,false
U-9bffa0,A-05f0e5,S-d02277,2023-10-02,feature_1,8,1192,0,false
U-0f2294,A-05f0e5,S-d02277,2023-07-16,feature_31,8,232,0,false
U-f74fa1,A-05f0e5,S-d02277,2024-03-04,feature_7,7,378,0,false
U-23a754,A-05f0e5,S-d02277,2024-11-21,feature_23,11,5049,0,false
U-0b07eb,A-05f0e5,S-e5bed6,2024-10-11,feature_38,11,2453,0,false
U-ac8c8b,A-05f0e5,S-e5bed6,2023-12-30,feature_37,12,2088,3,false
U-f1d46a,A-05f0e5,S-e5bed6,2024-09-11,feature_23,7,2569,1,false
U-5a0b43,A-05f0e5,S-e5bed6,2023-08-03,feature_25,6,576,0,false
U-f6dc98,A-0651a4,S-1bbdb1,2024-12-16,feature_25,8,72,0,false
U-7e03c2,A-0651a4,S-510009,2024-12-06,feature_15,11,3399,2,false
U-7a0595,A-0651a4,S-86fd71,2024-12-03,feature_21,12,1008,0,false
U-6fb751,A-0651a4,S-8c10c1,2024-11-11,feature_40,16,8064,5,false
U-7210ae,A-0651a4,S-8c10c1,2024-11-30,feature_15,13,2301,0,false
U-33c794,A-0651a4,S-f409d8,2024-11-16,feature_37,14,2912,0,false
U-499b31,A-068fc6,S-03a5b0,2024-12-12,feature_31,12,4356,0,false
U-d8899f,A-068fc6,S-03a5b0,2024-04-20,feature_28,4,1272,0,true
U-5d279a,A-068fc6,S-03a5b0,2024-12-13,feature_15,7,119,0,false
U-6c0cab,A-068fc6,S-07c0da,2024-04-29,feature_15,6,2994,2,false
U-9beec5,A-068fc6,S-07c0da,2024-08-05,feature_32,13,7358,1,false
U-2050a9,A-068fc6,S-2ec763,2024-09-23,feature_35,10,5290,0,false
U-2eb23c,A-068fc6,S-2ec763,2024-05-18,feature_33,8,3104,0,false
U-6ddfd2,A-068fc6,S-2ec763,2024-08-02,feature_39,7,2688,0,false
U-b1c625,A-068fc6,S-2ec763,2024-08-26,feature_34,12,6948,2,false
U-4459d2,A-068fc6,S-2ec763,2024-12-17,feature_16,15,8055,0,false
U-f04012,A-068fc6,S-3199cf,2024-07-18,feature_13,13,5993,2,false
U-6b919e,A-068fc6,S-3199cf,2024-02-12,feature_37,11,5401,1,true
U-e04b17,A-068fc6,S-3199cf,2024-02-28,feature_11,7,3675,0,false
U-4f8860,A-068fc6,S-3199cf,2024-01-20,feature_38,6,2382,0,false
U-d4355f,A-068fc6,S-3199cf,2024-04-15,feature_26,9,1629,0,false
U-fb86e0,A-068fc6,S-4690b3,2024-09-22,feature_13,10,3420,0,false
U-91f9b1,A-068fc6,S-4690b3,2024-04-14,feature_7,14,2562,0,false
U-81f578,A-068fc6,S-4690b3,2024-06-07,feature_15,14,1974,1,false
U-653a51,A-068fc6,S-4690b3,2024-08-10,feature_18,9,4374,3,false
U-7d36b4,A-068fc6,S-4690b3,2024-01-22,feature_29,15,7125,0,true
U-f37fff,A-068fc6,S-4b75c6,2024-03-25,feature_12,10,2240,0,false
U-fc76a4,A-068fc6,S-6d6bde,2024-01-09,feature_36,10,1620,0,false
U-f0822b,A-068fc6,S-6d6bde,2024-09-26,feature_8,14,3584,2,false
U-89e246,A-068fc6,S-6d6bde,2024-11-25,feature_36,12,1044,0,false
U-2d0046,A-068fc6,S-6d6bde,2024-03-03,feature_38,5,1855,0,false
U-3ceaee,A-068fc6,S-76767f,2024-06-10,feature_18,14,462,0,true
U-395fed,A-068fc6,S-76767f,2024-04-21,feature_26,11,5445,0,false
U-8107a0,A-068fc6,S-76767f,2024-01-02,feature_14,18,9288,2,false
U-b6dc29,A-068fc6,S-76767f,2023-11-04,feature_24,9,3573,0,false
U-347e12,A-068fc6,S-80632f,2024-02-12,feature_32,8,1184,0,false
U-258a74,A-068fc6,S-d747bc,2024-09-06,feature_26,2,154,0,false
U-05b9da,A-075038,S-067edc,2024-09-05,feature_36,11,3971,0,false
U-a1ae24,A-075038,S-067edc,2023-10-19,feature_15,10,480,0,true
U-552e0a,A-075038,S-0ae33f,2023-09-16,feature_21,14,4886,0,false
U-187e06,A-075038,S-0ae33f,2024-08-21,feature_15,3,1554,0,false
U-240ce3,A-075038,S-0ae33f,2024-02-24,feature_9,8,2520,0,false
U-03d289,A-075038,S-0ae33f,2024-10-17,feature_18,9,1863,0,false
U-d313a2,A-075038,S-0ae33f,2024-02-23,feature_9,10,790,1,false
U-8ce586,A-075038,S-1c3522,2024-03-09,feature_35,10,5920,0,false
U-9b81fc,A-075038,S-1c3522,2024-10-30,feature_8,8,808,0,false
U-f92f11,A-075038,S-1c3522,2024-11-18,feature_38,4,184,0,true
U-aae188,A-075038,S-3ba19e,2023-11-15,feature_32,13,7410,0,false
U-c9b450,A-075038,S-3ba19e,2024-09-22,feature_20,4,1384,2,false
U-483b97,A-075038,S-3ba19e,2024-09-21,feature_18,12,2364,0,false
U-73c618,A-075038,S-3ba19e,2024-01-18,feature_15,15,3885,0,false
U-46c968,A-075038,S-3ba19e,2023-12-17,feature_4,12,4104,0,false
U-4d9f99,A-075038,S-3ba19e,2023-09-07,feature_24,12,420,0,false
U-a99221,A-075038,S-3ba19e,2023-08-05,feature_38,11,4631,4,false
U-9290d2,A-075038,S-3ba19e,2024-09-05,feature_27,6,1782,0,false
U-ee0afb,A-075038,S-434140,2024-02-04,feature_11,13,806,0,false
U-4ebd50,A-075038,S-434140,2024-08-09,feature_40,8,656,2,false
U-1145b8,A-075038,S-434140,2024-08-08,feature_18,6,1962,0,false
U-bb8c05,A-075038,S-434140,2024-01-06,feature_24,14,5712,2,false
U-ddda0a,A-075038,S-434140,2024-08-18,feature_2,14,6692,0,false
U-a6f15b,A-075038,S-434140,2023-11-08,feature_29,11,4675,0,false
U-cf1f11,A-075038,S-9c6bd0,2023-09-22,feature_4,6,2280,2,false
U-619177,A-075038,S-9c6bd0,2024-05-14,feature_34,9,5139,0,false
U-b00167,A-075038,S-9c6bd0,2024-12-21,feature_39,13,2366,1,false
U-f07459,A-075038,S-9c6bd0,2023-09-08,feature_12,14,2856,1,false
U-1f87b6,A-075038,S-9c6bd0,2023-08-20,feature_2,12,5856,0,false
U-29f496,A-075038,S-b7feb8,2024-10-08,feature_11,16,3072,0,true
U-914d63,A-075038,S-b7feb8,2024-06-26,feature_30,7,77,1,false
U-1fb126,A-075038,S-b7feb8,2024-03-05,feature_38,9,4806,0,false
U-69e4ba,A-075038,S-b7feb8,2023-11-11,feature_24,8,3464,0,true
U-681de5,A-075038,S-c6287d,2024-07-05,feature_14,9,2529,0,false
U-359542,A-075038,S-c6287d,2023-08-15,feature_13,8,1672,0,true
U-6e1144,A-075038,S-c6287d,2024-10-24,feature_2,13,4004,0,false
U-87320e,A-075038,S-c6287d,2023-12-10,feature_40,14,2674,0,false
U-d42402,A-075038,S-c6287d,2023-08-21,feature_15,7,2240,0,false
U-3e9189,A-075038,S-ce7c30,2023-11-10,feature_31,7,4032,0,false
U-7c99d5,A-075038,S-d1c9e3,2024-02-29,feature_14,14,1078,0,false
U-c70c7b,A-075038,S-d93967,2024-11-22,feature_22,10,200,1,false
U-e6bad1,A-075038,S-d93967,2024-04-13,feature_5,10,2630,0,false
U-db7c5c,A-075038,S-da7360,2024-08-27,feature_36,12,6192,0,false
U-4add48,A-075038,S-da7360,2023-08-30,feature_9,9,1539,0,true
U-7454fb,A-075038,S-da7360,2023-12-05,feature_17,9,1980,0,true
U-ad1b0b,A-075038,S-da7360,2024-10-12,feature_3,6,2502,1,false
U-014a1e,A-075038,S-da7360,2024-08-15,feature_1,12,2760,2,true
U-2173bf,A-075038,S-e05562,2024-06-14,feature_18,8,504,0,false
U-f2c82c,A-075038,S-e05562,2024-07-28,feature_1,12,6300,0,false
U-99df88,A-075038,S-e05562,2024-08-20,feature_35,20,5740,0,false
U-0e9dd2,A-075038,S-f4335b,2024-01-02,feature_6,11,1936,4,false
U-a7cbec,A-075038,S-f4335b,2024-09-25,feature_29,7,1295,0,false
U-5f62e1,A-075038,S-f4335b,2024-09-08,feature_6,17,1479,2,false
U-43c5b0,A-075038,S-f4335b,2024-11-11,feature_12,10,480,0,false
U-e8cde2,A-075038,S-f4335b,2024-06-01,feature_40,10,700,1,false
U-3ca673,A-075038,S-f4335b,2024-08-29,feature_16,7,3976,0,false
U-dfd37a,A-089363,S-00837c,2024-11-20,feature_12,8,4232,1,true
U-83acc5,A-089363,S-00837c,2023-10-10,feature_13,20,700,0,true
U-fcfddf,A-089363,S-00837c,2024-10-21,feature_23,14,3556,1,true
U-036667,A-089363,S-00837c,2023-07-25,feature_2,3,150,5,false
U-18d390,A-089363,S-00b0bc,2024-02-22,feature_13,4,2304,0,false
U-355e78,A-089363,S-1e1853,2024-06-29,feature_4,14,5712,2,false
U-aba974,A-089363,S-1e1853,2023-06-08,feature_37,9,4671,0,false
U-54c881,A-089363,S-2843fe,2024-03-03,feature_15,10,2160,0,false
U-dd7c4d,A-089363,S-2843fe,2023-08-12,feature_17,9,1701,0,false
U-bc285c,A-089363,S-2843fe,2023-11-11,feature_33,14,1176,0,false
U-5a3ed4,A-089363,S-2843fe,2024-10-10,feature_36,11,6314,1,true
U-7b28e3,A-089363,S-2843fe,2024-10-11,feature_7,10,3100,0,false
U-e921fb,A-089363,S-292c06,2023-10-09,feature_6,5,1615,0,false
U-74bfd4,A-089363,S-292c06,2023-10-22,feature_5,14,2758,0,false
U-d5559a,A-089363,S-292c06,2024-07-10,feature_37,9,171,0,false
U-284eaa,A-089363,S-292c06,2024-02-26,feature_39,7,3311,0,false
U-9f03be,A-089363,S-46eb1c,2024-02-27,feature_24,6,1254,1,false
U-6be711,A-089363,S-46eb1c,2024-07-11,feature_35,9,405,0,true
U-0f2230,A-089363,S-46eb1c,2023-10-07,feature_9,11,2453,2,false
U-857c36,A-089363,S-50a388,2024-05-25,feature_34,11,4829,2,false
U-03596c,A-089363,S-5bb13f,2024-11-15,feature_14,15,7980,0,false
U-12f686,A-089363,S-5bb13f,2024-05-29,feature_39,10,4260,3,false
U-2c7daa,A-089363,S-5bb13f,2023-09-16,feature_5,14,1064,0,false
U-a278ca,A-089363,S-5bb13f,2023-08-06,feature_35,14,6580,1,true
U-3f0c16,A-089363,S-85caaf,2023-12-01,feature_1,11,2981,0,false
U-ee97a7,A-089363,S-85caaf,2023-10-03,feature_15,12,6300,1,false
U-29758a,A-089363,S-85caaf,2024-12-05,feature_21,18,1638,0,false
U-c28419,A-089363,S-85caaf,2023-07-24,feature_5,9,990,0,false
U-bbf2f9,A-089363,S-883efd,2024-10-30,feature_25,7,3353,0,false
U-e7f3b3,A-089363,S-883efd,2024-07-07,feature_1,10,4020,1,false
U-2a075e,A-089363,S-883efd,2024-03-02,feature_21,9,5013,1,false
U-272ac3,A-089363,S-883efd,2023-10-25,feature_37,4,352,0,false
U-d1d905,A-089363,S-883efd,2024-06-02,feature_19,9,3618,0,false
U-662173,A-089363,S-883efd,2024-06-25,feature_1,11,561,0,false
U-06c9e5,A-089363,S-883efd,2024-01-19,feature_33,16,7232,0,false
U-248bd2,A-089363,S-a53e06,2024-02-18,feature_30,11,5280,1,false
U-dbea2a,A-089363,S-a53e06,2024-03-14,feature_32,18,1530,0,false
U-c0b6ca,A-089363,S-a53e06,2023-06-21,feature_26,8,768,0,false
U-9a4eea,A-089363,S-a53e06,2024-06-30,feature_12,9,1872,0,false
U-4b14ce,A-089363,S-a53e06,2024-07-01,feature_29,8,1496,0,true
U-50b109,A-089363,S-a83bf1,2024-09-17,feature_39,5,2255,1,false
U-11fdff,A-089363,S-a83bf1,2024-07-07,feature_17,13,7696,0,false
U-16e13d,A-089363,S-d62a15,2023-08-04,feature_7,10,1180,0,false
U-1009a1,A-089363,S-d62a15,2023-11-24,feature_27,6,1482,0,false
U-65df31,A-089363,S-d62a15,2024-04-08,feature_37,14,7910,0,false
U-3a9c50,A-089363,S-d62a15,2024-02-25,feature_27,9,3006,0,false
U-8f3b9f,A-089363,S-fcfb31,2023-12-24,feature_19,7,1190,0,false
U-5240b1,A-08e34e,S-101401,2024-12-30,feature_23,13,6318,2,true
U-76cd43,A-08e34e,S-101401,2024-07-31,feature_15,15,1950,0,false
U-6baf61,A-08e34e,S-101401,2024-08-10,feature_31,8,128,0,false
U-7e1c0e,A-08e34e,S-39a28e,2024-10-07,feature_14,15,5505,0,false
U-5bd1d4,A-08e34e,S-39a28e,2024-07-26,feature_35,14,378,0,false
U-95f643,A-08e34e,S-39a28e,2024-08-31,feature_10,12,3900,0,false
U-8f236e,A-08e34e,S-42daaa,2024-12-29,feature_26,10,2920,0,false
U-b63ab6,A-08e34e,S-42daaa,2024-10-21,feature_3,15,930,0,false
U-ce593c,A-08e34e,S-6b534f,2024-09-08,feature_19,13,5603,0,false
U-f9deca,A-08e34e,S-711820,2024-07-11,feature_21,7,2821,0,true
U-3f83c4,A-08e34e,S-711820,2024-10-13,feature_35,4,508,2,false
U-290b75,A-08e34e,S-711820,2024-09-01,feature_16,12,2532,0,false
U-6b5aa4,A-08e34e,S-7f219a,2024-07-02,feature_25,12,5712,0,false
U-20c621,A-08e34e,S-8e3b74,2024-12-05,feature_17,13,2327,0,false
U-c066ed,A-08e34e,S-8e3b74,2024-07-16,feature_7,13,5577,0,false
U-316181,A-08e34e,S-bbe998,2024-10-07,feature_19,12,900,4,false
U-9fc0dc,A-08e34e,S-d50f1d,2024-07-08,feature_26,12,4704,0,false
U-658c74,A-08e34e,S-d50f1d,2024-11-08,feature_29,13,182,0,false
U-a6fcbb,A-08e34e,S-d50f1d,2024-08-12,feature_35,6,1518,2,false
U-e06268,A-09316c,S-1fd72a,2024-12-27,feature_15,16,1696,0,false
U-5032cf,A-09316c,S-39a5a7,2024-12-11,feature_28,8,1392,0,false
U-eb93d5,A-09316c,S-5f4afc,2024-11-30,feature_12,9,1926,3,true
U-8fe589,A-09316c,S-a67bb7,2024-11-27,feature_39,7,3962,0,false
U-bb4653,A-09316c,S-fdb8f1,2024-12-10,feature_27,15,8715,0,false
U-632d43,A-09540c,S-0e43ee,2024-10-17,feature_25,9,3321,0,true
U-8a9b0f,A-09540c,S-0e43ee,2024-10-03,feature_17,9,4671,0,false
U-4a0d56,A-09540c,S-0e43ee,2024-07-09,feature_34,16,7792,2,false
U-1f91ff,A-09540c,S-106bf6,2024-10-20,feature_38,8,1240,0,false
U-0f9861,A-09540c,S-106bf6,2024-04-20,feature_39,9,3168,0,false
U-19efb0,A-09540c,S-8055fa,2024-08-30,feature_33,6,2544,0,false
U-58c85b,A-09540c,S-8055fa,2024-12-02,feature_10,12,3636,2,false
U-bae3d5,A-09540c,S-a18bb2,2024-07-11,feature_28,14,7182,1,false
U-3f39ac,A-09540c,S-d9f518,2024-07-20,feature_17,12,1968,1,false
U-356968,A-09540c,S-d9f518,2024-09-10,feature_10,16,1296,0,false
U-289287,A-098560,S-0337da,2024-09-08,feature_18,11,2893,0,false
U-d67e2f,A-098560,S-0337da,2024-07-24,feature_15,9,5076,0,false
U-64f2b3,A-098560,S-091a8d,2024-09-19,feature_13,4,2232,0,false
U-57c32c,A-098560,S-091a8d,2024-10-27,feature_25,12,2616,0,false
U-98ce0d,A-098560,S-1862f2,2024-04-10,feature_9,7,2702,0,false
U-b75fbe,A-098560,S-1862f2,2024-09-03,feature_21,13,5083,0,false
U-72089f,A-098560,S-1862f2,2024-10-24,feature_40,6,2526,2,true
U-b844eb,A-098560,S-1862f2,2024-05-22,feature_33,12,648,1,false
U-762bd2,A-098560,S-1862f2,2024-03-26,feature_29,7,3143,2,false
U-f21eca,A-098560,S-1862f2,2024-10-13,feature_15,18,1512,0,true
U-26b2d1,A-098560,S-27c993,2024-07-21,feature_12,15,7125,3,false
U-0ba37d,A-098560,S-5521f5,2024-04-26,feature_1,13,1469,1,false
U-5860ce,A-098560,S-5521f5,2024-03-18,feature_25,7,630,0,false
U-3e9af9,A-098560,S-5521f5,2024-12-22,feature_7,14,6300,0,false
U-23df27,A-098560,S-5521f5,2024-12-17,feature_37,6,2394,0,false
U-086fe6,A-098560,S-5521f5,2024-01-02,feature_38,9,4770,0,false
U-0286c6,A-098560,S-8dd1f6,2024-10-21,feature_22,8,224,4,false
U-6d5d05,A-098560,S-8dd1f6,2024-09-06,feature_31,3,564,2,false
U-4be2b2,A-098560,S-8f9410,2024-04-19,feature_4,14,6300,1,false
U-d024b0,A-098560,S-8f9410,2024-07-03,feature_27,11,4037,0,false
U-41f4d4,A-098560,S-8f9410,2024-11-08,feature_13,12,1752,0,false
U-a4414a,A-098560,S-9a8646,2024-04-03,feature_17,7,1918,2,false
U-182252,A-098560,S-ab7a04,2024-08-23,feature_4,11,517,0,false
U-0cebab,A-098560,S-daf6aa,2023-12-29,feature_13,13,5993,0,false
U-549bd4,A-0a282f,S-22eb3c,2024-12-20,feature_1,7,749,2,false
U-3fe8b4,A-0a282f,S-22eb3c,2024-09-15,feature_28,5,285,0,false
U-dd2a66,A-0a282f,S-45baa6,2024-12-22,feature_27,12,996,0,false
U-47eacd,A-0a282f,S-45baa6,2024-12-07,feature_22,5,2555,1,false
U-da30e1,A-0a282f,S-897d69,2024-11-01,feature_22,11,4565,0,false
U-19e2c0,A-0a282f,S-897d69,2024-12-11,feature_37,13,3302,0,false
U-a71506,A-0a282f,S-973e8e,2024-09-11,feature_5,8,1992,0,false
U-cb2b34,A-0a282f,S-9c414f,2024-12-12,feature_18,16,2816,0,false
U-45f1bd,A-0a282f,S-9c414f,2024-11-29,feature_2,9,3609,0,false
U-7ce591,A-0a282f,S-b037c5,2024-09-13,feature_7,3,1347,0,false
U-f6576a,A-0a282f,S-ce5450,2024-12-20,feature_12,6,1260,0,false
U-320a0d,A-0a282f,S-d6106b,2024-12-15,feature_1,8,3696,0,false
U-982356,A-0a282f,S-f32440,2024-12-04,feature_27,11,726,2,false
U-85d511,A-0a282f,S-fc7e8e,2024-11-10,feature_35,6,2130,0,false
U-bf49a2,A-0a62f5,S-c62bb7,2024-11-20,feature_24,11,5929,0,false
U-1980eb,A-0aaf6e,S-52385a,2024-07-09,feature_24,7,2541,0,false
U-c1a868,A-0aaf6e,S-52385a,2024-10-29,feature_24,12,588,1,false
U-6fdb4f,A-0aaf6e,S-52385a,2024-12-17,feature_6,11,2101,1,false
U-353f9d,A-0aaf6e,S-52385a,2024-11-02,feature_40,11,5698,0,false
U-67a09f,A-0aaf6e,S-88d746,2024-12-23,feature_2,10,2340,0,false
U-9d4c8a,A-0aaf6e,S-a9952f,2024-09-27,feature_26,8,1856,1,false
U-154447,A-0aaf6e,S-a9952f,2024-10-09,feature_28,14,4872,0,false
U-444b86,A-0aaf6e,S-b89305,2024-10-11,feature_2,13,1794,0,true
U-a93fc2,A-0aaf6e,S-b89305,2024-08-03,feature_29,10,2640,0,false
U-0d47b2,A-0aaf6e,S-b89305,2024-12-21,feature_8,8,3344,0,false
U-3b2f8e,A-0aaf6e,S-e7d026,2024-08-19,feature_15,6,2370,0,false
U-e825c8,A-0aaf6e,S-e7d026,2024-08-23,feature_2,11,2772,0,false
U-f2f960,A-0aaf6e,S-e7d026,2024-11-04,feature_9,4,128,0,false
U-467b37,A-0aaf6e,S-f15008,2024-12-13,feature_26,14,756,3,false
U-92a178,A-0aaf6e,S-f97537,2024-07-31,feature_32,8,3752,0,false
U-3a1eb5,A-0baac2,S-21ebb6,2024-06-05,feature_1,8,1592,0,false
U-5f01de,A-0baac2,S-33df6f,2024-10-31,feature_40,7,483,1,false
U-1b38df,A-0baac2,S-33df6f,2024-06-16,feature_38,12,4248,0,false
U-883e78,A-0baac2,S-33df6f,2024-10-06,feature_24,10,4790,0,false
U-f04dc1,A-0baac2,S-3c3a3e,2024-08-17,feature_32,12,564,0,false
U-550f5b,A-0baac2,S-e50d84,2024-10-04,feature_22,6,942,0,false
U-f08e64,A-0be015,S-22014f,2024-10-23,feature_13,13,5759,0,false
U-e75814,A-0cc442,S-149409,2024-12-18,feature_34,10,2930,0,false
U-6122d9,A-0cc442,S-486088,2024-11-21,feature_13,7,2569,0,false
U-51dfe1,A-0cc442,S-486088,2024-08-23,feature_40,8,1648,0,false
U-789c72,A-0cc442,S-486088,2024-10-01,feature_1,13,6825,1,false
U-42b531,A-0cc442,S-486088,2024-07-29,feature_39,9,3267,0,false
U-04e658,A-0cc442,S-658bcb,2024-10-28,feature_12,14,6440,1,false
U-914f05,A-0cc442,S-658bcb,2024-09-01,feature_13,11,1441,0,false
U-b23a63,A-0cc442,S-6ca46a,2024-10-21,feature_6,11,737,3,false
U-e365cf,A-0cc442,S-6ca46a,2024-11-17,feature_30,9,3438,0,false
U-0e7483,A-0cc442,S-bf3403,2024-12-20,feature_36,14,1022,0,false
U-d134fb,A-0cc442,S-bf3403,2024-10-15,feature_34,6,2400,0,false
U-047022,A-0cc442,S-d29575,2024-09-01,feature_6,10,4080,1,false
U-1a73b1,A-0cc442,S-d29575,2024-10-09,feature_4,5,180,3,false
U-a49689,A-0cc442,S-d29575,2024-11-28,feature_22,8,2736,0,false
U-d158d1,A-0cc442,S-d36b9f,2024-08-10,feature_14,11,352,0,false
U-7e99ee,A-0cc442,S-d36b9f,2024-08-08,feature_17,11,6193,0,true
U-92c53d,A-0cc442,S-e0cd01,2024-08-26,feature_13,7,3759,1,false
U-58675d,A-0cc442,S-ff2761,2024-09-26,feature_14,5,845,1,false
U-834b01,A-0dbdc6,S-4fd561,2024-01-27,feature_39,15,6345,0,false
U-67181d,A-0dbdc6,S-4fd561,2023-08-06,feature_33,11,1342,1,false
U-a15a04,A-0dbdc6,S-4fd561,2023-09-23,feature_28,5,1785,0,false
U-5f432c,A-0dbdc6,S-4fd561,2024-10-18,feature_35,12,2376,0,false
U-3ce1b6,A-0dbdc6,S-4fd561,2024-01-21,feature_17,13,286,0,false
U-ddf080,A-0dbdc6,S-4fd561,2023-07-24,feature_24,10,4420,0,false
U-86c612,A-0dbdc6,S-4fd561,2024-08-04,feature_5,8,4376,0,false
U-c2aa7c,A-0dbdc6,S-4fd561,2023-11-28,feature_34,13,5291,0,false
U-50a478,A-0dbdc6,S-4fd561,2024-05-22,feature_8,10,4150,0,false
U-0f857e,A-0dbdc6,S-61d573,2023-06-19,feature_5,6,3180,0,false
U-095e3a,A-0dbdc6,S-61d573,2024-12-22,feature_18,10,1790,0,false
U-505044,A-0dbdc6,S-61d573,2024-12-30,feature_6,10,1300,0,false
U-1f069a,A-0dbdc6,S-61d573,2024-06-17,feature_36,7,665,0,false
U-fca865,A-0dbdc6,S-61d573,2024-09-19,feature_38,10,5480,0,false
U-6f0dee,A-0dbdc6,S-73fc8f,2024-12-31,feature_4,5,1150,4,false
U-962a29,A-0dbdc6,S-73fc8f,2023-08-22,feature_40,14,4914,0,true
U-b91e84,A-0dbdc6,S-73fc8f,2024-01-30,feature_8,15,2205,1,false
U-7fb71b,A-0dbdc6,S-8ae804,2024-02-27,feature_32,8,816,0,false
U-8e64b3,A-0dbdc6,S-8ae804,2023-10-18,feature_14,11,3311,0,false
U-91ca0c,A-0dbdc6,S-8ae804,2024-09-02,feature_29,5,675,2,false
U-43e68e,A-0dbdc6,S-8ae804,2024-08-14,feature_8,12,2436,2,false
U-2298a0,A-0dbdc6,S-8ae804,2023-07-20,feature_34,7,3339,3,false
U-4e65fd,A-0dbdc6,S-8ae804,2023-07-10,feature_20,14,1946,0,false
U-24aba1,A-0dbdc6,S-8e169f,2023-09-07,feature_4,9,2367,0,true
U-fd3382,A-0dbdc6,S-8e169f,2024-01-13,feature_6,9,3420,2,false
U-9ec846,A-0dbdc6,S-8e169f,2023-11-02,feature_37,8,4296,0,true
U-9b4d43,A-0dbdc6,S-c0a7d8,2024-07-11,feature_33,7,266,0,false
U-dd0af7,A-0dbdc6,S-d07886,2023-08-21,feature_12,7,2184,0,false
U-88b809,A-0dbdc6,S-d07886,2024-08-10,feature_8,5,1135,0,false
U-43f795,A-0dbdc6,S-d07886,2024-07-10,feature_35,12,2880,2,false
U-1693d0,A-0dbdc6,S-de3416,2023-11-27,feature_2,12,3780,0,true
U-813896,A-0dbdc6,S-de3416,2023-11-19,feature_29,11,1617,0,false
U-e199ae,A-0dbdc6,S-de3416,2024-10-30,feature_1,14,112,0,false
U-b255b1,A-0dbdc6,S-de3416,2024-06-22,feature_40,8,4704,3,false
U-4d24c7,A-0dbdc6,S-de3416,2024-01-25,feature_19,11,6226,0,false
U-283371,A-0dbdc6,S-de3416,2024-01-23,feature_25,6,1218,2,true
U-872d57,A-0dbdc6,S-de3416,2024-08-27,feature_23,13,5564,0,true
U-8d5d3d,A-0dbdc6,S-de3416,2024-10-15,feature_15,10,340,0,false
U-d1572b,A-0dbdc6,S-de3416,2024-02-24,feature_20,9,3753,0,false
U-2899fd,A-0dbdc6,S-e92512,2024-07-11,feature_8,8,4608,0,false
U-3dd5d0,A-0dbdc6,S-e92512,2024-01-18,feature_1,13,6474,0,false
U-1a7ddc,A-0dbdc6,S-e92512,2023-06-25,feature_21,8,2304,0,false
U-ac9c83,A-0e966d,S-3ca6d2,2024-11-11,feature_2,10,4980,0,false
U-d734dc,A-0e966d,S-3ca6d2,2024-10-07,feature_15,12,1776,0,false
U-61db20,A-0e966d,S-62c824,2024-11-13,feature_39,7,3584,1,true
U-128fc2,A-0e966d,S-9395a2,2024-07-27,feature_38,12,552,3,false
U-2e4232,A-0e966d,S-b042d9,2024-11-22,feature_28,9,4401,0,true
U-241194,A-0e966d,S-d6dc7a,2024-10-02,feature_10,12,1632,0,false
U-e71394,A-0e966d,S-d6dc7a,2024-08-06,feature_38,5,1060,1,false
U-414015,A-0e966d,S-d6dc7a,2024-10-17,feature_20,11,891,0,false
U-cef776,A-0e966d,S-d6dc7a,2024-09-08,feature_6,14,4326,0,false
U-80fde4,A-0e966d,S-d6dc7a,2024-08-21,feature_2,9,522,1,false
U-a0c965,A-0e966d,S-d6dc7a,2024-10-11,feature_12,13,3575,0,false
U-773051,A-0e966d,S-df2fb8,2024-10-01,feature_29,6,2736,0,false
U-406ab6,A-0f3e88,S-400e62,2024-07-23,feature_16,15,4515,0,false
U-32505d,A-0f3e88,S-400e62,2024-09-23,feature_16,11,1375,0,false
U-078e2e,A-0f3e88,S-400e62,2024-02-17,feature_37,17,5899,0,false
U-eaa218,A-0f3e88,S-400e62,2024-12-09,feature_32,9,3510,3,true
U-4dde4c,A-0f3e88,S-400e62,2024-09-02,feature_33,7,1834,0,false
U-9e33bc,A-0f3e88,S-400e62,2024-11-09,feature_37,10,4920,0,false
U-94a4db,A-0f3e88,S-5cff9b,2024-10-29,feature_19,11,121,2,false
U-aa0b0a,A-0f3e88,S-5cff9b,2024-12-17,feature_13,10,5230,0,false
U-4e6955,A-0f3e88,S-5cff9b,2024-05-28,feature_22,7,1337,0,false
U-d2ddd9,A-0f3e88,S-5cff9b,2023-10-23,feature_8,8,168,1,true
U-e495b6,A-0f3e88,S-5eaab8,2024-11-26,feature_26,15,7020,0,false
U-d11cfd,A-0f3e88,S-5eaab8,2023-09-03,feature_27,7,3892,2,false
U-0f8079,A-0f3e88,S-5eaab8,2023-08-13,feature_28,6,1830,0,false
U-d7dffe,A-0f3e88,S-5eaab8,2024-10-02,feature_30,10,3030,0,false
U-b72087,A-0f3e88,S-695606,2024-07-10,feature_35,11,4642,3,false
U-346776,A-0f3e88,S-695606,2024-04-27,feature_6,8,4104,0,false
U-4bf927,A-0f3e88,S-695606,2024-03-02,feature_11,13,104,0,false
U-c0623f,A-0f3e88,S-712e69,2024-08-28,feature_7,8,1192,1,false
U-8ef1b7,A-0f3e88,S-712e69,2024-03-25,feature_25,12,6384,0,false
U-18129a,A-0f3e88,S-712e69,2024-11-01,feature_26,15,75,0,false
U-b9a0f7,A-0f3e88,S-712e69,2024-06-18,feature_10,10,2690,0,false
U-1ce49b,A-0f3e88,S-712e69,2024-04-23,feature_21,6,2514,0,false
U-869d14,A-0f3e88,S-7ded4d,2023-11-30,feature_10,7,623,0,false
U-d226ab,A-0f3e88,S-7ded4d,2024-11-08,feature_9,11,1419,1,false
U-a7e6a8,A-0f3e88,S-7ded4d,2024-10-22,feature_7,10,4950,0,false
U-9de935,A-0f3e88,S-9cfabf,2024-12-03,feature_12,7,3654,0,false
U-94e2a4,A-0f3e88,S-c284ce,2024-01-08,feature_36,6,648,0,false
U-734613,A-0f3e88,S-c284ce,2024-11-12,feature_39,8,2904,0,true
U-b1e602,A-0f3e88,S-c284ce,2024-05-02,feature_19,10,3220,0,false
U-fa4817,A-0f3e88,S-c284ce,2024-06-15,feature_33,9,1521,0,false
U-046d6d,A-0f3e88,S-d735d1,2023-12-09,feature_27,14,6034,1,true
U-ad3213,A-0f3e88,S-d735d1,2023-08-16,feature_19,3,1539,0,false
U-507554,A-0f3e88,S-d735d1,2024-07-02,feature_15,16,5696,0,false
U-d649a1,A-0f3e88,S-d735d1,2024-03-15,feature_20,12,5076,0,false
U-43a307,A-0f3e88,S-d735d1,2024-12-01,feature_19,9,1890,0,false
U-97d8dc,A-0f3e88,S-db6454,2024-08-24,feature_31,11,3058,2,false
U-6a912e,A-0f3e88,S-db6454,2024-02-03,feature_15,9,657,0,false
U-ccb824,A-0f3e88,S-db6454,2024-09-11,feature_23,6,2034,4,false
U-07cf57,A-0f3e88,S-dcbf45,2024-02-06,feature_40,15,8130,2,false
U-f6dd1f,A-0f3e88,S-dcbf45,2024-06-10,feature_34,12,2520,1,false
U-f63f6f,A-0f3e88,S-dcbf45,2023-10-13,feature_1,10,1780,0,false
U-db89d4,A-0f3e88,S-dcbf45,2023-10-03,feature_35,9,2178,0,false
U-491c9a,A-0f3e88,S-dcbf45,2024-08-24,feature_36,13,832,0,false
U-0312fe,A-0f7d77,S-126e7e,2024-11-17,feature_23,7,1491,0,true
U-e2330a,A-0f7d77,S-47048b,2024-12-30,feature_4,13,4056,0,false
U-85b525,A-0f7d77,S-4793bb,2024-11-28,feature_24,14,4144,0,false
U-7a142d,A-0f7d77,S-c10f0c,2024-12-19,feature_21,10,4970,1,false
U-6cb1bc,A-104f1a,S-457217,2024-11-20,feature_4,10,5670,3,false
U-04232b,A-104f1a,S-59f0a6,2024-10-19,feature_2,5,1185,0,false
U-2cdec5,A-104f1a,S-7c81dd,2024-12-15,feature_5,14,7896,0,false
U-71da2b,A-104f1a,S-842582,2024-11-02,feature_21,7,2506,1,false
U-490225,A-104f1a,S-842582,2024-11-24,feature_20,8,3320,0,false
U-f866eb,A-104f1a,S-b2238e,2024-12-12,feature_13,8,2416,0,false
U-0dac46,A-104f1a,S-d83789,2024-11-16,feature_36,13,4537,0,false
U-dc742e,A-10b8da,S-020dce,2024-10-28,feature_8,7,903,0,false
U-ced792,A-10b8da,S-6eb56d,2024-02-24,feature_31,5,2020,0,true
U-63f6f8,A-10b8da,S-6eb56d,2024-01-31,feature_32,14,448,0,false
U-7b0569,A-10b8da,S-6eb56d,2023-07-10,feature_15,16,5344,0,false
U-fbcde2,A-10b8da,S-6eb56d,2024-10-09,feature_20,7,3696,0,false
U-383adf,A-10b8da,S-6eb56d,2023-08-02,feature_5,9,2835,1,false
U-0be6cd,A-10b8da,S-a34e37,2024-02-05,feature_31,8,4520,1,false
U-c094af,A-10b8da,S-a34e37,2023-11-29,feature_26,7,3857,0,false
U-268482,A-10b8da,S-a34e37,2023-11-28,feature_33,8,2512,0,false
U-e5923a,A-10b8da,S-a34e37,2023-07-28,feature_20,12,2916,1,false
U-f836ef,A-10b8da,S-b4212b,2024-12-23,feature_32,14,7910,3,false
U-4bd480,A-10b8da,S-b4212b,2023-07-18,feature_29,10,90,0,false
U-2d8b8e,A-10b8da,S-b4212b,2024-12-04,feature_23,8,2976,0,false
U-22ea68,A-10b8da,S-b4212b,2024-10-09,feature_27,7,182,0,false
U-41dce3,A-10b8da,S-b4212b,2024-06-08,feature_34,6,3330,2,false
U-138e08,A-10b8da,S-bfca66,2024-09-24,feature_11,14,6692,0,false
U-a9ff1a,A-10b8da,S-bfca66,2024-04-30,feature_20,16,1264,0,false
U-8bd5b7,A-10b8da,S-bfca66,2024-10-12,feature_19,13,6578,0,false
U-daf411,A-10b8da,S-bfca66,2024-02-23,feature_1,3,1191,0,false
U-ca9879,A-10b8da,S-bfca66,2023-07-22,feature_7,9,1962,0,false
U-7075a2,A-10b8da,S-c1ad26,2024-06-15,feature_10,2,298,4,false
U-6c0014,A-10b8f2,S-1cefc9,2024-12-15,feature_39,7,2996,0,true
U-cfae4c,A-10b8f2,S-1cefc9,2024-03-26,feature_32,9,1827,1,false
U-b43ab9,A-10b8f2,S-1cefc9,2023-06-07,feature_29,9,2457,0,false
U-1e42e2,A-10b8f2,S-1cefc9,2024-08-22,feature_38,14,4172,0,false
U-3a6713,A-10b8f2,S-1cefc9,2023-05-10,feature_16,12,5352,0,false
U-9b7d26,A-10b8f2,S-2a73e2,2024-10-15,feature_29,10,5970,0,true
U-5217f5,A-10b8f2,S-2a73e2,2024-09-15,feature_19,13,403,0,false
U-f6274d,A-10b8f2,S-2a73e2,2024-06-12,feature_10,15,6525,0,false
U-a3411e,A-10b8f2,S-2a73e2,2023-11-23,feature_33,9,3096,1,false
U-01d296,A-10b8f2,S-2a73e2,2023-05-08,feature_36,14,4858,1,false
U-f597fc,A-10b8f2,S-2a73e2,2024-03-12,feature_28,9,981,0,false
U-e73aae,A-10b8f2,S-2a73e2,2023-06-10,feature_27,14,7602,1,false
U-755d98,A-10b8f2,S-2a73e2,2024-01-14,feature_27,10,4930,0,false
U-aa01e1,A-10b8f2,S-2a73e2,2024-08-11,feature_35,10,2890,0,true
U-70fa9a,A-10b8f2,S-3ff7bb,2023-03-15,feature_8,12,4404,0,false
U-e1c1df,A-10b8f2,S-3ff7bb,2024-02-16,feature_5,3,1536,0,false
U-af3824,A-10b8f2,S-3ff7bb,2023-12-20,feature_37,8,4656,1,false
U-3c93d0,A-10b8f2,S-3ff7bb,2023-02-05,feature_27,9,1323,2,false
U-c949a8,A-10b8f2,S-3ff7bb,2024-02-03,feature_29,11,5401,0,false
U-7f2c55,A-10b8f2,S-49a9aa,2024-02-09,feature_18,13,403,1,true
U-14bc96,A-10b8f2,S-49a9aa,2023-10-10,feature_17,8,1592,1,false
U-5c5437,A-10b8f2,S-4a2fc6,2024-09-27,feature_33,8,3624,0,false
U-03b2c9,A-10b8f2,S-4a2fc6,2024-11-01,feature_17,7,3633,0,false
U-25ba13,A-10b8f2,S-4a2fc6,2024-11-10,feature_5,12,3276,0,true
U-67281c,A-10b8f2,S-4a2fc6,2023-03-05,feature_28,11,3993,0,true
U-df095c,A-10b8f2,S-4a2fc6,2024-03-02,feature_6,12,3804,0,false
U-e6a8e2,A-10b8f2,S-4a2fc6,2023-05-25,feature_17,15,2745,5,false
U-fb28ba,A-10b8f2,S-4a89a7,2024-03-13,feature_40,7,3444,1,false
U-f4e55a,A-10b8f2,S-4a89a7,2024-09-10,feature_31,14,784,0,false
U-056fce,A-10b8f2,S-4a89a7,2023-03-12,feature_4,14,2828,0,false
U-ddde24,A-10b8f2,S-4e563b,2023-11-02,feature_38,6,2532,1,false
U-864c58,A-10b8f2,S-4e563b,2024-12-08,feature_10,8,144,1,false
U-ee3dc1,A-10b8f2,S-4e563b,2023-08-04,feature_21,8,3216,1,false
U-64b3ca,A-10b8f2,S-4e563b,2023-08-29,feature_18,12,6252,2,false
U-0a05c2,A-10b8f2,S-4e563b,2024-11-24,feature_34,8,1208,0,true
U-1402a6,A-10b8f2,S-5e558a,2024-07-10,feature_4,10,570,0,false
U-94885e,A-10b8f2,S-5e558a,2024-08-21,feature_23,6,3006,0,true
U-1bc23a,A-10b8f2,S-5e558a,2023-09-14,feature_22,5,2790,0,false
U-bf6d36,A-10b8f2,S-5e558a,2024-04-02,feature_38,13,3666,0,false
U-ee8c92,A-10b8f2,S-5e558a,2024-07-27,feature_40,8,4336,0,false
U-6ef6ec,A-10b8f2,S-5e558a,2023-08-25,feature_24,9,5319,0,true
U-bcdf4a,A-10b8f2,S-7ea264,2024-12-26,feature_19,7,2863,2,false
U-7bb47c,A-10b8f2,S-bff3b5,2023-08-14,feature_24,15,5625,0,false
U-8c7d77,A-10b8f2,S-bff3b5,2023-04-20,feature_1,7,1218,0,false
U-310e13,A-10b8f2,S-bff3b5,2023-07-17,feature_37,7,882,0,false
U-aba8ef,A-10b8f2,S-bff3b5,2023-10-13,feature_5,6,588,0,false
U-86c23b,A-10b8f2,S-d4cc9b,2024-12-12,feature_25,10,5150,0,false
U-ddc8c8,A-10b8f2,S-d4cc9b,2024-12-04,feature_29,6,2124,0,false
U-19cee4,A-10b8f2,S-fa9b43,2024-02-14,feature_8,9,5319,0,false
U-47baaa,A-10b8f2,S-fa9b43,2024-07-05,feature_35,9,504,0,false
U-355d9c,A-10b8f2,S-fa9b43,2023-11-09,feature_7,8,3088,1,false
U-efa440,A-10b8f2,S-fa9b43,2024-07-15,feature_32,10,430,0,true
U-34087e,A-10b8f2,S-fa9b43,2024-02-14,feature_24,12,5880,0,false
U-931c71,A-117171,S-096835,2024-12-11,feature_33,7,637,0,true
U-0f80ef,A-117171,S-096835,2024-11-01,feature_15,8,136,0,false
U-90d884,A-118d55,S-2c64e6,2024-12-16,feature_18,7,2303,0,false
U-813c99,A-118d55,S-2c64e6,2024-11-02,feature_21,4,1120,0,false
U-b985db,A-118d55,S-2ff628,2024-11-13,feature_25,11,5863,1,false
U-702652,A-118d55,S-2ff628,2024-12-15,feature_27,13,208,1,false
U-ba26ae,A-118d55,S-43c80c,2024-12-30,feature_9,7,2674,0,true
U-340670,A-13466a,S-063586,2024-06-27,feature_40,10,1830,0,false
U-c0f09a,A-13466a,S-1c45b4,2024-12-19,feature_19,15,795,0,false
U-74e728,A-13466a,S-2f8dbb,2024-02-01,feature_39,10,3130,0,false
U-1a530f,A-13466a,S-3223a2,2024-12-10,feature_5,10,5520,0,false
U-78cc92,A-13466a,S-3223a2,2024-02-06,feature_39,9,2781,0,false
U-9f471f,A-13466a,S-3223a2,2023-12-11,feature_2,2,260,1,false
U-cbd1ab,A-13466a,S-3223a2,2024-10-30,feature_26,6,1956,1,false
U-d18d8e,A-13466a,S-af6536,2024-10-29,feature_13,7,1533,0,true
U-037e13,A-13466a,S-b89456,2024-06-19,feature_2,12,6600,4,false
U-813b62,A-13466a,S-b89456,2024-04-05,feature_2,2,384,1,false
U-8167c2,A-13466a,S-b89456,2024-02-27,feature_34,15,5760,1,false
U-46aa95,A-139c3b,S-80c24c,2024-11-30,feature_35,8,2808,0,false
U-af330c,A-139c3b,S-99a404,2024-12-16,feature_31,10,2220,0,false
U-85e4d2,A-139c3b,S-dc1c10,2024-12-17,feature_40,13,6565,0,false
U-fd6880,A-139c3b,S-dc1c10,2024-12-29,feature_2,7,917,2,true
U-d47df1,A-151c9a,S-909612,2024-10-26,feature_29,10,930,0,false
U-b33e2b,A-151c9a,S-909612,2024-05-01,feature_22,16,7200,0,false
U-0a3d81,A-151c9a,S-909612,2023-09-27,feature_8,13,4030,0,false
U-7f5532,A-151c9a,S-909612,2024-10-18,feature_7,9,2295,0,false
U-07f51c,A-151c9a,S-909612,2023-09-25,feature_25,10,4120,0,false
U-478423,A-151c9a,S-909612,2024-02-20,feature_23,17,1054,0,true
U-2dbe6b,A-151c9a,S-909612,2024-09-30,feature_30,11,3751,0,false
U-3c5bfc,A-151c9a,S-c033fa,2024-01-05,feature_17,8,2448,0,false
U-591224,A-151c9a,S-c033fa,2024-03-23,feature_6,10,5650,2,false
U-d420af,A-151c9a,S-c033fa,2024-10-12,feature_12,11,5918,0,false
U-3af583,A-151c9a,S-c033fa,2024-05-25,feature_38,8,344,2,false
U-5cba87,A-151c9a,S-c033fa,2024-01-01,feature_36,11,2706,0,false
U-48a4e7,A-151c9a,S-c033fa,2024-08-10,feature_34,14,6734,0,false
U-621701,A-151c9a,S-da9f05,2024-08-02,feature_22,10,910,0,false
U-d1eb05,A-151c9a,S-da9f05,2024-01-26,feature_34,7,2751,0,false
U-988f09,A-151c9a,S-da9f05,2024-04-04,feature_28,7,4186,0,false
U-ca79b6,A-151c9a,S-da9f05,2024-01-25,feature_1,5,150,1,false
U-17f357,A-151c9a,S-da9f05,2023-10-02,feature_19,11,2200,0,false
U-4c33f4,A-151c9a,S-f24609,2024-08-18,feature_31,12,5544,0,false
U-746d46,A-151c9a,S-f24609,2024-01-10,feature_24,8,240,0,false
U-d84772,A-151c9a,S-f24609,2024-12-29,feature_13,10,4850,1,false
U-f6d137,A-151c9a,S-f24609,2024-01-14,feature_17,14,4956,1,false
U-373977,A-151c9a,S-f24609,2023-07-11,feature_28,12,2604,0,false
U-b8a483,A-151c9a,S-f24609,2023-10-04,feature_21,12,4368,1,false
U-006c7b,A-151c9a,S-f9e2ca,2023-10-19,feature_32,11,5060,0,false
U-be2a2d,A-151c9a,S-f9e2ca,2024-10-24,feature_15,8,1416,1,false
U-b7a165,A-151c9a,S-f9e2ca,2023-08-18,feature_6,5,1350,0,false
U-403beb,A-151c9a,S-f9e2ca,2024-12-21,feature_9,13,1248,4,false
U-48f000,A-151c9a,S-f9e2ca,2024-03-27,feature_10,16,9184,0,false
U-623d7c,A-157070,S-3e54f5,2024-10-13,feature_24,9,819,0,false
U-138953,A-157070,S-628729,2024-09-22,feature_36,10,970,0,false
U-885515,A-157070,S-628729,2024-10-19,feature_31,7,1631,0,false
U-1f3b48,A-157070,S-628729,2024-03-28,feature_27,5,2865,0,false
U-0e08c6,A-157070,S-628729,2024-01-20,feature_3,5,1015,0,false
U-898d5d,A-157070,S-628729,2024-12-05,feature_2,9,2052,2,false
U-693541,A-157070,S-65bb33,2024-05-12,feature_38,9,3582,0,false
U-c06a14,A-157070,S-65bb33,2024-07-10,feature_18,16,2976,0,false
U-4c6ac3,A-157070,S-65bb33,2024-09-17,feature_23,6,300,2,false
U-78663e,A-157070,S-6bde88,2024-07-23,feature_31,7,1729,1,false
U-5c7656,A-157070,S-7826c1,2024-10-05,feature_11,8,2632,0,false
U-372692,A-157070,S-7826c1,2024-07-11,feature_15,12,1332,0,true
U-2e9b31,A-157070,S-7826c1,2024-01-08,feature_2,10,2590,4,false
U-8b1132,A-157070,S-7826c1,2024-06-06,feature_20,11,858,0,false
U-fc2d49,A-157070,S-7a9d40,2024-03-06,feature_19,9,5238,1,false
U-bafe0a,A-157070,S-804965,2024-09-03,feature_23,10,2200,0,false
U-576e03,A-157070,S-804965,2024-07-30,feature_34,9,4365,0,false
U-dc24ea,A-157070,S-804965,2024-12-07,feature_8,5,995,0,false
U-b7eac5,A-157070,S-804965,2024-08-20,feature_36,12,3372,0,false
U-4e7d21,A-157070,S-8923b3,2024-07-21,feature_5,16,256,2,false
U-1b195f,A-157070,S-8923b3,2024-02-01,feature_7,9,1944,2,false
U-8c97b4,A-157070,S-8923b3,2024-11-14,feature_35,12,480,0,false
U-50df81,A-157070,S-8923b3,2024-05-17,feature_15,12,1812,0,false
U-c047bb,A-157070,S-8923b3,2024-11-12,feature_30,10,1940,0,false
U-88fb55,A-157070,S-8923b3,2024-08-12,feature_39,13,2171,0,false
U-06319b,A-157070,S-8923b3,2024-09-24,feature_26,10,170,0,false
U-19a63d,A-157070,S-9af385,2024-07-15,feature_24,17,7565,0,false
U-046118,A-157070,S-9af385,2024-05-23,feature_21,8,176,0,false
U-ae7aa9,A-157070,S-a63da6,2024-05-30,feature_28,14,5530,0,false
U-6f5887,A-157070,S-bc66af,2024-01-22,feature_35,7,4081,0,false
U-a49304,A-157070,S-bc66af,2024-05-29,feature_28,16,5056,0,false
U-594159,A-157070,S-bc66af,2024-05-31,feature_23,11,5302,0,false
U-a01a7c,A-157070,S-cd74b9,2024-08-06,feature_16,11,3960,0,false
U-535aec,A-157070,S-d0d19f,2024-06-07,feature_30,12,2796,0,false
U-e50278,A-157070,S-e1fa5b,2024-09-02,feature_36,9,657,0,false
U-57a59a,A-157070,S-fcd20b,2024-02-24,feature_6,9,4023,0,false
U-1344d0,A-157070,S-fcd20b,2024-04-02,feature_28,10,4970,1,false
U-d5c209,A-157070,S-fcd20b,2024-07-07,feature_31,8,4368,1,false
U-2636d9,A-157070,S-ffd591,2024-06-05,feature_18,5,2955,0,false
U-3e541d,A-158f4e,S-3ad334,2023-07-11,feature_22,15,465,3,false
U-24f5ed,A-158f4e,S-3ad334,2024-04-07,feature_7,8,2840,0,false
U-92d48f,A-158f4e,S-3ad334,2024-07-09,feature_20,12,6336,0,false
U-16c921,A-158f4e,S-3ad334,2024-10-22,feature_4,7,2282,0,false
U-ed7ac2,A-158f4e,S-4dae4c,2023-10-25,feature_32,5,2160,0,true
U-17b9a8,A-158f4e,S-56834c,2024-06-13,feature_8,9,3618,0,false
U-17e742,A-158f4e,S-56834c,2023-10-18,feature_24,10,4170,1,false
U-780305,A-158f4e,S-61c27e,2024-03-16,feature_24,15,6720,0,false
U-478a7e,A-158f4e,S-61c27e,2023-06-16,feature_31,7,399,3,false
U-f642e9,A-158f4e,S-61c27e,2023-10-02,feature_39,7,1421,1,false
U-e8b3fc,A-158f4e,S-63c794,2023-11-13,feature_8,10,800,2,false
U-6858bd,A-158f4e,S-63c794,2024-09-02,feature_36,11,1738,0,true
U-4583ed,A-158f4e,S-63c794,2024-11-22,feature_26,7,707,0,false
U-ac3683,A-158f4e,S-6cea1b,2024-06-13,feature_28,8,320,0,false
U-32b6f4,A-158f4e,S-6cea1b,2024-07-21,feature_32,12,504,0,false
U-71c2d1,A-158f4e,S-9714fa,2024-08-10,feature_40,7,1596,0,false
U-ba7fb2,A-158f4e,S-9714fa,2024-08-20,feature_31,12,3216,0,false
U-054309,A-158f4e,S-9714fa,2024-05-02,feature_2,10,700,0,false
U-0f1a29,A-158f4e,S-9714fa,2023-10-06,feature_16,12,3888,0,false
U-059a77,A-158f4e,S-9f59fd,2023-08-08,feature_34,8,2808,1,false
U-caf63e,A-158f4e,S-ce5e0e,2024-04-03,feature_6,9,4086,0,false
U-58daec,A-158f4e,S-e2fd71,2023-10-05,feature_2,6,624,0,false
U-1b8543,A-158f4e,S-e2fd71,2023-06-08,feature_2,9,900,0,false
U-96cb24,A-158f4e,S-e2fd71,2023-11-07,feature_26,7,3122,0,false
U-2be18d,A-158f4e,S-e2fd71,2023-12-10,feature_3,12,4104,0,false
U-dd3aaf,A-158f4e,S-f3ff07,2023-11-26,feature_10,6,816,2,false
U-3afa0b,A-158f4e,S-f762a3,2024-06-07,feature_10,10,5220,0,false
U-5defa4,A-158f4e,S-f762a3,2024-10-12,feature_19,9,4095,1,false
U-ff096c,A-158f4e,S-f762a3,2023-08-13,feature_25,8,1584,0,false
U-83c4ba,A-158f4e,S-f762a3,2023-11-21,feature_33,6,1218,1,false
U-109fe1,A-158f4e,S-f762a3,2024-10-11,feature_21,10,5120,1,false
U-1513bd,A-1619f8,S-2aadef,2024-12-03,feature_17,6,2124,1,false
U-f5acac,A-1619f8,S-2aadef,2024-07-14,feature_23,17,9197,0,false
U-66f39c,A-1619f8,S-2aadef,2024-07-23,feature_10,8,1544,0,false
U-e1e010,A-1619f8,S-2aadef,2024-07-22,feature_34,5,775,0,false
U-fc6f8f,A-1619f8,S-3401bf,2024-12-07,feature_28,12,2988,0,false
U-27d538,A-1619f8,S-45ee20,2024-11-23,feature_15,13,6487,0,false
U-9500a0,A-1619f8,S-45ee20,2024-07-10,feature_16,13,4940,0,false
U-1c2383,A-1619f8,S-5de79e,2024-10-21,feature_26,14,6832,0,false
U-5742e9,A-1619f8,S-ccc0fe,2024-07-24,feature_2,6,2214,0,false
U-69e435,A-1619f8,S-d232ad,2024-07-03,feature_24,7,371,1,false
U-553385,A-1619f8,S-d232ad,2024-08-31,feature_23,12,2400,0,false
U-49ebf7,A-1619f8,S-d232ad,2024-09-01,feature_40,7,3682,0,false
U-4e4f76,A-1619f8,S-f2da7f,2024-09-30,feature_30,17,5117,3,false
U-47e2f6,A-1619f8,S-f2da7f,2024-08-03,feature_20,13,4017,0,true
U-4461cc,A-180abf,S-0aba5b,2024-03-31,feature_20,8,2224,0,true
U-2733a0,A-180abf,S-0aba5b,2024-02-29,feature_17,11,858,0,false
U-341766,A-180abf,S-0aba5b,2024-12-17,feature_37,10,1870,0,false
U-29a06e,A-180abf,S-0b0ffa,2024-09-03,feature_13,14,7308,0,false
U-09885b,A-180abf,S-0b0ffa,2024-07-15,feature_23,14,672,0,false
U-df5eca,A-180abf,S-612bfb,2024-10-11,feature_14,7,3976,0,false
U-196d83,A-180abf,S-612bfb,2024-02-10,feature_39,10,960,2,false
U-301c8a,A-180abf,S-612bfb,2024-06-25,feature_13,10,5720,0,false
U-5473a9,A-180abf,S-612bfb,2024-06-28,feature_27,14,7882,1,false
U-dacb0e,A-180abf,S-612bfb,2023-11-17,feature_11,10,3190,0,false
U-0facab,A-180abf,S-612bfb,2023-12-12,feature_34,12,2088,0,false
U-2ee5ff,A-180abf,S-85f2ab,2024-03-29,feature_33,7,770,2,false
U-5aabfa,A-180abf,S-85f2ab,2024-05-09,feature_18,9,198,1,false
U-e76db6,A-180abf,S-85f2ab,2024-07-25,feature_14,9,1917,0,false
U-18f1da,A-180abf,S-85f2ab,2023-11-15,feature_20,8,1952,0,false
U-d85751,A-180abf,S-8b0498,2024-09-25,feature_12,8,3784,0,false
U-c4b836,A-180abf,S-8b0498,2024-09-21,feature_24,10,1090,2,false
U-6255f9,A-180abf,S-a5a40b,2024-01-30,feature_11,9,5094,0,false
U-c76f4b,A-180abf,S-a5a40b,2024-05-11,feature_12,7,1869,0,false
U-7d65e1,A-180abf,S-a5a40b,2023-09-18,feature_40,13,5447,0,false
U-68ec83,A-180abf,S-a5a40b,2024-05-02,feature_4,13,5512,2,false
U-be44f2,A-180abf,S-a5a40b,2024-01-26,feature_3,9,2853,2,false
U-b3a375,A-180abf,S-b262a1,2024-09-14,feature_31,10,330,2,false
U-ca1f92,A-180abf,S-b262a1,2024-02-02,feature_19,6,1728,3,false
U-419ade,A-180abf,S-b262a1,2023-11-18,feature_21,17,272,0,false
U-2664d7,A-180abf,S-e9395e,2024-08-17,feature_38,11,2046,0,true
U-6a11b1,A-180abf,S-fa05d7,2024-11-24,feature_31,12,1872,1,false
U-d169af,A-180abf,S-fa05d7,2024-10-23,feature_27,11,1991,0,false
U-f5cd9c,A-180abf,S-fa05d7,2024-11-17,feature_22,6,2574,0,false
U-29229f,A-180abf,S-fa05d7,2023-10-28,feature_22,7,4011,0,true
U-7a3752,A-180abf,S-fa05d7,2024-06-07,feature_2,13,1911,2,true
U-999b1e,A-186a44,S-021004,2024-02-25,feature_6,9,5274,0,false
U-d3b25a,A-186a44,S-23ae3c,2023-09-20,feature_18,14,1946,0,false
U-9232f4,A-186a44,S-23ae3c,2024-02-23,feature_13,5,2215,0,false
U-80f4dc,A-186a44,S-23ae3c,2024-11-20,feature_16,10,4620,1,false
U-5e8b9e,A-186a44,S-450fa9,2024-03-23,feature_25,12,5112,0,false
U-b50d6a,A-186a44,S-450fa9,2024-08-06,feature_20,8,184,1,false
U-dbe1b0,A-186a44,S-450fa9,2024-03-29,feature_39,10,1530,0,false
U-0aa7eb,A-186a44,S-450fa9,2024-07-29,feature_7,8,3912,0,false
U-7296b6,A-186a44,S-450fa9,2024-11-08,feature_25,14,6622,1,false
U-65baed,A-186a44,S-450fa9,2024-06-08,feature_24,12,6348,0,false
U-e650ee,A-186a44,S-450fa9,2024-03-21,feature_32,7,4025,0,true
U-232287,A-186a44,S-66106d,2024-03-06,feature_13,11,2860,0,true
U-5b2350,A-186a44,S-66106d,2024-03-25,feature_40,4,2316,0,false
U-33f976,A-186a44,S-66106d,2024-07-06,feature_3,12,1884,0,false
U-746b8c,A-186a44,S-66106d,2024-10-10,feature_34,12,4644,0,false
U-c963d5,A-186a44,S-66106d,2024-08-16,feature_10,8,1192,0,false
U-6be163,A-186a44,S-66106d,2024-07-09,feature_24,8,3048,0,false
U-35f8a5,A-186a44,S-816354,2023-10-11,feature_23,8,1928,2,false
U-f8625e,A-186a44,S-816354,2024-11-27,feature_20,10,1300,2,false
U-ce60d3,A-186a44,S-816354,2024-07-13,feature_35,8,1192,1,false
U-192ad2,A-186a44,S-816354,2023-09-24,feature_5,14,7406,1,true
U-6a517e,A-186a44,S-94b283,2024-07-27,feature_7,9,1755,0,false
U-9c486f,A-186a44,S-94b283,2023-09-08,feature_1,16,8928,0,true
U-74f86d,A-186a44,S-94b283,2024-04-06,feature_30,7,994,1,false
U-1dc909,A-186a44,S-94b283,2023-09-06,feature_7,11,1254,0,false
U-ae063d,A-186a44,S-94b283,2024-04-24,feature_1,10,5990,0,false
U-564c86,A-186a44,S-a84c82,2023-11-29,feature_24,9,5139,0,false
U-0f4d6d,A-186a44,S-a84c82,2023-10-03,feature_9,8,2664,1,false
U-40132f,A-186a44,S-a84c82,2024-03-10,feature_18,12,288,0,false
U-b31c36,A-186a44,S-a84c82,2024-07-23,feature_34,6,1074,0,false
U-b50f32,A-186a44,S-a84c82,2024-06-08,feature_11,10,3370,1,false
U-0a141e,A-186a44,S-bd2ab2,2024-10-08,feature_32,20,5140,0,false
U-5bf8a0,A-186a44,S-d11e9f,2024-03-05,feature_23,10,1120,0,false
U-92e7b8,A-186a44,S-d11e9f,2024-08-16,feature_1,6,2160,0,false
U-6a3716,A-186a44,S-d65491,2024-04-25,feature_22,8,1784,0,false
U-9bb345,A-186a44,S-d65491,2023-10-11,feature_25,9,3609,2,false
U-6e3dae,A-186a44,S-d65491,2023-10-03,feature_20,12,6924,0,false
U-611337,A-186a44,S-d65491,2024-05-29,feature_23,13,689,0,false
U-9763a0,A-186a44,S-e1db7e,2024-03-31,feature_17,8,2808,0,false
U-84ada2,A-186a44,S-e1db7e,2024-06-23,feature_37,6,138,0,false
U-352fdd,A-186a44,S-e1db7e,2024-10-20,feature_14,13,6188,0,true
U-8b3ad9,A-186a44,S-f77847,2024-10-18,feature_38,13,6747,0,false
U-fc3f8e,A-186a44,S-f77847,2023-09-17,feature_19,11,2948,0,false
U-31f26c,A-186a44,S-f77847,2024-08-10,feature_27,6,1482,0,false
U-8bfc6e,A-186a44,S-fec1cd,2024-07-24,feature_25,9,1935,0,false
U-b1fb5f,A-186a44,S-fec1cd,2024-05-04,feature_16,15,2325,0,true
U-468bc3,A-186a44,S-fec1cd,2024-02-04,feature_39,5,2820,1,false
U-80873a,A-1986ca,S-6f0aa3,2024-11-23,feature_26,16,4080,0,false
U-379d0d,A-1986ca,S-6f0aa3,2024-07-03,feature_23,9,1917,0,false
U-8d6da0,A-1986ca,S-6f0aa3,2023-10-14,feature_1,6,2460,0,true
U-b027d1,A-1986ca,S-6f0aa3,2023-12-25,feature_33,10,5080,0,true
U-85731e,A-1986ca,S-846d41,2023-11-26,feature_14,8,2152,0,false
U-be454b,A-1986ca,S-846d41,2024-02-06,feature_24,11,187,0,false
U-4ef70b,A-1986ca,S-846d41,2024-10-21,feature_21,11,4367,0,true
U-add383,A-1986ca,S-c5bec0,2024-11-03,feature_29,2,728,0,false
U-754719,A-1986ca,S-c5bec0,2024-08-26,feature_35,8,1496,3,false
U-736f98,A-1986ca,S-c5bec0,2024-07-03,feature_14,10,470,1,false
U-8fdc5b,A-1986ca,S-c5bec0,2024-08-18,feature_35,10,5530,0,false
U-25bc85,A-1986ca,S-c5bec0,2024-04-21,feature_22,13,5187,0,false
U-2f1db2,A-1986ca,S-c9d475,2024-11-08,feature_2,8,3160,0,false
U-53344a,A-1986ca,S-c9d475,2024-01-26,feature_23,8,2792,0,false
U-a1608e,A-1986ca,S-dc1cf4,2024-01-31,feature_38,10,770,2,false
U-b8639f,A-1986ca,S-dc1cf4,2023-08-22,feature_28,13,1352,3,false
U-050a5f,A-1986ca,S-dc1cf4,2024-08-15,feature_23,10,1590,0,false
U-32be4b,A-1986ca,S-dc1cf4,2024-05-06,feature_18,10,1620,0,false
U-27ccb9,A-1986ca,S-dc1cf4,2024-05-09,feature_18,7,1561,0,false
U-1e00b0,A-1986ca,S-dc1cf4,2023-07-14,feature_17,7,770,2,false
U-be7cd3,A-1986ca,S-fee7b2,2024-04-27,feature_39,14,1498,1,false
U-eb17ef,A-1986ca,S-fee7b2,2024-06-14,feature_39,9,4887,0,false
U-96f6be,A-1986ca,S-fee7b2,2023-07-07,feature_31,6,1986,2,false
U-1206c1,A-1986ca,S-fee7b2,2024-07-22,feature_27,11,2299,2,false
U-aa7e0b,A-19b2c8,S-09c11e,2024-05-07,feature_19,5,885,2,false
U-20b3da,A-19b2c8,S-09c11e,2024-08-14,feature_19,9,1602,0,false
U-5846b2,A-19b2c8,S-09c11e,2024-12-30,feature_9,10,1980,0,false
U-0c27b0,A-19b2c8,S-09c11e,2024-06-29,feature_24,9,4653,0,false
U-462f24,A-19b2c8,S-09c11e,2024-10-01,feature_37,9,4356,2,false
U-3b6cd4,A-19b2c8,S-09c11e,2024-09-24,feature_36,15,3735,0,false
U-6685bb,A-19b2c8,S-0c0691,2023-09-19,feature_2,9,3978,1,false
U-e84277,A-19b2c8,S-0c0691,2023-08-31,feature_2,12,6348,0,false
U-a7198a,A-19b2c8,S-0c0691,2023-07-27,feature_21,7,4193,0,false
U-c73dc3,A-19b2c8,S-0c0691,2023-06-23,feature_18,10,2580,0,false
U-bb647e,A-19b2c8,S-0c0691,2024-04-07,feature_17,8,1872,0,false
U-ae97ac,A-19b2c8,S-0c0691,2024-07-13,feature_6,9,180,0,true
U-8677d8,A-19b2c8,S-0c0691,2023-11-20,feature_2,10,70,0,false
U-ca5d9c,A-19b2c8,S-0c0691,2024-12-03,feature_7,9,4734,0,false
U-8012d9,A-19b2c8,S-2ddf94,2024-08-11,feature_30,14,5320,0,false
U-e6498d,A-19b2c8,S-2ddf94,2023-09-30,feature_24,9,3411,3,false
U-2a6257,A-19b2c8,S-2ddf94,2024-02-23,feature_30,8,2104,1,false
U-0159d9,A-19b2c8,S-2ddf94,2024-07-29,feature_29,11,6567,0,false
U-ebad69,A-19b2c8,S-2ddf94,2023-07-05,feature_7,9,2322,0,false
U-47852e,A-19b2c8,S-36f8c0,2024-12-23,feature_40,8,160,0,false
U-69398f,A-19b2c8,S-44f453,2023-11-04,feature_10,6,3018,2,false
U-411b7f,A-19b2c8,S-44f453,2024-11-09,feature_10,18,8694,0,false
U-c61a60,A-19b2c8,S-4815a3,2024-01-12,feature_33,6,2988,0,false
U-f3abcb,A-19b2c8,S-4815a3,2024-08-01,feature_7,7,1323,0,false
U-4ffc1d,A-19b2c8,S-54e8b2,2024-11-08,feature_26,5,1765,3,false
U-9947c5,A-19b2c8,S-54e8b2,2024-03-25,feature_14,10,2490,2,false
U-24c309,A-19b2c8,S-54e8b2,2024-02-20,feature_6,13,3601,0,false
U-b3c694,A-19b2c8,S-66569a,2024-01-15,feature_14,8,2480,0,false
U-1c7f8a,A-19b2c8,S-66569a,2023-08-16,feature_10,13,7033,0,false
U-98a3e2,A-19b2c8,S-66569a,2024-01-02,feature_25,7,2002,0,false
U-572bb1,A-19b2c8,S-66569a,2024-09-01,feature_36,7,3927,0,false
U-b0eef8,A-19b2c8,S-66569a,2023-07-16,feature_28,10,4090,1,false
U-3e63de,A-19b2c8,S-66569a,2023-10-07,feature_24,11,1540,3,false
U-0290be,A-19b2c8,S-c3aa52,2023-10-13,feature_36,7,483,0,false
U-29ccca,A-19b2c8,S-c3aa52,2024-03-10,feature_22,4,468,1,false
U-e0e549,A-19b2c8,S-c3aa52,2024-03-12,feature_20,11,1991,0,false
U-a60664,A-19b2c8,S-cac22d,2024-05-02,feature_32,15,4995,0,false
U-358b9a,A-19b2c8,S-d106d4,2024-10-12,feature_31,5,2895,0,false
U-978710,A-19b2c8,S-d106d4,2024-06-01,feature_15,11,4708,0,false
U-49887b,A-19b2c8,S-d5a07a,2024-12-16,feature_38,8,1744,0,false
U-09e301,A-19b2c8,S-d5a07a,2023-09-22,feature_8,11,4169,1,true
U-2fb4cd,A-19b2c8,S-d5a07a,2024-03-07,feature_20,10,2240,0,false
U-9ae9ab,A-19b2c8,S-d5a07a,2023-12-02,feature_5,8,3880,0,false
U-b29094,A-19b2c8,S-d5a07a,2024-11-07,feature_11,13,4368,0,false
U-5d182a,A-19b2c8,S-d5a07a,2024-02-09,feature_32,10,4140,0,false
U-31127a,A-19b2c8,S-f0d2fd,2023-08-09,feature_24,11,3300,3,false
U-24b9ed,A-19b2c8,S-f0d2fd,2024-12-21,feature_15,3,27,1,true
U-f6bfb5,A-19b2c8,S-f0d2fd,2024-07-28,feature_9,6,1974,2,false
U-834c8b,A-19b2c8,S-f0d2fd,2023-08-07,feature_25,10,4650,0,false
U-ba785c,A-19b2c8,S-f0d2fd,2023-08-07,feature_15,7,2506,1,false
U-457394,A-19b2c8,S-f0d2fd,2023-07-14,feature_29,8,1128,1,false
U-989152,A-19b2c8,S-f0d2fd,2023-11-22,feature_17,11,1760,2,false
U-d89eba,A-1ac5e0,S-519509,2024-12-11,feature_35,7,1134,2,false
U-cb9c6d,A-1ac5e0,S-53361d,2024-11-06,feature_19,13,5525,1,false
U-0b8900,A-1ac5e0,S-5bbfe3,2024-11-02,feature_40,6,1254,0,false
U-ccadc1,A-1ac5e0,S-5bbfe3,2024-10-29,feature_18,10,2350,0,true
U-6a6689,A-1b707d,S-0d33fc,2023-12-30,feature_7,15,7815,0,false
U-00c1c8,A-1b707d,S-0d33fc,2023-11-27,feature_16,7,4046,0,false
U-736778,A-1b707d,S-3a3be9,2024-01-11,feature_11,11,2959,1,false
U-972177,A-1b707d,S-3a3be9,2024-07-23,feature_30,12,2484,0,false
U-c769db,A-1b707d,S-47985c,2024-11-01,feature_5,7,4046,0,false
U-b3dfe8,A-1b707d,S-47985c,2024-07-19,feature_15,14,3108,0,false
U-52597a,A-1b707d,S-5f75b5,2024-09-15,feature_25,13,2288,0,false
U-7ac35e,A-1b707d,S-5f75b5,2024-08-17,feature_9,12,4860,0,false
U-22448b,A-1b707d,S-5f75b5,2024-09-15,feature_7,10,280,1,false
U-f33c1e,A-1b707d,S-5f75b5,2024-11-25,feature_24,11,4378,0,false
U-a66a3e,A-1b707d,S-5f75b5,2024-10-17,feature_18,10,2010,1,true
U-40b3c9,A-1b707d,S-5f75b5,2024-10-21,feature_11,5,1160,1,false
U-7812d4,A-1b707d,S-7f04ec,2024-03-17,feature_26,9,837,0,false
U-30ff43,A-1b707d,S-7f04ec,2024-10-14,feature_14,11,803,0,false
U-deffdb,A-1b707d,S-7f04ec,2024-09-11,feature_5,7,4158,0,false
U-f9c780,A-1b707d,S-7f04ec,2024-06-30,feature_27,12,6516,0,false
U-ca367a,A-1b707d,S-bafe35,2024-12-13,feature_6,9,1134,2,true
U-6139d1,A-1b707d,S-bafe35,2023-11-27,feature_13,12,1656,0,false
U-275f73,A-1b707d,S-bafe35,2024-07-14,feature_37,13,3289,0,false
U-c7dbdc,A-1b707d,S-bafe35,2024-11-13,feature_2,9,1251,0,false
U-1a4b90,A-1b707d,S-dda23d,2024-11-17,feature_27,17,8330,1,false
U-21ce54,A-1b7577,S-009027,2024-12-11,feature_14,11,4191,0,false
U-2774e6,A-1b7577,S-06770c,2024-11-26,feature_5,16,6448,0,false
U-a09bd3,A-1b7577,S-94fa70,2024-12-20,feature_5,10,4370,0,true
U-d58983,A-1b7577,S-af430c,2024-11-16,feature_20,17,5457,1,false
U-ab5dfc,A-1b7577,S-af430c,2024-10-30,feature_37,5,2430,0,false
U-f4bdda,A-1b7577,S-d91f4c,2024-12-19,feature_24,10,5830,2,false
U-ef6b16,A-1b9609,S-34253c,2024-03-14,feature_9,15,390,0,false
U-f0aff5,A-1b9609,S-35cf1c,2024-07-24,feature_24,7,3955,0,false
U-378890,A-1b9609,S-35cf1c,2024-06-21,feature_35,15,2490,0,false
U-234207,A-1b9609,S-35cf1c,2024-07-23,feature_23,7,2506,0,false
U-f9793a,A-1b9609,S-35cf1c,2024-10-08,feature_8,15,1065,0,false
U-36855f,A-1b9609,S-412125,2024-05-14,feature_20,7,2457,0,false
U-a4df00,A-1b9609,S-412125,2024-07-12,feature_9,8,2624,0,true
U-385766,A-1b9609,S-412125,2024-01-20,feature_16,11,4983,0,true
U-54a90b,A-1b9609,S-412125,2024-04-01,feature_28,14,8008,2,false
U-3ef096,A-1b9609,S-4f3f73,2024-07-14,feature_18,13,6630,3,false
U-076602,A-1b9609,S-523cce,2024-08-20,feature_12,8,1848,0,false
U-48c418,A-1b9609,S-523cce,2024-06-05,feature_1,7,4137,0,true
U-756c76,A-1b9609,S-523cce,2023-12-08,feature_10,9,180,0,false
U-08dadd,A-1b9609,S-523cce,2024-11-20,feature_12,7,2786,0,false
U-c6dddb,A-1b9609,S-5d5699,2024-07-23,feature_33,9,3384,2,true
U-ea5eff,A-1b9609,S-5d5699,2024-06-02,feature_5,6,1164,2,false
U-a3d754,A-1b9609,S-5d5699,2024-11-04,feature_31,10,4290,0,false
U-f3cd6d,A-1b9609,S-5d5699,2024-03-20,feature_10,8,1568,0,false
U-e90446,A-1b9609,S-80016a,2024-08-22,feature_39,1,319,1,false
U-f8b2d6,A-1b9609,S-86455a,2024-06-17,feature_2,9,3024,1,false
U-37e6e7,A-1b9609,S-86455a,2024-02-16,feature_36,11,858,1,false
U-18a975,A-1b9609,S-86455a,2024-03-04,feature_21,8,280,0,false
U-b02909,A-1b9609,S-afa7a7,2024-06-21,feature_8,11,1782,0,true
U-f668df,A-1b9609,S-ba672b,2024-10-13,feature_30,20,10820,0,false
U-3e6dcc,A-1b9609,S-ba672b,2024-10-21,feature_29,15,3615,0,false
U-363ab7,A-1b9609,S-ee53e8,2024-07-09,feature_12,10,5880,0,false
U-0129ea,A-1b9609,S-ee53e8,2024-01-10,feature_5,11,6490,1,false
U-77176f,A-1b9609,S-ee53e8,2024-07-09,feature_40,8,2456,0,false
U-b29b83,A-1b9609,S-ee53e8,2024-01-06,feature_11,20,4320,0,false
U-8f4cce,A-1d5444,S-1b713e,2024-05-12,feature_1,13,2067,0,true
U-f2c024,A-1d5444,S-221db6,2024-11-19,feature_19,3,705,0,false
U-bf6b06,A-1d5444,S-221db6,2024-06-02,feature_5,19,8113,0,true
U-92b9cc,A-1d5444,S-221db6,2024-11-23,feature_7,9,2475,0,false
U-448477,A-1d5444,S-221db6,2024-07-18,feature_15,13,1716,0,false
U-17d2a7,A-1d5444,S-27552b,2024-06-07,feature_37,14,2800,0,false
U-18b787,A-1d5444,S-27552b,2024-06-11,feature_2,10,2780,0,false
U-213e55,A-1d5444,S-45ab1a,2024-05-21,feature_3,9,3438,0,false
U-c97888,A-1d5444,S-45ab1a,2024-09-02,feature_3,15,5445,1,false
U-81e7dc,A-1d5444,S-45ab1a,2024-10-28,feature_1,4,1864,0,false
U-652ab3,A-1d5444,S-45ab1a,2024-04-03,feature_21,7,4151,1,false
U-442c93,A-1d5444,S-45ab1a,2024-05-09,feature_1,15,7140,3,false
U-9ed5bd,A-1d5444,S-497d95,2024-05-07,feature_20,8,824,0,false
U-80b5df,A-1d5444,S-5619af,2024-11-25,feature_31,4,376,2,false
U-122ebc,A-1d5444,S-5619af,2024-06-06,feature_5,9,3546,0,true
U-f33b04,A-1d5444,S-5d8b88,2024-04-13,feature_11,11,6138,0,false
U-2ff768,A-1d5444,S-5d8b88,2024-04-12,feature_37,7,602,2,false
U-8abdd5,A-1d5444,S-7e5af5,2024-04-07,feature_21,7,483,0,false
U-d6f921,A-1d5444,S-7e5af5,2024-11-14,feature_23,14,3304,0,false
U-37a4f5,A-1d5444,S-c3213f,2024-09-03,feature_10,13,3913,0,false
U-efc0be,A-1d5444,S-c3d2f9,2024-04-11,feature_19,9,5004,0,true
U-03b964,A-1d5444,S-c3d2f9,2024-08-19,feature_32,4,1516,0,false
U-043333,A-1d5444,S-c3d2f9,2024-09-18,feature_21,11,5500,1,false
U-88c339,A-1d5444,S-cb3a85,2024-09-08,feature_39,6,2082,0,false
U-110ee2,A-1d5444,S-cb3a85,2024-07-23,feature_33,12,5760,1,false
U-14abe3,A-1d5444,S-cb3a85,2024-11-17,feature_38,7,2072,1,false
U-04745a,A-1d5444,S-f1778c,2024-11-22,feature_18,12,6192,3,false
U-6dbfd9,A-1d5444,S-f1778c,2024-09-26,feature_9,8,128,2,false
U-6d7c62,A-1d5444,S-f1778c,2024-04-25,feature_7,12,3084,4,false
U-1f5b69,A-1d5444,S-f1778c,2024-12-21,feature_39,13,6006,1,false
U-b074a9,A-1d5444,S-f1778c,2024-06-07,feature_24,8,4400,0,true
U-695700,A-1e1b80,S-28a4b7,2024-06-18,feature_29,11,2079,0,false
U-9457f3,A-1e1b80,S-28a4b7,2024-07-22,feature_24,7,1680,0,false
U-84065a,A-1e1b80,S-28a4b7,2024-04-18,feature_16,11,5181,3,false
U-0e2ec8,A-1e1b80,S-3bb329,2024-04-02,feature_30,7,2142,1,false
U-f6710f,A-1e1b80,S-3bb329,2024-08-01,feature_6,10,4950,2,false
U-2d1bcb,A-1e1b80,S-3bb329,2024-04-07,feature_32,17,8364,0,false
U-e3043c,A-1e1b80,S-44a646,2024-05-08,feature_18,12,2496,0,false
U-f60907,A-1e1b80,S-44a646,2024-09-19,feature_14,12,4116,0,false
U-b41b2b,A-1e1b80,S-44a646,2024-11-28,feature_36,10,3680,0,false
U-d28a29,A-1e1b80,S-44a646,2024-11-19,feature_4,12,1476,0,false
U-d1fac3,A-1e1b80,S-6def60,2024-06-17,feature_21,12,1920,0,false
U-d0c246,A-1e1b80,S-6def60,2024-09-29,feature_15,6,750,1,false
U-accdb7,A-1e1b80,S-6def60,2024-06-13,feature_30,10,5810,3,false
U-88f388,A-1e1b80,S-6def60,2024-09-21,feature_7,7,224,0,true
U-2b67cb,A-1e1b80,S-6def60,2024-02-03,feature_28,12,4296,0,false
U-04aafa,A-1e1b80,S-6def60,2024-01-25,feature_10,7,1225,0,false
U-61afac,A-1e1b80,S-7c5f3b,2023-12-15,feature_7,8,1448,1,false
U-866f38,A-1e1b80,S-7c5f3b,2024-06-24,feature_25,6,2862,2,false
U-ed5baf,A-1e1b80,S-7c5f3b,2024-10-24,feature_40,7,420,0,false
U-d57767,A-1e1b80,S-7c5f3b,2024-09-16,feature_12,11,1089,0,false
U-1be978,A-1e1b80,S-7c5f3b,2023-12-28,feature_11,8,2632,0,false
U-fc441e,A-1e1b80,S-7c5f3b,2024-04-21,feature_22,15,255,0,false
U-343205,A-1e1b80,S-9488ec,2024-02-07,feature_9,16,9568,1,false
U-12b765,A-1e1b80,S-9488ec,2024-06-25,feature_40,6,1272,2,false
U-aa1a04,A-1e1b80,S-9488ec,2023-11-14,feature_17,11,3388,0,false
U-89101f,A-1e1b80,S-9488ec,2024-03-16,feature_32,9,1287,1,false
U-501c10,A-1e1b80,S-9488ec,2024-02-14,feature_11,13,4823,1,false
U-e0e28b,A-1e1b80,S-9488ec,2024-12-18,feature_38,10,4220,0,false
U-e966b6,A-1e1b80,S-c6acda,2024-10-27,feature_5,7,2639,3,false
U-87dc50,A-1e1b80,S-c6acda,2024-11-23,feature_36,10,3100,0,false
U-43ee0d,A-1e1b80,S-c96d86,2024-06-20,feature_28,5,2715,1,false
U-c1084b,A-1e1b80,S-c96d86,2024-10-23,feature_34,11,1133,0,false
U-83d35b,A-1e1b80,S-c96d86,2024-09-08,feature_16,12,6828,2,true
U-53b8b9,A-1e1b80,S-c96d86,2024-03-08,feature_17,6,912,0,false
U-891a66,A-1e1b80,S-e301c9,2023-12-21,feature_35,9,765,0,false
U-b3dc10,A-1e1b80,S-e301c9,2024-10-05,feature_22,15,1710,0,false
U-63928a,A-1e1b80,S-ed76ff,2023-11-18,feature_20,10,1840,0,false
U-33404f,A-1e1b80,S-ed76ff,2024-07-13,feature_18,6,1434,1,false
U-4a2d28,A-1e1b80,S-ed76ff,2024-10-17,feature_26,9,3240,0,false
U-dc00ee,A-1e50e0,S-127d0b,2023-11-18,feature_26,8,1080,0,false
U-0ca239,A-1e50e0,S-127d0b,2024-06-20,feature_19,7,133,4,true
U-38f908,A-1e50e0,S-9b5676,2023-04-07,feature_19,12,1692,0,false
U-087089,A-1e50e0,S-9b5676,2024-12-10,feature_3,7,504,0,false
U-339ec5,A-1e50e0,S-9b5676,2024-01-04,feature_11,8,2192,0,false
U-dacbe0,A-1e50e0,S-de543d,2023-11-03,feature_21,6,1062,0,true
U-6d7d29,A-1e50e0,S-de543d,2023-10-23,feature_18,9,5130,0,false
U-35ff8f,A-1e50e0,S-de543d,2024-06-03,feature_11,15,3555,0,false
U-36940c,A-1e50e0,S-de543d,2023-07-03,feature_14,9,1584,1,false
U-0da438,A-1e50e0,S-de543d,2024-10-21,feature_31,12,6456,1,false
U-e5698c,A-1e50e0,S-f9c661,2024-09-06,feature_4,17,9656,0,false
U-7449cb,A-1e50e0,S-f9c661,2024-09-06,feature_14,9,4410,0,false
U-3fab37,A-1e50e0,S-f9c661,2023-11-15,feature_5,8,3912,0,false
U-dbd45f,A-1e6fc3,S-1a20b6,2024-05-31,feature_32,13,1313,0,false
U-5c5da4,A-1e6fc3,S-1a20b6,2024-09-11,feature_20,8,4320,0,false
U-8d0da0,A-1e6fc3,S-1a20b6,2024-01-25,feature_32,12,6972,0,false
U-6c974a,A-1e6fc3,S-1a20b6,2024-10-04,feature_16,12,4992,0,false
U-52c85f,A-1e6fc3,S-941e0f,2024-09-06,feature_1,15,90,0,false
U-a7fb79,A-1e6fc3,S-cb8a5c,2024-09-02,feature_12,7,3843,0,false
U-21ec87,A-1e6fc3,S-cb8a5c,2024-06-16,feature_22,3,1785,1,false
U-c43431,A-1e6fc3,S-cb8a5c,2024-06-30,feature_17,6,2748,0,false
U-9f5c97,A-1e6fc3,S-e6cfc1,2024-02-19,feature_37,8,4560,0,false
U-fcb2c5,A-1e6fc3,S-e6cfc1,2024-03-10,feature_3,13,3757,0,false
U-054d2b,A-1e6fc3,S-e6cfc1,2024-07-07,feature_23,7,889,0,false
U-5899c1,A-1e6fc3,S-e6cfc1,2024-08-08,feature_26,13,7410,0,false
U-8ed943,A-1f0636,S-2fe253,2024-04-01,feature_26,8,1720,0,false
U-796100,A-1f0636,S-2fe253,2024-09-16,feature_2,13,4589,0,false
U-de601d,A-1f0636,S-5b322c,2024-12-10,feature_8,12,168,1,true
U-1d6f87,A-1f0636,S-5b322c,2024-10-25,feature_20,9,4770,0,false
U-53edfd,A-1f0636,S-5b322c,2024-03-07,feature_19,11,4554,2,false
U-4429ba,A-1f0636,S-5b322c,2024-07-29,feature_31,12,4440,0,false
U-022b08,A-1f0636,S-5b322c,2024-06-19,feature_24,14,714,0,false
U-0ff831,A-1f0636,S-b5b39a,2024-10-24,feature_25,13,3484,1,false
U-273873,A-1f0636,S-c62428,2024-04-15,feature_12,5,1015,0,false
U-e000af,A-1f0636,S-c62428,2024-12-29,feature_39,11,6127,0,false
U-9d0875,A-1f0636,S-deb65c,2024-08-18,feature_8,5,895,0,false
U-962139,A-1f0636,S-deb65c,2024-05-30,feature_17,7,2863,0,false
U-8696be,A-1f0636,S-deb65c,2024-10-14,feature_13,14,966,2,false
U-d49d1d,A-1f0636,S-deb65c,2024-11-02,feature_4,9,3303,3,false
U-0a0755,A-1f0636,S-e9a159,2024-03-01,feature_11,15,3240,0,false
U-bd0c31,A-1f0636,S-e9a159,2024-09-23,feature_32,7,3983,0,false
U-38e7f8,A-1f0636,S-e9a159,2024-05-09,feature_25,8,4120,0,true
U-bf5948,A-1f0636,S-ed75af,2024-03-16,feature_34,13,6630,0,false
U-07941f,A-1f0636,S-ed75af,2024-10-07,feature_33,13,1521,1,false
U-db55bf,A-1f0636,S-ed75af,2024-12-18,feature_25,13,4784,0,false
U-e8eb33,A-1f0636,S-ed75af,2024-05-02,feature_14,14,3402,0,false
U-6f90db,A-1f0636,S-edc542,2024-05-05,feature_28,14,350,0,false
U-9b9eba,A-1f0636,S-edc542,2024-03-13,feature_22,9,3933,0,false
U-4589e8,A-1f0636,S-edc542,2024-11-29,feature_20,7,588,0,false
U-f8869d,A-1f0636,S-edc542,2024-12-20,feature_13,6,2466,0,false
U-6d3ff0,A-1f0636,S-efeb9b,2024-03-26,feature_34,7,1505,0,false
U-5b968a,A-1f0636,S-efeb9b,2024-07-31,feature_27,6,3138,0,false
U-d69eb2,A-1f0636,S-f3c329,2024-04-24,feature_25,8,3152,0,false
U-c5f5e7,A-1f0636,S-f3c329,2024-07-05,feature_14,7,1862,0,false
U-fb1eda,A-1f0636,S-f3c329,2024-07-18,feature_5,11,2178,0,false
U-28af0e,A-1f0636,S-f3c329,2024-11-15,feature_12,11,4488,1,false
U-2ab1ed,A-1f0636,S-f3c329,2024-06-03,feature_5,13,208,0,false
U-89e48e,A-1f0ac7,S-12ed58,2024-09-26,feature_40,4,2332,1,false
U-c44153,A-1f0ac7,S-12ed58,2024-07-04,feature_1,3,837,0,false
U-fa4793,A-1f0ac7,S-12ed58,2023-12-05,feature_25,9,4896,1,false
U-6cf125,A-1f0ac7,S-327a60,2024-08-31,feature_39,6,1752,0,false
U-c7e668,A-1f0ac7,S-327a60,2024-01-08,feature_20,13,4420,0,false
U-d6066a,A-1f0ac7,S-329803,2024-09-21,feature_6,8,1672,0,false
U-f65ca5,A-1f0ac7,S-329803,2024-03-04,feature_38,15,2940,0,false
U-02aded,A-1f0ac7,S-329803,2023-12-24,feature_24,6,1896,0,false
U-50ae99,A-1f0ac7,S-329803,2024-04-03,feature_25,11,6061,0,false
U-511279,A-1f0ac7,S-90229f,2024-10-16,feature_38,8,488,0,true
U-27d0c5,A-1f0ac7,S-da7f1f,2024-09-15,feature_15,12,2940,2,false
U-9c50f6,A-1f0ac7,S-da7f1f,2024-07-29,feature_37,10,3280,1,false
U-b0ed51,A-1f0ac7,S-da7f1f,2024-06-22,feature_35,11,693,1,false
U-3e7987,A-1f0ac7,S-da7f1f,2024-06-09,feature_9,8,336,0,false
U-432d21,A-1f0ac7,S-e7e4bd,2024-06-05,feature_33,7,3717,0,false
U-f73041,A-1f0ac7,S-e7e4bd,2024-12-04,feature_31,14,4256,2,false
U-06028f,A-1f0ac7,S-e7e4bd,2024-09-20,feature_40,5,1730,0,false
U-1017f2,A-1f0ac7,S-e7e4bd,2024-12-11,feature_27,6,3264,1,false
U-a8f104,A-1f0ac7,S-e7e4bd,2024-07-17,feature_22,9,2565,3,false
U-7d32fc,A-1f0ac7,S-e7e4bd,2024-12-03,feature_37,8,2824,0,false
U-53a147,A-1f0ac7,S-e7e4bd,2024-01-13,feature_13,10,820,0,false
U-3b56df,A-1f0ac7,S-fccc09,2024-10-22,feature_13,9,2016,0,false
U-2a9dc6,A-1f0ac7,S-fccc09,2024-05-22,feature_37,11,1771,1,false
U-fc6d1a,A-1f0ac7,S-fccc09,2023-12-06,feature_40,15,1980,0,false
U-967624,A-1f559b,S-1a5fa7,2024-04-22,feature_24,9,3744,0,false
U-a50dad,A-1f559b,S-6754a4,2023-12-31,feature_10,15,8205,1,false
U-3b4a52,A-1f559b,S-6754a4,2024-04-18,feature_4,14,2660,1,false
U-2682db,A-1f559b,S-6754a4,2023-12-16,feature_40,7,3451,3,false
U-c7adae,A-1f559b,S-6754a4,2023-12-18,feature_34,7,3605,0,false
U-3856ed,A-1f559b,S-6754a4,2024-08-28,feature_21,14,4592,1,false
U-74ba23,A-1f559b,S-76bf6c,2023-12-16,feature_30,13,2613,0,false
U-b25692,A-1f559b,S-a2f231,2024-11-14,feature_20,9,126,0,false
U-6005bf,A-1f559b,S-a2f231,2024-07-30,feature_19,12,4464,0,false
U-b8653c,A-1f559b,S-a2f231,2024-08-08,feature_12,10,1040,1,true
U-bbdbfd,A-1f559b,S-a2f231,2023-12-31,feature_2,12,6552,1,false
U-0e06f3,A-1f559b,S-d26ee3,2023-12-24,feature_38,6,1728,0,true
U-956a2d,A-1f559b,S-dacbda,2024-01-05,feature_9,10,5500,0,false
U-8adf6f,A-1f559b,S-dacbda,2024-11-15,feature_12,11,6534,1,true
U-f19ee5,A-1f559b,S-ddf5ff,2024-10-03,feature_32,10,720,0,false
U-64a10b,A-1f559b,S-ddf5ff,2024-11-06,feature_6,13,1612,0,false
U-2ea5f7,A-1f559b,S-ddf5ff,2024-01-28,feature_22,8,4688,1,false
U-ec0a30,A-1f559b,S-e3b379,2024-02-09,feature_37,4,2112,0,false
U-662a0a,A-1f559b,S-e3b379,2024-11-01,feature_37,11,2640,3,false
U-e5ca9a,A-1f559b,S-e3b379,2024-11-21,feature_39,12,6300,0,false
U-597cc6,A-1f559b,S-f690e0,2024-05-03,feature_5,11,495,0,false
U-8fa35b,A-1f559b,S-f690e0,2024-07-30,feature_9,10,760,0,false
U-dd09b2,A-1f7acb,S-2636a7,2024-03-02,feature_2,14,6174,0,true
U-173224,A-1f7acb,S-2636a7,2023-09-13,feature_19,9,1197,0,false
U-f5bbe7,A-1f7acb,S-2636a7,2023-11-23,feature_20,14,5894,0,true
U-61e08f,A-1f7acb,S-2636a7,2024-07-07,feature_34,10,4880,0,false
U-21511f,A-1f7acb,S-2636a7,2024-11-24,feature_25,8,4776,3,false
U-400788,A-1f7acb,S-3bc591,2024-06-21,feature_37,12,5952,0,false
U-f93daa,A-1f7acb,S-3bc591,2024-07-08,feature_32,6,2922,0,false
U-897e74,A-1f7acb,S-3bc591,2024-09-08,feature_8,11,5291,1,false
U-cb9673,A-1f7acb,S-3bc591,2024-10-31,feature_39,13,676,0,false
U-8d1bf5,A-1f7acb,S-3bc591,2024-04-20,feature_35,13,2418,0,false
U-ad18b8,A-1f7acb,S-768196,2023-12-06,feature_32,10,4290,0,false
U-f11601,A-1f7acb,S-768196,2024-08-29,feature_2,13,1508,0,false
U-eada8a,A-1f7acb,S-96fb48,2024-06-03,feature_9,6,966,5,false
U-5c07ed,A-1f7acb,S-96fb48,2024-09-23,feature_11,7,4032,4,false
U-73cc7d,A-1f7acb,S-96fb48,2024-12-13,feature_18,11,1529,0,true
U-cfbe65,A-1f7acb,S-96fb48,2024-04-22,feature_25,11,5819,2,false
U-a7201f,A-1f7acb,S-9fa49b,2024-04-15,feature_36,7,3416,0,false
U-d77111,A-1f7acb,S-9fa49b,2023-11-11,feature_38,11,539,0,false
U-999413,A-1f7acb,S-9fa49b,2024-05-14,feature_1,10,4570,2,true
U-45c5c9,A-1f7acb,S-9fa49b,2024-03-19,feature_32,13,2405,0,false
U-3b9b02,A-1f7acb,S-9fa49b,2024-06-24,feature_8,20,520,0,false
U-e1ad77,A-1f7acb,S-9fa49b,2024-01-08,feature_16,4,1940,0,false
U-9d5c54,A-1f7acb,S-9fa49b,2024-06-08,feature_40,8,832,2,false
U-72fa2c,A-1f7acb,S-e63c67,2024-07-13,feature_8,7,2170,2,false
U-836c26,A-1f7acb,S-e63c67,2023-10-26,feature_15,7,735,1,false
U-04d411,A-1f7acb,S-e63c67,2023-09-02,feature_1,13,7306,1,false
U-16fe0e,A-1f7acb,S-e63c67,2024-07-24,feature_12,13,1482,0,false
U-97bf26,A-1f7acb,S-e63c67,2023-11-01,feature_18,8,1832,0,false
U-914007,A-1f7acb,S-e63c67,2024-02-16,feature_32,9,3465,0,false
U-38caac,A-1f7acb,S-e63c67,2024-03-16,feature_2,5,2460,4,false
U-2021a6,A-1f7acb,S-e63c67,2024-09-06,feature_24,10,2320,0,false
U-ffb665,A-1f7acb,S-e63c67,2024-06-06,feature_9,9,2817,0,false
U-ce4d4e,A-1f7acb,S-e63c67,2024-06-25,feature_15,10,1400,0,true
U-dd61a0,A-1f7acb,S-eb8b81,2024-09-09,feature_4,8,2120,0,false
U-98ede9,A-1f7acb,S-eb8b81,2023-12-15,feature_15,12,5064,1,false
U-44b239,A-1f7acb,S-eb8b81,2024-08-22,feature_20,12,6108,5,false
U-d8c470,A-1f7acb,S-eb8b81,2023-10-19,feature_32,10,3900,0,false
U-a20e3b,A-1f7acb,S-eb8b81,2024-09-10,feature_1,3,270,0,false
U-41b7cb,A-1f7acb,S-f4a3ac,2024-05-19,feature_25,4,408,0,false
U-6f84ee,A-1f7acb,S-f4a3ac,2023-12-08,feature_9,5,1940,0,false
U-b302a2,A-1f7acb,S-f4a3ac,2023-11-16,feature_8,8,1536,0,false
U-b14f94,A-202b67,S-008cab,2024-10-26,feature_14,10,1410,3,false
U-1e45f4,A-202b67,S-008cab,2024-06-07,feature_6,11,4851,0,false
U-9aea9c,A-202b67,S-008cab,2024-12-26,feature_12,7,1771,0,false
U-8e560a,A-202b67,S-008cab,2024-12-28,feature_24,10,4620,2,false
U-28fa6d,A-202b67,S-008cab,2024-09-12,feature_20,9,2034,0,false
U-6747cc,A-202b67,S-008cab,2024-06-01,feature_18,10,2620,2,false
U-0ddace,A-202b67,S-36b46e,2024-07-29,feature_37,5,330,0,true
U-4032fb,A-202b67,S-36b46e,2024-12-05,feature_30,12,4860,1,false
U-a7c2c3,A-202b67,S-540cee,2024-07-11,feature_9,12,108,0,true
U-09578b,A-202b67,S-540cee,2024-10-12,feature_26,9,4230,0,false
U-5be76c,A-202b67,S-540cee,2024-05-28,feature_16,12,3060,0,false
U-34f6cb,A-202b67,S-540cee,2024-08-25,feature_4,12,3192,0,true
U-891367,A-202b67,S-6cd38d,2024-10-23,feature_35,10,680,2,false
U-cdb774,A-202b67,S-93592e,2024-06-02,feature_37,10,2330,0,false
U-82573c,A-202b67,S-93592e,2024-06-08,feature_2,7,1078,2,false
U-045684,A-202b67,S-bff8c5,2024-12-07,feature_10,8,360,0,false
U-637da8,A-202b67,S-bff8c5,2024-12-05,feature_21,13,2704,0,false
U-394f72,A-202b67,S-bff8c5,2024-12-13,feature_16,8,2760,0,false
U-6dad49,A-202b67,S-ede33a,2024-06-28,feature_32,13,741,0,false
U-311b92,A-202b67,S-f703bd,2024-11-12,feature_7,6,3498,0,false
U-e472e4,A-202b67,S-f703bd,2024-08-12,feature_5,8,2776,1,false
U-2a26b9,A-20736a,S-62f5b1,2024-09-15,feature_4,5,2660,0,false
U-f81364,A-20736a,S-62f5b1,2024-12-29,feature_14,14,5502,1,false
U-599abd,A-20736a,S-b95c5c,2024-12-27,feature_19,4,2036,0,true
U-40f314,A-20736a,S-bedd26,2024-08-21,feature_27,11,1793,1,false
U-b49e4d,A-20736a,S-bedd26,2024-10-14,feature_3,6,2442,0,true
U-22b6d6,A-20736a,S-f57b2b,2024-05-20,feature_3,9,3528,0,false
U-696bd0,A-20736a,S-f9f7af,2024-06-19,feature_19,8,400,2,false
U-652c28,A-20736a,S-f9f7af,2024-06-28,feature_21,13,7345,0,false
U-d305f6,A-22d9d2,S-0aed9e,2024-07-25,feature_11,12,7104,0,false
U-bc1741,A-22d9d2,S-0aed9e,2024-06-14,feature_11,13,7787,0,false
U-cf4bd7,A-22d9d2,S-142456,2024-04-08,feature_1,11,946,2,false
U-f7649b,A-22d9d2,S-142456,2024-08-16,feature_10,11,3311,0,true
U-fc6e24,A-22d9d2,S-142456,2024-04-18,feature_5,9,2808,0,false
U-e47dfe,A-22d9d2,S-142456,2024-10-18,feature_6,9,4707,1,false
U-56bd7d,A-22d9d2,S-1ade0b,2024-11-22,feature_15,15,105,0,false
U-329548,A-22d9d2,S-2f0815,2024-10-04,feature_25,5,920,0,false
U-9129a3,A-22d9d2,S-3c853b,2024-09-30,feature_12,11,4521,1,true
U-b01e54,A-22d9d2,S-455183,2024-12-13,feature_10,9,2061,0,false
U-4b40ac,A-22d9d2,S-455183,2024-11-23,feature_24,13,4329,0,false
U-4d61df,A-22d9d2,S-455183,2024-04-13,feature_9,11,5588,2,false
U-5f0efa,A-22d9d2,S-455183,2024-07-11,feature_30,14,462,0,false
U-613c3f,A-22d9d2,S-5d6528,2024-05-04,feature_40,7,1624,3,false
U-269de0,A-22d9d2,S-5d6528,2024-05-31,feature_10,11,1133,2,false
U-27e187,A-22d9d2,S-7cf7c6,2024-05-01,feature_6,11,2915,0,false
U-2c92e1,A-22d9d2,S-ca6962,2024-06-09,feature_23,7,2975,0,true
U-d8a502,A-22d9d2,S-ca6962,2024-09-28,feature_9,9,4257,1,false
U-30fc5b,A-22d9d2,S-ca6962,2024-10-23,feature_38,13,3432,0,false
U-cb92b8,A-22d9d2,S-ca6962,2024-04-01,feature_10,10,1160,0,false
U-1a1ffa,A-22d9d2,S-ca6962,2024-05-24,feature_13,11,5093,0,false
U-8d97a6,A-22d9d2,S-ca6962,2024-04-07,feature_23,10,4160,0,false
U-843e07,A-22d9d2,S-ca6962,2024-04-26,feature_4,4,1988,3,false
U-a5b278,A-22d9d2,S-cdcf4a,2024-07-29,feature_13,14,3430,0,false
U-8f0903,A-22d9d2,S-cdcf4a,2024-05-15,feature_19,15,6525,0,false
U-d715be,A-22d9d2,S-cdcf4a,2024-07-23,feature_12,13,1651,0,false
U-d9a28b,A-22d9d2,S-cdcf4a,2024-12-20,feature_37,11,407,0,false
U-b8cd4b,A-22d9d2,S-d9d52b,2024-11-24,feature_32,13,6526,0,true
U-14a05a,A-22d9d2,S-d9d52b,2024-10-11,feature_14,7,2429,3,true
U-1f4d5c,A-22d9d2,S-d9d52b,2024-08-23,feature_22,7,805,0,false
U-8be649,A-22d9d2,S-d9d52b,2024-12-07,feature_24,9,3393,5,false
U-df7da8,A-22d9d2,S-eed91a,2024-06-02,feature_6,10,4920,0,false
U-f8ea9b,A-22d9d2,S-eed91a,2024-08-12,feature_34,11,5753,0,false
U-32b8d5,A-22d9d2,S-eed91a,2024-06-12,feature_26,10,5790,0,false
U-75b454,A-22d9d2,S-f9b284,2024-11-05,feature_3,12,1344,3,false
U-63a995,A-241e75,S-2d0c1f,2024-12-13,feature_39,10,3800,0,false
U-9031a6,A-241e75,S-aa5f00,2024-10-17,feature_27,8,3656,0,false
U-13a2d0,A-241e75,S-aa5f00,2024-09-23,feature_35,11,4235,0,false
U-b2b0cb,A-241e75,S-e7e013,2024-07-27,feature_24,11,1133,3,false
U-ebc019,A-241e75,S-fe910d,2024-11-30,feature_8,15,8325,0,false
U-1f0344,A-241e75,S-fe910d,2024-12-09,feature_24,6,312,0,false
U-ca58e1,A-2446e3,S-3d6b69,2024-06-21,feature_1,13,2119,0,false
U-189a17,A-2446e3,S-3d6b69,2024-04-17,feature_39,10,4150,2,false
U-00c5d2,A-2446e3,S-3d6b69,2024-10-10,feature_7,16,1792,0,false
U-95b2a8,A-2446e3,S-3d6b69,2024-02-03,feature_27,10,1650,0,true
U-640b6c,A-2446e3,S-3d6b69,2024-02-03,feature_8,9,1656,0,false
U-e377bf,A-2446e3,S-6587d8,2024-11-04,feature_7,8,4248,0,false
U-970502,A-2446e3,S-6587d8,2024-08-16,feature_36,8,296,0,false
U-48b7f4,A-2446e3,S-6587d8,2024-08-17,feature_38,15,3780,0,true
U-cb7823,A-2446e3,S-6587d8,2024-07-17,feature_17,4,1964,0,false
U-a6027b,A-2446e3,S-6587d8,2024-11-11,feature_17,11,4807,0,false
U-074921,A-2446e3,S-6587d8,2024-02-22,feature_28,8,728,0,false
U-28bfa6,A-2446e3,S-6587d8,2024-05-06,feature_22,12,5556,1,false
U-4776aa,A-2446e3,S-c899a3,2024-05-22,feature_8,14,8232,0,false
U-c271e0,A-2446e3,S-c899a3,2024-12-24,feature_16,16,5456,5,false
U-db5371,A-2446e3,S-c899a3,2024-08-24,feature_40,11,4862,3,false
U-a0042d,A-2446e3,S-d57a67,2024-02-12,feature_16,12,2352,1,true
U-8d93d3,A-2446e3,S-d57a67,2024-08-17,feature_6,15,4545,0,false
U-1562a2,A-2446e3,S-d57a67,2024-07-27,feature_8,12,660,0,true
U-37cf5e,A-2446e3,S-d57a67,2024-03-12,feature_20,12,396,0,false
U-2b5edb,A-2446e3,S-f6a70a,2024-10-18,feature_15,13,5408,0,false
U-565899,A-2446e3,S-f6a70a,2024-11-26,feature_40,11,5676,0,false
U-641561,A-2446e3,S-fd0d21,2024-05-22,feature_9,12,6348,0,false
U-56a4fe,A-2446e3,S-fd0d21,2024-11-23,feature_19,11,1837,0,false
U-c103ac,A-2446e3,S-fe6eb1,2024-02-16,feature_23,6,90,0,false
U-f1f1d6,A-2446e3,S-fe6eb1,2024-05-08,feature_6,8,3296,0,false
U-f49dd8,A-249769,S-162441,2024-12-27,feature_13,11,4565,0,false
U-634620,A-249769,S-162441,2024-09-12,feature_24,11,4730,0,true
U-3b99af,A-249769,S-40dcf4,2024-12-27,feature_3,8,968,2,false
U-a80fbd,A-249769,S-40dcf4,2024-12-02,feature_27,12,6384,0,false
U-959ff9,A-249769,S-40dcf4,2024-08-21,feature_36,5,2285,1,false
U-12a855,A-249769,S-51590f,2024-06-15,feature_21,19,9861,0,false
U-875de3,A-249769,S-51590f,2024-10-12,feature_20,9,2133,0,false
U-cad2c3,A-249769,S-51590f,2024-10-13,feature_4,11,3850,0,false
U-942854,A-249769,S-52b74f,2024-10-04,feature_9,11,4697,0,false
U-f7b98e,A-249769,S-79b2bc,2024-10-05,feature_16,8,3552,0,false
U-796755,A-249769,S-79b2bc,2024-08-04,feature_1,10,3410,0,false
U-4ac416,A-249769,S-79b2bc,2024-09-02,feature_37,5,2285,0,false
U-72ad61,A-249769,S-812d97,2024-07-25,feature_3,8,1784,0,false
U-b8cd2d,A-249769,S-812d97,2024-12-30,feature_34,12,2532,0,false
U-1f9015,A-249769,S-812d97,2024-10-17,feature_33,8,736,0,false
U-99c474,A-249769,S-812d97,2024-10-21,feature_28,7,1386,0,false
U-201b26,A-249769,S-9d35cf,2024-12-26,feature_24,11,3322,0,false
U-f2f086,A-249769,S-c067fc,2024-08-17,feature_3,8,2648,1,false
U-05131c,A-249769,S-c83dfd,2024-08-30,feature_33,8,3744,0,false
U-66f174,A-249769,S-d07c53,2024-07-18,feature_2,14,364,0,false
U-ef0d59,A-249769,S-d07c53,2024-07-27,feature_30,11,1980,0,false
U-ff11b3,A-249769,S-d07c53,2024-08-25,feature_34,12,5244,0,false
U-762c02,A-249769,S-f3ff06,2024-12-08,feature_28,11,5379,0,false
U-9151db,A-249769,S-f3ff06,2024-12-28,feature_6,3,1494,0,false
U-1b8f25,A-249769,S-f3ff06,2024-08-31,feature_33,6,678,0,false
U-cacabf,A-271f46,S-35ff7e,2023-05-14,feature_27,11,5016,0,false
U-bf5071,A-271f46,S-35ff7e,2024-02-07,feature_7,9,144,0,false
U-375292,A-271f46,S-35ff7e,2024-04-27,feature_40,12,4452,4,false
U-18b96d,A-271f46,S-3da8ee,2024-12-09,feature_17,7,1134,0,false
U-6f7e81,A-271f46,S-3da8ee,2024-12-20,feature_11,16,3328,3,false
U-6d3d71,A-271f46,S-3da8ee,2023-10-03,feature_26,5,690,0,false
U-3c6306,A-271f46,S-3da8ee,2023-11-29,feature_15,7,3745,0,false
U-454d6e,A-271f46,S-3da8ee,2024-01-21,feature_9,8,984,0,false
U-98b868,A-271f46,S-3da8ee,2023-07-11,feature_19,12,6324,0,false
U-20f63c,A-271f46,S-3da8ee,2023-11-07,feature_37,14,5894,0,false
U-96bb4d,A-271f46,S-3e0c24,2023-12-14,feature_7,2,408,0,false
U-432a96,A-271f46,S-3e0c24,2023-10-09,feature_32,19,2394,0,false
U-b47bde,A-271f46,S-47e122,2024-06-22,feature_36,6,3174,1,false
U-650cda,A-271f46,S-47e122,2024-10-08,feature_18,10,950,0,false
U-bfb922,A-271f46,S-47e122,2024-11-09,feature_33,11,583,0,false
U-992a1b,A-271f46,S-47e122,2023-12-15,feature_39,9,2340,0,false
U-a1490a,A-271f46,S-47e122,2024-12-03,feature_27,9,4905,0,false
U-096b64,A-271f46,S-47e122,2024-06-11,feature_21,9,5004,0,false
U-146688,A-271f46,S-679c73,2023-10-26,feature_22,10,3910,0,false
U-eb5db2,A-271f46,S-679c73,2023-12-20,feature_13,11,1265,0,false
U-6977ca,A-271f46,S-679c73,2023-04-30,feature_11,5,2045,0,false
U-c679e9,A-271f46,S-679c73,2024-01-30,feature_22,10,5880,0,false
U-a38240,A-271f46,S-679c73,2024-04-28,feature_28,14,7686,2,false
U-34ef93,A-271f46,S-679c73,2024-11-11,feature_19,12,6276,0,false
U-559af2,A-271f46,S-81d174,2023-08-16,feature_15,6,822,0,true
U-0574ca,A-271f46,S-81d174,2023-10-09,feature_1,7,2044,0,false
U-4c3257,A-271f46,S-81d174,2024-02-11,feature_18,10,3380,1,false
U-3edabe,A-271f46,S-c3c85e,2024-04-06,feature_38,17,3417,0,false
U-ee61d8,A-271f46,S-c3c85e,2024-06-17,feature_27,9,1620,0,false
U-cf0a30,A-271f46,S-c3c85e,2024-08-13,feature_11,8,3000,0,false
U-8bdc62,A-271f46,S-c3c85e,2024-07-17,feature_27,8,3000,2,false
U-b69bbe,A-271f46,S-c3c85e,2023-06-08,feature_30,7,644,0,false
U-d77e15,A-271f46,S-fa781b,2023-10-29,feature_1,12,3228,0,false
U-b03665,A-271f46,S-fa781b,2024-06-10,feature_25,9,4194,1,false
U-9c7737,A-271f46,S-fa781b,2023-07-25,feature_34,10,4770,0,false
U-9074f6,A-2789e3,S-0c91c4,2024-12-31,feature_27,11,2915,0,true
U-54f5b4,A-2789e3,S-18f7e5,2024-12-07,feature_14,8,3600,0,false
U-288ab2,A-2789e3,S-1cff18,2024-10-15,feature_22,10,710,2,false
U-b022a4,A-2789e3,S-1cff18,2024-11-18,feature_22,9,774,4,false
U-f4c9d7,A-2789e3,S-4e762d,2024-10-31,feature_40,17,10013,0,false
U-1223dd,A-2789e3,S-57f1a7,2024-11-22,feature_4,13,819,0,false
U-f09d30,A-2789e3,S-57f1a7,2024-10-12,feature_28,18,486,0,false
U-00ac01,A-2789e3,S-57f1a7,2024-12-05,feature_10,14,7868,0,false
U-312b93,A-2789e3,S-ada98e,2024-10-06,feature_26,12,3144,0,false
U-0947d6,A-2789e3,S-bcbe03,2024-10-04,feature_1,7,945,0,false
U-82f997,A-2789e3,S-c04755,2024-10-06,feature_12,9,1224,0,false
U-bd27a5,A-2922b6,S-5d5a8d,2024-12-06,feature_23,9,2709,2,false
U-30e273,A-2922b6,S-8dfd77,2024-12-18,feature_2,13,7293,2,false
U-75f00d,A-296d7c,S-0e499f,2024-02-13,feature_38,15,7320,0,false
U-ddbc8e,A-296d7c,S-446c54,2024-02-19,feature_10,10,2690,4,false
U-bcdd31,A-296d7c,S-5ae105,2024-11-26,feature_1,8,1752,1,true
U-d072fe,A-296d7c,S-5ae105,2024-10-14,feature_31,8,224,0,false
U-0f1b81,A-296d7c,S-5ae105,2024-07-07,feature_33,14,7294,0,false
U-0752b9,A-296d7c,S-5ae105,2024-09-26,feature_3,15,4365,0,false
U-f59e07,A-296d7c,S-5ae105,2024-02-19,feature_4,12,5388,0,false
U-80386c,A-296d7c,S-71c55a,2024-06-23,feature_26,12,4968,0,false
U-16d9ae,A-296d7c,S-71c55a,2024-06-08,feature_38,20,4020,0,true
U-aa64a5,A-296d7c,S-71c55a,2024-02-08,feature_14,7,3836,0,false
U-812903,A-296d7c,S-71c55a,2024-09-06,feature_14,11,2057,0,false
U-9c5295,A-296d7c,S-c01d79,2024-04-08,feature_19,14,6090,3,false
U-dbfc4f,A-296d7c,S-c01d79,2024-05-19,feature_7,11,2442,0,true
U-39f2b2,A-296d7c,S-e77b1e,2024-05-07,feature_24,9,4464,2,false
U-93e0b4,A-296d7c,S-e77b1e,2024-10-20,feature_34,9,1251,0,false
U-99a27c,A-297a2d,S-39b850,2024-02-18,feature_23,9,4626,0,true
U-678482,A-297a2d,S-39b850,2024-10-27,feature_40,10,3050,0,true
U-265229,A-297a2d,S-39b850,2024-11-14,feature_23,11,1298,1,false
U-710516,A-297a2d,S-39b850,2023-08-20,feature_5,9,1890,0,false
U-8dfddf,A-297a2d,S-4daf2d,2024-09-25,feature_18,10,4760,3,false
U-90ad15,A-297a2d,S-4daf2d,2024-02-12,feature_4,11,4488,1,false
U-2c5576,A-297a2d,S-4daf2d,2023-10-26,feature_2,12,2148,0,false
U-1b11d1,A-297a2d,S-4daf2d,2023-12-27,feature_30,11,3300,4,false
U-60cf77,A-297a2d,S-90dd19,2023-11-27,feature_39,5,2555,2,true
U-67dd9b,A-297a2d,S-90dd19,2024-01-27,feature_6,10,3370,1,false
U-ace33a,A-297a2d,S-90dd19,2023-12-09,feature_17,8,3848,0,false
U-c4bddb,A-297a2d,S-dec1fb,2024-02-29,feature_22,14,3402,0,false
U-57a4af,A-297a2d,S-dec1fb,2023-11-22,feature_1,6,732,3,false
U-cc592b,A-297a2d,S-dec1fb,2024-06-11,feature_1,12,2532,0,false
U-cd28ab,A-297a2d,S-dec1fb,2024-01-28,feature_32,7,1764,0,false
U-9057ea,A-297a2d,S-f951ac,2024-05-18,feature_36,12,4740,0,true
U-0664b7,A-297a2d,S-f951ac,2023-09-19,feature_37,13,1092,1,false
U-103d96,A-2b9d3e,S-096065,2024-01-06,feature_25,12,6768,0,false
U-80776a,A-2b9d3e,S-096065,2023-11-03,feature_36,8,72,0,false
U-4bb067,A-2b9d3e,S-0c9600,2024-07-20,feature_39,13,5993,0,false
U-71a350,A-2b9d3e,S-0c9600,2024-04-08,feature_30,9,3861,0,false
U-29dae4,A-2b9d3e,S-140813,2024-02-26,feature_37,10,1100,1,false
U-c18a77,A-2b9d3e,S-140813,2024-03-18,feature_32,6,570,0,false
U-23abfd,A-2b9d3e,S-140813,2023-11-30,feature_34,6,3180,0,true
U-43d39f,A-2b9d3e,S-140813,2024-09-04,feature_28,21,8505,0,false
U-8fc4d5,A-2b9d3e,S-1e3a06,2024-10-29,feature_1,12,840,2,false
U-950784,A-2b9d3e,S-1e3a06,2024-04-27,feature_14,10,2170,0,false
U-74458b,A-2b9d3e,S-1e3a06,2023-09-16,feature_36,7,3864,0,false
U-131d77,A-2b9d3e,S-1e3a06,2024-10-20,feature_34,7,1372,0,false
U-020145,A-2b9d3e,S-21eeea,2023-12-27,feature_35,9,1620,2,false
U-789544,A-2b9d3e,S-21eeea,2024-03-07,feature_27,20,11560,0,false
U-8c10d5,A-2b9d3e,S-21eeea,2024-11-28,feature_30,8,1880,0,false
U-9abe20,A-2b9d3e,S-21eeea,2023-11-13,feature_24,13,286,0,false
U-d568d1,A-2b9d3e,S-4311fb,2024-07-22,feature_30,6,2112,0,true
U-a1f05c,A-2b9d3e,S-4311fb,2023-09-30,feature_12,12,5880,1,false
U-4f4913,A-2b9d3e,S-4311fb,2024-02-18,feature_6,9,4032,0,false
U-089040,A-2b9d3e,S-4311fb,2024-11-02,feature_7,11,3377,2,false
U-9330a3,A-2b9d3e,S-4311fb,2024-11-30,feature_18,12,1932,1,false
U-5b3d65,A-2b9d3e,S-6ac338,2024-06-30,feature_31,7,448,0,false
U-36201c,A-2b9d3e,S-6ac338,2024-03-10,feature_15,15,8745,0,false
U-f08c02,A-2b9d3e,S-6ac338,2024-04-19,feature_32,7,4165,1,false
U-6bf7c1,A-2b9d3e,S-6ac338,2023-11-11,feature_29,13,2665,0,false
U-1faf4a,A-2b9d3e,S-6ac338,2024-06-28,feature_10,8,2680,0,false
U-aed31b,A-2b9d3e,S-6ac338,2024-03-31,feature_25,14,5586,0,false
U-972cf0,A-2b9d3e,S-8d4b81,2024-12-17,feature_29,5,400,0,false
U-d427b1,A-2b9d3e,S-8d4b81,2023-12-12,feature_24,10,2380,1,true
U-6a7350,A-2b9d3e,S-8d4b81,2023-12-11,feature_11,14,2912,0,true
U-370639,A-2b9d3e,S-abd9be,2023-11-30,feature_29,9,5076,0,false
U-cb31b4,A-2bc93d,S-085f96,2024-07-26,feature_1,12,6768,1,false
U-d5b51e,A-2bc93d,S-085f96,2024-01-01,feature_25,11,4235,0,false
U-89cc6d,A-2bc93d,S-104053,2024-04-12,feature_7,1,9,0,false
U-74c442,A-2bc93d,S-104053,2024-11-19,feature_17,12,1164,0,false
U-2e7e4b,A-2bc93d,S-104053,2024-11-25,feature_13,11,5852,0,false
U-16cb9c,A-2bc93d,S-104053,2024-07-28,feature_31,11,3058,0,false
U-6742b8,A-2bc93d,S-104053,2024-10-18,feature_28,10,5860,0,false
U-8241ce,A-2bc93d,S-104053,2023-09-04,feature_35,5,110,0,false
U-435a71,A-2bc93d,S-223221,2023-12-06,feature_33,8,3424,0,false
U-3416e1,A-2bc93d,S-223221,2024-04-12,feature_12,6,1050,2,false
U-45260b,A-2bc93d,S-223221,2024-02-03,feature_16,12,3084,0,false
U-44bf65,A-2bc93d,S-223221,2024-11-04,feature_27,8,3504,0,false
U-b6b42a,A-2bc93d,S-223221,2024-11-08,feature_5,13,7540,0,false
U-03ef91,A-2bc93d,S-337c84,2024-11-03,feature_17,17,5644,0,false
U-9bd56b,A-2bc93d,S-337c84,2023-07-26,feature_11,14,938,1,false
U-80e613,A-2bc93d,S-36aedb,2024-04-21,feature_6,7,3871,0,false
U-55d51f,A-2bc93d,S-36aedb,2023-09-04,feature_15,9,4815,0,false
U-d3f87a,A-2bc93d,S-36aedb,2024-09-17,feature_22,12,4104,1,false
U-dbc86b,A-2bc93d,S-36aedb,2023-12-06,feature_15,16,6864,0,false
U-9f507f,A-2bc93d,S-36aedb,2023-12-08,feature_14,13,4576,4,false
U-2e7b14,A-2bc93d,S-36aedb,2024-01-29,feature_35,8,2712,0,false
U-fa4518,A-2bc93d,S-36aedb,2023-10-31,feature_33,14,4900,0,false
U-6a3ef8,A-2bc93d,S-39539d,2024-08-09,feature_17,8,3704,0,false
U-8225e7,A-2bc93d,S-39539d,2024-11-03,feature_18,10,5140,0,false
U-daa187,A-2bc93d,S-39539d,2024-08-21,feature_15,8,1136,0,false
U-66b519,A-2bc93d,S-39539d,2024-03-20,feature_21,9,594,0,false
U-18477b,A-2bc93d,S-39539d,2024-09-30,feature_33,11,352,0,false
U-32b4c7,A-2bc93d,S-39539d,2024-02-15,feature_10,8,904,0,false
U-4fbd0b,A-2bc93d,S-4d9bfd,2024-04-16,feature_37,7,3395,0,false
U-46d5c5,A-2bc93d,S-4d9bfd,2023-12-14,feature_24,4,792,0,false
U-038a34,A-2bc93d,S-4d9bfd,2024-02-06,feature_8,8,376,0,false
U-ec1b7e,A-2bc93d,S-6c6e91,2023-11-25,feature_29,18,4878,0,false
U-4676ac,A-2bc93d,S-6c6e91,2023-10-20,feature_29,13,6409,0,false
U-1b3c3e,A-2bc93d,S-720940,2024-07-03,feature_15,9,3537,0,false
U-f1dfaa,A-2bc93d,S-720940,2024-02-24,feature_33,16,1456,2,true
U-df5f7c,A-2bc93d,S-720940,2024-05-06,feature_25,14,4998,0,false
U-78447f,A-2bc93d,S-720940,2024-08-06,feature_26,10,3020,0,false
U-8293c0,A-2bc93d,S-720940,2024-07-27,feature_32,9,3069,0,false
U-1536bf,A-2bc93d,S-c2cc5c,2024-06-02,feature_33,10,1310,0,false
U-3c3c4e,A-2bc93d,S-c2cc5c,2024-05-31,feature_27,15,4050,0,false
U-0ce181,A-2bc93d,S-c2cc5c,2024-09-14,feature_8,8,3264,2,false
U-6eccec,A-2bc93d,S-c68e80,2024-05-08,feature_39,9,4743,2,false
U-7cd61d,A-2bc93d,S-c68e80,2023-07-27,feature_4,10,1320,0,false
U-bd0ced,A-2bc93d,S-c68e80,2024-03-02,feature_37,5,680,1,false
U-8b8c4b,A-2bc93d,S-c68e80,2024-02-11,feature_28,6,780,0,false
U-27ff2d,A-2bc93d,S-fa0094,2024-07-21,feature_17,8,984,0,true
U-2d5d5f,A-2bc93d,S-fa0094,2023-12-10,feature_12,13,1859,0,false
U-cdd6da,A-2bc93d,S-fa0094,2023-11-03,feature_33,10,5820,0,false
U-e7f40e,A-2bc93d,S-fa0094,2024-12-07,feature_28,8,4152,0,false
U-20f91d,A-2bc93d,S-fa0094,2024-01-16,feature_35,9,4554,1,true
U-3dd3cd,A-2bc93d,S-fa0094,2023-08-29,feature_31,11,2849,0,false
U-a8f844,A-2d1036,S-343743,2024-12-06,feature_20,13,897,0,false
U-768617,A-2d1036,S-343743,2024-10-02,feature_38,13,6136,2,false
U-3fe671,A-2d1036,S-44c2c1,2024-10-18,feature_15,9,4473,0,false
U-56b41b,A-2d1036,S-44c2c1,2024-08-24,feature_2,8,1984,0,false
U-a5036e,A-2d1036,S-5631a9,2024-12-10,feature_39,15,5310,0,false
U-54b398,A-2d1036,S-5aa4ba,2024-08-24,feature_39,8,368,3,true
U-192eb6,A-2d1036,S-5aa4ba,2024-11-15,feature_38,9,4185,4,false
U-69779d,A-2d1036,S-62a617,2024-07-17,feature_14,10,5510,0,false
U-10851f,A-2d1036,S-83b708,2024-07-25,feature_37,10,3760,0,false
U-31cf06,A-2d1036,S-83b708,2024-09-23,feature_5,8,4760,0,false
U-fe3f3e,A-2d1036,S-83b708,2024-11-13,feature_25,13,286,1,false
U-544956,A-2d1036,S-83b708,2024-07-22,feature_8,12,7056,0,true
U-2c6a0e,A-2d1036,S-875645,2024-10-18,feature_11,5,105,1,false
U-d4fc29,A-2d1036,S-875645,2024-07-24,feature_7,16,4800,2,false
U-ba5183,A-2d1036,S-b51d34,2024-10-21,feature_4,9,2952,0,false
U-aac105,A-2d1036,S-b51d34,2024-12-30,feature_29,6,2562,0,false
U-66ca44,A-2d1036,S-b9fe85,2024-12-22,feature_8,10,5310,1,false
U-13a8ac,A-2d1036,S-b9fe85,2024-07-20,feature_39,11,880,0,false
U-6b948c,A-2d4502,S-1218fd,2024-09-17,feature_35,5,1255,0,false
U-02479c,A-2d4502,S-1218fd,2024-08-07,feature_25,12,2952,0,false
U-9a5f19,A-2d4502,S-1218fd,2024-06-14,feature_9,7,2163,0,false
U-1f7f04,A-2d4502,S-2664e1,2024-08-19,feature_25,10,2230,0,false
U-6422e1,A-2d4502,S-2664e1,2024-10-31,feature_4,12,2568,1,false
U-c60f3b,A-2d4502,S-595693,2024-06-15,feature_18,6,1482,2,false
U-6fd733,A-2d4502,S-65e749,2024-09-19,feature_36,7,3339,0,false
U-483b85,A-2d4502,S-6e0386,2024-07-30,feature_5,8,2416,0,true
U-b06fca,A-2d4502,S-71cb15,2024-08-06,feature_10,7,1638,0,false
U-f93af9,A-2d4502,S-8bc290,2024-12-07,feature_37,7,602,1,false
U-f3d403,A-2d4502,S-8bc290,2024-08-19,feature_19,10,3960,0,false
U-75ffad,A-2e3bad,S-02984e,2024-09-28,feature_29,5,2595,0,false
U-bb3bea,A-2e3bad,S-02984e,2024-11-08,feature_38,10,4690,0,false
U-136f51,A-2e3bad,S-1f4db5,2024-10-26,feature_25,11,550,0,false
U-b777e2,A-2e3bad,S-1f4db5,2023-09-03,feature_28,12,6708,0,true
U-9879f6,A-2e3bad,S-3bd427,2024-11-12,feature_33,7,2212,0,false
U-84647d,A-2e3bad,S-3bd427,2024-01-15,feature_14,7,3619,0,false
U-db36b3,A-2e3bad,S-3bd427,2023-09-25,feature_23,13,1716,0,false
U-adc450,A-2e3bad,S-3bd427,2023-11-19,feature_39,2,730,0,false
U-1724e7,A-2e3bad,S-42bbe0,2024-04-28,feature_35,16,6064,2,false
U-eb66b0,A-2e3bad,S-5fea89,2024-02-05,feature_20,9,2727,4,false
U-52885e,A-2e3bad,S-5fea89,2024-07-31,feature_13,16,2704,1,false
U-2540fb,A-2e3bad,S-5fea89,2024-04-18,feature_2,9,2268,1,false
U-f62917,A-2e3bad,S-8eab5b,2024-03-22,feature_1,9,3195,1,false
U-0b75f0,A-2e3bad,S-8eab5b,2024-02-17,feature_16,14,1204,1,false
U-839e91,A-2e3bad,S-9d36ff,2024-08-18,feature_2,6,2394,0,false
U-4f48c1,A-2e3bad,S-9d36ff,2024-10-02,feature_34,4,400,2,false
U-e82d6a,A-2e3bad,S-9d36ff,2023-08-23,feature_10,14,1414,2,false
U-bc82e6,A-2e3bad,S-bfd04c,2023-10-26,feature_22,11,2046,0,false
U-7a7982,A-2e3bad,S-cf72c8,2024-08-12,feature_40,8,1800,0,false
U-7ba21d,A-2e3bad,S-cf72c8,2023-11-16,feature_22,12,2640,0,false
U-829e74,A-2e3bad,S-cf72c8,2024-01-15,feature_16,11,3850,3,false
U-808a9d,A-2e3bad,S-cf72c8,2023-12-19,feature_40,6,1374,0,false
U-d66cdf,A-2e3bad,S-e4b79e,2023-09-01,feature_14,8,1016,1,false
U-803666,A-2e3bad,S-e4b79e,2024-06-30,feature_16,8,1616,2,true
U-588503,A-2e3bad,S-e4b79e,2023-11-14,feature_12,5,2895,0,true
U-f05c26,A-2e4581,S-3d7bed,2024-12-10,feature_14,13,3406,0,false
U-458b35,A-2e4581,S-7ce677,2024-11-29,feature_27,9,2727,4,false
U-caacd4,A-2e4581,S-c4cef7,2024-11-12,feature_26,11,4686,2,false
U-c733c7,A-2e4581,S-c4cef7,2024-11-05,feature_2,7,2044,0,false
U-bc301d,A-2e4581,S-e79dbc,2024-11-27,feature_29,11,1100,0,false
U-ded235,A-2e4581,S-faa8ec,2024-10-29,feature_11,5,480,0,false
U-b81971,A-2ebb4b,S-3c87b4,2023-10-15,feature_31,11,1353,4,false
U-6107d0,A-2ebb4b,S-3c87b4,2024-02-27,feature_22,5,775,0,true
U-272987,A-2ebb4b,S-3c87b4,2023-11-03,feature_16,10,5830,0,false
U-107210,A-2ebb4b,S-3c87b4,2023-07-05,feature_31,11,495,1,false
U-011dc6,A-2ebb4b,S-3c87b4,2024-12-15,feature_7,16,8224,0,false
U-13c226,A-2ebb4b,S-3c87b4,2024-10-07,feature_1,13,234,1,false
U-f055f8,A-2ebb4b,S-a68f4f,2024-01-12,feature_9,14,6524,0,true
U-cc350f,A-2ebb4b,S-a68f4f,2024-10-12,feature_12,9,3924,0,true
U-a28afb,A-2ebb4b,S-a7a7c7,2024-05-09,feature_11,14,7728,2,false
U-1cc29c,A-2ebb4b,S-a7a7c7,2024-05-16,feature_39,4,2080,0,false
U-f85385,A-2ebb4b,S-a7a7c7,2024-10-02,feature_33,7,2695,2,false
U-065817,A-2ebb4b,S-ae1278,2024-01-17,feature_11,11,6050,1,false
U-5f14cf,A-2ebb4b,S-ae1278,2024-10-21,feature_20,9,4419,0,false
U-9425f2,A-2ebb4b,S-ae1278,2024-03-29,feature_25,11,1298,0,false
U-de6a6c,A-2ebb4b,S-ae1278,2023-09-19,feature_5,7,469,0,false
U-cc7c2f,A-2ebb4b,S-b9fc6c,2024-03-19,feature_19,9,855,1,false
U-f66281,A-2ebb4b,S-b9fc6c,2023-09-24,feature_35,8,72,3,false
U-e708d9,A-2ebb4b,S-b9fc6c,2024-01-22,feature_22,6,2964,0,true
U-2b7230,A-2ebb4b,S-b9fc6c,2024-05-17,feature_13,13,3029,2,false
U-3be380,A-2ebb4b,S-cb5020,2023-11-25,feature_33,14,3864,2,false
U-7c4891,A-2ebb4b,S-cb5020,2024-07-01,feature_19,11,1496,0,false
U-0ab1fb,A-2ebb4b,S-e56037,2023-08-22,feature_36,8,2920,0,false
U-2ea1b7,A-2ebb4b,S-e56037,2023-08-12,feature_36,10,3980,0,false
U-4f94c5,A-2ebb4b,S-e56037,2024-10-30,feature_12,9,2421,3,false
U-c2911a,A-2ebb4b,S-e56037,2024-03-05,feature_19,8,3032,0,false
U-59a39b,A-2ebb4b,S-e56037,2023-10-04,feature_19,12,5100,2,false
U-6c932b,A-2ebb4b,S-eaa2c2,2024-08-21,feature_12,8,424,0,false
U-309e16,A-2ebb4b,S-eaa2c2,2024-04-02,feature_38,13,2782,2,false
U-079560,A-2ebb4b,S-eaa2c2,2024-06-30,feature_18,8,688,1,false
U-81d9f4,A-2ebb4b,S-eaa2c2,2024-12-08,feature_20,12,3744,0,false
U-702edc,A-2ebb4b,S-eaa2c2,2023-09-10,feature_17,10,5420,0,false
U-c7da4e,A-2ebb4b,S-f6cd70,2023-10-26,feature_27,8,960,0,false
U-e39228,A-2ebb4b,S-f6cd70,2023-11-02,feature_4,11,2948,2,false
U-2f4fbc,A-2ebb4b,S-f6cd70,2024-05-09,feature_1,10,5540,0,true
U-e21963,A-2ebb4b,S-f6cd70,2023-12-10,feature_38,13,3484,1,false
U-49b64a,A-2ebb4b,S-f6cd70,2024-07-20,feature_5,10,5790,0,false
U-4e58d6,A-2ebb4b,S-f6cd70,2024-03-12,feature_32,6,2166,2,false
U-251c24,A-2ebb4b,S-feaca1,2024-08-18,feature_2,12,2184,0,false
U-7583cb,A-2ebb4b,S-feaca1,2024-02-17,feature_38,9,3789,0,false
U-2e578e,A-2ebb4b,S-feaca1,2024-01-05,feature_25,9,3771,0,false
U-2325c6,A-2edab2,S-32b223,2024-12-22,feature_10,12,2796,0,false
U-5cb0f1,A-2edab2,S-32b223,2024-04-17,feature_28,14,7896,1,false
U-7bc9ac,A-2edab2,S-32b223,2024-04-30,feature_15,17,8568,1,false
U-25a3e7,A-2edab2,S-7fbc53,2024-02-29,feature_6,13,5551,0,false
U-0889db,A-2edab2,S-7fbc53,2024-08-19,feature_35,9,4041,0,false
U-c84f2f,A-2edab2,S-7fbc53,2024-05-27,feature_5,10,2260,0,false
U-ea76bb,A-2edab2,S-80af85,2024-01-17,feature_11,9,2295,0,false
U-9961e0,A-2edab2,S-80af85,2024-03-01,feature_29,6,2388,0,false
U-9d4b96,A-2edab2,S-80af85,2024-05-11,feature_34,7,2079,4,false
U-45b797,A-2edab2,S-80af85,2023-11-25,feature_6,7,2387,1,false
U-86c7d2,A-2edab2,S-80af85,2024-10-15,feature_29,8,2384,0,false
U-112b05,A-2edab2,S-c7e38a,2024-04-22,feature_21,10,4620,3,false
U-7a9617,A-2edab2,S-d396d1,2024-08-18,feature_1,13,2652,0,false
U-048001,A-2edab2,S-e6513c,2024-08-12,feature_14,9,729,0,false
U-32e266,A-2edab2,S-e6513c,2024-11-16,feature_24,11,352,0,false
U-0b4209,A-2edab2,S-e6513c,2024-10-24,feature_12,9,954,0,false
U-b15867,A-2edab2,S-e6513c,2024-05-17,feature_28,15,7380,2,false
U-aab06a,A-2edab2,S-e6513c,2024-08-16,feature_25,8,3048,0,false
U-d5392e,A-2edab2,S-e8d48e,2024-05-31,feature_33,12,2748,3,true
U-1fd4d0,A-2edab2,S-e8d48e,2024-08-02,feature_17,8,1896,0,false
U-afc11d,A-2edab2,S-e8d48e,2024-11-29,feature_16,7,2275,0,false
U-8026da,A-2edab2,S-eb15a1,2024-12-10,feature_27,13,4394,0,false
U-235838,A-2edab2,S-f73a84,2024-02-25,feature_20,14,1960,0,false
U-a8b37d,A-2edab2,S-f73a84,2024-02-22,feature_33,4,520,0,false
U-7d244d,A-2edab2,S-fade3d,2024-05-11,feature_30,8,2704,0,false
U-9d15ce,A-2edab2,S-fade3d,2024-06-20,feature_12,13,6201,0,false
U-0a8865,A-2edab2,S-fade3d,2024-04-19,feature_39,14,6790,0,false
U-e1b607,A-2edab2,S-fade3d,2024-02-26,feature_5,6,1764,1,true
U-b0ac60,A-2f6a32,S-1526b7,2024-11-18,feature_16,7,3052,1,false
U-c23317,A-2f6a32,S-1526b7,2024-10-18,feature_37,10,4420,1,false
U-0690a8,A-2f6a32,S-1526b7,2024-12-10,feature_9,8,1024,0,true
U-ddd36d,A-2f6a32,S-54d8cf,2024-09-26,feature_22,11,979,2,false
U-d682a6,A-2f6a32,S-55d53c,2024-12-27,feature_15,10,3800,2,false
U-ee6253,A-2f6a32,S-89c7ff,2024-09-19,feature_15,9,144,0,false
U-522b46,A-2f6a32,S-89c7ff,2024-11-26,feature_40,14,3234,0,false
U-75659d,A-2f6a32,S-cf55da,2024-10-19,feature_17,6,2082,1,false
U-fe94d1,A-2f6a32,S-dc3e11,2024-12-12,feature_16,10,3610,0,false
U-f06099,A-309e54,S-e98d6b,2024-12-17,feature_16,8,4264,1,false
U-6a4c58,A-30b4ca,S-239a39,2024-10-06,feature_39,11,3839,0,false
U-07749d,A-30b4ca,S-239a39,2024-07-23,feature_18,11,6193,0,true
U-921130,A-30b4ca,S-3128b4,2024-09-04,feature_6,10,510,0,false
U-5c3f0c,A-30b4ca,S-5ab139,2024-07-10,feature_5,5,2450,0,true
U-ccd515,A-30b4ca,S-af6284,2024-12-01,feature_26,11,5786,0,true
U-4519a2,A-30b4ca,S-af6284,2024-07-09,feature_38,6,1716,0,false
U-41a8a1,A-30b4ca,S-af6284,2024-07-10,feature_19,11,660,0,false
U-a21add,A-30b4ca,S-af6284,2024-09-13,feature_6,9,1026,0,false
U-6b41f7,A-30b4ca,S-e36ccb,2024-09-21,feature_19,8,4432,0,true
U-fb2ae0,A-30b4ca,S-f9ec8f,2024-08-03,feature_13,7,693,0,false
U-d4335d,A-30b4ca,S-f9ec8f,2024-09-02,feature_36,11,3223,0,false
U-d21803,A-30b4ca,S-f9ec8f,2024-05-28,feature_30,11,3289,1,true
U-7898e0,A-30b4ca,S-f9ec8f,2024-12-22,feature_21,10,170,0,false
U-1681c3,A-313be3,S-0b6899,2023-12-21,feature_33,7,2709,0,false
U-502840,A-313be3,S-242e1b,2024-10-18,feature_39,9,4122,0,false
U-d21eb2,A-313be3,S-242e1b,2024-04-29,feature_4,5,395,2,false
U-fa664e,A-313be3,S-242e1b,2024-08-09,feature_36,15,3030,0,false
U-49bbae,A-313be3,S-70cc83,2024-09-02,feature_17,11,209,2,false
U-4ea203,A-313be3,S-70cc83,2024-10-11,feature_34,11,3432,0,false
U-a55038,A-313be3,S-70cc83,2024-03-08,feature_5,10,1350,0,false
U-332cf8,A-313be3,S-70cc83,2024-11-16,feature_16,12,6108,0,false
U-a91d59,A-313be3,S-70cc83,2024-10-05,feature_15,5,575,1,false
U-98389a,A-313be3,S-7564e1,2024-09-19,feature_20,11,5852,0,true
U-feac9f,A-313be3,S-9d8ac4,2024-04-19,feature_32,9,3168,2,false
U-6bafdf,A-313be3,S-9d8ac4,2023-12-16,feature_29,12,4068,0,false
U-dee0aa,A-313be3,S-9d8ac4,2024-04-06,feature_13,9,1926,0,false
U-542716,A-313be3,S-9f0371,2024-10-16,feature_6,5,2395,2,false
U-1ed86a,A-313be3,S-9f0371,2024-02-28,feature_14,9,3303,0,false
U-7fee24,A-313be3,S-ac462f,2024-11-18,feature_1,13,3471,2,false
U-95a23a,A-313be3,S-ac462f,2024-10-06,feature_28,8,4480,0,false
U-db200a,A-313be3,S-ac462f,2024-02-25,feature_16,6,1074,0,false
U-371438,A-313be3,S-b45a10,2024-05-24,feature_31,11,2794,0,false
U-223938,A-313be3,S-b45a10,2023-12-07,feature_39,10,1470,2,false
U-3ae087,A-313be3,S-c14566,2024-07-24,feature_30,12,6324,0,false
U-fd06f1,A-313be3,S-c14566,2024-02-22,feature_23,6,204,0,false
U-933413,A-313be3,S-db94ad,2024-04-20,feature_23,9,1098,0,false
U-9c6a36,A-313be3,S-db94ad,2024-11-21,feature_4,10,3420,0,false
U-0d5d0c,A-313be3,S-db94ad,2023-12-25,feature_25,7,1967,3,false
U-5a0625,A-313be3,S-db94ad,2024-08-07,feature_24,15,8325,0,true
U-d84f2d,A-313be3,S-f5efe4,2024-12-19,feature_15,9,1323,2,false
U-29dbf5,A-313be3,S-f5efe4,2024-03-20,feature_32,10,5800,0,false
U-0ec662,A-313be3,S-f5efe4,2024-07-09,feature_39,12,6996,0,false
U-c834c4,A-313be3,S-f5efe4,2024-07-01,feature_37,9,1305,3,false
U-221a2a,A-31ab9a,S-040f03,2024-03-31,feature_7,12,3156,0,false
U-bb9bdb,A-31ab9a,S-040f03,2024-05-11,feature_9,4,1392,1,false
U-0c1492,A-31ab9a,S-08c8e1,2024-07-11,feature_26,8,3648,4,false
U-7c542b,A-31ab9a,S-08c8e1,2024-08-20,feature_16,13,4290,0,false
U-20a729,A-31ab9a,S-12bfc8,2024-07-15,feature_4,20,10520,0,false
U-53d9d3,A-31ab9a,S-a68d25,2024-05-07,feature_34,6,960,0,false
U-ed4198,A-31ab9a,S-a68d25,2024-06-03,feature_34,13,2535,0,true
U-211660,A-31ab9a,S-c5cee8,2024-08-08,feature_2,6,3408,4,false
U-5a1fab,A-31ab9a,S-c5cee8,2024-12-01,feature_31,8,3968,0,false
U-fafbb5,A-31ab9a,S-c5cee8,2024-11-24,feature_1,10,4680,0,false
U-459805,A-31ab9a,S-d0c339,2024-09-30,feature_17,11,4873,0,false
U-6a7061,A-31ab9a,S-d0c339,2024-09-07,feature_12,3,987,0,false
U-6c5a62,A-31ab9a,S-d0c339,2024-11-30,feature_16,11,3256,0,false
U-6f16aa,A-31ab9a,S-d0c339,2024-04-27,feature_20,13,182,2,false
U-3c9edb,A-31ab9a,S-d0c339,2024-06-25,feature_29,5,2700,1,false
U-3209c6,A-32728c,S-1f0d7f,2024-01-30,feature_24,4,768,0,true
U-6087a1,A-32728c,S-1f0d7f,2024-06-18,feature_36,19,7182,0,false
U-7d393f,A-32728c,S-1f0d7f,2024-04-23,feature_4,10,1210,0,true
U-0f9649,A-32728c,S-1f0d7f,2024-01-23,feature_34,11,528,0,false
U-a1a8cd,A-32728c,S-1f0d7f,2024-12-14,feature_16,11,2464,0,false
U-0bb5ea,A-32728c,S-2c091a,2023-08-25,feature_4,8,1656,0,false
U-3aced4,A-32728c,S-2c091a,2024-12-09,feature_17,4,356,1,false
U-a95c98,A-32728c,S-2c091a,2024-12-14,feature_36,13,5213,1,false
U-7912a8,A-32728c,S-2c091a,2023-11-09,feature_1,3,474,4,true
U-3d42ff,A-32728c,S-2c091a,2024-04-26,feature_9,9,2691,0,false
U-faa335,A-32728c,S-2ebd06,2024-03-16,feature_26,8,2688,0,false
U-2e8237,A-32728c,S-2ebd06,2024-06-19,feature_20,7,574,0,false
U-0892ed,A-32728c,S-2ebd06,2024-05-24,feature_14,12,252,0,false
U-1240d8,A-32728c,S-2ebd06,2024-06-03,feature_29,11,4378,0,false
U-61213e,A-32728c,S-2ebd06,2024-09-01,feature_16,11,4851,0,false
U-010e71,A-32728c,S-4757c8,2024-04-06,feature_39,10,1210,1,false
U-710cff,A-32728c,S-4757c8,2024-04-04,feature_12,5,1390,2,false
U-91fec0,A-32728c,S-8b349c,2023-06-24,feature_8,5,675,0,false
U-765243,A-32728c,S-8b349c,2023-06-29,feature_36,11,1793,0,true
U-a0a2b5,A-32728c,S-8b349c,2023-11-26,feature_36,7,2604,0,false
U-046e84,A-32728c,S-8b349c,2023-11-29,feature_14,17,7344,0,false
U-497071,A-32728c,S-9030e0,2023-07-14,feature_38,11,1408,2,false
U-4d61f5,A-32728c,S-9030e0,2023-08-08,feature_27,13,182,1,false
U-10cb40,A-32728c,S-9030e0,2023-10-07,feature_11,7,3087,0,false
U-15204a,A-32728c,S-a4f26d,2023-06-18,feature_13,8,1888,0,false
U-94e1f4,A-32728c,S-a4f26d,2024-08-11,feature_37,13,5551,1,false
U-2bf989,A-32728c,S-a4f26d,2023-08-09,feature_26,11,6501,0,false
U-b03589,A-32728c,S-be05fd,2023-09-02,feature_6,14,2352,1,false
U-34fe9b,A-32728c,S-be05fd,2024-07-01,feature_32,12,6672,0,false
U-cb0fdb,A-32728c,S-be05fd,2024-02-28,feature_23,9,1629,0,false
U-5f4bb4,A-32728c,S-be05fd,2024-09-03,feature_1,9,3186,0,false
U-7a5dbb,A-32728c,S-be05fd,2024-02-28,feature_22,11,3454,0,false
U-a4e27d,A-328bd0,S-0a59be,2024-08-15,feature_19,12,2388,1,false
U-9c1c9f,A-328bd0,S-0a59be,2023-12-11,feature_37,8,3960,2,false
U-55a6e6,A-328bd0,S-0a59be,2023-12-04,feature_14,8,968,0,false
U-7ea87a,A-328bd0,S-1f94ad,2024-02-04,feature_26,6,3012,0,false
U-3e6a08,A-328bd0,S-1f94ad,2023-12-02,feature_14,12,4344,1,false
U-17e098,A-328bd0,S-22778a,2024-09-26,feature_1,9,5382,2,true
U-eb0417,A-328bd0,S-22778a,2024-10-27,feature_8,12,5484,0,false
U-d6d074,A-328bd0,S-22778a,2023-12-23,feature_11,11,2266,0,false
U-7c66d6,A-328bd0,S-22778a,2024-08-22,feature_1,11,3575,1,false
U-f812ef,A-328bd0,S-22778a,2024-08-18,feature_27,7,2506,1,false
U-ff7472,A-328bd0,S-24ae40,2023-09-12,feature_32,9,297,0,false
U-f86c4b,A-328bd0,S-24ae40,2024-10-18,feature_36,6,876,0,false
U-3a0dbb,A-328bd0,S-24ae40,2024-12-12,feature_22,8,656,0,false
U-c3c752,A-328bd0,S-24ae40,2023-11-10,feature_28,7,2058,1,false
U-9f147f,A-328bd0,S-24ae40,2024-04-10,feature_10,7,3759,3,false
U-707a83,A-328bd0,S-26593b,2024-06-12,feature_22,7,308,0,false
U-2e7ff4,A-328bd0,S-26593b,2024-03-18,feature_22,7,1085,0,false
U-035ea7,A-328bd0,S-26593b,2024-08-27,feature_23,12,2796,0,false
U-ae0387,A-328bd0,S-26593b,2023-09-05,feature_36,10,100,0,false
U-1689e1,A-328bd0,S-26593b,2023-11-26,feature_35,13,7306,2,false
U-2952cf,A-328bd0,S-2e7b85,2024-06-26,feature_7,7,1813,0,false
U-b9c24f,A-328bd0,S-2e7b85,2023-12-22,feature_26,7,3829,0,false
U-41f11b,A-328bd0,S-5aa854,2024-01-05,feature_13,5,860,1,false
U-848457,A-328bd0,S-5aa854,2024-07-26,feature_21,6,1002,0,false
U-aceb0f,A-328bd0,S-5aa854,2024-12-16,feature_4,10,120,0,false
U-1e232f,A-328bd0,S-5aa854,2024-10-17,feature_18,8,2096,1,false
U-92a7ef,A-328bd0,S-67c1d8,2024-05-29,feature_10,18,1260,3,false
U-61c43b,A-328bd0,S-67c1d8,2023-11-23,feature_29,9,1386,3,false
U-ab1e5a,A-328bd0,S-8faa60,2024-09-22,feature_21,9,4068,0,false
U-d2e16f,A-328bd0,S-8faa60,2024-12-24,feature_25,9,2448,0,true
U-d732df,A-328bd0,S-8faa60,2023-10-15,feature_18,17,9231,0,false
U-00328c,A-328bd0,S-8faa60,2024-06-08,feature_37,3,1413,0,false
U-2c2950,A-328bd0,S-929a7c,2023-12-04,feature_22,8,952,0,false
U-68c383,A-328bd0,S-929a7c,2023-10-11,feature_27,8,4784,2,false
U-1686d9,A-328bd0,S-929a7c,2024-10-10,feature_3,10,760,0,false
U-7d5257,A-328bd0,S-929a7c,2024-12-16,feature_20,6,1272,0,false
U-491d53,A-328bd0,S-929a7c,2024-10-15,feature_24,5,1120,0,false
U-708d27,A-328bd0,S-ec690c,2023-08-15,feature_22,8,1464,2,true
U-9bf25f,A-328bd0,S-ec690c,2024-06-05,feature_26,13,2678,2,false
U-2b8447,A-328bd0,S-ec690c,2023-11-18,feature_25,8,1816,0,false
U-12fe46,A-328bd0,S-ec690c,2023-10-28,feature_15,6,2826,0,false
U-e1ec34,A-32fb14,S-1200b3,2024-01-26,feature_19,11,5093,4,false
U-69d52d,A-32fb14,S-33598f,2024-12-25,feature_16,10,1710,1,false
U-4c1740,A-32fb14,S-33598f,2023-08-03,feature_29,17,6834,0,true
U-365db8,A-32fb14,S-33598f,2024-12-10,feature_17,9,1251,2,false
U-8e4b5d,A-32fb14,S-33598f,2024-04-04,feature_11,14,7182,1,false
U-28d115,A-32fb14,S-38c5fd,2024-08-18,feature_31,9,1629,0,false
U-c1c22b,A-32fb14,S-38c5fd,2023-09-08,feature_1,7,3269,3,false
U-8144a6,A-32fb14,S-4f8c90,2023-10-21,feature_34,12,816,0,true
U-37d74a,A-32fb14,S-4f8c90,2024-04-20,feature_24,19,9405,0,false
U-a1e26e,A-32fb14,S-4f8c90,2024-08-08,feature_29,10,3180,0,false
U-88294b,A-32fb14,S-579a24,2024-08-12,feature_11,13,7631,0,false
U-38371c,A-32fb14,S-579a24,2024-03-23,feature_2,16,1376,0,false
U-6b9fd3,A-32fb14,S-579a24,2023-11-19,feature_26,9,495,0,false
U-a7beb7,A-32fb14,S-579a24,2023-08-29,feature_35,8,4520,0,false
U-f37b59,A-32fb14,S-579a24,2023-08-15,feature_16,7,175,0,false
U-2d5c9c,A-32fb14,S-5ed35a,2023-07-30,feature_8,14,1330,0,false
U-36f2f8,A-32fb14,S-5ed35a,2024-12-22,feature_7,9,3798,1,false
U-ce7037,A-32fb14,S-5ed35a,2024-05-25,feature_31,4,1200,0,false
U-702d88,A-32fb14,S-5ed35a,2024-01-18,feature_30,13,5772,0,false
U-405a07,A-32fb14,S-5ed35a,2023-08-05,feature_18,14,1106,0,false
U-21e4dc,A-32fb14,S-856241,2023-10-02,feature_26,8,3008,0,false
U-e2a74b,A-32fb14,S-856241,2024-07-28,feature_28,13,6877,0,false
U-e8cb26,A-32fb14,S-856241,2024-02-09,feature_38,12,2400,0,false
U-353369,A-32fb14,S-8d6cec,2024-04-01,feature_6,9,432,0,false
U-d6ff6c,A-32fb14,S-8d6cec,2023-08-15,feature_28,11,4048,0,false
U-bfb3fd,A-32fb14,S-8d6cec,2024-02-01,feature_23,9,936,0,false
U-5be399,A-32fb14,S-d9eb73,2024-05-15,feature_31,8,1840,1,false
U-9981c6,A-32fb14,S-d9eb73,2023-10-02,feature_37,4,1652,2,false
U-3ebbcf,A-32fb14,S-d9eb73,2024-02-23,feature_26,8,2888,0,false
U-a84748,A-32fb14,S-d9eb73,2024-01-18,feature_37,3,405,0,false
U-95e849,A-32fb14,S-d9eb73,2023-11-26,feature_13,4,1396,0,false
U-19aca4,A-331424,S-039a8e,2024-07-09,feature_18,11,6061,4,true
U-dc7f6a,A-331424,S-19f899,2024-03-16,feature_30,10,2470,0,false
U-42c1ef,A-331424,S-19f899,2024-09-05,feature_9,12,6348,0,false
U-cce12e,A-331424,S-19f899,2024-03-28,feature_5,8,1088,0,false
U-177692,A-331424,S-19f899,2024-10-24,feature_4,9,2709,0,false
U-b0bb1a,A-331424,S-6643a2,2024-07-20,feature_13,14,6412,0,false
U-8b76cf,A-331424,S-6643a2,2024-12-02,feature_33,11,4906,0,false
U-bbc7cf,A-331424,S-6643a2,2024-05-02,feature_32,8,4552,0,false
U-6f64f2,A-331424,S-6643a2,2024-01-30,feature_18,17,6171,0,true
U-6cf005,A-331424,S-6643a2,2024-03-01,feature_35,13,520,0,true
U-4253f2,A-331424,S-70e232,2024-08-05,feature_35,9,351,0,false
U-53f5f7,A-337bc1,S-05b1b6,2024-04-10,feature_3,10,4740,0,false
U-bcfd9f,A-337bc1,S-05b1b6,2024-02-23,feature_19,10,5160,2,true
U-286763,A-337bc1,S-05b1b6,2024-07-03,feature_32,6,2838,2,false
U-274834,A-337bc1,S-260d1e,2024-10-19,feature_12,8,1240,0,false
U-bfb42d,A-337bc1,S-260d1e,2024-10-09,feature_16,13,5551,4,false
U-5292fe,A-337bc1,S-260d1e,2024-08-06,feature_18,11,4301,1,false
U-e123f4,A-337bc1,S-260d1e,2024-09-09,feature_20,14,5292,0,false
U-e55e88,A-337bc1,S-28e491,2024-06-10,feature_12,7,3829,0,false
U-7769c0,A-337bc1,S-28e491,2024-07-23,feature_4,12,756,2,false
U-da14b8,A-337bc1,S-28e491,2024-06-15,feature_34,9,1296,1,false
U-eb472e,A-337bc1,S-28e491,2024-04-26,feature_39,16,6160,2,true
U-e0bea8,A-337bc1,S-28e491,2024-05-14,feature_34,7,469,0,false
U-df2e2a,A-337bc1,S-28e491,2023-08-07,feature_10,12,2316,0,false
U-78c397,A-337bc1,S-28e491,2024-10-06,feature_23,11,3443,0,false
U-964503,A-337bc1,S-28e491,2023-10-26,feature_2,11,561,0,false
U-4ed067,A-337bc1,S-896293,2023-09-01,feature_38,8,1512,0,false
U-a1c558,A-337bc1,S-d22c1d,2024-06-15,feature_22,11,6369,0,false
U-cf5ea5,A-337bc1,S-d22c1d,2023-12-25,feature_4,5,1180,0,false
U-e103a9,A-337bc1,S-d22c1d,2024-01-23,feature_6,6,2394,0,false
U-0af9ce,A-337bc1,S-d22c1d,2024-10-06,feature_37,7,3472,0,false
U-744715,A-337bc1,S-d22c1d,2023-12-19,feature_17,10,1260,0,false
U-e35ec9,A-337bc1,S-f6f1e1,2024-09-27,feature_40,8,3152,2,false
U-3ce9fa,A-337bc1,S-f6f1e1,2024-12-05,feature_35,9,3195,0,false
U-a5ec6f,A-337bc1,S-f6f1e1,2024-03-31,feature_25,15,4980,0,false
U-5a7745,A-337bc1,S-fd8bb6,2024-12-01,feature_23,10,780,0,true
U-61efd6,A-337bc1,S-fd8bb6,2024-02-07,feature_3,6,1650,0,false
U-cc987b,A-342303,S-52d03a,2024-11-26,feature_29,7,182,0,true
U-5372a1,A-342303,S-6fa5cd,2024-08-28,feature_20,13,546,2,false
U-08b7dd,A-342303,S-6fa5cd,2024-10-06,feature_6,7,301,0,false
U-0dc52f,A-342303,S-6fa5cd,2024-08-05,feature_18,5,2815,0,false
U-b417e4,A-342303,S-6fa5cd,2024-05-16,feature_27,15,2760,1,false
U-74d441,A-342303,S-d4f02f,2024-09-07,feature_2,7,574,1,false
U-6f8b49,A-34d880,S-264c8a,2024-06-21,feature_31,11,3278,1,false
U-307f0a,A-34d880,S-2d807a,2024-06-13,feature_25,13,5421,3,false
U-ee953d,A-34d880,S-6b0789,2024-10-16,feature_32,4,1020,0,true
U-f99b6a,A-34d880,S-6b0789,2024-09-01,feature_32,10,610,0,false
U-833803,A-34d880,S-775719,2024-09-06,feature_15,9,5013,0,false
U-d62b26,A-34d880,S-775719,2024-11-01,feature_16,11,1342,2,false
U-babf28,A-34d880,S-7d2c1b,2024-07-28,feature_2,9,1377,1,false
U-5e5b5a,A-34d880,S-f36371,2024-12-13,feature_14,13,6747,0,false
U-9075a6,A-34d880,S-f36371,2024-07-20,feature_39,8,752,0,false
U-e447f7,A-34d880,S-f36371,2024-07-24,feature_13,8,1208,2,false
U-af76ad,A-34d880,S-f36371,2024-05-09,feature_38,7,2079,2,false
U-8b39a8,A-34d880,S-f36371,2024-05-19,feature_9,7,287,6,false
U-df7e70,A-34d880,S-f8e091,2024-10-15,feature_22,7,2464,0,false
U-cfd8af,A-34d880,S-f8e091,2024-10-09,feature_3,15,7200,0,false
U-7061a2,A-34d880,S-fc6cb4,2024-10-05,feature_32,13,5863,0,false
U-c052ec,A-34ea2f,S-0e8781,2024-09-19,feature_27,9,4761,2,false
U-d4b4cf,A-34ea2f,S-0e8781,2024-09-25,feature_38,14,2758,0,false
U-929654,A-34ea2f,S-0e8781,2024-11-11,feature_36,6,2946,2,false
U-fdfeed,A-34ea2f,S-1f5faf,2024-12-27,feature_12,12,6432,1,false
U-a0ee3c,A-34ea2f,S-20a297,2024-09-13,feature_13,12,6048,0,false
U-74491b,A-34ea2f,S-24d19a,2024-10-07,feature_36,7,889,0,false
U-55d29a,A-34ea2f,S-31cec4,2024-11-12,feature_5,11,3344,0,false
U-058845,A-34ea2f,S-64d8c9,2024-11-22,feature_34,9,3951,0,false
U-dde36f,A-34ea2f,S-947b62,2024-10-28,feature_6,6,2598,0,false
U-30c5f6,A-34ea2f,S-d5c6cc,2024-12-10,feature_35,12,156,4,false
U-8fda43,A-34ea2f,S-d5c6cc,2024-12-09,feature_12,6,1836,0,false
U-83adc3,A-34ea2f,S-e4cb85,2024-12-21,feature_27,9,3411,0,false
U-232a84,A-34ea2f,S-e4cb85,2024-11-08,feature_26,11,66,0,false
U-6302f1,A-34ea2f,S-e4cb85,2024-09-20,feature_4,14,1120,0,false
U-35996a,A-35083d,S-03ac49,2024-12-29,feature_31,8,2168,0,false
U-141039,A-35083d,S-03ac49,2024-06-05,feature_3,10,580,0,true
U-5ff1d9,A-35083d,S-03ac49,2024-10-10,feature_20,9,1980,2,true
U-3884cb,A-35083d,S-22be2c,2024-02-01,feature_5,12,2556,0,false
U-ede63b,A-35083d,S-22be2c,2024-09-02,feature_26,12,4116,0,false
U-f017e3,A-35083d,S-374628,2024-02-21,feature_31,13,2171,3,false
U-749c89,A-35083d,S-374628,2024-11-04,feature_6,8,576,0,false
U-c55fe2,A-35083d,S-374628,2023-10-14,feature_36,14,6832,1,false
U-9b233a,A-35083d,S-374628,2024-08-11,feature_27,13,1443,1,false
U-ba1f2c,A-35083d,S-418b7c,2024-09-05,feature_26,7,3311,0,false
U-b98425,A-35083d,S-418b7c,2023-07-12,feature_31,8,4584,0,false
U-48e90d,A-35083d,S-418b7c,2024-12-01,feature_8,13,6890,0,false
U-d65a0d,A-35083d,S-418b7c,2023-09-29,feature_34,16,848,0,false
U-9ecd60,A-35083d,S-418b7c,2023-12-29,feature_34,7,1036,0,false
U-cd1e52,A-35083d,S-418b7c,2024-04-27,feature_40,8,3696,0,false
U-fef4aa,A-35083d,S-418b7c,2024-10-02,feature_11,12,5424,0,false
U-3845b3,A-35083d,S-418b7c,2024-08-02,feature_30,16,8144,1,false
U-de31af,A-35083d,S-6a02fe,2024-02-22,feature_39,8,1760,0,false
U-80b367,A-35083d,S-6a02fe,2024-12-09,feature_9,8,3504,0,true
U-a52bb8,A-35083d,S-6a02fe,2023-09-10,feature_20,11,3124,0,false
U-d57e1c,A-35083d,S-6a02fe,2024-01-09,feature_16,4,1284,0,false
U-f146f6,A-35083d,S-842638,2024-02-12,feature_2,6,2598,0,false
U-2d49df,A-35083d,S-842638,2023-07-20,feature_18,11,5973,0,false
U-a40aa5,A-35083d,S-842638,2024-09-03,feature_30,9,1629,3,false
U-b61f84,A-35083d,S-ad3ef7,2024-10-14,feature_9,17,9945,0,false
U-21d245,A-35083d,S-ad3ef7,2023-10-06,feature_32,9,1089,1,false
U-828585,A-35083d,S-ad3ef7,2024-05-21,feature_24,16,8896,0,false
U-73ee3f,A-35083d,S-ad3ef7,2024-05-01,feature_35,15,6780,0,true
U-be7f33,A-35083d,S-ad3ef7,2024-04-12,feature_17,13,377,0,false
U-3c8b44,A-35083d,S-ad3ef7,2023-11-10,feature_31,6,2784,0,false
U-c43b5e,A-35083d,S-ad5d94,2024-12-21,feature_36,9,1728,0,true
U-7bab33,A-35083d,S-ad5d94,2023-07-28,feature_14,17,2295,0,false
U-5de2fc,A-35083d,S-ad5d94,2024-02-18,feature_2,9,4194,0,false
U-9f45d3,A-35083d,S-ad5d94,2024-05-26,feature_19,8,3184,2,false
U-aeb885,A-35083d,S-b4b400,2023-08-31,feature_1,14,5306,0,false
U-37f9c9,A-35083d,S-b4b400,2024-12-11,feature_26,7,3290,0,false
U-201bb4,A-35083d,S-b4b400,2023-07-02,feature_26,11,2244,2,false
U-480e4b,A-35083d,S-b4b400,2023-12-09,feature_1,9,360,1,false
U-1cad85,A-35083d,S-b4b400,2023-09-08,feature_14,11,3982,0,false
U-c7780f,A-35083d,S-b4b400,2024-10-15,feature_29,15,4515,0,false
U-73b089,A-35083d,S-c5d797,2023-07-19,feature_31,10,2730,0,false
U-6f595b,A-35083d,S-d7ee6f,2024-12-29,feature_19,11,2673,0,false
U-de1cb7,A-35083d,S-d7ee6f,2023-11-20,feature_30,13,7462,0,true
U-d90a2d,A-35083d,S-d7ee6f,2023-12-21,feature_27,18,4716,0,false
U-c846ea,A-35083d,S-d7ee6f,2023-06-10,feature_26,12,6336,0,false
U-ec5145,A-35083d,S-dc2418,2024-02-05,feature_18,5,1095,0,false
U-43ab04,A-35083d,S-dc2418,2023-10-07,feature_19,9,4698,0,false
U-daac17,A-35083d,S-dc2418,2023-12-19,feature_29,9,612,0,false
U-a7b1cc,A-35083d,S-de059a,2024-08-18,feature_16,12,1956,0,false
U-0f0832,A-35083d,S-de059a,2023-08-14,feature_1,8,1032,2,false
U-ad9b00,A-35083d,S-de059a,2023-09-18,feature_11,13,2392,0,false
U-1aa433,A-35083d,S-e7fe6f,2023-10-04,feature_10,8,3424,0,false
U-3363c7,A-35083d,S-f00f7e,2023-09-09,feature_17,13,6266,0,false
U-41d3b8,A-35083d,S-f00f7e,2024-02-02,feature_36,16,4048,2,false
U-461394,A-35083d,S-f00f7e,2024-08-16,feature_6,6,162,1,false
U-469f86,A-35083d,S-f00f7e,2023-08-24,feature_16,10,4220,1,false
U-44406d,A-35083d,S-ff23a7,2024-08-31,feature_14,12,528,0,false
U-1c50f2,A-35083d,S-ff23a7,2024-09-01,feature_11,13,2275,1,false
U-77f45c,A-354f12,S-078c2b,2024-12-11,feature_8,7,1953,1,false
U-f1c3ea,A-354f12,S-7576bd,2024-10-28,feature_9,7,1309,0,false
U-becc43,A-354f12,S-7576bd,2024-11-02,feature_31,13,3120,0,false
U-1f2a79,A-354f12,S-7576bd,2024-06-26,feature_37,4,1140,0,false
U-9c8caa,A-354f12,S-8fd22d,2024-10-10,feature_2,10,2430,0,false
U-8016be,A-354f12,S-8fd22d,2024-10-11,feature_1,13,4849,0,false
U-c4525d,A-354f12,S-8fd22d,2024-10-22,feature_24,10,2570,0,false
U-6b964b,A-354f12,S-d64e41,2024-12-16,feature_20,7,2975,0,false
U-7db030,A-378b99,S-1c5955,2024-10-07,feature_20,11,2871,0,false
U-bbbf47,A-378b99,S-1c5955,2024-12-01,feature_22,5,835,0,false
U-2cd52d,A-378b99,S-29a901,2024-11-23,feature_9,12,7164,1,false
U-2e0f25,A-378b99,S-3bdedd,2024-12-31,feature_26,14,546,0,true
U-9931ac,A-378b99,S-4b9d7c,2024-12-18,feature_8,10,3760,0,false
U-7459d1,A-378b99,S-5f4cc6,2024-12-02,feature_37,11,6512,0,true
U-fe7355,A-378b99,S-7717d6,2024-12-11,feature_40,14,7280,0,true
U-7fcd49,A-378b99,S-817cf0,2024-11-07,feature_16,8,2632,0,false
U-511243,A-3793ee,S-75985b,2024-05-19,feature_2,8,2112,0,false
U-53430c,A-3793ee,S-75985b,2024-08-19,feature_1,10,4630,0,false
U-965c55,A-3793ee,S-75985b,2024-03-08,feature_12,10,1640,0,false
U-218146,A-3793ee,S-75fe32,2023-12-19,feature_24,13,5668,0,false
U-de565c,A-3793ee,S-75fe32,2024-07-10,feature_21,10,1220,1,false
U-feda89,A-3793ee,S-75fe32,2024-02-26,feature_31,9,5094,0,false
U-2bcd37,A-3793ee,S-ab152e,2024-10-27,feature_26,8,2560,0,false
U-4c2929,A-3793ee,S-ab152e,2024-06-06,feature_23,8,4232,0,false
U-7ea1ff,A-3793ee,S-ab152e,2024-05-14,feature_11,9,54,4,false
U-eef928,A-3793ee,S-ab152e,2023-12-24,feature_6,11,1386,2,false
U-006569,A-3793ee,S-b1d153,2024-12-02,feature_20,9,1782,0,false
U-32558d,A-3793ee,S-b1d153,2024-06-25,feature_39,9,2178,1,false
U-73ed71,A-3793ee,S-b1d153,2024-11-05,feature_38,12,7068,0,false
U-3ce8c5,A-3793ee,S-bf39f7,2024-09-10,feature_2,14,854,0,false
U-be8516,A-3793ee,S-bf39f7,2024-12-19,feature_7,8,3608,0,false
U-50502e,A-3793ee,S-efdeae,2024-07-21,feature_12,4,1796,0,false
U-e90b1a,A-3793ee,S-efdeae,2024-07-21,feature_12,8,3920,0,false
U-33d6c4,A-3793ee,S-f6f308,2024-06-07,feature_32,7,3101,0,false
U-4b8f18,A-3793ee,S-f6f308,2024-11-27,feature_36,7,1232,0,false
U-fedbfd,A-3793ee,S-f6f308,2024-06-05,feature_28,7,686,0,false
U-b03856,A-3793ee,S-f6f308,2024-06-23,feature_40,4,2056,1,false
U-cfcca3,A-37f969,S-3947da,2024-06-14,feature_32,2,1164,0,false
U-89a33a,A-37f969,S-3947da,2024-05-02,feature_32,6,2274,0,false
U-4840fd,A-37f969,S-3947da,2024-12-15,feature_33,11,2750,0,false
U-9cca18,A-37f969,S-3947da,2024-10-02,feature_3,11,3817,0,false
U-a6672b,A-37f969,S-3bb28f,2024-08-08,feature_17,13,6396,0,false
U-c485bf,A-37f969,S-3bb28f,2024-07-05,feature_16,13,3094,1,true
U-7020ec,A-37f969,S-5eeb46,2023-11-25,feature_40,8,1832,1,true
U-4eff9e,A-37f969,S-5eeb46,2023-12-19,feature_8,6,1212,2,false
U-e7c85d,A-37f969,S-5eeb46,2023-11-26,feature_22,11,5720,0,false
U-f63974,A-37f969,S-5eeb46,2024-03-06,feature_15,13,2899,0,true
U-d4a8c9,A-37f969,S-5eeb46,2024-05-08,feature_11,3,1377,0,true
U-a82a9d,A-37f969,S-5eeb46,2024-12-25,feature_18,10,1460,0,false
U-be601a,A-37f969,S-c2168a,2024-04-14,feature_5,4,804,1,false
U-08c720,A-37f969,S-e6f639,2024-09-04,feature_21,10,3430,0,false
U-8c5894,A-37f969,S-ed32c7,2024-08-03,feature_10,10,3830,0,false
U-f86e1c,A-37f969,S-ed32c7,2023-11-14,feature_39,14,6034,0,false
U-ae39a9,A-3932db,S-12902a,2024-07-23,feature_16,11,3872,0,false
U-fcf973,A-3932db,S-12902a,2024-11-28,feature_1,8,592,0,false
U-03ee9f,A-3932db,S-12902a,2024-01-12,feature_35,10,2410,2,false
U-891d64,A-3932db,S-3d46f8,2024-01-03,feature_30,7,819,0,false
U-fe36b5,A-3932db,S-3d46f8,2024-12-03,feature_7,8,2408,0,false
U-1e837d,A-3932db,S-409291,2024-09-02,feature_29,12,3984,0,false
U-b68592,A-3932db,S-409291,2024-09-24,feature_39,11,495,0,false
U-a9343f,A-3932db,S-697d16,2024-06-14,feature_24,10,3850,0,false
U-6e0068,A-3932db,S-697d16,2024-01-13,feature_30,11,6116,0,false
U-05af3b,A-3932db,S-697d16,2024-11-17,feature_16,11,1254,0,true
U-9427d1,A-3932db,S-697d16,2024-10-19,feature_36,12,2760,0,false
U-355890,A-3932db,S-7d8dde,2024-12-18,feature_21,9,4482,0,false
U-cacf30,A-3932db,S-7d8dde,2024-05-02,feature_24,10,4380,0,false
U-b481c9,A-3932db,S-7d8dde,2024-09-17,feature_11,6,174,0,false
U-1a260d,A-3932db,S-7d8dde,2024-11-01,feature_4,5,2800,0,true
U-3a36de,A-3932db,S-81caea,2024-07-08,feature_23,12,1440,2,false
U-834ba1,A-3932db,S-81caea,2024-07-10,feature_6,16,9040,3,false
U-f5b5ba,A-3932db,S-81caea,2024-10-13,feature_38,12,4968,0,false
U-47170f,A-3932db,S-81caea,2024-11-20,feature_3,9,4248,0,false
U-b3566d,A-3932db,S-8464b6,2024-04-19,feature_24,6,1710,0,false
U-389f1a,A-3932db,S-9bf1a0,2023-12-30,feature_15,9,3960,0,false
U-3b929d,A-3932db,S-9bf1a0,2024-12-21,feature_13,18,7992,1,false
U-18dda0,A-3932db,S-9bf1a0,2024-03-04,feature_30,5,2875,4,false
U-b22163,A-3932db,S-c0d979,2024-08-31,feature_26,8,3040,2,false
U-9464eb,A-3932db,S-c0d979,2024-04-04,feature_37,6,348,0,false
U-8bbd2a,A-3932db,S-c0d979,2024-02-03,feature_29,10,3950,0,false
U-4eb555,A-3932db,S-c0d979,2023-12-31,feature_11,6,996,0,false
U-ae5eda,A-3932db,S-c0d979,2024-03-08,feature_27,11,286,0,false
U-c1d494,A-3932db,S-c0d979,2024-03-28,feature_10,8,472,3,false
U-31150b,A-3932db,S-c0d979,2024-05-14,feature_3,9,4698,0,false
U-ad2eb1,A-3932db,S-c0d979,2024-06-13,feature_1,13,2054,2,false
U-7955f3,A-3932db,S-c0d979,2024-11-20,feature_35,7,3003,2,false
U-3516f8,A-396e5f,S-3ae8d8,2024-11-26,feature_15,8,1480,0,true
U-ea5ee8,A-396e5f,S-67c2c9,2024-10-20,feature_6,13,1703,0,false
U-886009,A-396e5f,S-67c2c9,2024-12-14,feature_6,15,6870,1,false
U-14fb71,A-396e5f,S-7c47af,2024-10-22,feature_3,13,1664,0,false
U-401dbc,A-396e5f,S-7c47af,2024-12-20,feature_23,9,4680,0,false
U-60a89b,A-396e5f,S-9f8593,2024-12-16,feature_31,8,3784,3,false
U-9204f8,A-396e5f,S-d18856,2024-11-20,feature_23,14,5390,0,false
U-b04fd9,A-396e5f,S-d18856,2024-12-25,feature_31,11,4972,1,false
U-232512,A-396e5f,S-fd648e,2024-11-17,feature_28,4,1148,0,false
U-4d72dd,A-396e5f,S-fd648e,2024-10-06,feature_24,6,3132,0,false
U-c5a287,A-39868b,S-31d9ee,2024-05-15,feature_8,11,1474,0,false
U-3c4cea,A-39868b,S-31d9ee,2024-05-08,feature_19,12,3156,1,true
U-9dcdd9,A-39868b,S-31d9ee,2024-08-25,feature_10,13,4238,0,false
U-3590c7,A-39868b,S-76b964,2024-10-29,feature_15,7,1834,0,false
U-056047,A-39868b,S-76b964,2024-09-18,feature_20,11,3168,0,true
U-8539a2,A-39868b,S-87b9f7,2024-06-05,feature_25,16,9376,0,false
U-a216e7,A-39868b,S-87b9f7,2024-12-14,feature_40,11,4477,0,false
U-8be9af,A-39868b,S-87b9f7,2024-06-02,feature_21,14,6524,0,false
U-25762d,A-39868b,S-87b9f7,2024-11-08,feature_3,13,5967,0,true
U-09b0c6,A-39868b,S-d0f5fb,2024-09-27,feature_24,11,3894,0,false
U-9ae706,A-39868b,S-d0f5fb,2024-11-11,feature_21,6,2916,0,false
U-2ef2de,A-39868b,S-d0f5fb,2024-10-21,feature_38,10,2760,2,false
U-054095,A-39868b,S-d0f5fb,2024-09-15,feature_30,8,1336,1,false
U-c4495b,A-39868b,S-d0f5fb,2024-11-13,feature_13,11,2398,0,true
U-df73ee,A-39868b,S-e5ba1c,2024-07-24,feature_2,11,418,0,false
U-aac896,A-39868b,S-e5ba1c,2024-05-14,feature_5,16,8304,0,false
U-602525,A-39b19f,S-049328,2023-09-07,feature_36,10,2430,0,false
U-624d96,A-39b19f,S-049328,2023-12-29,feature_38,7,2653,0,true
U-9ecd67,A-39b19f,S-049328,2024-07-02,feature_2,7,3388,1,false
U-24b48b,A-39b19f,S-049328,2023-09-05,feature_15,17,6783,0,false
U-cc1235,A-39b19f,S-0c03b0,2024-06-06,feature_8,12,2100,0,false
U-0146a8,A-39b19f,S-0c03b0,2023-04-25,feature_1,4,1764,0,false
U-144ed9,A-39b19f,S-0c03b0,2024-09-02,feature_20,10,4220,0,false
U-b548e4,A-39b19f,S-0c03b0,2024-07-26,feature_11,11,4499,0,false
U-cda985,A-39b19f,S-0c03b0,2024-02-19,feature_1,11,330,1,false
U-2ec897,A-39b19f,S-0e4b0c,2024-08-09,feature_21,14,3332,0,false
U-da20c9,A-39b19f,S-0e4b0c,2023-06-23,feature_17,6,1830,1,false
U-81c47b,A-39b19f,S-0e4b0c,2024-06-02,feature_14,9,2205,0,true
U-61f1f3,A-39b19f,S-233c23,2023-07-09,feature_31,6,1062,0,false
U-826808,A-39b19f,S-233c23,2024-05-23,feature_27,7,1491,0,false
U-b59417,A-39b19f,S-233c23,2024-06-06,feature_25,14,4872,0,false
U-be1059,A-39b19f,S-233c23,2023-04-27,feature_28,9,3564,2,false
U-5d3404,A-39b19f,S-233c23,2023-11-19,feature_8,11,5060,0,false
U-c1ce61,A-39b19f,S-358daa,2023-10-10,feature_38,9,405,0,false
U-a0bf88,A-39b19f,S-358daa,2023-04-03,feature_30,10,3720,0,false
U-b9384c,A-39b19f,S-358daa,2023-12-14,feature_4,10,590,3,false
U-8657b2,A-39b19f,S-358daa,2023-05-27,feature_29,10,3530,1,false
U-a5b807,A-39b19f,S-358daa,2023-03-05,feature_38,8,1248,0,false
U-61a316,A-39b19f,S-358daa,2023-04-03,feature_20,7,3353,2,false
U-8e2d6d,A-39b19f,S-6904e6,2023-10-06,feature_11,11,2101,0,false
U-71f68d,A-39b19f,S-6904e6,2024-06-07,feature_28,8,2400,0,false
U-8fc431,A-39b19f,S-6904e6,2023-12-03,feature_1,6,1254,4,false
U-44c1d5,A-39b19f,S-6904e6,2024-01-06,feature_24,9,3087,0,false
U-81974c,A-39b19f,S-6904e6,2023-08-07,feature_17,14,70,0,false
U-35296d,A-39b19f,S-6904e6,2023-11-17,feature_31,11,6457,0,false
U-b22d0d,A-39b19f,S-813cdc,2023-08-18,feature_35,10,3510,1,false
U-ec2ad2,A-39b19f,S-813cdc,2024-02-02,feature_13,5,1310,0,false
U-31d65e,A-39b19f,S-813cdc,2023-09-13,feature_23,5,1585,0,false
U-7de6db,A-39b19f,S-813cdc,2024-06-15,feature_32,10,2120,0,false
U-888aec,A-39b19f,S-813cdc,2023-09-25,feature_21,14,882,0,false
U-138675,A-39b19f,S-813cdc,2023-07-30,feature_37,5,960,0,false
U-4cb7cf,A-39b19f,S-813cdc,2024-10-14,feature_40,9,1449,0,false
U-c8d3f7,A-39b19f,S-d7497b,2023-12-15,feature_20,9,3726,5,false
U-c764ae,A-39b19f,S-dd73ac,2023-05-14,feature_39,10,5040,3,true
U-9552e1,A-39b19f,S-dd73ac,2024-09-28,feature_4,8,2736,0,false
U-52e424,A-39b19f,S-dd73ac,2023-04-13,feature_32,6,2202,2,false
U-640650,A-39b19f,S-dd73ac,2024-02-09,feature_39,8,576,2,false
U-71f135,A-39b19f,S-fb4fae,2024-10-01,feature_23,8,2304,0,false
U-e05f2f,A-39b19f,S-fb4fae,2023-11-08,feature_34,10,3680,0,false
U-d88025,A-39b19f,S-fb4fae,2024-07-08,feature_20,15,465,1,false
U-085211,A-39b19f,S-fb4fae,2023-03-30,feature_23,14,70,0,true
U-ab5f65,A-39b19f,S-fb4fae,2024-08-29,feature_10,6,564,0,true
U-452d0b,A-39b19f,S-fced99,2023-10-13,feature_12,4,492,0,false
U-8279f3,A-39b19f,S-fced99,2024-02-08,feature_3,10,1760,2,false
U-4de452,A-39b19f,S-fced99,2024-03-11,feature_8,15,1440,1,false
U-699af9,A-39b19f,S-fced99,2023-06-16,feature_1,11,462,3,false
U-a26f09,A-39ddf4,S-96383d,2024-12-15,feature_27,7,3962,1,false
U-ecd699,A-3a5ad8,S-148506,2024-12-09,feature_38,5,2040,0,false
U-afed97,A-3a5ad8,S-148506,2024-02-25,feature_8,8,664,1,false
U-17d802,A-3a5ad8,S-148506,2024-08-10,feature_7,12,1776,6,false
U-7d31a9,A-3a5ad8,S-148506,2024-07-24,feature_10,13,793,0,false
U-ad4e3c,A-3a5ad8,S-306a99,2024-08-17,feature_22,5,85,0,false
U-fa521c,A-3a5ad8,S-6e177f,2024-07-14,feature_1,10,3880,1,true
U-6a52b1,A-3a5ad8,S-6e177f,2024-12-14,feature_16,15,855,0,false
U-74b2c6,A-3a5ad8,S-8106d9,2024-03-09,feature_31,11,1892,1,false
U-366e18,A-3a5ad8,S-8106d9,2024-01-10,feature_23,6,2496,0,false
U-016822,A-3a5ad8,S-9cca23,2024-07-13,feature_7,16,4160,0,false
U-cbee54,A-3a5ad8,S-9cca23,2024-09-26,feature_13,11,1089,0,true
U-d77ee8,A-3a5ad8,S-9cca23,2024-05-09,feature_5,6,510,1,false
U-425c86,A-3a5ad8,S-b15faf,2024-04-19,feature_5,10,340,0,false
U-29a173,A-3a5ad8,S-bb1cf1,2024-12-15,feature_10,5,685,0,false
U-b8729b,A-3a5ad8,S-bb1cf1,2024-06-01,feature_28,9,2178,0,false
U-c1a006,A-3a5ad8,S-be86e3,2024-12-07,feature_6,10,5330,1,false
U-a3ecf7,A-3a5ad8,S-be86e3,2024-02-03,feature_37,9,1044,1,false
U-aa9328,A-3a5ad8,S-be86e3,2024-07-01,feature_36,10,2800,1,false
U-26b8b7,A-3a5ad8,S-be86e3,2024-01-26,feature_3,15,5535,3,false
U-46e114,A-3a5ad8,S-be86e3,2024-02-22,feature_10,8,1784,0,false
U-41193f,A-3a5ad8,S-d1ef4d,2024-10-26,feature_32,13,2301,0,false
U-20983e,A-3a5ad8,S-d1f12e,2024-08-07,feature_6,11,3245,0,false
U-68bfc3,A-3a7284,S-02d6c8,2024-12-09,feature_14,5,2150,0,false
U-918590,A-3a7284,S-235670,2024-12-01,feature_27,10,2140,0,false
U-ef59ca,A-3a7284,S-a3b329,2024-12-22,feature_6,12,3876,0,false
U-175f46,A-3a7284,S-da0b9b,2024-12-06,feature_20,18,6390,0,false
U-cab77b,A-3b37d9,S-02b754,2024-08-24,feature_29,6,2256,0,false
U-f843a5,A-3b37d9,S-02b754,2024-08-02,feature_9,7,3843,3,false
U-e893ac,A-3b37d9,S-02b754,2023-07-25,feature_18,12,6348,0,false
U-1f169d,A-3b37d9,S-02b754,2023-04-21,feature_30,7,2380,0,true
U-ea41bd,A-3b37d9,S-02b754,2024-01-25,feature_5,13,5486,0,false
U-896d90,A-3b37d9,S-02b754,2024-01-02,feature_33,7,784,0,false
U-126cbf,A-3b37d9,S-02b754,2024-04-22,feature_24,16,3664,0,false
U-7fcbc3,A-3b37d9,S-02b754,2023-11-03,feature_31,15,690,2,false
U-f4d275,A-3b37d9,S-02b754,2023-05-25,feature_35,14,2730,0,false
U-305287,A-3b37d9,S-02b754,2023-12-26,feature_32,7,217,3,false
U-5d714c,A-3b37d9,S-07aba0,2024-02-09,feature_19,14,6314,0,false
U-b10d68,A-3b37d9,S-07aba0,2024-01-19,feature_4,11,4301,1,false
U-3397d8,A-3b37d9,S-07aba0,2024-12-14,feature_26,11,3839,0,false
U-e89eb5,A-3b37d9,S-115510,2024-03-05,feature_23,13,6006,1,false
U-d2fff1,A-3b37d9,S-115510,2024-04-18,feature_19,12,5928,0,false
U-3314f4,A-3b37d9,S-115510,2024-02-24,feature_16,12,1584,0,false
U-79f0c3,A-3b37d9,S-2fc028,2024-03-03,feature_2,11,1408,0,false
U-e4f448,A-3b37d9,S-2fc028,2023-10-28,feature_4,8,1688,0,false
U-fc93fc,A-3b37d9,S-39e88c,2024-05-03,feature_19,11,495,1,false
U-add5ac,A-3b37d9,S-39e88c,2023-09-22,feature_11,7,1918,1,false
U-e8d883,A-3b37d9,S-39e88c,2023-11-14,feature_3,6,2490,1,false
U-534d6c,A-3b37d9,S-39e88c,2024-11-06,feature_17,18,594,0,false
U-0699af,A-3b37d9,S-39e88c,2024-07-20,feature_10,6,750,0,false
U-f61dfb,A-3b37d9,S-39e88c,2023-09-24,feature_28,11,2827,1,false
U-07be1e,A-3b37d9,S-39e88c,2023-11-23,feature_33,11,3531,1,false
U-9f3c2a,A-3b37d9,S-39e88c,2024-10-25,feature_8,16,8784,0,false
U-61a02f,A-3b37d9,S-39e88c,2023-09-12,feature_17,7,595,0,false
U-5746f3,A-3b37d9,S-3af70e,2024-01-26,feature_15,11,946,0,false
U-43258e,A-3b37d9,S-3af70e,2024-05-09,feature_33,8,448,0,false
U-8fbd30,A-3b37d9,S-3af70e,2023-08-21,feature_13,10,3890,2,true
U-524a7b,A-3b37d9,S-3af70e,2024-01-18,feature_17,12,1008,0,false
U-235b5b,A-3b37d9,S-3af70e,2023-10-15,feature_17,12,3204,0,false
U-e22d39,A-3b37d9,S-3af70e,2023-08-26,feature_18,9,2547,2,false
U-8ad39b,A-3b37d9,S-3af70e,2024-10-14,feature_8,12,7152,0,false
U-1871bd,A-3b37d9,S-3af70e,2023-07-03,feature_13,10,1310,0,false
U-60d5c1,A-3b37d9,S-d1dbf7,2023-05-06,feature_15,12,360,0,false
U-b62c70,A-3b37d9,S-d1dbf7,2024-11-15,feature_20,8,1432,0,false
U-6a2498,A-3b5cd1,S-067c38,2024-12-20,feature_12,10,1500,0,true
U-610fe5,A-3b5cd1,S-211bc2,2024-05-11,feature_20,9,4806,1,false
U-77232d,A-3b5cd1,S-211bc2,2024-09-27,feature_31,12,1332,0,false
U-1d54e0,A-3b5cd1,S-224bca,2024-02-29,feature_30,15,1005,0,false
U-f4c031,A-3b5cd1,S-224bca,2024-10-23,feature_5,12,2232,0,false
U-e31d83,A-3b5cd1,S-224bca,2024-11-15,feature_14,10,1940,0,false
U-0cf3e8,A-3b5cd1,S-70cf3c,2024-09-29,feature_32,11,2552,0,false
U-058c97,A-3b5cd1,S-70cf3c,2024-01-16,feature_29,7,3346,0,false
U-62b6fe,A-3b5cd1,S-70cf3c,2024-02-26,feature_32,9,3159,0,false
U-fc6d3a,A-3b5cd1,S-a648e7,2024-04-12,feature_25,13,5720,4,false
U-6c7228,A-3b5cd1,S-a648e7,2023-11-26,feature_1,6,1200,0,false
U-62d809,A-3b5cd1,S-a648e7,2024-12-21,feature_35,9,729,0,false
U-fa906d,A-3b5cd1,S-b4ac47,2024-08-23,feature_20,12,5448,0,false
U-bf7015,A-3b5cd1,S-b4ac47,2024-11-30,feature_1,4,2312,0,false
U-653bc1,A-3b5cd1,S-cccce3,2024-07-14,feature_7,8,2256,0,true
U-f40211,A-3b5cd1,S-cccce3,2024-05-25,feature_2,8,1256,0,false
U-051eb9,A-3b5cd1,S-cccce3,2023-12-10,feature_24,11,3586,2,false
U-177a1f,A-3b5cd1,S-cccce3,2024-03-25,feature_24,9,4824,0,false
U-677e39,A-3b5cd1,S-d959d3,2024-09-28,feature_17,10,1680,0,false
U-5593ff,A-3b5cd1,S-d959d3,2024-05-25,feature_12,12,2388,0,false
U-4f1983,A-3b5cd1,S-d959d3,2024-12-03,feature_2,12,4620,0,false
U-6b8321,A-3b5cd1,S-e3165d,2023-11-28,feature_31,3,1356,0,false
U-d3ce0e,A-3b5cd1,S-e3165d,2024-02-28,feature_40,4,1828,0,false
U-c744d0,A-3b5cd1,S-f3138f,2024-09-28,feature_22,11,4279,0,false
U-7dc37b,A-3b5cd1,S-f3138f,2023-11-11,feature_29,9,4329,0,false
U-b97232,A-3b5cd1,S-f3138f,2024-11-17,feature_27,10,4350,1,false
U-7d1299,A-3b5cd1,S-f3138f,2024-11-04,feature_36,13,7020,0,false
U-67057b,A-3b5cd1,S-f3138f,2024-09-07,feature_27,12,6816,0,false
U-775c33,A-3b5cd1,S-fc3dcb,2023-11-21,feature_27,11,3916,0,true
U-cb1666,A-3b5cd1,S-fc3dcb,2024-02-13,feature_27,15,1455,0,false
U-deacd5,A-3b5cd1,S-fc3dcb,2023-12-01,feature_5,12,5712,1,false
U-dfce4d,A-3b5cd1,S-fc3dcb,2023-12-20,feature_23,11,6358,0,false
U-13e27c,A-3b5cd1,S-fc3dcb,2024-04-14,feature_10,12,3336,0,true
U-953753,A-3b5cd1,S-ff582b,2024-05-25,feature_27,10,5170,3,false
U-155798,A-3b5cd1,S-ff582b,2024-10-29,feature_24,7,1722,0,false
U-a4af4c,A-3b5cd1,S-ff582b,2024-10-24,feature_3,11,6050,3,false
U-e725b8,A-3b5cd1,S-ff582b,2023-12-13,feature_16,21,10584,0,false
U-1c257e,A-3be56b,S-0639f1,2024-12-29,feature_8,11,4235,0,false
U-356b67,A-3be56b,S-0639f1,2024-06-10,feature_30,11,3421,0,false
U-7db76e,A-3be56b,S-0b3f0c,2024-08-09,feature_15,14,8204,1,false
U-b64a37,A-3be56b,S-0b3f0c,2024-10-11,feature_3,10,540,0,true
U-609ab2,A-3be56b,S-0b3f0c,2024-09-08,feature_22,10,860,0,false
U-26f408,A-3be56b,S-0b3f0c,2024-11-30,feature_17,6,3342,0,false
U-460d83,A-3be56b,S-2f729b,2024-05-13,feature_15,9,3888,0,false
U-7d1725,A-3be56b,S-2f729b,2024-05-24,feature_12,3,159,4,false
U-d7d293,A-3be56b,S-3cc641,2024-09-25,feature_39,10,5700,1,true
U-ccf21e,A-3be56b,S-4977c8,2024-03-11,feature_31,12,2364,1,false
U-1e3b83,A-3be56b,S-60ea07,2024-03-30,feature_28,6,396,0,false
U-47a464,A-3be56b,S-60ea07,2024-01-09,feature_1,8,2976,2,false
U-84fa72,A-3be56b,S-60ea07,2024-03-27,feature_26,13,7020,0,false
U-88754a,A-3be56b,S-60ea07,2024-08-22,feature_25,9,2250,0,false
U-4aacc4,A-3be56b,S-64acb8,2023-11-23,feature_8,6,1134,0,false
U-59e872,A-3be56b,S-64acb8,2024-12-22,feature_24,14,7098,2,true
U-2a7b01,A-3be56b,S-b23ec5,2024-06-08,feature_37,9,936,2,false
U-f9c969,A-3be56b,S-b23ec5,2024-07-23,feature_11,13,7488,0,true
U-e114a7,A-3be56b,S-ca98c9,2024-11-09,feature_2,9,801,0,false
U-2c844a,A-3be56b,S-ca98c9,2024-02-10,feature_26,10,2500,4,false
U-3aa06c,A-3be56b,S-cde950,2024-04-26,feature_19,12,852,2,false
U-d92310,A-3be56b,S-cde950,2024-07-22,feature_32,12,132,0,false
U-3cd90c,A-3be56b,S-cde950,2024-03-22,feature_1,14,7882,2,false
U-93fd96,A-3be56b,S-cde950,2024-05-20,feature_29,11,3476,0,false
U-236c3d,A-3be56b,S-cf44af,2024-06-10,feature_38,13,2041,0,true
U-62ffd4,A-3be56b,S-e2c20a,2024-05-18,feature_27,9,4581,0,false
U-5a338c,A-3be56b,S-e2c20a,2024-11-12,feature_34,6,3390,0,false
U-03e051,A-3be56b,S-e2c20a,2024-03-06,feature_17,8,360,0,false
U-2a74a2,A-3be56b,S-e2c20a,2023-12-30,feature_39,12,2868,0,false
U-901933,A-3be56b,S-e2c20a,2024-04-14,feature_26,11,4411,0,false
U-6acb44,A-3be56b,S-e2c20a,2024-05-03,feature_17,15,6990,1,false
U-8184fd,A-3c1a3f,S-027102,2023-12-02,feature_35,11,154,0,false
U-356139,A-3c1a3f,S-027102,2023-11-04,feature_24,6,1728,0,false
U-17d45c,A-3c1a3f,S-027102,2024-09-12,feature_18,15,150,0,false
U-9084c0,A-3c1a3f,S-2214c6,2024-04-21,feature_36,9,990,0,false
U-c51219,A-3c1a3f,S-2214c6,2024-11-18,feature_34,13,6591,0,false
U-9b5c79,A-3c1a3f,S-4ad7b1,2024-03-25,feature_28,8,3360,0,false
U-6f1433,A-3c1a3f,S-4ad7b1,2024-07-30,feature_10,7,196,3,false
U-a1dff8,A-3c1a3f,S-4ad7b1,2024-03-02,feature_26,9,711,0,false
U-8cee73,A-3c1a3f,S-511e50,2024-12-20,feature_22,9,2763,0,false
U-4fca1e,A-3c1a3f,S-511e50,2023-10-22,feature_26,6,1104,0,false
U-e65e69,A-3c1a3f,S-511e50,2024-11-20,feature_23,8,4352,0,false
U-b5e0fe,A-3c1a3f,S-511e50,2024-10-01,feature_25,12,228,0,false
U-3fb874,A-3c1a3f,S-511e50,2023-12-25,feature_8,5,850,0,false
U-6b7a5c,A-3c1a3f,S-5856ab,2023-12-20,feature_4,8,2488,0,false
U-8b7c2c,A-3c1a3f,S-5856ab,2024-03-01,feature_13,2,638,3,false
U-d20f16,A-3c1a3f,S-715ace,2023-09-09,feature_18,10,400,0,true
U-e22a1b,A-3c1a3f,S-8cec59,2023-12-03,feature_40,5,2475,0,false
U-ee0af2,A-3c1a3f,S-8cec59,2024-06-21,feature_32,15,8670,1,true
U-0115da,A-3c1a3f,S-8cec59,2024-02-19,feature_38,12,5580,0,false
U-eebc9c,A-3c1a3f,S-8cec59,2024-03-01,feature_5,6,1308,0,false
U-4cc6e9,A-3c1a3f,S-8cec59,2024-10-06,feature_11,10,330,1,false
U-66d379,A-3c1a3f,S-a10eb2,2024-06-06,feature_36,11,6248,1,false
U-8d72ed,A-3c1a3f,S-a10eb2,2024-02-16,feature_23,7,2443,0,false
U-9e6932,A-3c1a3f,S-a10eb2,2024-08-21,feature_8,3,330,1,false
U-154a7c,A-3c1a3f,S-a10eb2,2024-07-18,feature_23,8,2936,0,false
U-f51aaf,A-3c1a3f,S-a99771,2024-11-17,feature_33,15,7530,0,false
U-e17179,A-3c1a3f,S-a99771,2024-10-10,feature_3,16,8608,0,true
U-a6bcef,A-3c1a3f,S-a99771,2024-09-13,feature_32,11,4268,1,false
U-94fa49,A-3c1a3f,S-e6b35a,2023-11-04,feature_34,14,7784,0,false
U-07b8c4,A-3c1a3f,S-e6b35a,2024-04-12,feature_38,9,4941,0,false
U-6d2d53,A-3c1a3f,S-e6b35a,2023-09-07,feature_34,9,1881,0,false
U-7e5d25,A-3c1a3f,S-e9737c,2024-09-18,feature_11,12,2496,2,false
U-9e5aef,A-3c1a3f,S-e9737c,2023-12-17,feature_17,9,3195,1,false
U-802d15,A-3c1a3f,S-e9737c,2024-03-26,feature_7,9,2205,3,true
U-9d9226,A-3cc791,S-343642,2024-11-25,feature_25,13,2873,0,false
U-23124b,A-3cc791,S-491d53,2024-02-22,feature_21,12,6936,4,false
U-34167a,A-3cc791,S-491d53,2024-02-06,feature_8,11,1848,0,false
U-46a0b9,A-3cc791,S-491d53,2024-05-07,feature_16,8,1328,0,false
U-e256b7,A-3cc791,S-491d53,2024-03-13,feature_7,11,6149,1,false
U-26fa4b,A-3cc791,S-491d53,2024-07-01,feature_38,6,2352,1,false
U-827d30,A-3cc791,S-6b144c,2024-10-07,feature_15,15,4455,1,false
U-5485aa,A-3cc791,S-6b144c,2024-08-29,feature_38,10,2190,0,false
U-c6c40f,A-3cc791,S-879b43,2024-05-28,feature_28,17,8653,0,false
U-fc5e17,A-3cc791,S-879b43,2024-10-06,feature_29,8,136,0,false
U-5173f4,A-3cc791,S-879b43,2024-02-05,feature_6,10,5440,0,false
U-8c1553,A-3cc791,S-a916c8,2024-06-09,feature_3,6,3306,0,false
U-e91463,A-3cc791,S-a916c8,2024-02-28,feature_32,9,2817,0,true
U-157c64,A-3cc791,S-a916c8,2024-03-12,feature_5,8,2792,2,false
U-5c0126,A-3cc791,S-a924c2,2024-07-21,feature_16,9,576,0,false
U-aaaf6f,A-3cc791,S-dbceba,2024-09-14,feature_35,7,2604,0,true
U-3f72ff,A-3cc791,S-dbceba,2024-03-13,feature_39,14,2170,2,false
U-57f91b,A-3cc791,S-dbceba,2024-06-23,feature_25,10,4950,2,false
U-cc4de0,A-3cc791,S-dbceba,2024-10-16,feature_7,8,1576,0,false
U-a22492,A-3cc791,S-f981fe,2024-05-03,feature_14,8,2472,1,true
U-d168ff,A-3cc791,S-f981fe,2024-06-23,feature_14,8,2288,0,false
U-40619d,A-3ce5b8,S-2f7250,2024-01-27,feature_29,14,7546,0,false
U-a71be7,A-3ce5b8,S-2f7250,2024-07-01,feature_22,9,2943,0,false
U-1e528b,A-3ce5b8,S-b32a70,2024-03-05,feature_1,8,1608,0,false
U-8c5688,A-3ce5b8,S-b32a70,2024-09-14,feature_32,9,54,0,false
U-5b69db,A-3ce5b8,S-b32a70,2024-01-05,feature_27,11,132,0,false
U-b6c23e,A-3ce5b8,S-b32a70,2024-08-30,feature_30,8,3856,1,false
U-bc0fc0,A-3ce5b8,S-b32a70,2024-04-08,feature_32,10,2420,0,false
U-d9a3c4,A-3ce5b8,S-b32a70,2024-03-27,feature_32,7,2940,3,false
U-14c014,A-3ce5b8,S-b991d2,2024-12-15,feature_2,7,2534,3,false
U-e32bfd,A-3ce5b8,S-b991d2,2024-03-06,feature_9,12,4620,1,false
U-371d42,A-3ce5b8,S-b991d2,2024-05-17,feature_11,11,6259,0,false
U-71872a,A-3ce5b8,S-b991d2,2024-09-24,feature_15,8,3888,1,false
U-4351bf,A-3ce5b8,S-c48d0d,2024-03-16,feature_6,20,2660,0,false
U-7a8a9e,A-3ce5b8,S-c48d0d,2024-08-23,feature_16,9,1611,0,false
U-24c010,A-3ce5b8,S-c48d0d,2024-05-03,feature_6,11,4026,0,false
U-b07482,A-3ce5b8,S-dabcd2,2024-01-11,feature_14,7,2975,0,false
U-95430f,A-3ce5b8,S-dabcd2,2024-06-13,feature_39,9,5193,0,true
U-f20720,A-3ce5b8,S-dabcd2,2024-11-09,feature_11,7,3052,0,false
U-23cc1d,A-3ce5b8,S-dabcd2,2024-03-25,feature_40,10,1010,2,false
U-5606c6,A-3ce5b8,S-dabcd2,2024-01-26,feature_11,12,1584,0,false
U-2d3052,A-3ce5b8,S-dc7143,2024-11-15,feature_5,11,4334,0,false
U-50543f,A-3ce5b8,S-dc7143,2024-07-21,feature_39,10,2010,0,false
U-8d7fbc,A-3ce5b8,S-e11518,2024-06-28,feature_31,9,3177,0,false
U-689afe,A-3ce5b8,S-e32bf8,2024-12-08,feature_30,11,1672,0,false
U-971d5c,A-3ce5b8,S-e32bf8,2024-10-05,feature_1,7,3248,0,false
U-7ff1b6,A-3ce5b8,S-e4a862,2023-12-20,feature_20,11,2266,1,false
U-11952c,A-3ce5b8,S-e4a862,2024-11-20,feature_27,11,913,2,false
U-72dc9e,A-3d957b,S-154119,2024-10-20,feature_27,14,2772,0,true
U-d723a4,A-3f9cc0,S-0bf451,2024-07-08,feature_38,11,1133,0,false
U-54e781,A-3f9cc0,S-0bf451,2024-12-20,feature_16,12,492,0,false
U-22e96e,A-3f9cc0,S-0bf451,2024-09-24,feature_27,7,3976,2,false
U-a5e73f,A-3f9cc0,S-0bf451,2024-07-16,feature_38,11,5181,1,false
U-3f0264,A-3f9cc0,S-0bf451,2024-09-23,feature_39,7,966,0,false
U-147af7,A-3f9cc0,S-6bea24,2024-07-06,feature_9,9,2340,0,false
U-0b9e57,A-3f9cc0,S-6bea24,2024-12-12,feature_2,6,834,0,false
U-79d1c2,A-3f9cc0,S-6bea24,2024-09-30,feature_33,4,1764,3,false
U-368371,A-3f9cc0,S-7536e5,2024-09-15,feature_18,8,4320,2,false
U-23bafb,A-3f9cc0,S-86ed20,2024-07-26,feature_19,13,6617,0,false
U-97dd33,A-3f9cc0,S-d1fb2e,2024-09-04,feature_16,6,3384,2,false
U-7e75ac,A-3f9cc0,S-d1fb2e,2024-08-04,feature_36,5,1020,0,false
U-10381c,A-3f9cc0,S-e57a7d,2024-09-19,feature_37,9,3555,2,false
U-fae8a8,A-3f9cc0,S-e57a7d,2024-09-11,feature_27,10,1190,0,false
U-d58c32,A-3f9cc0,S-e57a7d,2024-09-06,feature_28,10,4350,3,false
U-c43cc0,A-40906c,S-07a006,2024-07-10,feature_3,8,2888,2,false
U-fd1656,A-40906c,S-11939f,2024-10-21,feature_12,13,4901,0,false
U-ce76dd,A-40906c,S-37a280,2024-06-07,feature_26,13,2574,1,false
U-a7fef7,A-40906c,S-37a280,2024-12-03,feature_12,6,1668,0,true
U-bd058e,A-40906c,S-79c82e,2024-12-03,feature_13,14,1876,1,true
U-a32d67,A-40906c,S-79c82e,2024-06-06,feature_19,9,3141,1,false
U-b1715d,A-40906c,S-8b00ff,2024-11-23,feature_3,9,1485,0,false
U-335488,A-40906c,S-8b00ff,2024-10-26,feature_40,13,6110,0,false
U-dd51ad,A-40906c,S-a0c741,2024-10-12,feature_20,10,2320,2,false
U-f36ae4,A-40906c,S-c18476,2024-08-25,feature_25,11,5467,0,false
U-c63d01,A-40906c,S-ddad91,2024-08-31,feature_33,16,8496,0,false
U-181648,A-40906c,S-ddad91,2024-12-03,feature_4,8,2664,0,false
U-5ba0ab,A-40906c,S-ddad91,2024-09-09,feature_12,13,3549,0,true
U-6d603a,A-40a557,S-12a13c,2024-06-19,feature_17,14,4018,0,false
U-78c1ef,A-40a557,S-12a13c,2024-08-20,feature_25,8,2928,2,false
U-02788d,A-40a557,S-20d02a,2024-02-24,feature_25,15,315,3,false
U-ac9cfc,A-40a557,S-20d02a,2024-12-26,feature_17,6,2004,0,true
U-fdd0a3,A-40a557,S-20d02a,2024-03-25,feature_29,7,868,0,false
U-338a43,A-40a557,S-388f70,2024-08-06,feature_29,17,1207,0,false
U-2eda9c,A-40a557,S-6762fa,2024-08-15,feature_10,10,50,0,false
U-207393,A-40a557,S-6762fa,2024-03-23,feature_25,12,4020,0,false
U-e3d4ee,A-40a557,S-6762fa,2024-10-25,feature_36,7,1799,0,false
U-420ea4,A-40a557,S-6762fa,2024-05-06,feature_1,11,2497,2,false
U-a404b2,A-40a557,S-934f6d,2024-09-16,feature_6,10,2810,0,false
U-12061a,A-40a557,S-934f6d,2024-01-16,feature_27,11,572,0,false
U-90c7be,A-40a557,S-934f6d,2024-03-28,feature_23,8,2024,0,false
U-0db9a7,A-40a557,S-934f6d,2024-04-23,feature_26,10,4400,0,false
U-1ee335,A-40a557,S-a25d8b,2024-10-06,feature_12,10,4000,0,false
U-faa8ac,A-40a557,S-a25d8b,2024-05-23,feature_30,7,3430,2,false
U-f7ea89,A-40a557,S-d71a1f,2024-10-16,feature_38,3,963,0,false
U-30a8fa,A-40a557,S-d71a1f,2024-07-25,feature_14,10,770,0,false
U-515ebe,A-40a557,S-f5fcc9,2024-04-12,feature_12,12,5376,1,false
U-e15600,A-40a557,S-f5fcc9,2024-06-07,feature_23,15,7440,1,false
U-0a8d8f,A-40de06,S-00fcc5,2023-08-22,feature_37,15,8610,0,false
U-98252f,A-40de06,S-00fcc5,2023-08-13,feature_1,10,5680,0,true
U-cf11cc,A-40de06,S-00fcc5,2024-03-13,feature_35,18,5580,0,false
U-e7cd58,A-40de06,S-00fcc5,2023-07-18,feature_6,12,5472,0,false
U-e1c5ae,A-40de06,S-00fcc5,2024-07-04,feature_12,11,924,1,false
U-3faed9,A-40de06,S-00fcc5,2023-08-23,feature_33,10,3760,1,false
U-3dc547,A-40de06,S-013f5c,2023-09-25,feature_26,10,610,0,false
U-aa31bb,A-40de06,S-013f5c,2023-10-06,feature_13,13,6825,0,true
U-212520,A-40de06,S-013f5c,2023-06-26,feature_20,13,1287,0,true
U-5d71f3,A-40de06,S-013f5c,2023-12-29,feature_10,10,270,3,false
U-68a1a0,A-40de06,S-013f5c,2023-08-25,feature_29,8,4600,0,false
U-3905c5,A-40de06,S-013f5c,2024-05-13,feature_1,12,3504,0,false
U-e27fcd,A-40de06,S-013f5c,2023-07-07,feature_31,12,1452,0,false
U-f78894,A-40de06,S-0e068c,2023-11-28,feature_40,9,1701,0,false
U-d685fb,A-40de06,S-0e068c,2024-03-13,feature_8,8,1528,0,true
U-6f015b,A-40de06,S-0e068c,2023-06-16,feature_10,9,639,0,false
U-aa87f0,A-40de06,S-2574a3,2023-06-13,feature_36,8,3136,0,false
U-c707a2,A-40de06,S-2574a3,2024-12-16,feature_4,5,1330,0,true
U-4f7bd7,A-40de06,S-2574a3,2024-07-30,feature_24,11,3102,0,false
U-e3338f,A-40de06,S-2574a3,2024-12-08,feature_21,11,2101,2,false
U-643940,A-40de06,S-2574a3,2024-01-03,feature_37,3,1122,0,false
U-b6e10c,A-40de06,S-2574a3,2024-11-20,feature_19,12,7188,0,false
U-59f57f,A-40de06,S-293a1f,2023-10-23,feature_24,9,3915,1,false
U-7d0520,A-40de06,S-293a1f,2024-09-04,feature_39,9,1035,0,false
U-db637c,A-40de06,S-293a1f,2024-01-26,feature_7,12,1116,0,false
U-38b537,A-40de06,S-42af3d,2023-09-10,feature_19,10,2820,0,false
U-774026,A-40de06,S-42af3d,2024-11-02,feature_13,6,2748,0,false
U-fefdd4,A-40de06,S-42af3d,2024-10-14,feature_25,16,3792,1,false
U-1f796f,A-40de06,S-42af3d,2024-02-07,feature_16,8,376,0,false
U-c73115,A-40de06,S-42af3d,2024-05-01,feature_17,10,5510,0,false
U-1a3395,A-40de06,S-42af3d,2024-09-22,feature_27,10,1480,1,false
U-cc9132,A-40de06,S-42af3d,2023-07-11,feature_12,11,3751,0,false
U-01a369,A-40de06,S-42af3d,2023-11-16,feature_23,11,1584,0,false
U-f8db30,A-40de06,S-42af3d,2024-05-23,feature_32,16,8192,0,false
U-1df150,A-40de06,S-4afb53,2024-05-25,feature_3,10,1890,0,false
U-fa6fbf,A-40de06,S-4afb53,2023-12-01,feature_1,13,5876,0,false
U-9fae66,A-40de06,S-4afb53,2024-08-06,feature_2,9,729,0,false
U-67aa0d,A-40de06,S-4afb53,2024-05-15,feature_2,4,756,0,false
U-2e0200,A-40de06,S-4afb53,2023-07-04,feature_17,9,1080,0,false
U-3bbf70,A-40de06,S-4cd678,2024-12-08,feature_11,9,4473,0,false
U-00d5f5,A-40de06,S-668cdc,2023-09-29,feature_28,8,3912,1,false
U-bc7380,A-40de06,S-668cdc,2024-02-12,feature_23,7,3647,2,false
U-c153b8,A-40de06,S-668cdc,2023-07-14,feature_40,10,1760,0,false
U-469aa4,A-40de06,S-69a807,2024-07-18,feature_38,14,5824,0,true
U-7da9e7,A-40de06,S-69a807,2024-12-15,feature_5,9,1881,0,false
U-bef92d,A-40de06,S-69a807,2023-06-22,feature_3,10,180,3,false
U-671241,A-40de06,S-69a807,2023-09-06,feature_33,15,6420,1,false
U-247d6f,A-40de06,S-69a807,2023-11-14,feature_39,4,1280,3,false
U-d1ad87,A-40de06,S-69a807,2024-06-24,feature_37,11,6358,1,false
U-470874,A-40de06,S-69a807,2023-12-06,feature_9,4,1484,2,false
U-80e661,A-40de06,S-69a807,2023-12-30,feature_40,12,6792,1,true
U-4df2e3,A-40de06,S-94c6a5,2024-05-15,feature_1,3,18,0,false
U-76e44d,A-40de06,S-94c6a5,2023-08-24,feature_33,5,1515,3,false
U-870191,A-40de06,S-94c6a5,2023-10-23,feature_10,12,3036,0,false
U-b46c85,A-40de06,S-9781fe,2024-08-02,feature_21,10,5350,0,false
U-75b865,A-40de06,S-9781fe,2024-06-07,feature_10,10,3990,0,true
U-cb97bb,A-40de06,S-9781fe,2023-09-30,feature_24,11,4136,2,false
U-37e63d,A-40de06,S-abdeb7,2024-03-15,feature_30,7,4060,0,false
U-38d16e,A-40de06,S-cd4d67,2024-02-06,feature_10,10,570,0,false
U-52974a,A-40de06,S-cd4d67,2024-02-03,feature_40,15,510,0,true
U-4b97d5,A-40de06,S-cd4d67,2024-12-03,feature_30,7,1925,0,false
U-d7f7e0,A-40de06,S-cd4d67,2024-02-07,feature_11,5,920,0,false
U-a2a44e,A-40de06,S-cd4d67,2024-03-19,feature_12,12,4128,2,false
U-fd7a68,A-40de06,S-cd4d67,2024-11-25,feature_22,12,5664,0,true
U-79753b,A-40de06,S-cd4d67,2024-12-16,feature_10,6,480,0,false
U-0665d9,A-40de06,S-cd4d67,2024-11-07,feature_1,13,1599,0,false
U-6aafa4,A-40de06,S-db3e30,2024-12-13,feature_10,5,1840,0,true
U-22f6b9,A-40de06,S-db3e30,2024-12-17,feature_32,9,1800,0,false
U-087661,A-40de06,S-db3e30,2023-09-16,feature_21,14,4956,2,false
U-b899c6,A-40de06,S-db3e30,2024-09-24,feature_5,6,1182,0,false
U-9167a8,A-40de06,S-db3e30,2024-02-24,feature_6,12,3396,0,false
U-94bd4f,A-40de06,S-f52c97,2023-07-21,feature_16,5,135,0,false
U-1d7059,A-40de06,S-f52c97,2024-10-25,feature_33,16,272,1,false
U-6467eb,A-40de06,S-f52c97,2024-09-21,feature_15,7,1239,0,false
U-7ac6e4,A-40de06,S-f52c97,2023-11-05,feature_38,11,4961,0,false
U-8645bf,A-40de06,S-f52c97,2023-07-23,feature_1,13,1001,0,true
U-45969c,A-40de06,S-f52c97,2023-08-31,feature_21,4,436,0,false
U-51bb5e,A-40de06,S-f52c97,2024-07-11,feature_11,6,1992,1,true
U-dc3f6f,A-40de06,S-f52c97,2024-10-29,feature_15,10,1580,0,false
U-cbf4a2,A-410e86,S-689032,2024-12-27,feature_40,11,5951,1,false
U-6b0544,A-417d2f,S-0a3e58,2024-10-17,feature_38,7,84,1,false
U-7f2133,A-417d2f,S-0a3e58,2024-02-15,feature_24,16,4528,1,true
U-7e0f53,A-417d2f,S-30a9dd,2024-03-05,feature_28,7,84,0,false
U-2c965c,A-417d2f,S-30a9dd,2024-04-20,feature_11,9,3501,0,false
U-d675a6,A-417d2f,S-30a9dd,2024-05-15,feature_35,10,5220,0,false
U-e04c73,A-417d2f,S-30a9dd,2024-12-11,feature_6,8,472,0,false
U-3cb52a,A-417d2f,S-328ac2,2024-06-29,feature_16,11,2409,0,false
U-9f9b46,A-417d2f,S-328ac2,2024-06-01,feature_34,9,3690,0,false
U-953dc4,A-417d2f,S-328ac2,2024-10-14,feature_3,8,3480,0,false
U-e4424d,A-417d2f,S-38eb77,2023-10-10,feature_14,7,847,0,false
U-51a6b4,A-417d2f,S-38eb77,2024-06-07,feature_4,11,2376,1,false
U-7569e7,A-417d2f,S-65c079,2023-09-24,feature_7,12,6180,0,true
U-30ce52,A-417d2f,S-65c079,2024-02-26,feature_8,10,1520,0,false
U-6b5bdb,A-417d2f,S-65c079,2024-05-10,feature_40,9,2205,0,false
U-994421,A-417d2f,S-65c079,2024-04-28,feature_35,11,957,0,false
U-4a826a,A-417d2f,S-65c079,2023-11-17,feature_12,6,780,0,false
U-13ed1c,A-417d2f,S-6f04a4,2024-06-04,feature_22,9,243,0,true
U-4e83e4,A-417d2f,S-6f04a4,2024-12-02,feature_22,8,3672,0,false
U-416bc3,A-417d2f,S-6f04a4,2023-07-21,feature_38,17,2363,0,false
U-8af875,A-417d2f,S-82db05,2023-07-13,feature_8,11,5137,0,false
U-c7ba47,A-417d2f,S-82db05,2024-06-20,feature_18,10,4040,0,false
U-7fafb6,A-417d2f,S-82db05,2023-12-01,feature_11,12,1512,0,false
U-577983,A-417d2f,S-8d2824,2024-09-12,feature_20,10,3140,3,false
U-2b7818,A-417d2f,S-8d2824,2024-07-13,feature_36,11,3685,0,false
U-6a7e6d,A-417d2f,S-8d2824,2023-11-07,feature_10,12,6516,0,false
U-845162,A-417d2f,S-8d2824,2024-09-24,feature_8,10,5160,1,false
U-86431a,A-417d2f,S-8d2824,2023-07-20,feature_2,6,222,0,false
U-62cc2f,A-417d2f,S-9220c9,2024-02-06,feature_10,10,3910,1,false
U-38520d,A-417d2f,S-9220c9,2024-02-22,feature_27,9,1188,0,false
U-f46a59,A-417d2f,S-9220c9,2024-08-17,feature_40,9,1197,0,false
U-0ef85c,A-417d2f,S-9f4914,2023-07-23,feature_40,9,1008,0,false
U-f3f155,A-417d2f,S-9f4914,2023-09-22,feature_20,8,920,1,false
U-780318,A-417d2f,S-ac42e8,2024-08-20,feature_4,11,3641,0,false
U-2784aa,A-417d2f,S-ac42e8,2023-08-21,feature_23,9,1818,0,false
U-a90631,A-417d2f,S-ba7f2a,2023-09-15,feature_14,6,2436,2,false
U-f5bf2d,A-417d2f,S-ba7f2a,2024-10-31,feature_25,9,3942,1,false
U-9d2e59,A-417d2f,S-ba7f2a,2024-11-28,feature_30,11,3256,0,false
U-d2640d,A-417d2f,S-ba7f2a,2024-09-09,feature_32,15,1335,0,true
U-68106f,A-417d2f,S-dceac6,2024-02-18,feature_30,7,3472,0,false
U-098784,A-417d2f,S-dceac6,2024-09-18,feature_13,11,6017,0,true
U-f41528,A-417d2f,S-e958ba,2024-03-22,feature_35,10,4860,0,false
U-2eb660,A-417d2f,S-e958ba,2024-07-03,feature_27,8,1144,1,false
U-c5692d,A-417d2f,S-e958ba,2023-10-31,feature_14,11,4103,0,false
U-98c60e,A-417d2f,S-e958ba,2024-03-21,feature_2,15,1005,0,false
U-b56e22,A-417d2f,S-e958ba,2024-12-06,feature_24,10,2880,2,false
U-d6b4d8,A-417d2f,S-e958ba,2024-09-01,feature_19,10,1250,0,false
U-310132,A-417d2f,S-f55146,2024-04-30,feature_9,14,1904,4,false
U-072305,A-417d2f,S-f55146,2024-06-18,feature_4,13,4927,0,false
U-f82189,A-417d2f,S-f55146,2023-10-25,feature_30,6,2484,0,false
U-e1be67,A-417d2f,S-f55146,2024-10-21,feature_25,11,1705,0,false
U-49d123,A-417d2f,S-f874e5,2023-08-06,feature_33,11,4686,1,false
U-b0c46d,A-417d2f,S-f874e5,2023-07-30,feature_7,16,7680,0,false
U-34d518,A-417d2f,S-f874e5,2023-11-25,feature_38,11,4092,0,false
U-81eed9,A-417d2f,S-f874e5,2024-04-05,feature_33,15,3675,0,false
U-295ad7,A-417d2f,S-f874e5,2023-09-16,feature_31,5,2065,0,false
U-77a8e8,A-425e76,S-0d8293,2024-12-21,feature_24,9,792,0,false
U-d158aa,A-425e76,S-0d8293,2024-04-12,feature_17,10,3750,0,false
U-314fb7,A-425e76,S-0d8293,2024-10-25,feature_29,12,3792,0,false
U-962135,A-425e76,S-0d8293,2024-07-18,feature_37,7,350,0,false
U-930bdc,A-425e76,S-0d8293,2024-04-24,feature_33,5,2715,2,false
U-2819f1,A-425e76,S-0d8293,2024-09-25,feature_27,12,6456,0,false
U-4ba689,A-425e76,S-12ca50,2023-09-23,feature_30,12,3264,2,false
U-f75645,A-425e76,S-18b808,2024-03-22,feature_27,9,4185,4,false
U-6424d0,A-425e76,S-18b808,2024-12-13,feature_29,5,1875,0,false
U-6a5e50,A-425e76,S-2196c4,2024-06-02,feature_9,12,4908,0,false
U-4d5e30,A-425e76,S-25f647,2024-06-10,feature_23,15,8520,2,false
U-d0b6e0,A-425e76,S-25f647,2024-12-05,feature_39,7,2632,0,false
U-dc2443,A-425e76,S-25f647,2023-09-14,feature_3,7,2429,0,false
U-c4c419,A-425e76,S-2d3434,2023-09-21,feature_22,11,3630,0,false
U-cf21a5,A-425e76,S-2d3434,2024-08-23,feature_20,8,312,1,false
U-29c1a4,A-425e76,S-2d3434,2024-01-23,feature_32,8,4456,0,false
U-b6f666,A-425e76,S-2d3434,2023-08-31,feature_34,8,4216,0,true
U-297b60,A-425e76,S-6d356a,2023-12-26,feature_14,9,3519,0,false
U-0c5c35,A-425e76,S-6d356a,2023-08-09,feature_29,10,3980,0,false
U-790ce9,A-425e76,S-6d356a,2024-08-05,feature_32,11,6468,0,false
U-e2f766,A-425e76,S-6d356a,2024-02-18,feature_27,13,6448,0,false
U-736e6c,A-425e76,S-77f7fd,2023-12-13,feature_30,8,2256,0,false
U-c60093,A-425e76,S-77f7fd,2024-09-29,feature_18,8,1392,0,true
U-31872d,A-425e76,S-77f7fd,2024-10-01,feature_12,12,4068,0,false
U-6ba104,A-425e76,S-77f7fd,2024-07-11,feature_19,7,2065,3,false
U-f3314f,A-425e76,S-b45bc6,2024-05-16,feature_36,9,414,1,false
U-484502,A-425e76,S-b45bc6,2024-01-07,feature_34,1,521,1,false
U-c68b85,A-425e76,S-b45bc6,2023-09-04,feature_31,8,752,0,false
U-8d84f7,A-425e76,S-b45bc6,2024-04-19,feature_30,9,4761,1,false
U-2322f6,A-425e76,S-b45bc6,2024-09-08,feature_17,12,1728,0,false
U-7bdea8,A-425e76,S-b45bc6,2023-09-11,feature_1,8,3680,0,false
U-bc343c,A-425e76,S-f7f6d7,2024-04-22,feature_10,11,671,0,false
U-b732ad,A-427b69,S-33deb8,2024-12-11,feature_23,10,910,0,false
U-798c08,A-427b69,S-33deb8,2024-11-08,feature_9,8,232,3,false
U-533830,A-427b69,S-482e5b,2024-11-11,feature_37,10,2190,0,false
U-958c55,A-427b69,S-482e5b,2024-12-27,feature_8,8,1248,0,false
U-2e9e9d,A-427b69,S-59edf9,2024-12-26,feature_38,6,2568,0,false
U-5b2e7b,A-427b69,S-59edf9,2024-12-10,feature_3,11,2574,2,false
U-07841b,A-427b69,S-ef2a21,2024-11-13,feature_22,9,5085,3,false
U-1314b8,A-427b69,S-ef2a21,2024-12-13,feature_16,6,2970,3,false
U-7a0413,A-427b69,S-f7b517,2024-11-24,feature_17,11,6512,0,false
U-ad151c,A-42b791,S-381420,2024-12-11,feature_5,10,4820,1,false
U-32e09a,A-42b791,S-817e4b,2024-06-21,feature_18,8,752,0,false
U-13e3eb,A-42b791,S-817e4b,2024-07-05,feature_21,9,4977,0,false
U-550d37,A-42b791,S-817e4b,2024-11-07,feature_17,6,2922,1,false
U-568ad5,A-42b791,S-817e4b,2024-12-20,feature_30,4,1808,0,false
U-addb48,A-42b791,S-a0abcf,2024-07-23,feature_25,10,140,0,false
U-5f9be3,A-42b791,S-a0abcf,2024-10-08,feature_18,10,5130,0,false
U-71caeb,A-42b791,S-a0abcf,2024-06-17,feature_32,14,2002,0,false
U-c5f3d1,A-42b791,S-d224a1,2024-11-22,feature_6,5,165,0,false
U-c3eecf,A-42b791,S-d224a1,2024-09-21,feature_27,13,3484,0,false
U-be1e97,A-42e5e1,S-06e3cd,2024-08-13,feature_26,10,2360,2,true
U-cfedcf,A-42e5e1,S-06e3cd,2024-10-28,feature_7,5,1985,0,false
U-648330,A-42e5e1,S-2881e0,2024-11-06,feature_33,14,924,0,false
U-afc93f,A-42e5e1,S-8426e7,2024-07-27,feature_9,8,3528,2,false
U-402a43,A-42e5e1,S-8426e7,2024-10-31,feature_10,13,5629,2,false
U-e6b1c4,A-42e5e1,S-8426e7,2024-10-02,feature_7,8,2120,1,false
U-24c7d6,A-42e5e1,S-a3cbd4,2024-11-22,feature_29,8,1544,4,false
U-aafa6b,A-42e5e1,S-a3cbd4,2024-09-30,feature_14,10,5370,0,false
U-91e89f,A-42e5e1,S-a3cbd4,2024-08-26,feature_12,9,2565,2,false
U-93e9b8,A-42e5e1,S-ce9977,2024-08-15,feature_23,5,395,1,false
U-b88b14,A-42e5e1,S-ce9977,2024-12-01,feature_10,10,3270,0,false
U-886ee6,A-42e5e1,S-ce9977,2024-12-26,feature_2,8,3360,3,false
U-6ab9ae,A-432483,S-0d497d,2023-11-28,feature_39,7,1575,3,false
U-6673f8,A-432483,S-0d497d,2024-03-18,feature_19,10,2480,0,false
U-9d5185,A-432483,S-0d497d,2023-06-22,feature_30,8,1904,0,false
U-a41b11,A-432483,S-0d497d,2024-02-12,feature_17,9,4293,3,false
U-c7d5a2,A-432483,S-0d497d,2023-06-05,feature_2,5,635,1,false
U-eafb0b,A-432483,S-0d497d,2024-04-05,feature_6,13,5421,0,false
U-d86491,A-432483,S-0d497d,2024-03-05,feature_37,8,1136,0,false
U-b5091f,A-432483,S-0d497d,2024-05-25,feature_24,12,4884,1,false
U-37feb9,A-432483,S-0d497d,2024-10-12,feature_23,8,1344,0,false
U-56c907,A-432483,S-26dbbf,2024-06-09,feature_3,12,5208,0,false
U-f03e21,A-432483,S-26dbbf,2024-01-29,feature_29,9,5040,1,true
U-52437b,A-432483,S-2e017b,2023-04-12,feature_9,7,3752,2,false
U-a3b9b4,A-432483,S-2e017b,2024-11-07,feature_35,14,6132,0,false
U-0ff63b,A-432483,S-2e017b,2023-08-16,feature_36,12,6636,0,false
U-198824,A-432483,S-2e017b,2023-06-14,feature_35,9,1719,0,false
U-6f2e06,A-432483,S-34b845,2024-11-11,feature_36,9,3951,0,false
U-7c0333,A-432483,S-34b845,2024-03-26,feature_38,14,7770,0,false
U-bc70f2,A-432483,S-34b845,2024-05-05,feature_35,10,2260,2,false
U-a998fd,A-432483,S-377ced,2024-01-27,feature_6,14,3864,0,false
U-d8a02b,A-432483,S-377ced,2024-06-30,feature_2,11,3080,0,false
U-a6c918,A-432483,S-377ced,2023-12-18,feature_11,5,2205,0,false
U-b99f48,A-432483,S-377ced,2023-11-07,feature_5,6,780,0,false
U-9f519b,A-432483,S-377ced,2024-09-15,feature_20,7,1323,0,false
U-8c4cf0,A-432483,S-377ced,2024-11-23,feature_14,9,72,0,false
U-7bd153,A-432483,S-40b133,2024-03-14,feature_29,6,1680,0,false
U-97c25b,A-432483,S-40b133,2024-05-15,feature_14,10,5760,0,false
U-6ba8f3,A-432483,S-67c131,2023-12-19,feature_32,14,4382,0,false
U-125dde,A-432483,S-67c131,2023-08-10,feature_26,6,1356,0,false
U-51ca00,A-432483,S-67c131,2024-07-21,feature_32,17,9724,1,false
U-25be8a,A-432483,S-67c131,2023-12-13,feature_24,5,570,2,false
U-fb8b89,A-432483,S-67c131,2024-11-20,feature_4,10,4730,0,false
U-84f2ce,A-432483,S-67c131,2024-03-24,feature_19,13,4550,0,true
U-0528ae,A-432483,S-67c131,2024-10-03,feature_38,9,2475,1,false
U-cdc5fc,A-432483,S-6cdfb7,2024-12-12,feature_25,12,2244,3,false
U-d3db06,A-432483,S-6cdfb7,2024-12-12,feature_8,12,1356,0,false
U-622b8f,A-432483,S-e78857,2024-09-17,feature_9,14,4564,1,false
U-c0297c,A-432483,S-e78857,2024-08-11,feature_6,10,4460,0,false
U-698a7e,A-432483,S-e78857,2023-06-04,feature_30,9,4149,0,false
U-6d8393,A-432483,S-e78857,2024-07-10,feature_38,16,4512,1,false
U-fe144f,A-432483,S-e78857,2024-03-26,feature_15,11,6259,1,false
U-13cc31,A-439b2f,S-83ee75,2024-12-08,feature_16,4,1196,0,false
U-aab801,A-439b2f,S-94cfff,2024-07-01,feature_11,8,2672,0,false
U-49ba72,A-439b2f,S-94cfff,2024-08-02,feature_24,11,4158,0,false
U-6f4e83,A-439b2f,S-94cfff,2024-06-20,feature_24,5,2560,0,false
U-134049,A-439b2f,S-dab0d8,2024-12-29,feature_2,14,8036,0,false
U-4db8cf,A-439b2f,S-dab0d8,2024-06-07,feature_38,6,1614,0,false
U-ea7c17,A-439b2f,S-e48c4d,2024-03-31,feature_21,10,2440,0,true
U-e7e081,A-439b2f,S-ea3d54,2024-03-15,feature_13,9,2052,1,false
U-eb6b78,A-439b2f,S-ea3d54,2024-05-10,feature_7,7,1939,1,true
U-74c4fc,A-43a9e3,S-0d2fb8,2024-01-30,feature_2,15,4845,3,false
U-ce6c52,A-43a9e3,S-0d2fb8,2024-12-29,feature_11,12,3900,2,true
U-85c6ca,A-43a9e3,S-726749,2024-11-05,feature_17,7,1799,0,false
U-1ba686,A-43a9e3,S-726749,2024-04-17,feature_1,8,992,0,false
U-701aa0,A-43a9e3,S-726749,2024-09-21,feature_9,16,992,0,false
U-b47fec,A-43a9e3,S-726749,2024-06-13,feature_16,2,456,0,false
U-58602f,A-43a9e3,S-726749,2024-03-01,feature_5,6,2754,0,false
U-b9f09d,A-43a9e3,S-8e5fd4,2024-02-06,feature_28,7,2919,0,false
U-f9adde,A-43a9e3,S-8e5fd4,2023-10-12,feature_17,9,3771,0,false
U-be3c82,A-43a9e3,S-8e5fd4,2024-08-25,feature_18,8,4288,0,false
U-424739,A-43a9e3,S-8e5fd4,2024-08-19,feature_4,12,2352,3,false
U-1e44fe,A-43a9e3,S-8e5fd4,2024-11-18,feature_17,8,2304,0,false
U-5b1a91,A-43a9e3,S-9171f0,2024-09-10,feature_2,13,3315,0,false
U-7ce046,A-43a9e3,S-c80ac4,2024-03-13,feature_8,3,252,0,false
U-966e5f,A-43a9e3,S-df262a,2023-12-16,feature_24,16,4624,0,false
U-2c7fbb,A-43a9e3,S-df262a,2024-09-15,feature_36,9,4185,0,false
U-3ef0ff,A-43a9e3,S-df262a,2024-04-24,feature_33,8,3800,3,true
U-c3e17c,A-43a9e3,S-df262a,2024-07-04,feature_30,13,3744,1,false
U-2c3256,A-43a9e3,S-f3274c,2024-01-22,feature_29,11,132,0,false
U-3cfcb8,A-43a9e3,S-fa8c75,2024-08-30,feature_21,11,2805,0,false
U-0a8e1a,A-43a9e3,S-fa8c75,2024-10-27,feature_1,11,847,1,false
U-01ba7e,A-43a9e3,S-fa8c75,2024-02-08,feature_37,18,6228,0,false
U-641458,A-4437e4,S-05555d,2024-10-06,feature_14,4,224,0,false
U-06e50e,A-4437e4,S-05555d,2024-06-29,feature_9,16,9472,0,false
U-2b9e0b,A-4437e4,S-05555d,2024-08-20,feature_7,8,2560,2,false
U-6cc1aa,A-4437e4,S-150c71,2023-12-09,feature_18,6,1422,0,false
U-3c5c2a,A-4437e4,S-150c71,2024-02-20,feature_6,10,4990,0,false
U-14d3d0,A-4437e4,S-150c71,2024-06-11,feature_1,11,4092,0,false
U-85e76d,A-4437e4,S-150c71,2024-09-23,feature_26,4,1428,0,false
U-c54064,A-4437e4,S-17bedf,2024-05-13,feature_35,10,1920,1,false
U-0ff5f4,A-4437e4,S-17bedf,2024-05-11,feature_12,10,1430,0,false
U-583235,A-4437e4,S-17bedf,2023-12-29,feature_38,6,1176,1,false
U-e678b6,A-4437e4,S-193d88,2024-11-09,feature_5,10,2490,4,false
U-2c1733,A-4437e4,S-193d88,2024-03-29,feature_20,7,1932,0,false
U-94a623,A-4437e4,S-193d88,2024-09-09,feature_30,11,2332,0,false
U-083224,A-4437e4,S-193d88,2024-08-02,feature_28,11,5643,0,false
U-b85ff2,A-4437e4,S-193d88,2023-12-07,feature_36,9,2367,1,false
U-985385,A-4437e4,S-26836c,2024-06-13,feature_7,10,5710,0,false
U-4e4fdd,A-4437e4,S-26836c,2024-03-22,feature_22,7,1344,0,true
U-93a520,A-4437e4,S-26836c,2024-04-02,feature_17,11,4433,0,false
U-c7d85b,A-4437e4,S-26836c,2024-12-05,feature_30,7,2282,0,false
U-668652,A-4437e4,S-55834e,2024-05-16,feature_17,3,1695,0,false
U-1e1372,A-4437e4,S-55834e,2024-09-18,feature_31,10,3080,0,false
U-e76020,A-4437e4,S-55834e,2023-11-27,feature_30,10,760,0,false
U-f3df0c,A-4437e4,S-72b4f2,2024-01-28,feature_38,9,1458,3,false
U-82eb89,A-4437e4,S-72b4f2,2024-12-10,feature_36,12,6264,4,true
U-fe1579,A-4437e4,S-80a6a6,2023-12-16,feature_29,8,3712,0,false
U-836e7d,A-4437e4,S-80a6a6,2024-04-05,feature_17,8,4664,1,false
U-ed8ef4,A-4437e4,S-80a6a6,2023-12-25,feature_18,7,3892,0,false
U-054847,A-4437e4,S-80a6a6,2024-06-07,feature_30,6,2808,0,false
U-6c1665,A-4437e4,S-80a6a6,2024-10-10,feature_28,15,90,0,false
U-4b3f17,A-4437e4,S-80a6a6,2024-03-18,feature_7,10,5430,0,true
U-cc6c39,A-4437e4,S-88a47f,2024-09-09,feature_3,19,8474,1,false
U-79d88b,A-4437e4,S-8cc2e2,2024-01-18,feature_23,10,2320,0,false
U-f14a32,A-4437e4,S-8cc2e2,2024-09-07,feature_20,15,285,0,false
U-6d9ac3,A-4437e4,S-8cc2e2,2024-08-14,feature_30,12,4416,0,false
U-a51443,A-4437e4,S-8e719f,2024-12-06,feature_27,14,4914,0,false
U-1c9061,A-4437e4,S-8e719f,2024-06-19,feature_29,8,4568,2,false
U-bec9f5,A-4437e4,S-9acc7f,2024-06-23,feature_10,7,658,1,false
U-227236,A-4437e4,S-9acc7f,2024-06-04,feature_31,12,7104,0,false
U-2a715c,A-4437e4,S-9acc7f,2024-04-01,feature_21,9,3087,0,false
U-0e9af7,A-4437e4,S-9acc7f,2024-09-01,feature_5,9,4491,1,false
U-a86794,A-4437e4,S-e9dc6e,2024-04-22,feature_32,6,210,0,false
U-72afab,A-4437e4,S-e9dc6e,2024-03-25,feature_1,6,300,0,false
U-a02aa0,A-4437e4,S-e9dc6e,2024-02-08,feature_12,12,3516,0,false
U-f3416b,A-4437e4,S-e9dc6e,2024-10-25,feature_19,6,3168,0,false
U-08353a,A-4437e4,S-e9dc6e,2023-11-21,feature_31,7,196,1,false
U-86c675,A-443b7c,S-166024,2024-11-24,feature_24,5,2945,0,false
U-a8a6f9,A-443b7c,S-1e83a6,2024-12-27,feature_32,7,924,0,false
U-7bbfc3,A-443b7c,S-7a1803,2024-12-21,feature_23,14,6524,0,false
U-470bee,A-443b7c,S-7a1803,2024-11-13,feature_15,10,4010,0,false
U-03580f,A-443b7c,S-87d801,2024-10-23,feature_16,10,1190,0,false
U-a5d29a,A-443b7c,S-af1def,2024-09-17,feature_39,7,1295,2,false
U-93bfe0,A-443b7c,S-af1def,2024-11-01,feature_32,16,2592,0,false
U-799105,A-443b7c,S-d1a6c6,2024-11-28,feature_21,6,1692,0,true
U-e34d75,A-443b7c,S-fa92c5,2024-10-20,feature_4,11,3586,0,false
U-167595,A-443b7c,S-fa92c5,2024-12-03,feature_15,13,6955,1,false
U-ab3633,A-443b7c,S-fcc241,2024-12-17,feature_38,2,522,0,false
U-354b07,A-443f6f,S-9c2b8e,2024-12-24,feature_12,10,3170,2,false
U-068364,A-443f6f,S-bdac36,2024-12-26,feature_20,8,1760,0,false
U-76ee1e,A-443f6f,S-df5924,2024-12-19,feature_19,9,1521,0,false
U-3d6006,A-443f6f,S-df5924,2024-12-21,feature_2,11,6578,1,false
U-5fcd71,A-44dc83,S-90a2c8,2024-06-22,feature_37,10,4080,0,false
U-f315e7,A-44dc83,S-90a2c8,2024-07-11,feature_12,13,4485,0,false
U-7e32fa,A-44dc83,S-df3e3d,2024-09-11,feature_29,17,6358,1,false
U-a8ced5,A-44dc83,S-df3e3d,2024-09-24,feature_27,7,3353,0,false
U-5e5d95,A-44dc83,S-df3e3d,2024-10-09,feature_9,12,3348,0,false
U-392bce,A-45ce7a,S-41128b,2024-05-31,feature_32,14,2492,0,false
U-974cd3,A-45ce7a,S-41128b,2024-09-10,feature_9,11,2508,1,false
U-33a5a6,A-45ce7a,S-41128b,2023-11-12,feature_34,14,1806,1,false
U-1a2c24,A-45ce7a,S-453f00,2023-08-24,feature_38,14,4606,0,false
U-41a3d6,A-45ce7a,S-453f00,2024-06-01,feature_21,15,990,0,false
U-0a6727,A-45ce7a,S-643ccd,2023-11-05,feature_33,11,6556,3,false
U-764d42,A-45ce7a,S-643ccd,2024-05-18,feature_26,15,1005,0,false
U-6e55fa,A-45ce7a,S-643ccd,2024-10-18,feature_23,12,6084,0,false
U-7151dc,A-45ce7a,S-643ccd,2024-03-10,feature_1,12,4632,0,false
U-909d21,A-45ce7a,S-643ccd,2023-10-01,feature_17,9,4518,1,false
U-ef8235,A-45ce7a,S-643ccd,2024-04-10,feature_32,13,2964,0,false
U-897ee0,A-45ce7a,S-6ce794,2024-02-29,feature_34,14,5880,4,false
U-f6e4a4,A-45ce7a,S-6ce794,2024-12-24,feature_2,14,1498,0,false
U-3c3f99,A-45ce7a,S-6ce794,2023-12-24,feature_18,13,3887,0,false
U-71aedb,A-45ce7a,S-6ce794,2024-09-13,feature_32,11,1408,0,true
U-488cd1,A-45ce7a,S-6ce794,2024-08-08,feature_21,9,4716,0,false
U-a7ed67,A-45ce7a,S-92e1fc,2024-10-25,feature_23,6,948,0,false
U-49adcf,A-45ce7a,S-92e1fc,2024-04-04,feature_26,15,1215,2,false
U-dd136f,A-45ce7a,S-ec0efa,2023-09-13,feature_16,8,2184,0,false
U-c6af64,A-45ce7a,S-ec0efa,2024-06-23,feature_22,9,3879,0,false
U-9d125f,A-45ce7a,S-ec0efa,2024-03-30,feature_14,13,2990,1,false
U-410b42,A-45ce7a,S-ec0efa,2024-03-23,feature_11,17,9673,0,false
U-3d56aa,A-45ce7a,S-ec0efa,2023-12-06,feature_22,8,1264,0,false
U-93501f,A-45ce7a,S-fcb954,2023-12-09,feature_39,4,1244,0,false
U-d58c4e,A-45ce7a,S-fcb954,2024-06-18,feature_36,16,192,1,false
U-5e0243,A-45ce7a,S-fcb954,2024-01-01,feature_40,8,2064,1,false
U-f1db22,A-45ce7a,S-fcb954,2024-04-02,feature_14,10,5430,2,false
U-4cefac,A-45ce7a,S-fcb954,2024-07-06,feature_2,8,3656,2,false
U-02cf10,A-45ce7a,S-fcb954,2024-06-24,feature_12,5,1525,1,false
U-3967a8,A-462d45,S-162596,2024-04-08,feature_20,10,2800,1,false
U-2bdf5c,A-462d45,S-17c51e,2024-05-09,feature_36,6,2760,0,false
U-761f67,A-462d45,S-3a6a71,2024-10-18,feature_13,4,40,0,true
U-fbdce3,A-462d45,S-3a6a71,2024-11-14,feature_24,7,1932,0,false
U-70a3c7,A-462d45,S-3a6a71,2024-07-04,feature_25,8,800,0,true
U-d3469c,A-462d45,S-53fa80,2024-08-30,feature_9,8,2192,0,false
U-0ed937,A-462d45,S-53fa80,2024-09-04,feature_9,8,2744,2,false
U-91b9d3,A-462d45,S-5a4fb5,2024-03-03,feature_5,10,4060,2,false
U-46d7a9,A-462d45,S-5a4fb5,2024-09-17,feature_26,6,660,0,false
U-248e95,A-462d45,S-5a4fb5,2024-06-28,feature_2,8,4264,0,false
U-970573,A-462d45,S-718116,2024-09-20,feature_7,10,860,0,false
U-b05005,A-462d45,S-718116,2024-05-10,feature_31,7,392,0,false
U-13558b,A-462d45,S-718116,2024-09-17,feature_27,10,1880,1,false
U-1e75ea,A-462d45,S-82c91a,2024-05-26,feature_15,9,5112,0,false
U-195caa,A-462d45,S-82c91a,2024-10-18,feature_39,9,4995,0,false
U-5d96e4,A-462d45,S-82c91a,2024-12-16,feature_18,9,549,0,false
U-f662a1,A-462d45,S-b046ad,2024-03-05,feature_19,6,510,0,false
U-0d9962,A-462d45,S-b046ad,2024-11-12,feature_36,9,702,0,false
U-1ca773,A-462d45,S-b046ad,2024-08-08,feature_6,14,980,1,false
U-796ab3,A-462d45,S-b86304,2024-09-29,feature_17,13,6227,0,false
U-e24d69,A-462d45,S-b86304,2024-11-07,feature_14,16,3088,0,false
U-e674ac,A-462d45,S-cce34b,2024-04-08,feature_26,11,583,0,false
U-feb818,A-462d45,S-cce34b,2024-04-17,feature_28,6,3222,0,false
U-3d5c52,A-462d45,S-d5bf88,2024-02-06,feature_13,21,3276,0,false
U-f04ca1,A-462d45,S-d5bf88,2024-04-23,feature_36,11,1045,0,false
U-297b9d,A-463db0,S-e0f238,2024-12-27,feature_34,11,836,0,false
U-fe85da,A-474ad4,S-1224ea,2024-08-24,feature_24,8,1680,0,false
U-587dd5,A-474ad4,S-1224ea,2024-07-26,feature_36,16,6928,1,false
U-ace877,A-474ad4,S-381917,2024-04-01,feature_28,5,730,4,false
U-531553,A-474ad4,S-381917,2024-09-17,feature_27,14,1092,0,false
U-3d979b,A-474ad4,S-383fc5,2024-11-10,feature_15,10,1210,0,false
U-29cae3,A-474ad4,S-383fc5,2024-03-13,feature_27,9,891,0,true
U-194dec,A-474ad4,S-383fc5,2024-10-13,feature_9,6,3006,2,false
U-9fc11c,A-474ad4,S-383fc5,2024-08-12,feature_5,11,3333,1,false
U-21cf31,A-474ad4,S-383fc5,2024-02-05,feature_2,13,4381,0,false
U-ea6104,A-474ad4,S-383fc5,2024-11-15,feature_35,6,696,0,false
U-36d1bc,A-474ad4,S-40cbc0,2024-09-01,feature_3,7,1218,0,false
U-1de0f7,A-474ad4,S-40cbc0,2024-01-16,feature_29,8,1864,1,false
U-77a09c,A-474ad4,S-40cbc0,2024-07-08,feature_17,9,5166,1,false
U-65e029,A-474ad4,S-40cbc0,2024-05-16,feature_30,13,5850,0,false
U-b412c5,A-474ad4,S-40cbc0,2024-10-13,feature_29,8,1920,0,false
U-fa9667,A-474ad4,S-504bce,2024-06-16,feature_34,8,1360,0,false
U-be428a,A-474ad4,S-504bce,2024-05-15,feature_37,9,3033,0,false
U-8c2bda,A-474ad4,S-504bce,2024-09-13,feature_10,8,3600,1,false
U-892824,A-474ad4,S-504bce,2024-08-26,feature_27,11,176,0,false
U-d5e138,A-474ad4,S-79e254,2024-09-22,feature_37,12,2160,0,false
U-367cb8,A-474ad4,S-79e254,2023-12-05,feature_40,9,2106,1,false
U-1fc4fd,A-474ad4,S-79e254,2024-05-13,feature_40,8,56,0,false
U-977d9e,A-474ad4,S-79e254,2024-09-07,feature_12,8,3536,1,false
U-246aa2,A-474ad4,S-79e254,2024-09-08,feature_15,11,2475,0,true
U-57dcc4,A-474ad4,S-7d4d45,2024-11-08,feature_7,7,707,0,false
U-fbd342,A-474ad4,S-7eb81c,2024-09-15,feature_37,11,3278,0,false
U-9bfc29,A-474ad4,S-7eb81c,2024-11-10,feature_23,7,2800,1,false
U-076014,A-474ad4,S-7eb81c,2024-01-09,feature_24,7,2324,1,false
U-1dc415,A-474ad4,S-80f65d,2024-07-16,feature_34,6,3348,0,false
U-1c67ee,A-474ad4,S-8a9db8,2024-11-18,feature_20,10,4580,0,false
U-ac8aef,A-474ad4,S-8a9db8,2024-01-09,feature_35,9,2214,4,false
U-2f47a9,A-474ad4,S-8a9db8,2024-12-11,feature_22,11,4224,0,false
U-883f32,A-474ad4,S-8a9db8,2024-07-08,feature_26,6,2874,0,false
U-9aa872,A-474ad4,S-b5a1a0,2024-10-08,feature_16,12,5520,0,false
U-df6950,A-474ad4,S-b5a1a0,2024-05-15,feature_27,12,5604,2,false
U-0bfb0e,A-474ad4,S-e7cb68,2024-04-11,feature_32,8,1968,0,false
U-4bca90,A-474ad4,S-e7cb68,2024-05-17,feature_17,11,946,2,false
U-966eed,A-474ad4,S-e7cb68,2024-09-13,feature_17,7,1589,0,false
U-61368d,A-4814a3,S-430691,2024-10-29,feature_31,10,4960,0,false
U-234913,A-4814a3,S-8cba1c,2024-10-23,feature_3,12,3336,2,false
U-4b464c,A-4814a3,S-951053,2024-12-11,feature_36,10,1570,0,false
U-c2e54c,A-4814a3,S-cd6d68,2024-12-12,feature_19,14,5810,0,false
U-d7d3bc,A-4814a3,S-db7c1d,2024-10-30,feature_35,10,430,0,true
U-723c55,A-4814a3,S-db7c1d,2024-11-19,feature_8,8,4320,1,false
U-6ba26d,A-4814a3,S-db7c1d,2024-12-23,feature_23,10,3190,1,false
U-641d0b,A-484819,S-18f80d,2023-05-18,feature_18,8,2632,0,false
U-fc9d87,A-484819,S-18f80d,2023-04-19,feature_4,9,666,0,false
U-5359e4,A-484819,S-34f8ad,2024-02-09,feature_20,13,7696,0,false
U-7ac772,A-484819,S-34f8ad,2023-08-09,feature_40,11,5346,1,true
U-ac4310,A-484819,S-34f8ad,2024-11-12,feature_11,10,5350,0,false
U-9d1fdd,A-484819,S-34f8ad,2023-09-03,feature_6,7,651,3,false
U-de54f9,A-484819,S-34f8ad,2023-03-26,feature_24,8,2064,0,false
U-849b5c,A-484819,S-5228d6,2024-03-20,feature_25,18,3366,0,false
U-9a4295,A-484819,S-5228d6,2024-06-30,feature_36,12,1320,2,false
U-8a342f,A-484819,S-5228d6,2024-02-02,feature_33,10,5970,0,false
U-03dd45,A-484819,S-5228d6,2024-03-14,feature_7,14,4928,0,false
U-84ccab,A-484819,S-5228d6,2023-03-19,feature_32,9,180,2,false
U-692912,A-484819,S-5bf2e5,2023-10-06,feature_17,6,1590,0,false
U-e25c0a,A-484819,S-5bf2e5,2024-01-26,feature_2,13,2457,0,false
U-b3291c,A-484819,S-5bf2e5,2024-09-26,feature_9,12,5868,0,false
U-87e055,A-484819,S-5bf2e5,2024-08-13,feature_33,8,1960,2,false
U-19cbb5,A-484819,S-5bf2e5,2023-03-25,feature_23,10,5380,0,false
U-ab1541,A-484819,S-5bf2e5,2024-02-04,feature_22,10,1670,0,false
U-85b77c,A-484819,S-709f67,2023-04-22,feature_26,7,3654,0,false
U-638a0e,A-484819,S-709f67,2023-11-27,feature_14,13,7085,0,false
U-d2b700,A-484819,S-709f67,2024-07-05,feature_25,7,2156,0,false
U-bb18ed,A-484819,S-709f67,2023-03-14,feature_23,11,5918,0,false
U-013b8f,A-484819,S-ac8fd3,2024-02-21,feature_2,9,2637,0,false
U-accb94,A-484819,S-ac8fd3,2023-11-12,feature_25,7,2730,1,true
U-8dbb90,A-484819,S-ac8fd3,2024-07-15,feature_32,14,7602,0,true
U-068d20,A-484819,S-ac8fd3,2024-03-16,feature_13,5,970,2,false
U-3b69da,A-484819,S-fef8bf,2023-05-17,feature_3,10,1850,0,false
U-ad00e0,A-484819,S-fef8bf,2023-04-13,feature_4,11,5544,3,false
U-15666b,A-484819,S-fef8bf,2024-12-21,feature_37,7,1092,0,false
U-08a5fa,A-49b828,S-108282,2023-12-28,feature_39,13,871,1,false
U-eae191,A-49b828,S-108282,2024-01-11,feature_37,12,1944,1,false
U-557b06,A-49b828,S-108282,2023-09-03,feature_21,9,1305,2,false
U-251958,A-49b828,S-108282,2023-08-27,feature_15,7,1407,0,false
U-d9656c,A-49b828,S-22c66b,2024-05-21,feature_9,5,2585,0,false
U-b8705e,A-49b828,S-22c66b,2024-04-09,feature_17,7,2457,0,false
U-dc77de,A-49b828,S-22c66b,2024-07-04,feature_32,13,7176,0,false
U-0acc77,A-49b828,S-285534,2024-11-10,feature_12,11,5379,0,true
U-03609f,A-49b828,S-285534,2024-10-05,feature_21,17,8857,0,false
U-dbefe8,A-49b828,S-285534,2023-11-20,feature_9,9,2808,0,false
U-e67e3e,A-49b828,S-41023c,2024-11-25,feature_8,10,2340,0,false
U-54589f,A-49b828,S-41023c,2023-06-19,feature_27,11,1870,0,false
U-08cf8f,A-49b828,S-41023c,2023-05-25,feature_27,14,2562,3,false
U-dd51fc,A-49b828,S-41023c,2024-12-21,feature_4,11,4917,0,false
U-92dfae,A-49b828,S-82eb3e,2023-05-20,feature_8,11,2343,0,false
U-c28fa7,A-49b828,S-82eb3e,2023-10-16,feature_34,7,3759,0,false
U-4778a2,A-49b828,S-82eb3e,2023-09-22,feature_31,8,4776,0,false
U-177418,A-49b828,S-82eb3e,2024-07-01,feature_4,11,638,0,false
U-bcf9c2,A-49b828,S-82eb3e,2023-10-07,feature_4,14,3598,3,false
U-f9761b,A-49b828,S-9fbee8,2024-06-10,feature_12,10,5630,0,false
U-3872ea,A-49b828,S-9fbee8,2023-08-22,feature_21,11,429,1,true
U-025ea5,A-49b828,S-b2b1b9,2023-12-01,feature_18,11,3014,0,false
U-cb8cb7,A-49b828,S-b2b1b9,2023-12-14,feature_39,9,5283,0,false
U-ad4545,A-49b828,S-b2b1b9,2024-07-25,feature_14,5,2490,0,false
U-ba6fc8,A-49b828,S-b2b1b9,2024-04-04,feature_10,8,4304,0,false
U-d79cfd,A-49b828,S-be509c,2023-09-01,feature_24,6,186,1,true
U-adb6d8,A-49b828,S-be509c,2023-07-13,feature_12,8,3200,0,false
U-c3ea04,A-49b828,S-da0a69,2024-09-16,feature_10,15,2355,2,false
U-4c5133,A-49b828,S-da0a69,2024-11-18,feature_14,14,2254,0,false
U-34bd04,A-49b828,S-da0a69,2024-06-17,feature_35,13,4251,0,false
U-e17e29,A-49b828,S-da0a69,2024-06-09,feature_7,14,1652,1,false
U-c8b168,A-49b828,S-da0a69,2023-12-18,feature_40,7,3878,1,true
U-3c342c,A-49b828,S-da0a69,2023-11-05,feature_2,11,1265,0,false
U-909580,A-49b828,S-db4e11,2023-12-29,feature_11,17,408,2,false
U-e59b08,A-49b828,S-db4e11,2024-07-01,feature_26,10,750,2,true
U-5e72fe,A-49b828,S-db4e11,2023-06-28,feature_30,9,1620,0,true
U-450046,A-49b828,S-db4e11,2024-10-08,feature_4,12,2952,2,false
U-583a8c,A-49b828,S-db4e11,2024-02-17,feature_30,6,174,0,false
U-54f4bb,A-49b828,S-dbee03,2024-05-07,feature_9,7,3556,0,false
U-20ab1b,A-49b828,S-dbee03,2024-05-21,feature_39,4,732,0,false
U-8fab7c,A-49b828,S-dbee03,2024-05-02,feature_7,16,512,3,false
U-1d3b04,A-49b828,S-dbee03,2024-02-17,feature_12,8,3368,0,false
U-8a9aa7,A-49b828,S-e77144,2023-11-17,feature_39,11,3773,0,true
U-051132,A-49b828,S-e77144,2024-10-29,feature_40,9,4716,2,false
U-f02c57,A-49b828,S-e77144,2024-08-20,feature_2,13,702,0,false
U-1c62ea,A-49b828,S-ee994a,2024-01-06,feature_36,12,2976,0,false
U-722e88,A-49b828,S-ee994a,2024-05-30,feature_8,10,4140,0,false
U-4f76bb,A-49b828,S-ee994a,2023-07-15,feature_33,5,545,0,false
U-a60a63,A-49b828,S-f3d5d7,2024-05-01,feature_40,14,4648,2,true
U-a60828,A-49b828,S-f3d5d7,2024-09-29,feature_7,11,1540,1,false
U-bf4216,A-4a267b,S-5a6941,2024-10-25,feature_19,9,3915,1,false
U-bc5b25,A-4a267b,S-5a6941,2024-11-25,feature_16,11,781,0,false
U-1d000f,A-4a267b,S-8db104,2024-07-09,feature_2,13,3939,0,false
U-554adb,A-4a267b,S-8db104,2024-10-18,feature_4,9,342,3,false
U-9c2ece,A-4a267b,S-9a8a30,2024-08-15,feature_27,7,4102,2,false
U-1f9d36,A-4a267b,S-a82441,2024-08-16,feature_2,10,2680,0,true
U-11b0f8,A-4a267b,S-c348d2,2024-11-12,feature_20,13,2119,0,true
U-cd8429,A-4a267b,S-c348d2,2024-07-16,feature_4,13,7709,0,false
U-d66e95,A-4a267b,S-c348d2,2024-05-25,feature_23,4,868,0,false
U-1a1d08,A-4a267b,S-cfcd07,2024-09-18,feature_23,9,837,0,false
U-ffed46,A-4a267b,S-cfcd07,2024-10-11,feature_36,10,210,0,false
U-de720a,A-4a267b,S-db37e1,2024-08-01,feature_20,11,5676,2,false
U-254843,A-4a267b,S-db37e1,2024-10-12,feature_12,12,3468,0,false
U-95ff1b,A-4a267b,S-fee60b,2024-11-12,feature_37,14,7952,1,true
U-2bc5ed,A-4a4c2d,S-0abdec,2023-09-12,feature_24,17,3451,0,false
U-2a0e66,A-4a4c2d,S-0abdec,2023-07-18,feature_30,10,2360,0,false
U-1549e2,A-4a4c2d,S-0abdec,2023-08-18,feature_35,8,824,0,false
U-83a206,A-4a4c2d,S-155934,2023-10-29,feature_37,7,70,3,false
U-b70732,A-4a4c2d,S-155934,2024-08-10,feature_30,16,2544,0,false
U-d90a26,A-4a4c2d,S-155934,2024-04-21,feature_11,9,1881,0,false
U-c9cf15,A-4a4c2d,S-155934,2024-03-31,feature_27,14,1736,2,false
U-77cdab,A-4a4c2d,S-155934,2023-08-21,feature_36,6,2472,0,false
U-94b5fa,A-4a4c2d,S-155934,2023-12-15,feature_12,8,3568,0,false
U-ae901f,A-4a4c2d,S-1b524a,2024-07-09,feature_29,11,671,1,false
U-9b0ab2,A-4a4c2d,S-6cf058,2023-07-19,feature_12,6,906,3,false
U-0b5403,A-4a4c2d,S-7262b9,2023-12-03,feature_8,9,2133,0,false
U-f22106,A-4a4c2d,S-7262b9,2024-08-20,feature_38,10,2900,0,false
U-5551df,A-4a4c2d,S-7262b9,2024-11-29,feature_25,8,4240,0,false
U-cbcaa4,A-4a4c2d,S-79535e,2024-07-14,feature_7,13,5369,5,false
U-118765,A-4a4c2d,S-79535e,2024-08-29,feature_24,7,1526,0,false
U-2613c1,A-4a4c2d,S-79535e,2023-07-24,feature_39,13,7306,2,false
U-89a09f,A-4a4c2d,S-86bcda,2024-08-24,feature_40,12,1620,0,false
U-e919c0,A-4a4c2d,S-86bcda,2024-10-22,feature_18,7,2352,0,false
U-2a7d84,A-4a4c2d,S-ce6528,2023-12-06,feature_12,8,3504,0,false
U-28306b,A-4a4c2d,S-ce6528,2024-06-04,feature_14,9,2709,0,false
U-53de96,A-4a4c2d,S-ce6528,2024-11-13,feature_39,9,3366,0,false
U-4c5067,A-4a4c2d,S-ce6528,2024-10-03,feature_37,9,540,0,false
U-715341,A-4a4c2d,S-ce6528,2024-06-09,feature_17,9,4203,0,false
U-e3b515,A-4a4c2d,S-ce6528,2024-01-20,feature_33,9,2448,0,false
U-13be17,A-4a4c2d,S-e133a5,2024-12-28,feature_6,12,5496,1,false
U-c878da,A-4a4c2d,S-e133a5,2024-02-16,feature_29,10,2490,3,false
U-209bb7,A-4a4c2d,S-e267d1,2023-12-06,feature_12,6,192,1,false
U-686097,A-4a4c2d,S-e267d1,2023-09-27,feature_12,10,1820,4,false
U-562d40,A-4a4c2d,S-e267d1,2023-09-08,feature_38,12,1944,1,false
U-150ba8,A-4a4c2d,S-e267d1,2024-11-26,feature_30,9,4878,1,false
U-0b6ea9,A-4a4c2d,S-e50f43,2023-10-17,feature_12,12,2496,0,false
U-15fdd8,A-4a4c2d,S-e50f43,2023-09-20,feature_40,15,7515,0,false
U-6c08e3,A-4a4c2d,S-e50f43,2024-01-01,feature_27,13,4537,2,false
U-055b35,A-4a4c2d,S-e7de53,2024-04-24,feature_8,10,500,0,false
U-380492,A-4a4c2d,S-e7de53,2024-03-01,feature_24,8,3576,0,false
U-41aba3,A-4a4c2d,S-e7de53,2024-03-11,feature_34,6,1686,3,true
U-611b68,A-4a4c2d,S-e7de53,2023-09-02,feature_26,11,176,1,false
U-ca599f,A-4a4c2d,S-e7de53,2023-07-21,feature_1,2,594,0,false
U-4cd6c3,A-4a4c2d,S-f6b264,2023-08-03,feature_7,15,6075,0,false
U-fee778,A-4a4c2d,S-f6b264,2024-07-30,feature_26,10,2780,0,false
U-a2fdca,A-4a4c2d,S-f6b264,2024-03-21,feature_34,14,1078,0,false
U-a85fc5,A-4a4c2d,S-f6b264,2024-01-09,feature_6,16,7856,0,false
U-edfdb5,A-4a4c2d,S-f6b264,2024-01-24,feature_7,5,1520,0,false
U-bf50f8,A-4a4c2d,S-f6b264,2024-07-22,feature_36,7,546,0,false
U-f5d024,A-4a4c2d,S-f6b264,2023-10-13,feature_27,7,3304,0,false
U-35b00a,A-4a4c2d,S-f6b264,2024-09-14,feature_10,10,3770,0,false
U-29394d,A-4ae22a,S-68dca1,2024-07-29,feature_10,10,4280,0,false
U-8b7d91,A-4ae22a,S-70b1cf,2024-10-19,feature_39,9,4464,0,true
U-6731d1,A-4ae22a,S-79af01,2024-09-09,feature_35,11,6435,0,false
U-6b73bf,A-4ae22a,S-79af01,2024-09-11,feature_3,17,5967,1,false
U-8347cb,A-4ae22a,S-79af01,2024-12-03,feature_18,11,6061,1,true
U-c7e637,A-4ae22a,S-79af01,2024-11-02,feature_13,14,7728,1,false
U-d0ae96,A-4ae22a,S-79af01,2024-12-28,feature_28,13,6123,1,false
U-9bc62b,A-4ae22a,S-c86cb0,2024-11-08,feature_13,14,1792,0,true
U-013841,A-4bfa33,S-1da72c,2024-12-26,feature_17,10,2370,0,false
U-350b66,A-4bfa33,S-f971ab,2024-12-11,feature_26,13,819,2,false
U-3c329f,A-4c38bc,S-0b831e,2024-12-14,feature_1,12,5448,0,true
U-de200e,A-4c38bc,S-0b831e,2024-10-20,feature_33,10,1020,0,true
U-6cfe10,A-4c38bc,S-0fdcfe,2024-05-27,feature_37,2,114,0,false
U-b8e5fc,A-4c38bc,S-2aaa9c,2024-06-13,feature_18,10,4340,0,false
U-72a9b8,A-4c38bc,S-2aaa9c,2024-07-23,feature_2,11,4972,0,false
U-0e6cd6,A-4c38bc,S-2aaa9c,2024-05-31,feature_35,9,2862,0,false
U-734153,A-4c38bc,S-2aaa9c,2024-08-03,feature_27,11,3718,1,false
U-c4c769,A-4c38bc,S-2aaa9c,2024-08-29,feature_26,10,3690,0,false
U-7506a7,A-4c38bc,S-2ddb46,2024-09-09,feature_19,3,807,0,false
U-9576d5,A-4c38bc,S-2ddb46,2024-08-16,feature_20,10,3230,0,false
U-653b0c,A-4c38bc,S-2ddb46,2024-11-14,feature_8,9,3798,0,false
U-fcd8b0,A-4c38bc,S-2ddb46,2024-07-30,feature_30,12,2952,0,false
U-15f394,A-4c38bc,S-2ddb46,2024-12-07,feature_15,6,3378,0,false
U-230ad5,A-4c38bc,S-2ddb46,2024-03-20,feature_37,11,1859,1,false
U-6c1f5d,A-4c38bc,S-2ddb46,2024-05-01,feature_14,12,3156,2,false
U-4e0abb,A-4c38bc,S-427275,2024-11-29,feature_12,11,5368,1,true
U-8784e7,A-4c38bc,S-427275,2024-05-05,feature_3,5,555,2,true
U-edffe8,A-4c38bc,S-60cb51,2024-12-15,feature_4,12,5688,0,true
U-a894e9,A-4c38bc,S-62b7cf,2024-12-19,feature_24,12,5592,2,false
U-bd0ea7,A-4c38bc,S-62b7cf,2024-09-06,feature_21,9,1260,0,false
U-f2c26a,A-4c38bc,S-62b7cf,2024-07-22,feature_31,10,2690,0,false
U-ba360c,A-4c38bc,S-78f326,2024-09-15,feature_7,12,5400,0,false
U-6d575f,A-4c38bc,S-78f326,2024-12-18,feature_32,13,4381,0,false
U-72d376,A-4c38bc,S-79123c,2024-08-07,feature_15,5,1030,1,false
U-976c01,A-4c38bc,S-79123c,2024-06-15,feature_37,11,4092,0,false
U-f989ce,A-4c38bc,S-9a7851,2024-06-14,feature_34,11,1925,0,true
U-3d3e52,A-4c38bc,S-9a7851,2024-05-16,feature_9,12,4716,0,false
U-f5b42c,A-4c38bc,S-9eb13e,2024-12-01,feature_2,8,568,0,false
U-f033bd,A-4c38bc,S-9eb13e,2024-12-26,feature_27,6,2364,0,false
U-b7c565,A-4c38bc,S-a801d1,2024-07-13,feature_35,9,4518,0,false
U-cad7d5,A-4c38bc,S-a801d1,2024-09-23,feature_15,8,3760,1,false
U-a73865,A-4c38bc,S-e82bdc,2024-05-27,feature_8,9,3357,0,false
U-479d6f,A-4c38bc,S-f69fca,2024-07-24,feature_25,13,2639,0,false
U-931a12,A-4c38bc,S-f69fca,2024-06-14,feature_29,14,2702,0,false
U-3a3c65,A-4c56c9,S-029065,2024-08-16,feature_22,10,5030,0,false
U-ebfc61,A-4c56c9,S-1f3254,2024-10-27,feature_4,8,3664,0,false
U-98404d,A-4c56c9,S-54283b,2024-08-03,feature_30,13,3809,0,false
U-cd80ee,A-4c56c9,S-62641a,2024-11-27,feature_34,16,2960,0,false
U-b05f81,A-4c56c9,S-62641a,2024-10-06,feature_21,9,1710,0,true
U-47bc43,A-4c56c9,S-72fa62,2024-11-28,feature_17,9,612,0,false
U-583ba0,A-4c56c9,S-72fa62,2024-08-28,feature_5,8,3424,0,false
U-4df721,A-4c56c9,S-876f0b,2024-08-08,feature_3,11,5533,1,false
U-512458,A-4c56c9,S-a900c2,2024-11-17,feature_31,9,1584,0,false
U-bb76d2,A-4c56c9,S-a900c2,2024-06-18,feature_40,11,5467,0,false
U-317b05,A-4c56c9,S-a900c2,2024-06-01,feature_1,10,2750,0,false
U-ca2be5,A-4c56c9,S-b4dd00,2024-08-19,feature_32,4,640,0,false
U-0c333c,A-4c56c9,S-d2e00a,2024-07-26,feature_20,9,1863,3,false
U-eb5103,A-4c56c9,S-d2e00a,2024-10-05,feature_22,9,1476,0,false
U-132de0,A-4c56c9,S-e2799b,2024-08-12,feature_25,7,3598,0,false
U-37595b,A-4c56c9,S-e32b34,2024-07-16,feature_16,8,3440,0,false
U-4220de,A-4c56c9,S-e32b34,2024-12-08,feature_7,7,217,4,false
U-09c282,A-4c56c9,S-e32b34,2024-12-03,feature_26,11,4378,2,false
U-342dd1,A-4c56c9,S-fc1114,2024-10-06,feature_23,10,1610,0,false
U-2bd0c2,A-4c6f11,S-37b6b2,2024-08-29,feature_12,11,2431,0,true
U-b2b261,A-4c6f11,S-911e27,2024-05-07,feature_34,14,4438,0,false
U-6eb0a0,A-4c6f11,S-b4d224,2024-12-23,feature_34,12,2880,0,false
U-6e4d2c,A-4c6f11,S-b4d224,2024-07-16,feature_28,15,7995,0,false
U-58ccdc,A-4c6f11,S-d322a2,2024-07-11,feature_31,9,2376,0,false
U-220ee2,A-4c6f11,S-d322a2,2024-10-30,feature_15,16,8480,1,false
U-1f6817,A-4c6f11,S-f1826f,2024-11-18,feature_38,8,424,0,false
U-2dda8c,A-4c6f11,S-f1826f,2024-04-12,feature_2,13,507,0,false
U-3dd477,A-4c6f11,S-f1826f,2024-12-04,feature_33,12,4212,0,false
U-0df1fb,A-4c6f11,S-f1826f,2024-06-07,feature_39,15,2550,0,false
U-b49f9b,A-4d1e75,S-1ad9cb,2024-09-13,feature_7,14,6062,0,false
U-eeb97a,A-4d1e75,S-1ad9cb,2024-12-15,feature_24,10,5100,0,false
U-725f62,A-4d1e75,S-1ad9cb,2024-10-20,feature_12,13,3523,1,false
U-e0ed60,A-4d1e75,S-200752,2024-10-09,feature_2,6,2172,0,false
U-928646,A-4d1e75,S-24631a,2024-09-30,feature_36,7,2884,0,false
U-c6495e,A-4d1e75,S-8dd1cf,2024-09-22,feature_29,11,1232,0,true
U-edcf43,A-4d1e75,S-924925,2024-09-14,feature_29,10,1180,2,true
U-8be3c3,A-4d1e75,S-924925,2024-10-15,feature_37,8,400,0,false
U-174a16,A-4d1e75,S-924925,2024-10-07,feature_27,4,2168,0,false
U-5407cc,A-4d1e75,S-a2aa70,2024-09-19,feature_14,6,2598,0,false
U-63ae54,A-4d1e75,S-f6e116,2024-10-27,feature_10,6,378,0,false
U-d124e7,A-4e0e85,S-041534,2024-12-02,feature_30,4,1444,0,false
U-5e6ee3,A-4e0e85,S-102053,2024-06-30,feature_7,10,2810,0,false
U-ae5761,A-4e0e85,S-102053,2024-11-12,feature_28,7,1547,0,false
U-6a6c96,A-4e0e85,S-102053,2024-07-07,feature_4,8,1808,0,false
U-cea56b,A-4e0e85,S-720c17,2024-12-01,feature_38,12,4692,0,false
U-1b26bb,A-4e0e85,S-c6c2f6,2024-10-21,feature_2,8,2976,1,false
U-7df72a,A-4e0e85,S-c6c2f6,2024-10-09,feature_27,10,180,0,false
U-e273b1,A-4e0e85,S-c6c2f6,2024-03-24,feature_6,4,48,1,false
U-7075b7,A-4e0e85,S-d0259a,2024-12-28,feature_1,6,636,0,false
U-80e5c0,A-4e0e85,S-d2624d,2024-03-08,feature_28,7,2793,0,false
U-0bb89e,A-4e0e85,S-d43a40,2024-10-19,feature_18,11,3487,2,false
U-e88113,A-4e0e85,S-d43a40,2024-05-05,feature_31,9,657,0,false
U-6fa1a9,A-4e0e85,S-d43a40,2024-06-29,feature_36,13,3770,1,false
U-45272b,A-4e44e8,S-02ab8b,2024-09-17,feature_35,4,976,1,false
U-87dc75,A-4e44e8,S-02ab8b,2024-09-02,feature_35,12,4560,0,true
U-2619f6,A-4e44e8,S-07399c,2024-11-05,feature_27,13,2522,0,false
U-b1ac68,A-4e44e8,S-8e9e9b,2024-11-02,feature_10,4,484,0,true
U-cb5d0c,A-4e44e8,S-99efdc,2024-09-02,feature_29,19,798,4,false
U-505946,A-4e44e8,S-99efdc,2024-09-21,feature_36,8,4504,2,false
U-d80e4d,A-4e44e8,S-b39049,2024-08-30,feature_36,11,4059,1,false
U-4f90a8,A-4e44e8,S-cdd00a,2024-10-14,feature_15,9,4212,0,false
U-4ae72c,A-4e44e8,S-d0af44,2024-11-24,feature_1,9,3240,0,false
U-bdf50f,A-4e44e8,S-d365af,2024-10-24,feature_10,8,1280,0,false
U-f3f480,A-4e44e8,S-e052d8,2024-11-17,feature_16,7,1113,0,false
U-9d4488,A-4e44e8,S-e052d8,2024-08-26,feature_34,11,1089,2,false
U-0afcab,A-4e631b,S-0acba4,2024-05-06,feature_20,10,3230,0,false
U-001909,A-4e631b,S-0acba4,2024-07-07,feature_7,10,5780,2,false
U-00129e,A-4e631b,S-0acba4,2024-10-11,feature_9,13,6422,0,false
U-a96733,A-4e631b,S-1a04fe,2024-06-15,feature_23,13,4069,1,false
U-221d4a,A-4e631b,S-4193dd,2024-03-27,feature_14,11,726,1,false
U-a59e4f,A-4e631b,S-4e4b10,2024-12-19,feature_20,6,2706,2,false
U-99a429,A-4e631b,S-4e4b10,2024-06-02,feature_22,8,4000,2,false
U-2cbd1c,A-4e631b,S-4e4b10,2024-06-27,feature_6,9,5139,1,false
U-874a0a,A-4e631b,S-503afa,2024-10-13,feature_15,6,162,0,false
U-eeec2b,A-4e631b,S-503afa,2024-12-16,feature_32,13,4264,2,false
U-36a7e4,A-4e631b,S-503afa,2024-06-18,feature_39,7,1281,0,false
U-2c1ed4,A-4e631b,S-5fffe8,2024-11-07,feature_38,14,5530,1,false
U-f7c463,A-4e631b,S-5fffe8,2024-12-07,feature_25,6,1116,0,false
U-49529d,A-4e631b,S-5fffe8,2024-09-29,feature_16,13,4524,4,false
U-b663d1,A-4e631b,S-5fffe8,2024-10-11,feature_12,7,1764,0,true
U-8ba22c,A-4e631b,S-5fffe8,2024-06-04,feature_34,10,3720,4,false
U-1e0784,A-4e631b,S-61bcfb,2024-07-30,feature_27,13,5798,1,false
U-57e114,A-4e631b,S-61bcfb,2024-05-26,feature_4,11,4246,0,false
U-d017c1,A-4e631b,S-61bcfb,2024-04-03,feature_13,12,1128,0,true
U-5aaf1e,A-4e631b,S-61bcfb,2024-06-07,feature_31,11,1837,0,false
U-6695c7,A-4e631b,S-713e06,2024-04-13,feature_5,11,4103,2,false
U-9cf8dd,A-4e631b,S-713e06,2024-07-18,feature_29,12,504,0,false
U-743aa6,A-4e631b,S-713e06,2024-03-26,feature_2,12,6828,0,false
U-e1a825,A-4e631b,S-92421b,2024-10-11,feature_37,12,2796,0,false
U-78b65c,A-4e631b,S-92421b,2024-04-10,feature_33,11,3003,0,true
U-1be335,A-4e631b,S-ab24c6,2024-07-15,feature_30,10,4840,0,false
U-90d8fc,A-4e631b,S-ab24c6,2024-04-26,feature_10,8,656,0,false
U-13c30c,A-4e631b,S-f5888c,2024-06-09,feature_33,10,1200,0,false
U-18c962,A-4e631b,S-f5888c,2024-03-29,feature_6,8,1344,0,false
U-0f8a52,A-4e631b,S-f5888c,2024-05-01,feature_17,10,3030,1,false
U-395573,A-4e960a,S-206227,2024-04-03,feature_16,10,5560,0,false
U-438b8a,A-4e960a,S-206227,2024-11-11,feature_6,11,3641,0,false
U-85155f,A-4e960a,S-206227,2024-11-14,feature_39,20,5780,0,false
U-177d2b,A-4e960a,S-206227,2024-04-26,feature_11,11,4543,0,false
U-fe8ed3,A-4e960a,S-206227,2024-09-24,feature_22,13,7449,3,false
U-9f4cba,A-4e960a,S-21e372,2024-09-16,feature_23,8,1040,0,true
U-68bc2a,A-4e960a,S-51f213,2024-12-28,feature_14,16,3120,3,false
U-25bfb4,A-4e960a,S-51f213,2024-10-14,feature_31,9,1611,0,false
U-f0f8ed,A-4e960a,S-539566,2024-07-30,feature_29,13,7722,0,false
U-281476,A-4e960a,S-539566,2024-06-11,feature_11,6,1806,2,false
U-371606,A-4e960a,S-79ef9b,2024-06-25,feature_35,11,66,2,false
U-5268f8,A-4e960a,S-79ef9b,2024-11-14,feature_24,11,5390,0,false
U-f55d18,A-4e960a,S-82348a,2024-12-02,feature_34,7,511,0,false
U-f00e57,A-4e960a,S-82348a,2024-10-23,feature_40,12,3504,0,true
U-5137e3,A-4e960a,S-82348a,2024-11-02,feature_23,6,576,0,false
U-ff9829,A-4e960a,S-82348a,2024-06-30,feature_7,12,4728,0,false
U-95ecf2,A-4e960a,S-82348a,2024-02-14,feature_40,16,8160,1,true
U-9d748a,A-4e960a,S-82348a,2024-03-05,feature_31,10,2550,0,false
U-011017,A-4e960a,S-a87ff6,2024-12-25,feature_4,6,882,3,false
U-9d30ae,A-4e960a,S-a87ff6,2024-02-19,feature_22,19,836,1,false
U-2782df,A-4e960a,S-a87ff6,2024-06-28,feature_37,7,3283,0,false
U-89ed0d,A-4e960a,S-a87ff6,2024-04-29,feature_26,9,2943,1,false
U-68fbbe,A-4ef964,S-03340d,2024-10-22,feature_9,12,3408,0,false
U-aae0de,A-4ef964,S-03340d,2024-12-06,feature_10,11,286,3,false
U-3d6723,A-4ef964,S-03340d,2024-10-10,feature_26,8,1888,0,false
U-ae6ffd,A-4ef964,S-03340d,2024-12-23,feature_34,17,8653,0,false
U-b2ad48,A-4ef964,S-6a7c79,2024-11-27,feature_28,13,7800,0,false
U-870876,A-4ef964,S-6a7c79,2024-08-28,feature_34,10,3160,1,false
U-0ce226,A-4ef964,S-7d651b,2024-04-18,feature_11,8,3240,3,false
U-dff5a6,A-4ef964,S-7d651b,2024-05-06,feature_30,7,35,3,false
U-03b712,A-4ef964,S-804a70,2024-04-17,feature_19,9,2880,0,false
U-b0f908,A-4ef964,S-804a70,2024-10-17,feature_11,13,1118,1,false
U-a6ba23,A-4ef964,S-804a70,2024-09-16,feature_1,10,3340,0,false
U-ee6cdd,A-4ef964,S-a04ec4,2024-12-17,feature_1,14,5572,2,true
U-2f5e4f,A-4ef964,S-a36a36,2024-10-26,feature_4,14,3962,0,false
U-777c92,A-4ef964,S-a36a36,2024-09-25,feature_25,7,3199,5,false
U-5e707c,A-4ef964,S-a36a36,2024-07-02,feature_17,8,584,0,false
U-1fb453,A-4ef964,S-a36a36,2024-12-10,feature_5,15,2805,0,true
U-4ecabf,A-4ef964,S-a36a36,2024-08-11,feature_26,6,1950,2,false
U-8c9527,A-4ef964,S-a36a36,2024-11-13,feature_4,4,2136,0,false
U-87bbec,A-4ef964,S-c1164e,2024-10-16,feature_40,5,1445,1,false
U-aad0ea,A-4ef964,S-d88f58,2024-04-16,feature_36,6,1644,1,false
U-3163b3,A-4ef964,S-d88f58,2024-07-28,feature_27,19,10887,2,false
U-4601f6,A-4ef964,S-d88f58,2024-05-27,feature_16,13,2470,0,false
U-2d91ab,A-4ef964,S-d88f58,2024-05-05,feature_40,10,2260,0,false
U-fa7783,A-4ef964,S-eb23dd,2024-12-08,feature_10,10,1030,1,false
U-8570d3,A-4ef964,S-eb23dd,2024-12-05,feature_35,3,999,0,false
U-91b2cd,A-4ef964,S-eb23dd,2024-12-04,feature_39,12,288,0,false
U-6fd3dd,A-4f18f0,S-1876fb,2024-11-21,feature_35,7,2093,3,false
U-88e47e,A-4f18f0,S-1876fb,2024-12-10,feature_13,8,2416,0,false
U-31252b,A-4f18f0,S-21b68e,2024-04-28,feature_37,14,5334,0,false
U-685fde,A-4f18f0,S-4260ed,2024-08-27,feature_28,10,2820,0,false
U-e9e8ad,A-4f18f0,S-7db513,2024-05-15,feature_31,6,1812,0,false
U-077fc4,A-4f18f0,S-7db513,2024-09-11,feature_17,8,3856,0,false
U-d40a40,A-4f18f0,S-7db513,2024-08-28,feature_27,10,5750,0,true
U-0926ba,A-4f18f0,S-7f92bd,2024-06-14,feature_39,9,3249,0,true
U-238f67,A-4f18f0,S-9ed535,2024-07-20,feature_33,4,1292,3,false
U-88ebae,A-4f18f0,S-afa2a9,2024-11-25,feature_34,15,5685,0,false
U-ca7936,A-4f18f0,S-f2e134,2024-12-22,feature_20,11,1177,2,false
U-486149,A-4f18f0,S-f2e134,2024-05-26,feature_3,6,984,0,false
U-92ff28,A-503d5a,S-2d5c04,2024-06-16,feature_13,11,6402,2,false
U-a0c327,A-503d5a,S-2d5c04,2024-10-20,feature_40,13,5603,0,false
U-276a06,A-503d5a,S-2d5c04,2024-04-17,feature_29,8,1960,0,false
U-e40489,A-503d5a,S-3e5d57,2024-09-20,feature_27,9,4824,1,true
U-d6902f,A-503d5a,S-3e5d57,2024-11-09,feature_21,10,4420,0,false
U-22d0c6,A-503d5a,S-3e5d57,2024-01-25,feature_16,11,5423,0,false
U-fdb039,A-503d5a,S-5a75eb,2024-09-22,feature_13,9,4977,0,false
U-a1a72f,A-503d5a,S-5a75eb,2024-10-19,feature_7,9,1836,0,false
U-c3e52b,A-503d5a,S-5ea66d,2024-12-07,feature_38,15,8985,1,false
U-0ab03a,A-503d5a,S-5ea66d,2024-05-08,feature_37,11,5764,1,false
U-e525f6,A-503d5a,S-78ffdd,2024-12-15,feature_14,16,6320,0,false
U-2d0666,A-503d5a,S-78ffdd,2024-06-12,feature_19,13,6695,0,false
U-683624,A-503d5a,S-78ffdd,2024-12-08,feature_29,14,1792,3,false
U-d44f76,A-503d5a,S-78ffdd,2024-11-26,feature_11,6,3378,2,false
U-79045b,A-503d5a,S-90a14e,2024-10-12,feature_20,14,4508,0,false
U-6ceac0,A-503d5a,S-90a14e,2024-04-26,feature_1,10,4920,0,false
U-15927d,A-503d5a,S-90a14e,2023-11-30,feature_28,11,3773,0,false
U-9946bc,A-503d5a,S-90a14e,2024-10-04,feature_12,11,3685,0,true
U-f873c4,A-503d5a,S-9a6596,2024-10-02,feature_24,12,5868,0,false
U-94ce0e,A-503d5a,S-9a6596,2024-04-01,feature_40,12,6660,1,false
U-e7d45b,A-503d5a,S-b10cfa,2024-02-20,feature_14,11,3608,0,false
U-8505d8,A-503d5a,S-b10cfa,2024-05-12,feature_8,4,2300,0,false
U-1b9e51,A-503d5a,S-b10cfa,2023-12-24,feature_21,12,156,0,false
U-99bfad,A-503d5a,S-cfa635,2024-06-27,feature_34,10,5030,0,true
U-3611d3,A-503d5a,S-cfa635,2024-08-09,feature_18,11,2299,0,false
U-6421ec,A-503d5a,S-d96652,2024-02-19,feature_7,9,162,0,false
U-e52995,A-503d5a,S-d96652,2024-09-09,feature_37,11,3586,0,false
U-4b1e0a,A-503d5a,S-e162d0,2023-11-25,feature_24,11,4235,2,false
U-3e3ef6,A-503d5a,S-e162d0,2024-02-08,feature_21,13,1339,0,false
U-476ec8,A-503d5a,S-e162d0,2024-03-27,feature_6,11,4037,0,false
U-ce3d6a,A-503d5a,S-e162d0,2024-11-09,feature_3,13,468,0,false
U-09eb00,A-503d5a,S-e162d0,2024-12-07,feature_26,6,2352,3,false
U-1a0070,A-503d5a,S-e162d0,2023-12-20,feature_1,9,1710,0,false
U-1db2d2,A-503d5a,S-e162d0,2024-11-12,feature_33,11,616,0,false
U-a5a974,A-508199,S-1df679,2024-02-16,feature_5,7,1981,1,false
U-282e12,A-508199,S-1df679,2024-08-24,feature_14,14,5250,0,false
U-2570da,A-508199,S-1df679,2024-07-24,feature_37,11,4081,0,false
U-528931,A-508199,S-67595c,2024-05-06,feature_2,9,1134,0,false
U-70bf65,A-508199,S-a2cd6a,2024-11-13,feature_26,12,3720,3,false
U-a39795,A-508199,S-a2cd6a,2024-10-11,feature_7,13,4394,0,false
U-99b91c,A-508199,S-a2cd6a,2024-10-23,feature_8,8,4096,0,false
U-37d522,A-508199,S-a2cd6a,2024-06-10,feature_19,8,4408,0,true
U-d0629e,A-508199,S-a2cd6a,2024-11-23,feature_2,15,7770,3,false
U-ea01d2,A-508199,S-d97fa8,2024-02-24,feature_36,14,8148,0,false
U-a160c4,A-508199,S-d97fa8,2024-08-29,feature_14,12,2244,0,false
U-c17ddf,A-50bb9f,S-14b7f3,2024-08-08,feature_20,10,260,0,false
U-cd7803,A-50bb9f,S-573f93,2024-10-31,feature_6,8,4024,3,false
U-cbeccd,A-50bb9f,S-c2701b,2024-12-23,feature_32,13,4121,1,true
U-8b47c8,A-50f3f7,S-0185ce,2024-02-13,feature_7,18,324,3,false
U-3e0372,A-50f3f7,S-01bbfe,2024-10-14,feature_31,8,752,0,false
U-7c70ad,A-50f3f7,S-0e7e70,2024-07-10,feature_10,5,160,0,false
U-cddc45,A-50f3f7,S-2f2ba3,2024-11-27,feature_13,10,5250,0,false
U-f7e83a,A-50f3f7,S-2f2ba3,2024-04-07,feature_24,10,2300,1,false
U-a65cc1,A-50f3f7,S-2f2ba3,2024-11-03,feature_8,8,4752,2,false
U-4023a1,A-50f3f7,S-3e510d,2024-11-15,feature_26,8,2264,1,false
U-6060e9,A-50f3f7,S-44a7c3,2024-04-01,feature_28,10,4420,0,false
U-e2c433,A-50f3f7,S-44a7c3,2024-01-16,feature_9,10,4100,2,false
U-7ddd24,A-50f3f7,S-44a7c3,2024-10-29,feature_29,10,4720,1,false
U-193c18,A-50f3f7,S-495d33,2024-02-29,feature_28,5,1060,0,false
U-1e7d4b,A-50f3f7,S-495d33,2024-08-18,feature_14,7,3801,2,false
U-368111,A-50f3f7,S-495d33,2024-07-29,feature_38,11,5643,1,false
U-fb8ab6,A-50f3f7,S-495d33,2024-07-08,feature_13,6,3156,0,true
U-338211,A-50f3f7,S-495d33,2024-01-05,feature_34,6,3036,1,false
U-904989,A-50f3f7,S-495d33,2024-12-28,feature_9,11,1958,0,false
U-b476e6,A-50f3f7,S-4b005c,2024-11-23,feature_28,6,3588,0,false
U-4ed6cf,A-50f3f7,S-4b005c,2024-12-05,feature_22,11,4389,0,false
U-9c73f8,A-50f3f7,S-688851,2024-05-13,feature_21,13,6500,0,false
U-1e6a0e,A-50f3f7,S-688851,2024-09-20,feature_25,15,6150,0,false
U-1771a4,A-50f3f7,S-688851,2024-09-28,feature_34,5,2775,0,false
U-59bf68,A-50f3f7,S-688851,2024-01-25,feature_9,9,2943,0,true
U-3a5b6b,A-50f3f7,S-6b97b7,2024-12-04,feature_17,9,2673,4,false
U-92da30,A-50f3f7,S-6b97b7,2024-03-27,feature_26,8,568,0,false
U-5d2960,A-50f3f7,S-6b97b7,2024-01-29,feature_40,10,2270,0,false
U-a4cb55,A-50f3f7,S-6b97b7,2024-11-08,feature_25,8,2168,0,false
U-04aec6,A-50f3f7,S-6b97b7,2024-03-27,feature_18,9,1197,1,false
U-acf978,A-50f3f7,S-6b97b7,2024-07-19,feature_18,14,5208,3,false
U-81e7ac,A-50f3f7,S-ae6295,2024-09-06,feature_29,7,714,0,false
U-67a6a1,A-50f3f7,S-e21910,2024-06-26,feature_4,7,1869,0,false
U-cef115,A-50f3f7,S-e21910,2024-04-02,feature_12,11,6270,0,false
U-0f3e75,A-50f3f7,S-f020d4,2024-11-05,feature_9,12,4296,2,false
U-649e58,A-50f3f7,S-ff78bf,2024-10-15,feature_9,11,2904,1,false
U-6fa3b4,A-50f3f7,S-ff78bf,2024-04-21,feature_36,12,5496,0,false
U-a3252f,A-50f3f7,S-ff78bf,2024-10-06,feature_15,9,1431,0,false
U-43761f,A-50f3f7,S-ff78bf,2024-10-11,feature_14,8,448,1,true
U-53b205,A-50f3f7,S-ff78bf,2024-05-20,feature_18,6,1080,0,false
U-c58e0f,A-51ec1b,S-1fddda,2024-10-22,feature_39,10,3520,0,false
U-bf47ca,A-51ec1b,S-1fddda,2024-02-18,feature_16,11,5698,0,false
U-4fb0bd,A-51ec1b,S-1fddda,2024-05-08,feature_29,12,2124,0,false
U-0138ee,A-51ec1b,S-3bd95c,2024-08-01,feature_10,11,5632,0,false
U-509f31,A-51ec1b,S-3bd95c,2024-05-06,feature_22,13,3263,0,false
U-a27ce8,A-51ec1b,S-3bd95c,2024-02-22,feature_18,13,6591,1,false
U-402c21,A-51ec1b,S-3d8c2f,2024-09-19,feature_31,7,2282,1,false
U-aad86a,A-51ec1b,S-783131,2024-08-30,feature_40,12,6024,0,true
U-f4d8e0,A-51ec1b,S-783131,2024-05-06,feature_27,7,3605,1,false
U-20d541,A-51ec1b,S-b29d83,2024-03-14,feature_21,15,8445,0,false
U-d617a9,A-51ec1b,S-b29d83,2024-06-08,feature_9,5,1535,4,false
U-10587f,A-51ec1b,S-cb7ea9,2024-09-26,feature_17,10,4520,0,false
U-3650a8,A-5247b3,S-2410c6,2024-08-23,feature_21,16,1072,1,false
U-5d10a0,A-5247b3,S-26a630,2024-08-19,feature_34,13,1703,0,false
U-b84f5b,A-5247b3,S-4f7b91,2024-12-06,feature_10,12,456,0,false
U-2b10eb,A-5247b3,S-5e06b2,2024-09-17,feature_34,11,1430,0,false
U-e223f5,A-5247b3,S-6bd42d,2024-08-18,feature_25,12,1752,1,false
U-7a0ecc,A-5247b3,S-6bd42d,2024-11-01,feature_20,12,1200,2,false
U-9c1901,A-5247b3,S-7252b5,2024-04-25,feature_32,9,5085,0,false
U-022bd7,A-5247b3,S-7252b5,2024-09-06,feature_26,12,1920,0,false
U-84aba4,A-5247b3,S-7252b5,2024-11-08,feature_9,6,2946,2,false
U-55875d,A-5247b3,S-991f61,2024-11-18,feature_33,9,5175,0,true
U-c27c40,A-5247b3,S-991f61,2024-08-17,feature_14,8,4760,0,false
U-bdd096,A-5247b3,S-991f61,2024-07-08,feature_20,8,2904,1,true
U-5760a9,A-5247b3,S-a10469,2024-09-11,feature_32,13,6656,0,false
U-76f98f,A-5247b3,S-d0429b,2024-09-16,feature_12,6,1260,0,false
U-9b551c,A-5247b3,S-d0429b,2024-05-28,feature_24,7,336,0,false
U-412a71,A-5247b3,S-d6d433,2024-10-18,feature_17,10,3590,0,false
U-755ccb,A-5247b3,S-d6d433,2024-06-24,feature_14,7,3052,4,true
U-10535e,A-5247b3,S-d6d433,2024-12-06,feature_36,6,108,1,false
U-558900,A-5247b3,S-f973d4,2024-07-01,feature_30,15,8025,0,true
U-6c7f74,A-5247b3,S-f973d4,2024-09-03,feature_9,16,240,0,false
U-256131,A-5247b3,S-f973d4,2024-06-08,feature_21,14,3276,1,false
U-ed7900,A-526d93,S-1a2fbc,2024-06-14,feature_34,14,3234,0,false
U-ab716c,A-526d93,S-1a2fbc,2024-11-01,feature_30,11,4389,0,true
U-427d80,A-526d93,S-763384,2024-08-04,feature_2,11,286,1,false
U-908967,A-526d93,S-763384,2024-10-26,feature_34,10,1160,0,false
U-8f9800,A-526d93,S-763384,2024-10-12,feature_5,12,3372,0,false
U-96358e,A-526d93,S-763384,2024-08-07,feature_24,9,2871,0,false
U-d1f4cb,A-526d93,S-763384,2024-10-09,feature_32,13,6721,0,false
U-18618c,A-526d93,S-be53ea,2024-08-11,feature_36,14,5782,1,false
U-b2f146,A-526d93,S-c2a14b,2024-08-02,feature_4,9,2070,0,true
U-e675cf,A-526d93,S-dcc084,2024-06-01,feature_36,9,117,0,false
U-af3861,A-526d93,S-ee30bb,2024-05-11,feature_38,5,2950,0,false
U-b38665,A-526d93,S-ee30bb,2024-10-30,feature_9,6,1506,3,false
U-3e1dbf,A-526d93,S-ee30bb,2024-07-27,feature_12,11,660,0,false
U-b7c6c8,A-526d93,S-ee30bb,2024-07-03,feature_5,9,270,0,false
U-dab7f6,A-526d93,S-f4db1d,2024-10-07,feature_38,10,3150,0,false
U-0fa393,A-526d93,S-f4db1d,2024-06-15,feature_10,11,6391,0,false
U-70be0a,A-52dd88,S-10134d,2024-05-01,feature_1,9,2124,0,false
U-428dd5,A-52dd88,S-10134d,2024-11-22,feature_24,18,10530,1,false
U-729b60,A-52dd88,S-10134d,2023-08-01,feature_32,12,6684,0,false
U-36b1e4,A-52dd88,S-36480d,2023-05-31,feature_5,4,2048,0,false
U-282ee5,A-52dd88,S-36480d,2023-04-04,feature_21,8,3192,0,true
U-acd73d,A-52dd88,S-36480d,2023-10-31,feature_20,15,6165,0,false
U-153f26,A-52dd88,S-36480d,2024-06-26,feature_5,7,3276,0,false
U-c11a68,A-52dd88,S-36480d,2024-05-09,feature_26,16,2256,0,false
U-cfb6f2,A-52dd88,S-39a8f1,2024-08-31,feature_24,8,568,0,false
U-bcd378,A-52dd88,S-39a8f1,2024-08-09,feature_7,8,448,0,false
U-6562da,A-52dd88,S-39a8f1,2024-07-15,feature_8,10,3000,0,true
U-d6aac6,A-52dd88,S-39a8f1,2024-04-14,feature_3,7,2135,0,false
U-7b7147,A-52dd88,S-39a8f1,2023-09-15,feature_4,11,5753,0,false
U-88eae0,A-52dd88,S-4920e0,2024-08-31,feature_12,8,4320,0,false
U-6c4e82,A-52dd88,S-4920e0,2024-01-11,feature_39,13,3471,0,false
U-4e3bb4,A-52dd88,S-4920e0,2023-05-20,feature_17,6,2436,0,false
U-b027ff,A-52dd88,S-55d484,2024-07-21,feature_22,7,812,0,false
U-8cae9b,A-52dd88,S-55d484,2023-05-19,feature_20,12,4692,2,false
U-083530,A-52dd88,S-55d484,2024-06-09,feature_5,8,4640,2,false
U-23d6ce,A-52dd88,S-5698bd,2024-10-25,feature_32,13,4108,2,false
U-185e17,A-52dd88,S-5698bd,2023-08-10,feature_25,14,4760,3,false
U-3cf454,A-52dd88,S-5698bd,2024-10-02,feature_29,6,1314,2,false
U-29ef4f,A-52dd88,S-5698bd,2023-03-28,feature_33,9,3870,1,false
U-be8965,A-52dd88,S-5698bd,2023-03-27,feature_20,9,3780,0,false
U-80a5c8,A-52dd88,S-5e6fc2,2023-12-29,feature_14,10,760,0,false
U-00b152,A-52dd88,S-5e6fc2,2023-10-30,feature_22,12,2340,0,false
U-97a010,A-52dd88,S-5e6fc2,2023-05-14,feature_3,12,4968,2,false
U-21a466,A-52dd88,S-5e6fc2,2024-09-14,feature_4,7,3038,0,false
U-a2c84b,A-52dd88,S-5e6fc2,2023-06-12,feature_27,6,1980,0,false
U-dfac26,A-52dd88,S-5e6fc2,2023-08-14,feature_8,8,848,1,false
U-c2cfed,A-52dd88,S-5e6fc2,2024-03-08,feature_8,12,1944,0,false
U-06bdc4,A-52dd88,S-a01486,2023-04-01,feature_16,10,4820,0,false
U-e1d1ad,A-52dd88,S-a01486,2024-11-20,feature_2,15,480,0,false
U-ebc472,A-52dd88,S-cb2ad3,2024-06-23,feature_37,18,6192,2,false
U-aea69e,A-52dd88,S-cb2ad3,2023-06-26,feature_16,7,2618,2,false
U-80546f,A-52dd88,S-cb2ad3,2024-05-05,feature_19,10,410,1,false
U-2bd45d,A-52dd88,S-cb2ad3,2023-08-02,feature_2,19,9367,1,false
U-c085e5,A-52dd88,S-e8488d,2024-11-11,feature_2,9,4590,1,false
U-2a09f4,A-52dd88,S-e8488d,2023-05-12,feature_3,12,1224,0,false
U-787523,A-52dd88,S-e8488d,2024-06-11,feature_37,12,6060,2,false
U-c438f0,A-52dd88,S-e8488d,2023-04-06,feature_8,8,1344,0,true
U-56f4de,A-52dd88,S-f8e69c,2024-07-17,feature_14,6,3132,3,false
U-afc32b,A-52dd88,S-f8e69c,2023-05-13,feature_4,8,4392,0,false
U-439a19,A-52dd88,S-f8e69c,2024-02-04,feature_23,10,2350,0,false
U-09af41,A-533452,S-11d922,2024-12-01,feature_12,4,2060,0,false
U-0e4d62,A-533452,S-151b22,2024-12-03,feature_24,9,4446,0,false
U-a4d50c,A-533452,S-9bf16e,2024-11-26,feature_25,6,2898,2,false
U-3f37d4,A-533452,S-ac01fb,2024-12-15,feature_24,8,1344,0,true
U-1a534d,A-533452,S-ed7a72,2024-11-26,feature_22,7,2590,1,false
U-6c2aa6,A-53f4e3,S-2db458,2024-12-01,feature_21,7,931,0,false
U-b90ac2,A-53f4e3,S-2db458,2024-09-13,feature_40,15,540,3,false
U-54fc5c,A-53f4e3,S-317bed,2024-07-21,feature_32,10,3880,0,false
U-4991a2,A-53f4e3,S-317bed,2024-10-01,feature_8,12,3240,0,false
U-d7d947,A-53f4e3,S-3a897f,2024-10-12,feature_12,13,4030,4,false
U-a4b486,A-53f4e3,S-3a897f,2024-12-20,feature_5,7,1519,0,false
U-2bdfdf,A-53f4e3,S-559e85,2024-09-25,feature_7,6,2748,0,false
U-704bb4,A-53f4e3,S-559e85,2024-07-03,feature_17,5,435,0,false
U-fa4a12,A-53f4e3,S-559e85,2024-08-06,feature_6,12,5940,2,false
U-970f8d,A-53f4e3,S-7f8cd8,2024-07-25,feature_29,9,2430,0,false
U-9d394a,A-53f4e3,S-7f8cd8,2024-07-25,feature_7,9,5049,4,false
U-fef7b1,A-53f4e3,S-7f8cd8,2024-12-05,feature_40,9,1053,0,false
U-04987f,A-53f4e3,S-8b3331,2024-10-15,feature_36,10,1790,2,false
U-568aa3,A-53f4e3,S-e781ba,2024-08-25,feature_9,7,287,0,false
U-b32647,A-544d0a,S-1f2b1a,2024-11-01,feature_33,9,4149,0,false
U-ba7d7c,A-544d0a,S-1f2b1a,2024-11-12,feature_34,12,1920,0,false
U-eb3369,A-544d0a,S-1f2b1a,2024-12-18,feature_22,10,1160,0,false
U-0c3464,A-544d0a,S-246f9c,2024-11-30,feature_18,7,203,2,false
U-0d3577,A-544d0a,S-246f9c,2024-07-25,feature_25,11,2871,0,true
U-0d190b,A-544d0a,S-4bfab2,2024-10-06,feature_2,11,1595,0,false
U-363e49,A-544d0a,S-4bfab2,2024-06-25,feature_29,11,5808,0,false
U-0f5a20,A-544d0a,S-4f2ca8,2024-12-17,feature_27,9,981,0,false
U-58a497,A-544d0a,S-4f2ca8,2024-11-04,feature_9,15,4665,2,false
U-ab1da7,A-544d0a,S-7134c2,2024-08-12,feature_6,7,742,0,false
U-8ad85d,A-544d0a,S-7134c2,2024-09-11,feature_11,16,8640,3,false
U-50b69a,A-544d0a,S-778c7e,2024-07-06,feature_35,13,5915,3,false
U-05a0f9,A-544d0a,S-778c7e,2024-12-16,feature_21,11,110,1,false
U-1db15c,A-544d0a,S-c9f8c1,2024-11-25,feature_17,10,2780,0,false
U-46a917,A-54d94a,S-0a7396,2024-02-29,feature_14,6,3366,0,false
U-9eac9d,A-54d94a,S-0a7396,2024-07-17,feature_39,10,4700,0,false
U-e50e1f,A-54d94a,S-0a7396,2024-02-10,feature_14,7,3276,1,false
U-59cec3,A-54d94a,S-1ccdd4,2024-09-08,feature_38,5,2915,0,false
U-0e4ded,A-54d94a,S-1ccdd4,2024-12-27,feature_6,6,3330,0,false
U-fa03d2,A-54d94a,S-1ccdd4,2024-07-11,feature_37,15,3405,0,true
U-52c445,A-54d94a,S-1ccdd4,2024-11-29,feature_20,15,315,0,false
U-26a163,A-54d94a,S-1ccdd4,2024-08-22,feature_38,9,2799,0,false
U-8d5072,A-54d94a,S-5717da,2024-01-05,feature_29,7,2856,1,false
U-82527e,A-54d94a,S-5717da,2024-11-07,feature_6,6,1182,0,true
U-21fb51,A-54d94a,S-6d6ab6,2024-12-30,feature_17,12,5052,0,false
U-bf21fa,A-54d94a,S-6d6ab6,2024-08-28,feature_36,13,299,0,false
U-cdb3ed,A-54d94a,S-6d6ab6,2024-03-30,feature_17,16,3200,2,false
U-6cf31d,A-54d94a,S-6d6ab6,2024-08-28,feature_15,10,1370,0,false
U-4f126a,A-54d94a,S-7553fb,2024-07-25,feature_36,6,3594,1,false
U-f7743c,A-54d94a,S-7553fb,2024-06-22,feature_38,12,4464,0,false
U-cc5eb9,A-54d94a,S-7553fb,2024-10-06,feature_18,7,2387,0,false
U-77902c,A-54d94a,S-7553fb,2024-12-16,feature_3,7,623,0,false
U-18e9c2,A-54d94a,S-7553fb,2024-07-09,feature_16,14,3472,0,false
U-01e90d,A-54d94a,S-76b06c,2024-03-21,feature_2,9,2538,0,false
U-6a324f,A-54d94a,S-76b06c,2024-01-31,feature_8,7,3458,0,false
U-6b290d,A-54d94a,S-76b06c,2024-06-25,feature_22,9,4266,0,false
U-8ef776,A-54d94a,S-aabbf4,2024-10-28,feature_30,10,4810,0,false
U-b27342,A-54d94a,S-aabbf4,2024-06-25,feature_14,12,3684,0,false
U-2d4003,A-54d94a,S-aabbf4,2024-04-22,feature_19,6,2802,0,false
U-584f06,A-54d94a,S-cfb886,2024-04-23,feature_12,12,2976,0,false
U-b07dab,A-54d94a,S-cfedb3,2024-05-03,feature_5,12,2292,0,false
U-71401f,A-54d94a,S-cfedb3,2024-09-04,feature_26,10,5380,0,false
U-c17321,A-54d94a,S-dbde43,2024-05-14,feature_17,16,8416,0,true
U-8763fd,A-54d94a,S-dbde43,2023-12-14,feature_36,8,424,1,false
U-4fe3cf,A-54d94a,S-dbde43,2024-03-04,feature_36,9,4725,0,false
U-df2c31,A-54ecc2,S-0fa88d,2024-12-01,feature_11,14,1442,0,false
U-dff539,A-54ecc2,S-0fa88d,2023-12-07,feature_29,12,4212,0,false
U-580492,A-54ecc2,S-147ad7,2024-12-09,feature_15,9,3924,1,false
U-a7a051,A-54ecc2,S-147ad7,2024-02-06,feature_35,10,2950,0,false
U-143c2c,A-54ecc2,S-147ad7,2023-09-19,feature_29,14,8232,0,false
U-26fadd,A-54ecc2,S-147ad7,2024-09-13,feature_4,13,6227,0,false
U-fe5342,A-54ecc2,S-147ad7,2023-08-23,feature_7,7,3535,2,false
U-1b8055,A-54ecc2,S-36d5c9,2024-12-04,feature_32,9,2628,0,false
U-269ead,A-54ecc2,S-36d5c9,2024-04-30,feature_12,9,5004,0,false
U-bf0c56,A-54ecc2,S-36d5c9,2023-09-20,feature_7,11,5027,2,false
U-c76e67,A-54ecc2,S-36d5c9,2023-12-25,feature_15,9,3285,1,false
U-6e1960,A-54ecc2,S-36d5c9,2023-10-31,feature_21,10,4320,0,false
U-cd4878,A-54ecc2,S-36d5c9,2024-02-16,feature_25,15,630,0,false
U-6d3c7d,A-54ecc2,S-4da04b,2024-07-28,feature_38,8,3376,0,false
U-0d9455,A-54ecc2,S-4da04b,2024-08-26,feature_3,14,504,0,false
U-6060ad,A-54ecc2,S-4da04b,2024-07-20,feature_13,10,1180,2,false
U-823473,A-54ecc2,S-7ac30a,2024-06-19,feature_40,14,4494,2,false
U-09762e,A-54ecc2,S-7ac30a,2024-01-19,feature_37,10,1010,0,false
U-75502d,A-54ecc2,S-875cf3,2024-03-25,feature_10,11,4653,2,false
U-e4bab1,A-54ecc2,S-875cf3,2024-07-17,feature_15,15,3450,2,false
U-f1d9a9,A-54ecc2,S-875cf3,2024-03-16,feature_27,13,6084,0,false
U-71cd1a,A-54ecc2,S-875cf3,2024-06-29,feature_28,6,42,2,false
U-40ed99,A-54ecc2,S-875cf3,2023-11-01,feature_26,15,1125,1,false
U-89db4f,A-54ecc2,S-875cf3,2024-11-30,feature_40,12,3540,0,false
U-bd889f,A-54ecc2,S-936a83,2024-08-02,feature_19,8,1232,0,false
U-54e79e,A-54ecc2,S-936a83,2024-02-25,feature_24,8,2240,1,false
U-24bc2a,A-54ecc2,S-936a83,2023-09-20,feature_11,6,2682,0,false
U-365a44,A-54ecc2,S-936a83,2024-07-09,feature_21,16,4848,1,false
U-9103bd,A-54ecc2,S-a7524a,2024-11-19,feature_37,13,4745,2,false
U-2177da,A-54ecc2,S-a7524a,2023-11-01,feature_1,7,1113,3,false
U-60095a,A-54ecc2,S-bbd8b5,2023-09-27,feature_7,10,1560,0,false
U-fe85b9,A-54ecc2,S-bbd8b5,2024-03-13,feature_39,11,4147,0,false
U-aaaac4,A-54ecc2,S-eea643,2024-06-11,feature_24,6,936,0,true
U-9df047,A-54ecc2,S-eea643,2024-02-12,feature_37,12,5316,0,false
U-8af99c,A-54ecc2,S-eea643,2023-09-22,feature_33,9,1062,0,false
U-ebc6ce,A-54ecc2,S-eea643,2023-09-04,feature_18,9,4905,1,false
U-71a2e9,A-558c72,S-214edb,2023-12-01,feature_22,8,3616,0,false
U-916817,A-558c72,S-214edb,2024-03-24,feature_36,15,7905,0,false
U-eaf351,A-558c72,S-4781b1,2023-08-18,feature_36,11,1925,3,false
U-f72deb,A-558c72,S-4781b1,2024-08-15,feature_7,12,1968,0,false
U-c4a5c9,A-558c72,S-4781b1,2023-12-28,feature_30,7,3654,0,false
U-73d6cc,A-558c72,S-4781b1,2023-12-23,feature_4,11,3377,0,true
U-71c86f,A-558c72,S-4781b1,2023-07-22,feature_16,7,3696,1,false
U-5a3962,A-558c72,S-4781b1,2024-08-26,feature_38,10,2210,0,true
U-ee52a3,A-558c72,S-4781b1,2024-10-23,feature_7,9,2952,0,false
U-120981,A-558c72,S-4781b1,2023-08-18,feature_27,10,4010,0,false
U-ac52dc,A-558c72,S-4781b1,2024-01-13,feature_14,10,2320,1,false
U-0af42f,A-558c72,S-8bac4e,2024-07-16,feature_29,6,1026,0,false
U-9d7d70,A-558c72,S-8bac4e,2023-09-23,feature_1,8,2880,1,false
U-1b1b1a,A-558c72,S-9f2386,2024-10-11,feature_9,11,1188,0,false
U-4574ef,A-558c72,S-9f2386,2023-09-13,feature_17,12,4188,0,false
U-a2ea66,A-558c72,S-c8d680,2023-12-10,feature_22,13,312,0,false
U-c4dfca,A-558c72,S-c8d680,2023-07-11,feature_10,15,210,1,false
U-bd9905,A-558c72,S-c8d680,2024-05-03,feature_10,5,1055,0,false
U-cdc307,A-558c72,S-c8d680,2024-10-20,feature_30,14,406,3,false
U-2e93be,A-558c72,S-c8d680,2023-09-22,feature_25,9,3996,0,false
U-ea7798,A-558c72,S-ebbda6,2024-11-09,feature_27,11,3146,0,false
U-6441d8,A-558c72,S-ebbda6,2024-01-19,feature_2,9,4401,0,false
U-23cac2,A-558c72,S-ebbda6,2024-12-14,feature_36,5,360,3,false
U-f349ae,A-558c72,S-ebbda6,2023-09-03,feature_21,9,54,0,false
U-ad985f,A-55f257,S-0a8acf,2024-11-15,feature_14,10,5400,0,false
U-edca94,A-55f257,S-0a8acf,2024-06-21,feature_27,7,3423,0,false
U-1a16ac,A-55f257,S-162e73,2024-07-11,feature_26,9,2025,0,false
U-c83d9f,A-55f257,S-162e73,2024-05-09,feature_20,9,3816,0,false
U-06b7f4,A-55f257,S-162e73,2024-09-13,feature_37,8,4624,0,false
U-628352,A-55f257,S-162e73,2024-12-04,feature_9,8,488,0,true
U-b66d3a,A-55f257,S-19edee,2024-11-27,feature_7,10,4120,0,false
U-b73d27,A-55f257,S-19edee,2024-12-28,feature_10,9,5283,0,false
U-df9b52,A-55f257,S-19edee,2024-02-10,feature_34,12,4104,0,false
U-0d994f,A-55f257,S-19edee,2024-01-31,feature_19,8,1760,0,false
U-0a40bc,A-55f257,S-6ca5ab,2024-12-23,feature_32,11,2200,0,false
U-e528a7,A-55f257,S-6ca5ab,2024-05-29,feature_20,8,3520,0,false
U-b49533,A-55f257,S-6ca5ab,2024-03-08,feature_21,10,1060,1,false
U-fc3a40,A-55f257,S-89c6dc,2024-08-31,feature_17,10,2670,0,false
U-ffbeba,A-55f257,S-89c6dc,2024-07-20,feature_5,8,3680,0,false
U-743329,A-55f257,S-89c6dc,2024-02-11,feature_27,8,392,0,true
U-77152d,A-55f257,S-89c6dc,2024-07-11,feature_17,8,2672,1,false
U-3405f3,A-55f257,S-c3bf1d,2024-06-09,feature_25,8,3832,1,false
U-06373c,A-55f257,S-c3bf1d,2024-12-04,feature_35,10,720,0,false
U-7fbbaf,A-55f257,S-c3bf1d,2024-12-31,feature_11,10,3780,0,false
U-00b770,A-55f257,S-caec41,2024-10-24,feature_28,8,3624,0,false
U-e3efdd,A-55f257,S-caec41,2024-01-25,feature_34,8,712,4,false
U-bf2143,A-55f257,S-da8d5f,2024-12-08,feature_7,16,7360,0,false
U-908acc,A-55f257,S-da8d5f,2024-01-23,feature_31,7,2443,2,false
U-da0b86,A-55f257,S-da8d5f,2024-03-19,feature_1,13,2301,0,false
U-305a6c,A-55f257,S-f0a2e5,2024-11-21,feature_14,12,5604,0,true
U-75c4d3,A-55f257,S-f0a2e5,2024-12-20,feature_14,8,3680,1,false
U-6f5e5e,A-560d27,S-214d98,2024-07-10,feature_28,11,814,1,false
U-325d2d,A-560d27,S-214d98,2024-10-28,feature_10,9,1161,0,false
U-bcb4fa,A-560d27,S-214d98,2024-10-22,feature_22,10,470,0,false
U-23a601,A-560d27,S-6e8126,2024-10-02,feature_13,6,2580,0,false
U-bed76c,A-560d27,S-6e8126,2024-10-04,feature_36,11,5236,0,false
U-8256e2,A-560d27,S-6e8126,2024-08-29,feature_11,11,5665,0,false
U-f7643b,A-560d27,S-6f6fca,2024-09-05,feature_16,9,3537,0,false
U-e06376,A-560d27,S-899319,2024-07-02,feature_13,6,390,2,false
U-0a4969,A-560d27,S-a603dd,2024-06-05,feature_10,8,3752,0,true
U-ee9bce,A-560d27,S-a603dd,2024-10-22,feature_28,12,4260,0,false
U-ac7e14,A-560d27,S-cb54dc,2024-09-29,feature_20,10,380,0,false
U-c90d4c,A-560d27,S-f3f2bd,2024-08-02,feature_40,4,1996,1,false
U-033d1a,A-560d27,S-f76252,2024-06-18,feature_21,6,3468,0,false
U-709c06,A-560d27,S-f76252,2024-06-08,feature_36,11,2640,0,false
U-ec16ce,A-560d27,S-f76252,2024-09-28,feature_31,6,3372,2,false
U-a291d9,A-56962b,S-4970c1,2024-09-07,feature_25,11,6072,0,false
U-5d6a94,A-56962b,S-86e45a,2024-11-16,feature_21,11,2629,5,false
U-d71c90,A-56962b,S-95a570,2024-08-29,feature_22,7,3906,2,false
U-0b5ace,A-56962b,S-95a570,2024-07-04,feature_6,10,2310,1,false
U-ca5fbc,A-56962b,S-c7190f,2024-11-20,feature_33,11,506,0,false
U-ecf89e,A-56962b,S-c7190f,2024-10-04,feature_30,7,2289,1,true
U-e25dc2,A-56962b,S-e98121,2024-06-13,feature_9,3,153,2,false
U-c5e79a,A-56962b,S-e98121,2024-10-28,feature_32,15,6615,1,false
U-b2a231,A-56962b,S-e98121,2024-06-02,feature_25,7,469,0,false
U-7523c5,A-56962b,S-faee8b,2024-11-01,feature_33,13,611,0,false
U-284ec0,A-58b9ff,S-150c8e,2024-12-03,feature_10,12,228,0,false
U-233245,A-58b9ff,S-150c8e,2024-07-12,feature_35,14,4186,1,false
U-65e1dd,A-58b9ff,S-310ae0,2024-10-28,feature_13,9,2979,0,false
U-598036,A-58b9ff,S-3503b4,2024-12-19,feature_39,9,558,0,false
U-66f1f5,A-58b9ff,S-3503b4,2024-09-14,feature_34,8,2568,1,false
U-5861f6,A-58b9ff,S-46852c,2024-10-06,feature_26,13,5135,1,false
U-1563c5,A-58b9ff,S-58ab69,2024-08-04,feature_15,11,3861,1,false
U-9e406b,A-58b9ff,S-58ab69,2024-09-13,feature_36,5,1455,0,false
U-c5cab6,A-58b9ff,S-58ab69,2024-08-02,feature_21,12,5016,0,false
U-4e7c3e,A-58b9ff,S-69a7ce,2024-08-29,feature_34,11,6193,0,false
U-7d7908,A-58b9ff,S-69a7ce,2024-09-02,feature_3,16,7952,0,false
U-9eb6e9,A-58b9ff,S-6aa72f,2024-09-26,feature_21,12,1920,0,false
U-4b8b15,A-58b9ff,S-a09e70,2024-08-12,feature_35,3,273,1,false
U-a3491d,A-58b9ff,S-a09e70,2024-12-04,feature_37,11,2288,0,false
U-49d9e1,A-58b9ff,S-dbad62,2024-06-25,feature_5,7,1715,0,false
U-3ff777,A-58b9ff,S-dbad62,2024-11-23,feature_16,10,3290,2,true
U-20b050,A-58b9ff,S-dbb8b9,2024-09-12,feature_10,17,1870,0,true
U-1ab61f,A-58b9ff,S-dbb8b9,2024-06-19,feature_34,5,745,2,false
U-5bd953,A-58b9ff,S-f44c76,2024-10-21,feature_15,10,1970,1,false
U-41a7a5,A-58b9ff,S-f44c76,2024-11-18,feature_21,12,3360,0,false
U-dfb93f,A-592832,S-0c63de,2024-09-26,feature_7,17,8806,1,false
U-a0737c,A-592832,S-16a545,2024-10-01,feature_20,8,4544,0,false
U-2d3cd1,A-592832,S-16a545,2024-12-18,feature_40,10,3160,1,false
U-9cebc4,A-592832,S-24cdb5,2024-11-29,feature_21,10,4260,0,false
U-33b09e,A-592832,S-24cdb5,2024-09-28,feature_27,12,4656,3,false
U-30e605,A-592832,S-65dd83,2024-10-11,feature_8,13,1300,0,false
U-9933f1,A-592832,S-73d0eb,2024-12-10,feature_1,10,4650,1,false
U-2d43f8,A-592832,S-73d0eb,2024-10-16,feature_19,12,6060,0,false
U-127e5a,A-592832,S-763b53,2024-10-20,feature_2,12,2400,0,false
U-63a215,A-592832,S-86615c,2024-12-21,feature_1,13,6669,0,false
U-450466,A-592832,S-8b1b5a,2024-11-19,feature_11,10,2410,0,false
U-04e0ed,A-592832,S-8b1b5a,2024-12-30,feature_21,14,6524,0,false
U-9335bc,A-59f724,S-10702d,2024-01-13,feature_29,15,1005,0,false
U-f51dcd,A-59f724,S-26bc22,2024-08-03,feature_7,12,168,0,false
U-5cc230,A-59f724,S-26bc22,2024-11-11,feature_4,10,4900,2,false
U-ea3b6f,A-59f724,S-26bc22,2024-05-17,feature_18,11,561,0,false
U-236afd,A-59f724,S-26bc22,2024-09-01,feature_30,12,3828,0,false
U-b5e4d8,A-59f724,S-26bc22,2024-11-08,feature_11,9,2709,0,false
U-e3f3a9,A-59f724,S-652885,2024-09-06,feature_25,6,3318,0,false
U-81d8a3,A-59f724,S-652885,2024-01-22,feature_31,6,516,2,false
U-aa10b7,A-59f724,S-652885,2024-09-29,feature_32,9,5256,0,false
U-671457,A-59f724,S-652885,2024-11-01,feature_34,7,4165,2,false
U-2f1f21,A-59f724,S-85eb8f,2024-05-25,feature_18,13,6682,0,false
U-99dd12,A-59f724,S-85eb8f,2024-03-02,feature_9,7,1022,0,false
U-64afdb,A-59f724,S-85eb8f,2024-07-05,feature_16,11,6347,0,false
U-a7af2a,A-59f724,S-85eb8f,2024-07-16,feature_10,14,2786,2,false
U-1dfb33,A-59f724,S-8b486a,2024-12-07,feature_34,9,3699,0,false
U-bcf666,A-59f724,S-a903ad,2024-01-09,feature_13,13,2119,0,false
U-1c62e8,A-59f724,S-a903ad,2024-06-09,feature_14,11,1540,1,false
U-2369ee,A-59f724,S-a903ad,2024-08-06,feature_17,11,2750,0,false
U-e3c8b9,A-59f724,S-a903ad,2024-11-08,feature_6,11,396,0,false
U-1c57ac,A-59f724,S-b6a35b,2024-05-12,feature_20,16,6928,0,false
U-7d7ed0,A-59f724,S-b6a35b,2024-06-21,feature_4,9,2394,1,false
U-620402,A-59f724,S-b6a35b,2024-08-08,feature_34,12,3756,0,false
U-23b57c,A-59f724,S-b6a35b,2024-07-04,feature_6,10,5020,1,false
U-9880bf,A-59f724,S-b784a1,2024-08-08,feature_24,8,2648,1,true
U-13cb7c,A-59f724,S-b784a1,2024-03-15,feature_13,14,5530,0,false
U-a82328,A-59f724,S-b784a1,2024-05-21,feature_31,6,2160,0,false
U-f8af05,A-59f724,S-c13970,2024-11-18,feature_6,12,1656,1,true
U-070e22,A-59f724,S-c13970,2024-04-07,feature_6,12,5736,0,false
U-8be8b8,A-59f724,S-c5a146,2024-04-14,feature_3,12,4116,0,false
U-2d6c1d,A-59f724,S-c5a146,2024-02-17,feature_12,8,408,0,false
U-7b6836,A-59f724,S-c5a146,2024-11-11,feature_39,14,3052,1,false
U-1b191f,A-59f724,S-c5a146,2024-09-04,feature_37,15,8475,0,false
U-e23e34,A-59f724,S-e74ca1,2024-01-05,feature_38,9,1899,2,false
U-9dc215,A-59f724,S-e74ca1,2024-06-23,feature_36,10,2140,1,false
U-dfacf8,A-59f724,S-e74ca1,2024-05-19,feature_25,4,1096,3,false
U-4500c6,A-59f724,S-e74ca1,2024-02-17,feature_33,6,1986,1,false
U-8fdf7d,A-59f724,S-edeacd,2024-10-22,feature_21,7,2058,0,false
U-90963b,A-5a184f,S-0ba1fe,2024-04-17,feature_22,9,1764,2,false
U-9411cb,A-5a184f,S-0ba1fe,2024-08-21,feature_6,14,210,0,false
U-a3dc29,A-5a184f,S-0ba1fe,2024-10-24,feature_18,8,2544,2,false
U-085125,A-5a184f,S-0ba1fe,2024-08-10,feature_5,10,310,0,false
U-40b788,A-5a184f,S-0ba1fe,2024-06-26,feature_22,7,4053,0,false
U-c7ae62,A-5a184f,S-2a53d5,2024-07-16,feature_4,10,3380,1,false
U-69e186,A-5a184f,S-2a53d5,2024-06-30,feature_35,4,880,3,false
U-ff8c2c,A-5a184f,S-2a53d5,2024-07-20,feature_13,13,3757,0,false
U-c1a1f1,A-5a184f,S-2a53d5,2024-10-22,feature_30,14,7378,0,false
U-9675a5,A-5a184f,S-44046d,2024-10-06,feature_3,21,147,1,false
U-1051b1,A-5a184f,S-44046d,2024-05-07,feature_7,9,5013,0,false
U-6dc22c,A-5a184f,S-44046d,2024-11-28,feature_19,11,1782,0,false
U-5afc27,A-5a184f,S-4a8ce0,2024-06-25,feature_26,17,5814,0,false
U-017f4d,A-5a184f,S-4a8ce0,2023-11-13,feature_36,11,4158,2,false
U-f4dc25,A-5a184f,S-4a8ce0,2024-12-10,feature_5,11,4103,0,false
U-0ac3b4,A-5a184f,S-4a8ce0,2024-05-01,feature_6,11,3520,0,false
U-ddd179,A-5a184f,S-4a8ce0,2024-11-26,feature_34,10,5090,0,false
U-402227,A-5a184f,S-4a8ce0,2024-01-21,feature_16,6,3198,0,false
U-11e31a,A-5a184f,S-4a8ce0,2024-11-24,feature_2,12,4188,0,false
U-06e101,A-5a184f,S-505f35,2024-05-04,feature_3,10,3300,0,false
U-7064b2,A-5a184f,S-505f35,2024-01-05,feature_20,19,7220,0,false
U-ff22f2,A-5a184f,S-505f35,2024-10-04,feature_13,8,3480,1,false
U-8fe1ce,A-5a184f,S-8a4156,2023-11-24,feature_35,11,6600,3,false
U-aea8ab,A-5a184f,S-ac2157,2024-12-06,feature_30,6,366,0,false
U-90b99f,A-5a184f,S-ac2157,2024-06-18,feature_39,13,7007,1,false
U-1ee320,A-5a184f,S-ac2157,2024-02-24,feature_34,10,3020,0,false
U-c4f729,A-5a184f,S-c2b60b,2024-10-05,feature_27,11,4136,0,false
U-2e1069,A-5a184f,S-c2b60b,2024-03-28,feature_17,12,564,1,false
U-525ca2,A-5a184f,S-c2b60b,2024-03-30,feature_1,12,1512,0,false
U-050c9e,A-5a184f,S-e71f4a,2024-08-05,feature_39,9,1953,2,false
U-4bcb46,A-5a184f,S-e71f4a,2024-03-05,feature_36,9,3294,0,false
U-8aaa68,A-5a184f,S-e71f4a,2024-02-16,feature_1,6,2934,1,false
U-2a4b6b,A-5a184f,S-e71f4a,2024-03-19,feature_36,13,4550,1,false
U-0dc451,A-5a184f,S-ec58ac,2024-02-15,feature_24,11,1243,0,false
U-28e6c9,A-5a184f,S-ec58ac,2024-07-16,feature_4,11,3322,0,false
U-dbfaa1,A-5a184f,S-ec58ac,2024-03-18,feature_3,8,2064,1,false
U-b10cf1,A-5a184f,S-ec58ac,2023-11-01,feature_18,6,1554,2,false
U-89fedb,A-5a184f,S-ec58ac,2024-11-12,feature_9,4,1968,2,false
U-815c71,A-5a215a,S-0144ac,2024-09-20,feature_29,6,1260,0,false
U-264e22,A-5a215a,S-0144ac,2024-12-14,feature_34,10,5130,0,true
U-604752,A-5a215a,S-0144ac,2024-09-18,feature_37,9,3456,0,false
U-0c4593,A-5a215a,S-2223bf,2024-08-31,feature_6,12,5652,0,false
U-40b12e,A-5a215a,S-2223bf,2024-11-23,feature_38,11,3971,4,false
U-33b832,A-5a215a,S-2223bf,2024-12-24,feature_15,12,5508,0,false
U-98acce,A-5a215a,S-2223bf,2024-06-23,feature_21,7,2156,0,false
U-becba8,A-5a215a,S-3781d0,2024-10-09,feature_14,5,285,0,false
U-115bb4,A-5a215a,S-5bb58e,2024-05-19,feature_38,5,2525,2,false
U-bd8d6f,A-5a215a,S-704cf3,2024-10-21,feature_24,10,2210,2,false
U-83e410,A-5a215a,S-704cf3,2024-02-07,feature_25,14,7266,0,false
U-e99d8f,A-5a215a,S-75cba6,2024-03-29,feature_28,10,2240,3,false
U-6c5374,A-5a215a,S-81fc45,2024-05-20,feature_7,8,2992,1,false
U-bb88f1,A-5a215a,S-81fc45,2024-03-14,feature_20,17,8738,0,false
U-ad8fcf,A-5a215a,S-8324d4,2024-05-17,feature_19,11,6435,1,false
U-715f07,A-5a215a,S-8324d4,2024-11-18,feature_9,9,3231,0,true
U-c5ad4c,A-5a215a,S-8324d4,2024-11-01,feature_3,13,4706,0,false
U-7ae7f2,A-5a215a,S-8324d4,2024-08-18,feature_15,14,6902,1,false
U-6e1b88,A-5a215a,S-838330,2024-06-27,feature_9,12,264,0,false
U-2d82ca,A-5a215a,S-838330,2024-06-23,feature_27,13,650,0,false
U-7efa2b,A-5a215a,S-838330,2024-06-29,feature_20,5,945,2,false
U-5bd03b,A-5a215a,S-838330,2024-07-04,feature_37,4,1556,1,false
U-2556bf,A-5a215a,S-88f1be,2024-04-07,feature_4,11,4191,0,false
U-a54c24,A-5a215a,S-88f1be,2024-10-08,feature_27,8,3432,0,false
U-1803df,A-5a215a,S-88f1be,2024-06-08,feature_18,7,644,2,true
U-55fde8,A-5a215a,S-93f835,2024-02-01,feature_15,12,3480,0,false
U-48a4aa,A-5a215a,S-93f835,2024-08-24,feature_39,10,4770,0,false
U-24380e,A-5a215a,S-93f835,2024-11-18,feature_30,13,6383,0,false
U-650d15,A-5a215a,S-ca1cb9,2024-11-22,feature_19,7,3535,0,false
U-2aec23,A-5a215a,S-d8fa45,2024-06-11,feature_2,9,4788,0,false
U-d5568b,A-5a215a,S-d8fa45,2024-05-25,feature_1,12,5244,0,true
U-3b2dae,A-5a215a,S-d8fa45,2024-08-15,feature_34,7,3283,2,false
U-26b985,A-5a215a,S-e04d93,2024-06-03,feature_3,9,5013,0,false
U-77a945,A-5a215a,S-e04d93,2024-04-23,feature_37,15,5385,0,false
U-ae9470,A-5a3eb9,S-1cff77,2023-11-15,feature_24,9,4734,0,false
U-fb39eb,A-5a3eb9,S-1cff77,2024-01-04,feature_14,6,258,0,false
U-92b777,A-5a3eb9,S-1cff77,2023-12-26,feature_11,6,3138,1,false
U-862edb,A-5a3eb9,S-1cff77,2023-11-16,feature_1,8,4000,0,true
U-6d019e,A-5a3eb9,S-1cff77,2023-12-06,feature_33,17,476,0,false
U-149524,A-5a3eb9,S-1f149a,2024-07-15,feature_29,9,2871,0,false
U-ee5e14,A-5a3eb9,S-1f149a,2024-03-05,feature_11,17,1054,0,false
U-7a91f8,A-5a3eb9,S-20812a,2024-11-26,feature_35,10,1680,0,false
U-feac0f,A-5a3eb9,S-20812a,2024-07-28,feature_18,5,660,0,false
U-87900d,A-5a3eb9,S-20812a,2024-04-01,feature_22,7,2065,0,false
U-ebe6b9,A-5a3eb9,S-2632a2,2024-09-11,feature_2,13,3328,0,false
U-e46a40,A-5a3eb9,S-2632a2,2023-12-31,feature_9,13,949,0,false
U-28bff6,A-5a3eb9,S-2632a2,2024-11-21,feature_16,5,65,2,false
U-c84b2a,A-5a3eb9,S-2632a2,2023-10-04,feature_8,11,5401,0,true
U-89b82d,A-5a3eb9,S-34cfad,2024-04-04,feature_31,8,384,1,false
U-ec7e3e,A-5a3eb9,S-3baf90,2023-12-28,feature_13,11,1221,0,true
U-1620e0,A-5a3eb9,S-3baf90,2024-03-14,feature_21,10,3160,0,false
U-07529c,A-5a3eb9,S-3baf90,2024-02-16,feature_6,11,2266,0,false
U-5fbf2c,A-5a3eb9,S-3baf90,2023-11-21,feature_39,16,7104,0,false
U-9473b2,A-5a3eb9,S-3baf90,2024-05-16,feature_24,7,2121,3,false
U-eef613,A-5a3eb9,S-3baf90,2024-06-06,feature_5,9,4176,3,false
U-fb2ca0,A-5a3eb9,S-4994d6,2024-03-21,feature_25,8,3992,0,false
U-6fdf3e,A-5a3eb9,S-4994d6,2023-10-29,feature_19,14,6552,0,false
U-dc60a1,A-5a3eb9,S-4994d6,2024-05-17,feature_1,11,539,0,false
U-650eff,A-5a3eb9,S-4fdfa3,2024-06-07,feature_14,14,1064,2,false
U-97762d,A-5a3eb9,S-4fdfa3,2024-07-06,feature_27,5,2670,1,false
U-5fc37b,A-5a3eb9,S-4fdfa3,2024-02-14,feature_34,15,6915,0,true
U-88a929,A-5a3eb9,S-4fdfa3,2024-12-11,feature_26,10,4140,0,false
U-1a89f7,A-5a3eb9,S-4fdfa3,2024-02-12,feature_6,9,4059,0,false
U-9cdb2e,A-5a3eb9,S-61fa27,2024-10-23,feature_29,3,270,1,false
U-f9c5f9,A-5a3eb9,S-61fa27,2024-10-01,feature_36,9,4680,1,false
U-9dfb1e,A-5a3eb9,S-61fa27,2023-11-30,feature_17,13,7540,0,false
U-dd0a22,A-5a3eb9,S-61fa27,2024-03-01,feature_24,10,1680,0,false
U-4725d2,A-5a3eb9,S-718bf5,2024-03-21,feature_8,10,1990,0,false
U-284448,A-5a3eb9,S-718bf5,2024-06-23,feature_27,11,924,0,false
U-d47978,A-5a3eb9,S-718bf5,2024-11-30,feature_35,13,247,2,false
U-5f3f34,A-5a3eb9,S-755502,2024-06-30,feature_39,15,7350,0,false
U-310c14,A-5a3eb9,S-755502,2024-08-25,feature_22,11,4752,0,true
U-ff2855,A-5a3eb9,S-75c1b4,2024-08-23,feature_8,10,4030,0,false
U-0d6411,A-5a3eb9,S-75c1b4,2024-04-28,feature_32,7,2275,0,false
U-8a68a5,A-5a3eb9,S-75c1b4,2024-07-10,feature_35,10,4590,0,false
U-f431af,A-5a3eb9,S-936e80,2024-06-12,feature_28,7,1939,0,false
U-2e9bbe,A-5a3eb9,S-936e80,2023-11-16,feature_23,12,5748,0,true
U-0bb990,A-5a3eb9,S-936e80,2024-08-08,feature_21,10,4970,0,false
U-091b58,A-5a3eb9,S-936e80,2023-12-21,feature_30,10,3910,0,false
U-a8234d,A-5a92e7,S-1a93b8,2024-08-10,feature_17,13,6513,3,false
U-542a60,A-5a92e7,S-1a93b8,2024-12-08,feature_22,8,4696,1,false
U-bd8a28,A-5a92e7,S-2dc98b,2024-12-24,feature_15,10,3610,2,false
U-731538,A-5a92e7,S-2dc98b,2024-07-08,feature_16,10,5190,1,false
U-9ba6cd,A-5a92e7,S-2dc98b,2024-07-07,feature_3,4,1760,2,true
U-c85515,A-5a92e7,S-2dc98b,2024-06-22,feature_28,12,5340,2,false
U-f698b1,A-5a92e7,S-51673a,2024-08-12,feature_7,9,1818,0,false
U-8b3989,A-5a92e7,S-6895d0,2024-06-21,feature_31,11,1980,0,false
U-3fa3f1,A-5a92e7,S-6895d0,2024-11-25,feature_23,9,3528,2,false
U-a652d3,A-5a92e7,S-7a06fe,2024-10-12,feature_40,4,1240,1,false
U-6eac03,A-5a92e7,S-7a06fe,2024-09-08,feature_4,11,4323,0,false
U-d4453a,A-5a92e7,S-7a06fe,2024-12-03,feature_13,14,2884,0,false
U-885b16,A-5a92e7,S-7a06fe,2024-11-16,feature_38,7,1785,0,false
U-0db96b,A-5a92e7,S-7a06fe,2024-09-06,feature_5,11,2046,3,true
U-fad167,A-5a92e7,S-7b3fd3,2024-07-04,feature_4,8,3104,3,false
U-f5fbf7,A-5a92e7,S-7b3fd3,2024-07-10,feature_39,9,1701,1,false
U-fdee89,A-5a92e7,S-a6010b,2024-10-18,feature_16,8,1056,0,false
U-dff8bd,A-5a92e7,S-a6010b,2024-10-14,feature_39,14,8246,0,false
U-a3e7e8,A-5a92e7,S-d22ebe,2024-12-11,feature_10,7,448,0,false
U-150e73,A-5a92e7,S-d7e65d,2024-11-23,feature_39,12,4752,0,false
U-0adc16,A-5a92e7,S-e25e6e,2024-10-29,feature_39,10,3160,0,false
U-dc7782,A-5a92e7,S-e25e6e,2024-11-11,feature_14,10,4070,0,false
U-f7e8e8,A-5a92e7,S-e25e6e,2024-06-30,feature_1,8,4104,0,false
U-0cdb61,A-5a92e7,S-ef3aa2,2024-09-08,feature_36,14,6258,0,false
U-53f515,A-5a92e7,S-f6edd4,2024-07-28,feature_32,12,4344,0,false
U-86a5ce,A-5a92e7,S-fb10b8,2024-07-11,feature_3,8,632,3,false
U-293dc5,A-5a92e7,S-fb10b8,2024-08-30,feature_28,6,228,0,false
U-ed6e33,A-5b051a,S-9b493e,2024-12-07,feature_35,6,858,0,false
U-f9ef88,A-5b051a,S-9b493e,2024-11-02,feature_19,13,1443,2,false
U-77dce9,A-5b051a,S-9b493e,2024-12-06,feature_3,14,812,5,false
U-cd5b22,A-5b051a,S-ad31b0,2024-12-03,feature_29,16,240,0,true
U-b81f4d,A-5b1bcd,S-0a8200,2024-08-18,feature_39,3,474,0,false
U-054fd1,A-5b1bcd,S-0a8200,2024-02-06,feature_21,10,3370,0,false
U-835a93,A-5b1bcd,S-0a8200,2023-10-28,feature_29,10,4330,3,false
U-ab4ae2,A-5b1bcd,S-0a8200,2024-03-03,feature_20,8,3736,0,false
U-1a76c1,A-5b1bcd,S-0a8200,2024-08-24,feature_8,13,4953,1,false
U-545aec,A-5b1bcd,S-0a8200,2024-11-02,feature_27,14,5880,0,false
U-d1ef3c,A-5b1bcd,S-13b606,2024-09-24,feature_6,9,3654,0,false
U-077e61,A-5b1bcd,S-13b606,2024-02-29,feature_40,22,1012,0,false
U-6a6853,A-5b1bcd,S-13b606,2024-12-07,feature_22,8,1072,6,false
U-0bfc5f,A-5b1bcd,S-1b373c,2024-02-03,feature_8,9,1755,0,false
U-c0e79b,A-5b1bcd,S-1b373c,2024-08-28,feature_3,6,1524,0,false
U-370b82,A-5b1bcd,S-1b373c,2024-06-17,feature_22,12,1536,0,false
U-265b80,A-5b1bcd,S-269b4a,2024-06-26,feature_31,14,4788,0,false
U-7d7b59,A-5b1bcd,S-269b4a,2024-07-26,feature_4,8,3192,0,false
U-b9bf1d,A-5b1bcd,S-527d18,2023-11-25,feature_3,17,4114,1,false
U-3b64a7,A-5b1bcd,S-527d18,2024-11-15,feature_16,20,11620,2,false
U-a8310f,A-5b1bcd,S-527d18,2024-02-18,feature_8,6,1710,0,false
U-d3c1a0,A-5b1bcd,S-53a9f7,2024-04-08,feature_14,14,3178,0,false
U-a856ec,A-5b1bcd,S-53a9f7,2024-06-16,feature_28,8,4480,0,false
U-87a59b,A-5b1bcd,S-53a9f7,2024-09-07,feature_29,9,441,0,false
U-f0bdd5,A-5b1bcd,S-62aa3c,2023-11-15,feature_20,11,913,0,false
U-e6d8b4,A-5b1bcd,S-62aa3c,2023-09-23,feature_8,10,5750,0,false
U-8db7b5,A-5b1bcd,S-62aa3c,2024-10-06,feature_5,11,6006,2,false
U-ca4baf,A-5b1bcd,S-62aa3c,2023-10-19,feature_4,11,2508,0,false
U-f5be61,A-5b1bcd,S-795878,2024-09-17,feature_13,7,3717,0,false
U-8bea95,A-5b1bcd,S-795878,2024-05-26,feature_38,13,3575,0,false
U-b52dc4,A-5b1bcd,S-9c47f6,2024-06-21,feature_1,7,1211,0,false
U-82e84b,A-5b1bcd,S-9c47f6,2024-11-09,feature_28,9,5139,2,false
U-129395,A-5b1bcd,S-9c47f6,2024-01-14,feature_38,6,642,0,false
U-881254,A-5b1bcd,S-aba835,2024-11-27,feature_28,9,2952,1,false
U-c95422,A-5b1bcd,S-aba835,2023-10-25,feature_31,7,1715,0,false
U-ea7e8e,A-5b1bcd,S-aba835,2024-09-09,feature_20,13,4992,0,false
U-870d66,A-5b1bcd,S-aba835,2024-01-13,feature_5,9,3519,0,false
U-6f209d,A-5b1bcd,S-b553d7,2024-10-23,feature_22,6,1080,0,false
U-9ee0aa,A-5b1bcd,S-b553d7,2023-11-09,feature_31,9,648,0,false
U-53b625,A-5b1bcd,S-b553d7,2024-02-08,feature_8,5,1945,1,false
U-e736c1,A-5b1bcd,S-b553d7,2024-09-26,feature_20,10,3130,3,false
U-c19f93,A-5b1bcd,S-b553d7,2024-02-04,feature_27,7,3311,1,false
U-7ad1a6,A-5b1bcd,S-e36786,2024-12-29,feature_37,12,4596,1,false
U-55fadc,A-5b1bcd,S-e36786,2024-12-31,feature_17,10,4060,0,false
U-80e75e,A-5b1bcd,S-e36786,2024-08-04,feature_10,5,1565,0,false
U-35ef51,A-5b1bcd,S-e9257d,2024-06-30,feature_35,13,221,0,false
U-66ad5c,A-5b1bcd,S-e9257d,2024-04-18,feature_29,10,1400,0,false
U-fbb3e5,A-5b1bcd,S-e9257d,2023-12-27,feature_29,11,440,3,false
U-f94c0a,A-5b1bcd,S-ee4c5c,2024-05-15,feature_24,13,5122,0,false
U-383fd0,A-5b1bcd,S-ee4c5c,2024-04-01,feature_24,15,7875,0,false
U-7df2d6,A-5b1bcd,S-ee4c5c,2024-01-14,feature_8,7,2205,4,false
U-ca84ef,A-5b1bcd,S-ee4c5c,2024-10-23,feature_19,7,1610,0,false
U-1b2905,A-5b1bcd,S-f0c747,2024-07-15,feature_2,9,351,2,false
U-076a2f,A-5b1bcd,S-f0c747,2023-10-25,feature_40,13,247,0,false
U-20131c,A-5b1bcd,S-f0c747,2024-10-12,feature_20,9,1863,0,false
U-0ac981,A-5b4ebb,S-02cde8,2024-07-31,feature_21,10,2190,0,false
U-0d8e84,A-5b4ebb,S-02cde8,2024-12-25,feature_8,8,4304,0,false
U-a2f364,A-5b4ebb,S-0a19d1,2024-08-29,feature_37,6,1380,0,false
U-fadce3,A-5b4ebb,S-0a19d1,2024-09-01,feature_23,8,3000,0,false
U-eebe0e,A-5b4ebb,S-0c9fdd,2024-10-29,feature_25,16,528,0,false
U-19ba41,A-5b4ebb,S-0cbce0,2024-08-07,feature_23,9,2016,0,true
U-fa0e19,A-5b4ebb,S-2fed82,2024-08-12,feature_14,5,1795,0,false
U-bf13f5,A-5b4ebb,S-2fed82,2024-11-26,feature_23,9,4680,0,false
U-a2a7ad,A-5b4ebb,S-396a84,2024-09-02,feature_29,14,4984,0,false
U-676dd8,A-5b4ebb,S-7fca0e,2024-08-01,feature_39,10,540,0,false
U-ea892d,A-5b4ebb,S-7fca0e,2024-11-05,feature_9,10,3670,0,false
U-4fc6bc,A-5b4ebb,S-7fca0e,2024-08-10,feature_26,13,338,0,false
U-56a070,A-5b4ebb,S-969c1d,2024-09-23,feature_13,10,610,0,false
U-985401,A-5b4ebb,S-b04174,2024-07-18,feature_20,9,5256,0,false
U-4f3edd,A-5b4ebb,S-b04174,2024-09-24,feature_11,11,2739,0,false
U-1c9917,A-5b4ebb,S-c8ba3e,2024-10-14,feature_30,10,4980,1,false
U-fff885,A-5b4ebb,S-e2500e,2024-08-22,feature_16,9,3330,0,true
U-e52d34,A-5c046d,S-15afd8,2024-12-17,feature_3,10,4120,1,false
U-d91328,A-5c046d,S-68565b,2024-08-26,feature_38,8,1944,1,false
U-cd9902,A-5c046d,S-aced77,2024-11-17,feature_23,9,4185,3,false
U-781506,A-5c046d,S-aced77,2024-09-07,feature_26,8,1320,0,false
U-d078ec,A-5c046d,S-aced77,2024-09-27,feature_38,5,500,0,false
U-f4b0aa,A-5c046d,S-bb1a91,2024-09-26,feature_35,6,1392,0,false
U-160788,A-5c046d,S-da3b68,2024-12-05,feature_8,11,2134,0,false
U-5939c4,A-5c046d,S-f2be88,2024-12-15,feature_26,12,612,0,false
U-a4bc5f,A-5c9849,S-a1901c,2024-12-18,feature_14,10,2870,0,false
U-41ba6d,A-5c9849,S-c0127d,2024-11-12,feature_38,6,2010,0,false
U-dee815,A-5ed98d,S-021297,2024-12-05,feature_12,10,3970,0,false
U-1ca4a1,A-5ed98d,S-5a5338,2024-11-25,feature_35,9,2007,0,false
U-217671,A-5ed98d,S-5a5338,2024-10-21,feature_34,8,232,0,false
U-84ddb6,A-5ed98d,S-74d86d,2024-11-19,feature_16,8,2488,0,false
U-064088,A-5ed98d,S-74d86d,2024-12-15,feature_6,5,865,0,false
U-2e969d,A-5ed98d,S-74d86d,2024-11-08,feature_34,3,807,2,false
U-45b5f2,A-5ed98d,S-74d86d,2024-10-17,feature_28,9,3681,2,false
U-823baf,A-5ed98d,S-916876,2024-11-07,feature_12,11,1012,1,false
U-dac981,A-5ed98d,S-b7ef4c,2024-07-23,feature_17,5,2520,2,false
U-0819ea,A-5ed98d,S-b7ef4c,2024-10-26,feature_28,10,940,0,false
U-887925,A-5f7781,S-a01aad,2024-11-14,feature_13,7,3913,0,false
U-1bd85a,A-5f7781,S-b8a352,2024-08-30,feature_30,8,3192,0,false
U-66cad7,A-5f7781,S-b8a352,2024-09-12,feature_35,6,3078,0,false
U-d8b016,A-5f7781,S-f7234f,2024-12-25,feature_25,7,3570,1,false
U-ce593b,A-5fe118,S-0fc93f,2024-12-19,feature_35,13,2067,0,false
U-dbe107,A-600734,S-15582c,2024-07-02,feature_35,12,5664,0,true
U-b6e557,A-600734,S-15582c,2024-05-29,feature_29,13,2431,1,false
U-f8c385,A-600734,S-27e42e,2024-05-07,feature_18,20,3140,1,false
U-3ebd07,A-600734,S-27e42e,2024-12-26,feature_14,13,2496,0,false
U-8681e8,A-600734,S-27e42e,2024-03-10,feature_40,9,3078,0,true
U-de0645,A-600734,S-27e42e,2024-07-08,feature_39,12,936,1,false
U-e0be68,A-600734,S-27e42e,2024-07-30,feature_40,8,4080,1,false
U-9dd69f,A-600734,S-27e42e,2024-12-05,feature_4,11,275,0,false
U-450847,A-600734,S-3e8909,2024-07-31,feature_21,12,5832,1,false
U-a3fb3a,A-600734,S-3e8909,2024-07-16,feature_37,3,423,0,false
U-b7f3c5,A-600734,S-4bef15,2024-02-06,feature_27,4,1544,0,false
U-7e38b8,A-600734,S-5f1d80,2024-01-30,feature_19,12,4440,0,false
U-cf70d7,A-600734,S-5f1d80,2024-04-02,feature_4,6,1284,1,false
U-dee451,A-600734,S-5f1d80,2024-11-16,feature_30,4,524,0,false
U-27080d,A-600734,S-5f1d80,2024-07-01,feature_22,7,1603,0,false
U-929b32,A-600734,S-600e05,2024-02-13,feature_2,9,5229,0,false
U-7e8ede,A-600734,S-600e05,2024-08-18,feature_30,8,112,0,false
U-36afa1,A-600734,S-6630bc,2024-02-24,feature_39,11,451,3,false
U-75f64a,A-600734,S-6630bc,2024-11-09,feature_18,11,814,0,false
U-7dc0b1,A-600734,S-6b200f,2024-06-27,feature_9,7,2121,0,false
U-b929da,A-600734,S-8cf2ef,2024-04-28,feature_37,6,252,0,false
U-6d99ac,A-600734,S-8cf2ef,2024-05-03,feature_3,12,1992,1,true
U-0f21ca,A-600734,S-8cf2ef,2024-02-29,feature_39,8,1432,2,false
U-37a641,A-600734,S-8cf2ef,2024-06-01,feature_40,8,672,0,false
U-3e285e,A-600734,S-8cf2ef,2024-10-03,feature_40,10,5290,0,false
U-1b5d5c,A-600734,S-de9b4b,2024-03-12,feature_15,14,4984,1,true
U-e82e91,A-600734,S-de9b4b,2024-12-24,feature_13,8,3360,0,false
U-e5999c,A-600734,S-de9b4b,2024-03-24,feature_21,9,5256,0,false
U-653652,A-600734,S-e3255c,2024-09-25,feature_26,8,3152,0,false
U-ea5e1b,A-600734,S-e3255c,2024-09-05,feature_10,11,5709,1,false
U-296e1a,A-600734,S-e3255c,2024-09-12,feature_37,10,4440,1,false
U-ae25fb,A-600734,S-e3255c,2024-07-06,feature_35,10,950,0,false
U-06afea,A-600734,S-eef0cd,2024-03-20,feature_17,11,1287,0,false
U-fca0c9,A-600734,S-eef0cd,2024-06-07,feature_34,14,252,0,false
U-b8dc35,A-600734,S-eef0cd,2024-11-08,feature_20,10,4680,0,false
U-0a02d5,A-600734,S-eef0cd,2024-12-16,feature_9,7,3689,0,false
U-6ef2c4,A-625d0b,S-277111,2024-11-23,feature_28,13,2483,0,false
U-b87891,A-625d0b,S-304f59,2024-11-22,feature_19,9,3618,0,false
U-6cf1d9,A-625d0b,S-304f59,2024-12-04,feature_1,7,1295,1,false
U-383091,A-625d0b,S-3b7f8e,2024-12-09,feature_38,18,3276,0,false
U-cd31b3,A-625d0b,S-601f31,2024-12-08,feature_19,14,5754,0,false
U-25efc5,A-625d0b,S-b156cf,2024-10-12,feature_22,12,276,2,false
U-5fd240,A-625d0b,S-b156cf,2024-10-03,feature_33,10,4700,1,false
U-8181be,A-625d0b,S-c4c9ce,2024-11-08,feature_20,14,4046,0,false
U-9ce90e,A-659280,S-0b80b4,2024-05-19,feature_39,9,1485,1,false
U-064e38,A-659280,S-0b80b4,2024-04-23,feature_19,17,1700,0,false
U-43a320,A-659280,S-2c4909,2024-04-16,feature_26,10,4290,0,false
U-4e1e0b,A-659280,S-2c4909,2024-04-06,feature_26,10,5510,0,true
U-fa84d6,A-659280,S-3bb8a2,2024-01-19,feature_26,11,2574,2,false
U-3a9cb4,A-659280,S-3bb8a2,2024-04-27,feature_1,6,2580,0,false
U-b8d31d,A-659280,S-3bb8a2,2024-09-19,feature_17,13,2860,1,false
U-81dc8e,A-659280,S-4c8e19,2024-12-24,feature_39,7,2842,0,false
U-9f285a,A-659280,S-4c8e19,2024-04-23,feature_15,8,3472,0,true
U-a44868,A-659280,S-51c0d1,2024-12-18,feature_39,8,4480,1,false
U-35852e,A-659280,S-51c0d1,2024-11-02,feature_32,9,4869,0,false
U-4c417f,A-659280,S-66a834,2024-09-19,feature_31,17,4828,1,false
U-c3565b,A-659280,S-66a834,2024-12-03,feature_1,11,3575,0,false
U-9df117,A-659280,S-66a834,2024-03-29,feature_37,7,3528,0,false
U-9cf7ef,A-659280,S-66a834,2024-04-13,feature_21,10,5930,2,false
U-c72a1a,A-659280,S-66a834,2024-04-06,feature_19,12,2832,0,false
U-69a001,A-659280,S-718f18,2024-06-13,feature_12,5,1580,0,false
U-a3fcce,A-659280,S-718f18,2024-04-07,feature_6,5,2925,0,false
U-33140f,A-659280,S-718f18,2024-07-02,feature_13,13,2717,0,false
U-1d0d0d,A-659280,S-718f18,2024-12-19,feature_20,10,2650,0,false
U-2d2dbd,A-659280,S-718f18,2024-09-01,feature_24,15,5385,1,false
U-342dfc,A-659280,S-718f18,2024-05-20,feature_34,12,3288,0,false
U-9be751,A-659280,S-96b8d5,2024-08-18,feature_21,7,1631,4,false
U-1cdd17,A-659280,S-cce4fc,2024-01-05,feature_3,8,792,0,false
U-5057c7,A-659280,S-cce4fc,2024-10-10,feature_34,17,1717,0,false
U-87e56f,A-659280,S-cce4fc,2024-09-05,feature_23,6,306,0,false
U-e87ac9,A-659280,S-dbf124,2024-01-13,feature_33,10,3230,0,false
U-3b3d33,A-659280,S-f41a31,2024-03-21,feature_19,7,385,1,true
U-44b9d8,A-659280,S-f83141,2024-08-05,feature_34,10,4660,2,true
U-d7101d,A-659280,S-f83141,2024-12-16,feature_8,9,1989,0,false
U-1f9273,A-659280,S-f83141,2023-12-05,feature_37,6,2574,0,false
U-48edf2,A-659280,S-f83141,2024-11-24,feature_7,17,8500,0,true
U-889d61,A-65a46c,S-0267b7,2024-12-22,feature_6,8,2648,1,false
U-5c0dbc,A-65a46c,S-0267b7,2024-06-02,feature_5,7,3766,0,false
U-3cf873,A-65a46c,S-0267b7,2024-11-05,feature_2,10,3490,0,false
U-b98b47,A-65a46c,S-21393c,2024-11-13,feature_14,16,4624,0,false
U-88496b,A-65a46c,S-21393c,2024-05-10,feature_24,7,2205,0,false
U-e15282,A-65a46c,S-21393c,2024-07-24,feature_13,12,5112,0,false
U-23ff32,A-65a46c,S-21393c,2024-07-22,feature_19,8,1352,1,false
U-607a68,A-65a46c,S-21393c,2024-09-24,feature_38,16,1840,1,false
U-fc4234,A-65a46c,S-21393c,2024-12-15,feature_14,7,1561,0,true
U-4eaf81,A-65a46c,S-21bd9b,2024-12-26,feature_22,10,5570,1,false
U-c4ea84,A-65a46c,S-21bd9b,2024-10-03,feature_10,12,3924,1,false
U-3c2f5d,A-65a46c,S-26bf58,2024-04-14,feature_29,8,1688,1,false
U-a50dc1,A-65a46c,S-2fc8fa,2024-03-25,feature_3,12,4668,0,true
U-a3dd02,A-65a46c,S-2fc8fa,2024-07-15,feature_38,12,3216,1,false
U-12bc64,A-65a46c,S-392e05,2024-04-14,feature_26,14,6832,1,false
U-c24893,A-65a46c,S-392e05,2024-06-30,feature_38,16,2992,1,false
U-c79ecf,A-65a46c,S-392e05,2024-03-27,feature_22,10,2600,0,false
U-7176cb,A-65a46c,S-6f75be,2024-10-13,feature_4,9,4131,0,false
U-fc8bae,A-65a46c,S-f9b1d0,2024-05-30,feature_37,10,2180,0,false
U-720a29,A-65a46c,S-f9b1d0,2024-12-02,feature_12,12,900,0,false
U-a9e6f1,A-65a46c,S-f9b1d0,2024-07-31,feature_19,7,1274,0,false
U-525ddc,A-65aeb5,S-23dab0,2024-09-10,feature_12,18,7614,2,true
U-f3f5f5,A-65aeb5,S-23dab0,2024-03-27,feature_11,12,888,3,false
U-c4b205,A-65aeb5,S-41d741,2024-04-10,feature_26,9,162,0,false
U-f8f050,A-65aeb5,S-41d741,2024-06-09,feature_10,13,5070,2,false
U-b33b22,A-65aeb5,S-41d741,2024-02-14,feature_30,5,1560,2,false
U-9147e3,A-65aeb5,S-41d741,2024-02-08,feature_2,12,5532,0,false
U-02381c,A-65aeb5,S-41d741,2024-07-13,feature_3,10,2190,0,false
U-ccf0fe,A-65aeb5,S-41d741,2024-09-20,feature_39,7,2667,0,false
U-d59e63,A-65aeb5,S-43c737,2024-04-02,feature_21,13,7592,0,false
U-180b83,A-65aeb5,S-43c737,2024-08-02,feature_27,3,687,0,true
U-501bb1,A-65aeb5,S-4b15c4,2024-05-19,feature_12,11,1650,0,false
U-bb3744,A-65aeb5,S-4b15c4,2024-04-06,feature_26,10,5400,2,false
U-cf713a,A-65aeb5,S-606747,2024-06-24,feature_19,12,3516,0,false
U-2c1e5a,A-65aeb5,S-606747,2024-12-02,feature_20,15,1245,0,false
U-a9c740,A-65aeb5,S-64d514,2024-02-23,feature_22,10,5710,0,false
U-b04b36,A-65aeb5,S-64d514,2024-09-16,feature_37,6,1002,1,false
U-afe096,A-65aeb5,S-64d514,2024-04-22,feature_4,9,5247,0,false
U-0f8b9d,A-65aeb5,S-64d514,2024-06-26,feature_1,12,6732,0,false
U-186381,A-65aeb5,S-6ce221,2024-07-30,feature_16,6,738,1,false
U-f445dd,A-65aeb5,S-6ce221,2024-08-01,feature_31,11,682,0,false
U-0195ef,A-65aeb5,S-6ce221,2024-02-19,feature_31,11,693,4,false
U-f2d2ea,A-65aeb5,S-6ce221,2024-03-31,feature_18,12,5064,2,false
U-6a2983,A-65aeb5,S-6ce221,2024-11-24,feature_29,12,3684,1,false
U-3fc412,A-65aeb5,S-c2eeba,2024-04-15,feature_25,17,5423,1,false
U-d99c33,A-65aeb5,S-c2eeba,2024-11-20,feature_10,11,187,1,false
U-3a40d6,A-65aeb5,S-c2eeba,2024-03-22,feature_39,13,1222,0,false
U-baa113,A-65aeb5,S-c2eeba,2024-04-27,feature_32,12,1476,2,false
U-dd7638,A-65aeb5,S-f2b79f,2024-09-23,feature_13,10,2740,3,false
U-96948d,A-65aeb5,S-f2b79f,2024-10-24,feature_29,12,2904,2,false
U-14a59f,A-65c341,S-003fc0,2024-09-16,feature_39,14,2996,1,false
U-94696a,A-65c341,S-0c0ddf,2024-06-22,feature_19,4,1264,0,false
U-16bc7d,A-65c341,S-0c0ddf,2024-03-03,feature_30,12,6612,1,false
U-d76667,A-65c341,S-0c0ddf,2024-05-13,feature_9,12,3408,5,false
U-96784a,A-65c341,S-71827b,2024-05-26,feature_29,9,2241,0,false
U-056f59,A-65c341,S-71827b,2024-08-24,feature_10,9,891,0,false
U-ae1a6c,A-65c341,S-d6aefa,2024-07-04,feature_26,13,4680,0,false
U-1b704a,A-65c341,S-d6aefa,2024-08-08,feature_39,9,4131,0,false
U-9e18b8,A-65c341,S-d6aefa,2024-05-16,feature_10,10,3560,0,false
U-3ff834,A-65c341,S-d6aefa,2024-04-05,feature_13,15,7995,0,false
U-fb8363,A-65c341,S-d6aefa,2024-06-02,feature_13,7,2303,0,true
U-9687f4,A-65c341,S-dd85c4,2024-05-24,feature_19,9,4158,0,false
U-551fc2,A-65c341,S-fedcd9,2024-02-21,feature_21,12,1032,2,false
U-c77cd2,A-66224b,S-c5a75d,2024-11-17,feature_40,15,2160,2,false
U-6fd1aa,A-66224b,S-c5a75d,2024-11-03,feature_13,16,6752,1,false
U-e42b3c,A-66224b,S-d859b7,2024-12-04,feature_9,9,594,0,false
U-097d2a,A-66224b,S-e5c35c,2024-11-26,feature_30,4,444,0,true
U-b0570a,A-66224b,S-f7b0e0,2024-11-12,feature_36,8,2760,0,false
U-d244bb,A-671f31,S-c508b3,2024-12-25,feature_34,7,2303,0,false
U-cbd20e,A-67be94,S-28d64b,2023-11-06,feature_5,12,264,0,false
U-4b9ebd,A-67be94,S-28d64b,2024-03-10,feature_29,10,1080,0,false
U-5377f6,A-67be94,S-28d64b,2024-09-30,feature_34,9,1980,0,false
U-516a4a,A-67be94,S-28d64b,2024-11-06,feature_25,9,4113,2,false
U-2c3d1b,A-67be94,S-28d64b,2024-06-21,feature_31,7,231,0,false
U-c818fd,A-67be94,S-51924b,2024-01-09,feature_31,13,2600,2,false
U-81c8bd,A-67be94,S-51924b,2024-01-26,feature_10,9,4797,0,false
U-dffc3c,A-67be94,S-51924b,2024-10-25,feature_29,8,4736,0,false
U-4ae29a,A-67be94,S-51924b,2024-09-11,feature_38,3,1626,1,false
U-4194e8,A-67be94,S-51924b,2024-11-01,feature_27,14,4914,1,false
U-3c76da,A-67be94,S-51924b,2024-05-17,feature_24,9,612,0,false
U-2a9ada,A-67be94,S-58b1a2,2024-05-20,feature_1,7,3332,0,false
U-9c9008,A-67be94,S-a707da,2024-12-18,feature_7,7,3311,0,false
U-ed9c3a,A-67be94,S-b6e15a,2024-03-07,feature_18,10,370,0,false
U-bf94d3,A-67be94,S-b6e15a,2024-08-15,feature_4,9,1953,1,false
U-3e8607,A-67be94,S-b6e15a,2024-05-13,feature_38,11,583,0,false
U-e7f55a,A-67be94,S-b6e15a,2024-02-22,feature_6,7,952,2,false
U-c3499c,A-67be94,S-d604ec,2024-08-20,feature_2,10,150,0,false
U-8f036f,A-67be94,S-d604ec,2024-08-18,feature_24,10,3610,0,false
U-b4f95c,A-67be94,S-d604ec,2024-10-31,feature_9,12,6768,0,false
U-e8f258,A-67be94,S-de9e50,2024-08-17,feature_1,9,2628,2,false
U-b56f3c,A-67be94,S-de9e50,2024-12-05,feature_5,10,5760,0,false
U-19a342,A-67be94,S-de9e50,2023-10-31,feature_3,12,5052,0,false
U-0a4999,A-67be94,S-de9e50,2024-07-30,feature_11,13,2067,0,true
U-67a981,A-67be94,S-de9e50,2024-12-03,feature_29,10,3220,0,false
U-ff4c23,A-684255,S-070d42,2024-05-22,feature_35,7,2653,0,true
U-783ed9,A-684255,S-070d42,2024-04-16,feature_24,15,5190,0,false
U-f4d16d,A-684255,S-070d42,2024-10-19,feature_36,10,3380,0,false
U-801e18,A-684255,S-18f498,2024-11-14,feature_25,4,300,1,true
U-5cdaf7,A-684255,S-18f498,2024-10-26,feature_9,14,112,0,true
U-2f3b8b,A-684255,S-18f498,2024-08-12,feature_12,9,2241,3,false
U-f1d4b5,A-684255,S-5da1b8,2024-04-27,feature_34,6,516,1,true
U-2ada6f,A-684255,S-5df64f,2024-07-18,feature_30,7,2828,1,false
U-6229fa,A-684255,S-5df64f,2024-10-04,feature_32,12,4512,0,false
U-b361a5,A-684255,S-65731a,2024-06-03,feature_24,7,3584,0,false
U-68fa37,A-684255,S-65731a,2024-07-19,feature_18,8,3704,1,false
U-b61042,A-684255,S-68ecd5,2024-10-21,feature_22,13,6721,2,false
U-765f6f,A-684255,S-6a56f1,2024-09-24,feature_40,13,5122,0,false
U-78c436,A-684255,S-6a56f1,2024-08-29,feature_20,5,2890,0,false
U-846daf,A-684255,S-c2c321,2024-12-08,feature_21,12,4056,1,false
U-381b68,A-684255,S-c935b8,2024-08-05,feature_32,12,768,2,false
U-94c7c9,A-684255,S-c935b8,2024-11-15,feature_38,11,3179,0,false
U-c68592,A-684255,S-c935b8,2024-10-11,feature_14,8,1560,0,false
U-596f38,A-684255,S-d29830,2024-04-14,feature_7,11,2255,1,true
U-114b77,A-684255,S-d29830,2024-09-20,feature_31,11,3322,0,true
U-50d968,A-684255,S-d29830,2024-05-29,feature_13,9,3222,1,false
U-9cd2e3,A-684255,S-dafec3,2024-04-21,feature_25,5,505,2,false
U-220184,A-684255,S-f74ac6,2024-09-05,feature_31,15,5370,0,true
U-75cc3f,A-68f37c,S-0f3df6,2024-08-19,feature_3,8,4664,1,false
U-af000c,A-68f37c,S-0f3df6,2024-01-01,feature_38,6,3090,0,false
U-1edb0a,A-68f37c,S-0f3df6,2024-04-09,feature_33,5,1760,0,true
U-ff9664,A-68f37c,S-0f3df6,2024-06-29,feature_33,12,4740,1,true
U-961078,A-68f37c,S-0f3df6,2024-01-08,feature_34,10,4830,0,false
U-5589ef,A-68f37c,S-290ee5,2024-03-08,feature_10,5,45,1,false
U-0c32bf,A-68f37c,S-290ee5,2024-05-25,feature_3,12,1584,0,false
U-85c210,A-68f37c,S-290ee5,2024-01-20,feature_2,16,8400,0,false
U-23a4b5,A-68f37c,S-3112d0,2023-12-06,feature_33,5,1425,0,false
U-b154e9,A-68f37c,S-3112d0,2023-10-17,feature_32,5,285,4,true
U-4d17f4,A-68f37c,S-367d84,2024-02-10,feature_4,10,990,0,false
U-3f90a2,A-68f37c,S-367d84,2024-03-07,feature_16,11,3454,0,true
U-c1cc1d,A-68f37c,S-367d84,2024-02-18,feature_29,5,2195,0,false
U-9033ef,A-68f37c,S-367d84,2023-08-13,feature_16,8,3352,1,false
U-bd9a8d,A-68f37c,S-401496,2024-02-14,feature_39,11,5038,0,false
U-c64b88,A-68f37c,S-401496,2024-07-26,feature_32,11,5753,0,false
U-2cbb83,A-68f37c,S-401496,2023-10-31,feature_2,5,115,0,false
U-1f6464,A-68f37c,S-401496,2023-09-01,feature_7,11,2750,0,false
U-4e08bd,A-68f37c,S-401496,2023-08-18,feature_31,7,2296,1,false
U-d2a10f,A-68f37c,S-575bef,2023-08-31,feature_20,13,4875,3,false
U-bbcf98,A-68f37c,S-575bef,2024-11-28,feature_38,10,1290,0,false
U-8d1da2,A-68f37c,S-575bef,2024-05-27,feature_31,10,5420,1,false
U-c40dcd,A-68f37c,S-575bef,2024-09-26,feature_30,8,2048,3,false
U-3f1a2d,A-68f37c,S-575bef,2024-06-04,feature_37,12,684,2,false
U-aea793,A-68f37c,S-9f009b,2023-12-15,feature_4,7,1176,2,true
U-d45af4,A-68f37c,S-b204c4,2024-08-01,feature_20,10,2820,0,false
U-e27d52,A-68f37c,S-b204c4,2024-05-22,feature_20,8,528,0,false
U-9f9b4a,A-68f37c,S-b204c4,2023-11-21,feature_5,9,1719,0,false
U-2f1996,A-68f37c,S-b204c4,2024-05-30,feature_18,18,9144,0,false
U-f7bf77,A-68f37c,S-befdf1,2023-11-13,feature_31,8,384,0,false
U-dbcbc6,A-68f37c,S-befdf1,2024-09-19,feature_34,9,2367,0,false
U-516710,A-68f37c,S-befdf1,2024-06-20,feature_4,11,2222,0,false
U-eb76df,A-68f37c,S-befdf1,2024-06-06,feature_16,12,5772,0,false
U-d6e151,A-68f37c,S-befdf1,2024-03-17,feature_7,13,5135,1,false
U-a5390e,A-68f37c,S-befdf1,2024-01-13,feature_9,5,1205,2,false
U-4f8293,A-68f37c,S-befdf1,2024-10-07,feature_22,8,1856,0,false
U-e467c6,A-68f37c,S-c89bff,2023-11-27,feature_17,7,2709,0,false
U-ce2fdf,A-68f37c,S-c89bff,2024-11-24,feature_27,18,5652,0,false
U-931014,A-68f37c,S-c89bff,2024-12-16,feature_40,4,2220,0,false
U-8c6ce7,A-68f37c,S-c89bff,2024-07-05,feature_38,9,5292,0,false
U-fca93a,A-68f37c,S-c89bff,2024-11-29,feature_24,8,1640,1,false
U-801fc1,A-68f37c,S-c89bff,2023-10-14,feature_36,15,6345,0,false
U-391d19,A-68f37c,S-c89bff,2024-07-09,feature_21,10,1560,2,false
U-53abb5,A-68f37c,S-fc8f09,2024-09-19,feature_19,11,517,0,false
U-7244ea,A-68f37c,S-fc8f09,2024-07-28,feature_24,9,4563,0,false
U-c1f2ab,A-68f37c,S-fc8f09,2024-12-09,feature_3,11,4103,0,false
U-73010a,A-692f18,S-14a685,2024-07-10,feature_29,9,3096,0,true
U-f6d2a9,A-692f18,S-14a685,2024-11-03,feature_18,8,1560,0,false
U-ad275b,A-692f18,S-14f672,2024-05-01,feature_35,6,1932,2,true
U-8a768e,A-692f18,S-2557d9,2024-07-28,feature_15,7,3654,0,false
U-83ae20,A-692f18,S-2557d9,2024-05-15,feature_25,11,1694,0,false
U-2ec5ce,A-692f18,S-2ee2e1,2024-10-17,feature_34,4,716,0,false
U-d6dcf4,A-692f18,S-2ee2e1,2024-04-14,feature_23,4,1648,1,false
U-128cee,A-692f18,S-3110d9,2024-08-27,feature_3,9,4716,1,false
U-7f2c8e,A-692f18,S-3110d9,2024-09-11,feature_13,6,3552,0,false
U-83ab8f,A-692f18,S-3110d9,2024-10-13,feature_21,9,1179,1,false
U-8ca8d1,A-692f18,S-41ca59,2024-08-04,feature_31,10,2270,0,false
U-08e8bb,A-692f18,S-650c13,2024-06-08,feature_36,8,864,1,false
U-900614,A-692f18,S-650c13,2024-09-25,feature_2,13,117,0,false
U-775a7f,A-692f18,S-70addb,2024-10-08,feature_38,10,5400,0,false
U-0f6797,A-692f18,S-7ba2ad,2024-12-05,feature_3,8,2424,0,false
U-371b36,A-692f18,S-7ba2ad,2024-05-07,feature_38,10,5650,1,false
U-e3b5a4,A-692f18,S-7ba2ad,2024-04-07,feature_7,8,872,0,false
U-3f64c2,A-692f18,S-7ba2ad,2024-07-04,feature_23,7,3409,3,false
U-0f6379,A-692f18,S-9c06f8,2024-10-26,feature_27,12,6552,0,false
U-5be975,A-692f18,S-bf9b37,2024-08-17,feature_30,6,2676,4,false
U-eff057,A-692f18,S-bf9b37,2024-10-12,feature_7,5,2755,2,false
U-14fdac,A-692f18,S-c22c29,2024-08-29,feature_14,6,1998,0,false
U-47f1a7,A-692f18,S-e1d553,2024-07-06,feature_4,9,4716,1,false
U-840211,A-692f18,S-e1d553,2024-04-08,feature_4,16,2032,0,false
U-abd6e9,A-692f18,S-fbbd54,2024-09-19,feature_32,11,1221,1,false
U-ee1de1,A-692f18,S-fbbd54,2024-12-15,feature_4,12,972,0,true
U-ba6678,A-692f18,S-fe0bc0,2024-12-10,feature_3,6,2412,1,false
U-d6aac3,A-6965e1,S-15c444,2024-12-28,feature_1,12,2280,1,false
U-776109,A-6965e1,S-1ff580,2024-12-06,feature_38,9,3051,0,false
U-8b2e86,A-69b156,S-1053c9,2024-01-23,feature_1,9,1233,0,true
U-77a1ea,A-69b156,S-1053c9,2024-12-09,feature_29,10,4850,2,false
U-74a608,A-69b156,S-1053c9,2024-05-28,feature_27,8,2488,2,false
U-9a87ad,A-69b156,S-1053c9,2024-06-17,feature_22,8,1872,0,false
U-1c4a11,A-69b156,S-7d0dea,2024-08-07,feature_33,9,3672,0,false
U-9f43eb,A-69b156,S-807d87,2024-01-25,feature_12,12,1092,1,false
U-ba2095,A-69b156,S-807d87,2024-05-06,feature_30,6,660,1,false
U-d03b0d,A-69b156,S-807d87,2024-01-02,feature_22,11,319,0,false
U-a0edd8,A-69b156,S-807d87,2024-03-25,feature_38,14,2772,0,false
U-d07b61,A-69b156,S-a332ba,2024-07-04,feature_20,11,638,1,false
U-8a6e30,A-69b156,S-a332ba,2024-08-31,feature_21,15,2835,0,false
U-c20f45,A-69b156,S-a332ba,2024-04-05,feature_28,13,7202,0,false
U-037b25,A-69b156,S-c2f293,2024-06-08,feature_6,11,1628,0,false
U-e5b4b3,A-69b156,S-c2f293,2024-12-12,feature_39,10,1340,0,false
U-f0f499,A-69b156,S-cb3c72,2024-03-26,feature_10,8,4504,0,true
U-240aea,A-69b156,S-cb3c72,2024-01-11,feature_10,8,320,0,false
U-81ad9d,A-69b156,S-cb3c72,2024-08-06,feature_34,8,3272,1,false
U-297965,A-69b156,S-cb3c72,2024-04-06,feature_39,12,4212,1,false
U-f1da30,A-69b156,S-f0e08e,2024-05-29,feature_12,13,923,3,false
U-ca8131,A-69b156,S-f0e08e,2024-05-01,feature_1,13,3601,0,false
U-a5fbc9,A-69b156,S-f0e08e,2024-01-15,feature_24,16,8144,0,false
U-c28385,A-69fad4,S-1d63bf,2024-11-27,feature_17,12,1956,0,false
U-d6b65a,A-69fad4,S-1d63bf,2023-07-24,feature_37,14,1498,0,true
U-62a2b1,A-69fad4,S-1d63bf,2023-11-10,feature_25,9,711,0,false
U-566d42,A-69fad4,S-1d63bf,2024-11-29,feature_14,13,6903,0,false
U-ab2d0e,A-69fad4,S-1d63bf,2023-12-02,feature_2,13,5291,0,false
U-f8e6ee,A-69fad4,S-23281c,2024-11-07,feature_16,10,410,1,false
U-a26959,A-69fad4,S-23281c,2024-07-22,feature_27,7,4095,0,false
U-9c1f35,A-69fad4,S-23281c,2023-12-15,feature_29,13,7215,0,false
U-4a3d21,A-69fad4,S-23281c,2024-12-05,feature_35,13,7384,0,false
U-31997d,A-69fad4,S-23281c,2024-10-06,feature_38,15,1800,1,false
U-e86185,A-69fad4,S-23281c,2024-08-29,feature_11,11,99,0,false
U-ccb702,A-69fad4,S-2d4edf,2024-06-13,feature_16,7,1631,0,false
U-2bd192,A-69fad4,S-2d4edf,2024-03-25,feature_20,13,5889,0,false
U-ed0c83,A-69fad4,S-2d4edf,2023-07-29,feature_16,9,3465,1,false
U-5485e6,A-69fad4,S-2d4edf,2023-07-30,feature_20,8,1888,0,false
U-c61373,A-69fad4,S-3eb9c8,2023-11-15,feature_8,8,3336,1,false
U-d9f745,A-69fad4,S-e0179e,2024-02-13,feature_39,7,1099,0,false
U-3129a8,A-69fad4,S-e0179e,2024-11-23,feature_36,9,4797,2,false
U-1be4b3,A-69fad4,S-e0179e,2023-10-13,feature_8,14,2562,0,false
U-2f5c3b,A-69fad4,S-e0179e,2023-08-17,feature_15,12,2832,1,false
U-3639d6,A-69fad4,S-e0179e,2023-10-27,feature_33,12,3588,0,false
U-af953b,A-69fad4,S-e0179e,2023-09-29,feature_32,9,2241,2,false
U-ff52a2,A-69fad4,S-fffeb8,2023-12-15,feature_6,10,4170,2,false
U-7bff00,A-69fad4,S-fffeb8,2024-12-15,feature_3,6,1938,0,false
U-7e1a7b,A-69fad4,S-fffeb8,2024-01-10,feature_28,12,5160,4,false
U-55382b,A-69fad4,S-fffeb8,2024-07-21,feature_28,14,2492,2,true
U-cf222a,A-6a4e2d,S-0ab4e8,2023-08-10,feature_20,16,3600,0,false
U-f0d88d,A-6a4e2d,S-0ab4e8,2024-03-19,feature_40,12,5160,1,false
U-ab6050,A-6a4e2d,S-0ab4e8,2023-10-04,feature_29,8,2480,0,false
U-ec81cc,A-6a4e2d,S-0ab4e8,2024-01-08,feature_24,13,2145,1,false
U-84fd57,A-6a4e2d,S-0ab4e8,2023-07-31,feature_40,8,1760,0,false
U-189e83,A-6a4e2d,S-2565f0,2024-03-21,feature_30,6,2682,0,false
U-7a8f1a,A-6a4e2d,S-2565f0,2024-09-30,feature_25,10,3830,0,false
U-d619d3,A-6a4e2d,S-2565f0,2024-05-11,feature_38,6,2862,0,false
U-631b60,A-6a4e2d,S-2565f0,2023-10-29,feature_29,17,7599,0,false
U-2bd40c,A-6a4e2d,S-2b504d,2024-06-24,feature_32,10,280,3,false
U-b9f661,A-6a4e2d,S-2b504d,2024-06-13,feature_30,13,4277,0,false
U-b40344,A-6a4e2d,S-3092cb,2024-07-17,feature_2,8,1264,0,false
U-9080be,A-6a4e2d,S-3092cb,2024-03-30,feature_27,10,3280,0,false
U-cadf3f,A-6a4e2d,S-63e282,2024-10-18,feature_12,6,666,0,false
U-e92179,A-6a4e2d,S-63e282,2024-02-05,feature_26,8,3352,0,false
U-66fbf5,A-6a4e2d,S-63e282,2023-10-19,feature_30,9,72,0,false
U-10e040,A-6a4e2d,S-63e282,2024-02-06,feature_27,14,4704,0,false
U-8f15ad,A-6a4e2d,S-96ead2,2024-10-23,feature_25,4,1504,0,false
U-ddb2b7,A-6a4e2d,S-96ead2,2023-10-02,feature_11,12,5616,0,false
U-4f79ff,A-6a4e2d,S-96ead2,2024-10-10,feature_19,6,2796,0,false
U-e226cb,A-6a4e2d,S-96ead2,2023-09-27,feature_19,10,890,0,true
U-a0b26e,A-6a4e2d,S-9b8421,2024-01-16,feature_16,10,5690,0,false
U-f88047,A-6a4e2d,S-9b8421,2023-06-09,feature_2,13,2158,0,false
U-bcf6c8,A-6a4e2d,S-9b8421,2024-05-15,feature_8,14,4998,0,false
U-704438,A-6a4e2d,S-9b8421,2024-05-17,feature_27,10,180,3,false
U-87da1f,A-6a4e2d,S-9efd1b,2024-04-20,feature_37,8,4064,0,false
U-6984f8,A-6a4e2d,S-9efd1b,2023-07-05,feature_35,10,2750,0,false
U-da7238,A-6a4e2d,S-9efd1b,2023-06-11,feature_30,9,2871,0,false
U-6378b9,A-6a4e2d,S-9efd1b,2024-03-09,feature_32,7,2534,0,false
U-9a7662,A-6a4e2d,S-9efd1b,2024-04-02,feature_31,9,4428,0,false
U-9e569c,A-6a4e2d,S-9efd1b,2023-07-22,feature_4,8,3672,0,false
U-f7ed87,A-6a4e2d,S-c844bd,2024-07-03,feature_15,11,6556,0,false
U-cc304f,A-6a4e2d,S-c844bd,2024-02-01,feature_2,8,1056,0,true
U-38d168,A-6a4e2d,S-c844bd,2023-12-14,feature_12,7,2975,0,false
U-b68ff8,A-6a4e2d,S-c844bd,2024-10-14,feature_4,11,3410,0,false
U-480639,A-6a4e2d,S-c844bd,2024-07-01,feature_4,13,2210,3,false
U-a9c4b1,A-6a4e2d,S-c844bd,2023-09-14,feature_12,15,105,0,true
U-5b3ef7,A-6a4e2d,S-c844bd,2023-12-13,feature_16,11,143,5,false
U-4c6792,A-6a4e2d,S-e715bb,2024-05-21,feature_22,14,8064,1,false
U-d494bf,A-6a4e2d,S-e715bb,2024-08-30,feature_6,13,6643,1,false
U-f31ea4,A-6a4e2d,S-e715bb,2024-01-18,feature_38,9,3456,2,false
U-10b523,A-6a4e2d,S-e715bb,2024-06-06,feature_32,12,3444,1,false
U-28c789,A-6a4e2d,S-e7c172,2024-07-29,feature_18,13,2574,0,false
U-9de9f9,A-6a4e2d,S-e7c172,2023-07-12,feature_8,15,1740,1,false
U-08c015,A-6a4e2d,S-e7c172,2024-05-01,feature_18,5,1040,1,false
U-757fbe,A-6a7c9d,S-3abf3f,2024-12-18,feature_2,6,1656,0,false
U-8755c1,A-6c093d,S-0ff481,2024-12-30,feature_9,7,980,2,false
U-42b2e6,A-6c093d,S-0ff481,2023-08-29,feature_16,10,1090,0,false
U-41278b,A-6c093d,S-0ff481,2023-10-08,feature_39,11,5258,1,true
U-9457c3,A-6c093d,S-191550,2023-10-24,feature_20,11,605,0,false
U-a59762,A-6c093d,S-191550,2024-03-08,feature_9,12,6216,1,false
U-40a32a,A-6c093d,S-191550,2024-04-11,feature_30,13,4290,0,false
U-34e17f,A-6c093d,S-270a4e,2023-06-26,feature_25,10,3260,0,false
U-885ef0,A-6c093d,S-270a4e,2024-01-25,feature_5,6,1956,0,false
U-552977,A-6c093d,S-270a4e,2024-03-14,feature_16,7,4151,0,false
U-64d86b,A-6c093d,S-270a4e,2024-12-15,feature_17,6,2838,2,false
U-6819d7,A-6c093d,S-270a4e,2024-10-01,feature_13,6,1146,0,false
U-5e947d,A-6c093d,S-270a4e,2023-12-09,feature_20,13,6578,0,false
U-aa7aca,A-6c093d,S-4af421,2023-09-19,feature_27,13,1625,0,false
U-23110f,A-6c093d,S-4af421,2023-10-12,feature_2,12,6396,0,false
U-f584a0,A-6c093d,S-4af421,2024-08-08,feature_22,5,2480,0,false
U-e5b1fa,A-6c093d,S-4af421,2024-03-19,feature_36,8,472,0,true
U-173b90,A-6c093d,S-4af421,2024-03-31,feature_23,14,1722,0,false
U-5fdbd1,A-6c093d,S-4af421,2024-03-04,feature_36,11,3311,0,false
U-5353e4,A-6c093d,S-4af421,2023-08-20,feature_23,9,1269,2,false
U-f00dc8,A-6c093d,S-4af421,2024-02-09,feature_30,10,3620,0,false
U-598863,A-6c093d,S-4fc62f,2024-03-27,feature_23,8,4360,0,false
U-e25439,A-6c093d,S-4fc62f,2023-08-06,feature_29,12,6588,2,false
U-d81245,A-6c093d,S-77c22b,2023-08-01,feature_32,15,7650,1,false
U-c66d07,A-6c093d,S-8b9deb,2024-10-17,feature_35,15,2205,2,true
U-947c57,A-6c093d,S-8b9deb,2023-12-17,feature_7,7,3171,0,false
U-be5f50,A-6c093d,S-8b9deb,2023-07-24,feature_32,13,5694,0,false
U-9595de,A-6c093d,S-8b9deb,2024-02-13,feature_25,14,4844,0,true
U-61a8a5,A-6c093d,S-8b9deb,2024-12-14,feature_20,11,2409,2,false
U-ab29bb,A-6c093d,S-8b9deb,2024-12-28,feature_18,12,5820,0,false
U-0605b3,A-6c093d,S-8b9deb,2024-03-29,feature_14,13,6188,1,false
U-51b904,A-6c093d,S-8b9deb,2024-09-11,feature_25,6,654,0,false
U-c52d03,A-6c093d,S-8b9deb,2023-11-05,feature_32,6,3258,0,true
U-a35cab,A-6c093d,S-91da84,2024-04-07,feature_40,11,5434,0,false
U-35799b,A-6c093d,S-91da84,2024-02-03,feature_5,9,2304,0,false
U-75ee0a,A-6c093d,S-91da84,2024-01-23,feature_4,7,2128,1,false
U-6e0f7e,A-6c093d,S-b633be,2024-01-24,feature_9,6,858,0,false
U-894067,A-6c093d,S-b633be,2024-12-18,feature_31,16,5568,1,false
U-044b4e,A-6c093d,S-b633be,2024-05-10,feature_7,9,5175,0,false
U-983232,A-6c093d,S-b633be,2024-09-18,feature_20,9,594,0,true
U-cca34a,A-6c093d,S-c9eecb,2024-08-17,feature_20,10,3830,0,false
U-af7f5f,A-6c093d,S-c9eecb,2023-05-22,feature_36,10,4050,0,false
U-1a0e0c,A-6c093d,S-c9eecb,2024-07-16,feature_12,8,3400,0,false
U-282648,A-6c093d,S-c9eecb,2024-01-10,feature_29,4,1840,0,false
U-25648d,A-6c093d,S-c9eecb,2023-08-06,feature_21,13,1261,0,false
U-c02000,A-6c093d,S-d1350e,2023-05-27,feature_28,12,5064,0,false
U-2e3212,A-6c093d,S-d1350e,2024-10-19,feature_36,18,1548,0,false
U-7f6628,A-6c093d,S-d66d63,2024-01-07,feature_27,9,4608,0,false
U-2c7afc,A-6c093d,S-d66d63,2024-12-06,feature_26,14,5908,0,false
U-f34745,A-6c093d,S-d66d63,2024-01-04,feature_38,19,8474,4,false
U-3b0226,A-6c093d,S-d66d63,2024-08-20,feature_40,6,750,1,true
U-8b60e3,A-6c093d,S-d66d63,2024-11-06,feature_18,10,1300,0,false
U-2427b8,A-6c093d,S-d66d63,2024-04-09,feature_35,14,2226,0,false
U-379f40,A-6c093d,S-d66d63,2024-09-14,feature_36,5,2305,0,false
U-3b829d,A-6c093d,S-d66d63,2024-01-19,feature_32,9,2763,0,false
U-ca90d2,A-6c093d,S-d66d63,2023-07-28,feature_17,15,2535,0,false
U-f7185e,A-6da850,S-305a67,2024-03-18,feature_25,5,1035,0,true
U-103b87,A-6da850,S-42aaf0,2024-06-23,feature_7,12,252,0,false
U-1d3e71,A-6da850,S-5f40a3,2024-06-20,feature_10,16,7104,0,false
U-abfaf3,A-6da850,S-5f40a3,2024-09-26,feature_24,7,1638,0,false
U-b4d1a0,A-6da850,S-5f40a3,2024-01-24,feature_21,6,252,1,false
U-4480c4,A-6da850,S-5f9a67,2024-07-29,feature_30,15,570,0,false
U-155124,A-6da850,S-69b66d,2024-12-27,feature_33,6,1854,0,true
U-e97c60,A-6da850,S-6c9ee1,2023-10-29,feature_26,3,18,2,true
U-5eccdb,A-6da850,S-6c9ee1,2024-04-06,feature_6,13,2171,0,false
U-707a54,A-6da850,S-7685a3,2023-12-04,feature_27,13,2483,1,false
U-dfd9cc,A-6da850,S-7685a3,2024-04-25,feature_26,7,3941,0,false
U-27deec,A-6da850,S-76b176,2024-02-14,feature_2,13,4251,0,false
U-ffc751,A-6da850,S-858aa0,2024-08-16,feature_12,10,3470,0,false
U-e0f1f4,A-6da850,S-858aa0,2024-12-21,feature_7,9,4662,0,false
U-30a8d0,A-6da850,S-858aa0,2024-08-27,feature_32,8,144,0,false
U-9e957e,A-6da850,S-858aa0,2024-09-18,feature_26,7,2534,3,false
U-d6096e,A-6da850,S-a8e49e,2023-10-30,feature_12,16,8080,0,false
U-4e7de4,A-6da850,S-a8e49e,2023-11-06,feature_2,8,2064,0,false
U-76dd69,A-6da850,S-b6aefa,2024-06-14,feature_8,20,7240,1,true
U-7fe117,A-6da850,S-b6aefa,2023-11-12,feature_26,10,3310,5,false
U-afd583,A-6da850,S-be079b,2024-03-25,feature_6,8,3312,2,false
U-c1e16d,A-6da850,S-be079b,2024-02-25,feature_33,8,2104,0,true
U-71f56d,A-6da850,S-be079b,2024-04-04,feature_38,17,3417,0,false
U-cd00db,A-6da850,S-be079b,2024-11-09,feature_7,16,2816,2,false
U-26e0e1,A-6da850,S-dd220e,2023-11-20,feature_36,7,2611,1,false
U-de4e44,A-6da850,S-dd220e,2024-04-21,feature_34,4,188,0,false
U-89d65a,A-6da850,S-dd220e,2024-01-14,feature_19,7,3773,0,false
U-1cdc4b,A-6da850,S-dd220e,2024-08-05,feature_26,9,1728,0,false
U-a851a6,A-6da850,S-dd220e,2024-09-10,feature_4,10,2300,0,true
U-f8bcdb,A-6da850,S-dd220e,2024-01-05,feature_13,9,621,0,false
U-2dca7b,A-6da850,S-dd220e,2024-06-04,feature_5,13,2366,0,true
U-200865,A-6da850,S-e3903e,2024-09-17,feature_6,14,6468,0,false
U-3b24be,A-6da850,S-f553b5,2023-12-19,feature_15,14,1456,1,false
U-76d7bb,A-6da850,S-f553b5,2024-04-25,feature_39,7,3864,3,false
U-7ea8a3,A-6dee43,S-0ff339,2023-11-13,feature_5,9,999,0,false
U-054ec5,A-6dee43,S-108caf,2024-08-19,feature_31,8,920,0,false
U-367c34,A-6dee43,S-37bdb4,2024-03-24,feature_6,10,3630,0,false
U-adf636,A-6dee43,S-37bdb4,2024-05-13,feature_28,9,3744,0,false
U-a1ec45,A-6dee43,S-39f1ed,2024-04-03,feature_1,7,3262,0,false
U-9874bc,A-6dee43,S-39f1ed,2024-10-16,feature_2,14,6244,0,false
U-e996f6,A-6dee43,S-46dfac,2024-04-11,feature_37,7,1435,0,false
U-9a3307,A-6dee43,S-46dfac,2023-11-17,feature_11,8,584,1,false
U-a18096,A-6dee43,S-46dfac,2024-06-21,feature_29,6,2508,0,false
U-7871f0,A-6dee43,S-46dfac,2024-09-09,feature_40,4,2160,1,false
U-bd2074,A-6dee43,S-4704e5,2024-02-10,feature_29,8,656,0,false
U-2b3bd2,A-6dee43,S-4704e5,2024-02-20,feature_18,11,2860,0,false
U-44f311,A-6dee43,S-4704e5,2024-01-19,feature_21,13,3783,0,false
U-b0d158,A-6dee43,S-4704e5,2024-08-06,feature_15,9,3510,0,true
U-1fa0f9,A-6dee43,S-4f5c94,2023-10-27,feature_12,12,612,0,false
U-841c39,A-6dee43,S-8669e4,2024-08-28,feature_20,8,1264,2,false
U-1fef40,A-6dee43,S-c287ef,2024-01-25,feature_7,7,1050,0,false
U-fa2336,A-6dee43,S-c287ef,2024-11-18,feature_4,6,2298,0,true
U-a92dd3,A-6dee43,S-e7416c,2023-10-30,feature_6,9,4491,0,false
U-6e5e5f,A-6dee43,S-e7416c,2024-03-14,feature_18,6,1392,0,false
U-5212a4,A-6dee43,S-e7416c,2024-06-03,feature_33,7,1246,0,false
U-9c021f,A-6dee43,S-e7416c,2024-05-29,feature_28,7,2604,1,false
U-64e4f8,A-6dee43,S-f2d47e,2024-10-19,feature_7,4,2220,0,false
U-d1fcd3,A-6dee43,S-f2d47e,2024-01-02,feature_31,12,4188,0,false
U-caa480,A-6dee43,S-f2d47e,2024-08-11,feature_34,12,1320,0,false
U-c07f3c,A-6e08f3,S-09d706,2023-08-05,feature_25,14,4186,0,true
U-8144f4,A-6e08f3,S-09d706,2024-01-18,feature_40,11,5786,0,false
U-a97d4a,A-6e08f3,S-2480b0,2024-11-28,feature_21,16,7280,1,false
U-2b251d,A-6e08f3,S-2480b0,2024-03-17,feature_25,9,5292,0,false
U-6d8264,A-6e08f3,S-2480b0,2024-10-18,feature_6,14,4718,1,false
U-84d12a,A-6e08f3,S-2480b0,2023-08-04,feature_36,9,2205,0,false
U-ed2dec,A-6e08f3,S-3b9ad8,2024-02-12,feature_40,6,1800,0,false
U-f932ae,A-6e08f3,S-3b9ad8,2023-11-19,feature_30,9,657,0,false
U-334604,A-6e08f3,S-3b9ad8,2024-05-16,feature_38,11,792,0,false
U-18aa70,A-6e08f3,S-3b9ad8,2023-09-19,feature_40,9,4464,0,false
U-b3b4a4,A-6e08f3,S-4dae4f,2024-04-09,feature_26,6,1674,0,false
U-0286e4,A-6e08f3,S-4dae4f,2023-12-09,feature_4,10,4610,0,false
U-7abaf9,A-6e08f3,S-4dae4f,2023-08-09,feature_32,12,4764,0,false
U-4e02d2,A-6e08f3,S-4dae4f,2024-11-28,feature_24,12,4572,1,true
U-23c6cf,A-6e08f3,S-762cae,2023-11-19,feature_15,13,2509,0,true
U-d34e3b,A-6e08f3,S-762cae,2024-08-08,feature_25,10,290,2,false
U-104664,A-6e08f3,S-762cae,2024-11-30,feature_11,10,2740,0,false
U-594626,A-6e08f3,S-762cae,2024-11-21,feature_31,12,1524,0,false
U-caad16,A-6e08f3,S-762cae,2024-04-10,feature_2,13,169,0,false
U-3f9a65,A-6e08f3,S-762cae,2024-02-01,feature_2,6,2124,0,false
U-b7470a,A-6e08f3,S-762cae,2024-08-11,feature_34,7,2765,0,true
U-ac0442,A-6e08f3,S-862572,2024-01-20,feature_37,13,3783,0,false
U-2697e2,A-6e08f3,S-862572,2024-01-09,feature_11,12,1776,0,false
U-95a929,A-6e08f3,S-92f78a,2024-03-15,feature_20,7,3850,0,false
U-61d1bd,A-6e08f3,S-92f78a,2023-09-17,feature_16,10,970,0,false
U-f5378b,A-6e08f3,S-aa78ed,2024-11-21,feature_28,14,5026,0,false
U-572e9e,A-6e08f3,S-aa78ed,2024-01-23,feature_32,14,5236,0,true
U-f87c2d,A-6e08f3,S-aa78ed,2024-12-19,feature_19,3,1059,0,false
U-1b78dc,A-6e08f3,S-aa78ed,2023-12-16,feature_3,9,747,0,false
U-9ac108,A-6e08f3,S-c419d6,2024-09-09,feature_32,8,4464,2,false
U-a14723,A-6e08f3,S-c419d6,2024-01-05,feature_20,9,2493,0,false
U-a386f1,A-6e08f3,S-c419d6,2024-09-11,feature_2,12,4764,0,true
U-aa639b,A-6e08f3,S-ca0eb1,2024-09-09,feature_6,6,2376,0,false
U-95b5d8,A-6e08f3,S-ca0eb1,2023-10-30,feature_30,10,4060,0,false
U-ffbd26,A-6e08f3,S-ca0eb1,2024-10-22,feature_22,12,3816,0,false
U-c5b7a3,A-6e08f3,S-ca0eb1,2023-11-23,feature_15,7,1988,0,false
U-72c9fa,A-6e08f3,S-ca0eb1,2024-09-15,feature_22,8,2752,3,false
U-51930a,A-6e08f3,S-ca0eb1,2024-04-08,feature_25,12,2676,0,false
U-87f7a2,A-6e08f3,S-ca0eb1,2024-12-28,feature_15,11,319,0,false
U-03e021,A-6e7827,S-0da40c,2024-06-09,feature_33,9,2142,3,false
U-5864dc,A-6e7827,S-0da40c,2023-12-06,feature_27,10,5200,0,false
U-c5064f,A-6e7827,S-0da40c,2024-09-11,feature_26,6,2058,4,false
U-056830,A-6e7827,S-0da40c,2023-07-04,feature_15,6,2826,2,false
U-53af84,A-6e7827,S-0da40c,2024-10-01,feature_17,9,1377,2,false
U-3bcef4,A-6e7827,S-0da40c,2024-08-15,feature_15,14,1246,0,false
U-948017,A-6e7827,S-0da40c,2024-07-15,feature_8,13,5902,1,false
U-63f29c,A-6e7827,S-22083e,2023-07-28,feature_33,8,2248,0,true
U-c6c192,A-6e7827,S-22083e,2024-09-01,feature_25,6,2166,3,false
U-4d1482,A-6e7827,S-22083e,2024-08-26,feature_15,12,7140,0,false
U-027f0e,A-6e7827,S-22083e,2023-10-16,feature_27,9,1341,0,false
U-e349a2,A-6e7827,S-22083e,2024-03-13,feature_25,9,1827,0,false
U-d9449d,A-6e7827,S-22083e,2024-05-11,feature_39,14,3052,0,false
U-18bfc2,A-6e7827,S-49e3e5,2023-09-09,feature_36,7,3458,0,false
U-d2f343,A-6e7827,S-741431,2024-12-21,feature_28,12,384,1,false
U-0c9657,A-6e7827,S-798707,2024-03-29,feature_2,11,3487,0,false
U-ca9796,A-6e7827,S-798707,2024-03-14,feature_37,14,2324,0,false
U-6b716e,A-6e7827,S-890baf,2024-10-04,feature_38,7,2877,0,false
U-2a6c63,A-6e7827,S-890baf,2024-02-22,feature_18,12,1152,0,false
U-340716,A-6e7827,S-890baf,2024-07-23,feature_19,10,380,2,false
U-5cb6f3,A-6e7827,S-890baf,2024-11-10,feature_22,11,5632,0,false
U-da93b6,A-6e7827,S-890baf,2024-07-31,feature_18,10,1720,0,false
U-c7df32,A-6e7827,S-890baf,2024-01-23,feature_18,11,5192,2,false
U-536591,A-6e7827,S-bdf4de,2024-02-28,feature_9,11,847,1,false
U-d5820f,A-6e7827,S-bdf4de,2024-11-17,feature_18,10,1200,2,true
U-8233a0,A-6e7827,S-c52d77,2024-06-20,feature_25,11,5401,0,false
U-734bc3,A-6e7827,S-c52d77,2024-08-22,feature_38,7,889,0,false
U-4c8243,A-6e7827,S-c52d77,2023-09-13,feature_33,12,4188,3,false
U-d54257,A-6e7827,S-cd13b5,2023-11-21,feature_11,17,5202,0,false
U-42a17f,A-6e7827,S-cd13b5,2023-09-13,feature_15,8,4600,0,false
U-fe3698,A-6e7827,S-cd13b5,2023-07-07,feature_9,16,6848,0,false
U-abbb90,A-6f50ae,S-01fa46,2024-05-17,feature_31,10,2410,2,false
U-74c0c5,A-6f50ae,S-01fa46,2024-11-29,feature_38,11,2156,0,false
U-4b9c68,A-6f50ae,S-01fa46,2024-10-05,feature_32,11,891,1,false
U-50a14b,A-6f50ae,S-2245c0,2024-05-15,feature_38,8,3088,0,true
U-39ce2e,A-6f50ae,S-2245c0,2024-09-13,feature_7,9,1197,0,false
U-cbecbb,A-6f50ae,S-2245c0,2024-01-02,feature_40,6,3150,0,false
U-330ef5,A-6f50ae,S-2245c0,2024-10-20,feature_20,15,5625,1,false
U-fdd3a6,A-6f50ae,S-2245c0,2024-04-15,feature_11,12,2724,0,false
U-20c30c,A-6f50ae,S-2245c0,2024-09-30,feature_38,7,2709,0,false
U-2f0789,A-6f50ae,S-3ad221,2024-01-13,feature_13,14,1918,0,false
U-4d2d85,A-6f50ae,S-3ad221,2024-08-03,feature_35,14,714,4,false
U-d91111,A-6f50ae,S-3ad221,2024-08-04,feature_27,15,5355,1,false
U-c93f6c,A-6f50ae,S-3f00dc,2024-11-02,feature_24,7,154,2,false
U-3c22a1,A-6f50ae,S-3f00dc,2024-06-22,feature_34,9,3987,0,false
U-17ff9d,A-6f50ae,S-3f00dc,2024-08-17,feature_15,5,2350,0,false
U-b2622a,A-6f50ae,S-3f00dc,2023-12-01,feature_3,9,1485,2,false
U-3dfff4,A-6f50ae,S-3f00dc,2024-09-08,feature_11,15,6720,0,false
U-dd649e,A-6f50ae,S-3f00dc,2024-02-17,feature_20,5,1820,0,false
U-c02f3f,A-6f50ae,S-4040a9,2024-06-03,feature_31,11,4972,0,false
U-f951b1,A-6f50ae,S-4040a9,2024-07-22,feature_16,8,48,0,false
U-1b84f8,A-6f50ae,S-4040a9,2024-08-22,feature_16,8,4680,0,false
U-955a58,A-6f50ae,S-491caf,2024-12-01,feature_32,8,440,0,false
U-79ba17,A-6f50ae,S-491caf,2024-04-06,feature_10,12,3192,0,false
U-717cce,A-6f50ae,S-491caf,2024-06-09,feature_21,13,5239,0,false
U-f15da8,A-6f50ae,S-58b22d,2024-10-12,feature_38,11,5324,1,false
U-ddde09,A-6f50ae,S-58b22d,2023-11-13,feature_11,6,1200,0,false
U-6f5546,A-6f50ae,S-58b22d,2024-04-15,feature_37,9,5148,0,false
U-e97446,A-6f50ae,S-58b22d,2023-12-07,feature_5,10,5240,0,false
U-843bba,A-6f50ae,S-9c4090,2024-01-02,feature_32,6,2892,3,false
U-8c1b86,A-6f50ae,S-9c4090,2024-09-23,feature_37,7,2534,0,false
U-4c3805,A-6f50ae,S-b6793d,2024-12-22,feature_1,9,3114,0,false
U-c0c029,A-6f50ae,S-b6793d,2024-01-01,feature_11,3,801,1,false
U-17896e,A-6f50ae,S-b6793d,2024-02-25,feature_34,6,1656,0,false
U-2d83d4,A-6f50ae,S-b6793d,2024-04-26,feature_39,13,3380,0,false
U-1ae9dd,A-6f50ae,S-b6793d,2024-10-25,feature_28,13,1625,2,true
U-735336,A-6f50ae,S-c03f87,2024-06-09,feature_32,4,908,0,false
U-241baa,A-6f50ae,S-c27df9,2024-03-25,feature_11,14,5418,0,false
U-e46da5,A-6f50ae,S-c27df9,2024-01-22,feature_3,7,476,1,false
U-cfe96c,A-6f50ae,S-d3613b,2024-05-06,feature_1,8,376,0,false
U-f490dd,A-6f50ae,S-d3613b,2024-02-27,feature_15,12,3300,3,false
U-4e19be,A-6f50ae,S-d3613b,2024-09-21,feature_40,15,3390,0,false
U-06b4ef,A-6f50ae,S-d3613b,2024-04-27,feature_40,14,3388,1,false
U-34c8e3,A-6f50ae,S-d50d25,2024-11-08,feature_14,9,1134,0,true
U-7a2dd3,A-6f50ae,S-d50d25,2024-11-02,feature_2,14,7644,2,false
U-eafe42,A-6f50ae,S-f0c3f6,2024-09-08,feature_40,14,5964,0,false
U-87d551,A-6f50ae,S-f0c3f6,2024-03-30,feature_40,9,1386,0,false
U-693253,A-6f50ae,S-f0c3f6,2024-12-03,feature_25,12,5352,0,false
U-f071f8,A-6f8ad2,S-0c56e1,2024-08-01,feature_28,12,1980,2,false
U-f8829a,A-6f8ad2,S-0c56e1,2024-12-16,feature_13,8,624,0,false
U-47adf0,A-6f8ad2,S-0c56e1,2024-09-06,feature_10,9,4086,0,false
U-52301b,A-6f8ad2,S-0c56e1,2024-09-30,feature_33,10,3160,0,false
U-4445e5,A-6f8ad2,S-3b5eb3,2024-07-26,feature_40,12,2628,0,true
U-0b6e2c,A-6f8ad2,S-3b5eb3,2024-10-19,feature_3,10,3680,0,true
U-25eee4,A-6f8ad2,S-3b5eb3,2024-09-20,feature_34,7,3255,0,false
U-8e08fc,A-6f8ad2,S-3b5eb3,2024-10-11,feature_19,12,4788,1,false
U-539107,A-6f8ad2,S-43c2e3,2024-11-12,feature_38,7,3115,1,false
U-8b454c,A-6f8ad2,S-628842,2024-08-02,feature_18,9,1782,0,false
U-8520f2,A-6f8ad2,S-628842,2024-09-28,feature_16,5,2790,2,false
U-110567,A-6f8ad2,S-628842,2024-09-02,feature_12,13,3341,1,false
U-d05460,A-6f8ad2,S-6a017c,2024-10-31,feature_24,7,1568,2,false
U-aa40d8,A-6f8ad2,S-6a017c,2024-10-23,feature_19,15,2835,0,false
U-515d2c,A-6f8ad2,S-6a017c,2024-12-13,feature_11,7,4165,0,false
U-624794,A-6f8ad2,S-6a017c,2024-10-29,feature_10,6,1086,0,false
U-735e72,A-6f8ad2,S-6a017c,2024-09-05,feature_13,20,7540,1,false
U-9b8090,A-6f8ad2,S-6ace80,2024-11-17,feature_7,5,695,0,false
U-a76c4c,A-6f8ad2,S-6ace80,2024-08-04,feature_36,12,3276,6,false
U-38dff8,A-6f8ad2,S-6cafdf,2024-10-10,feature_7,9,4140,1,false
U-8aec21,A-6f8ad2,S-6cafdf,2024-08-24,feature_9,16,3104,0,false
U-61a6ce,A-6f8ad2,S-6cafdf,2024-08-17,feature_11,11,4675,2,true
U-bdf570,A-6f8ad2,S-c08805,2024-07-23,feature_33,10,3480,0,false
U-85aa07,A-6f8ad2,S-c08805,2024-12-31,feature_7,8,880,0,false
U-cbc025,A-6f8ad2,S-c1056f,2024-12-15,feature_5,11,5247,2,true
U-e33037,A-6f8ad2,S-fe0c52,2024-07-24,feature_34,9,2133,0,true
U-baaa54,A-6f8ad2,S-fe0c52,2024-07-30,feature_7,11,6105,0,false
U-e8563d,A-702032,S-2de449,2024-10-11,feature_19,11,4422,0,false
U-3098dd,A-702032,S-9b12da,2024-05-24,feature_40,19,6042,0,false
U-1c7a4c,A-702032,S-9b12da,2024-10-26,feature_10,13,2795,0,false
U-c20a0f,A-702032,S-9c09cb,2024-09-02,feature_39,8,1864,0,false
U-022807,A-702032,S-9c09cb,2024-09-30,feature_34,4,2208,0,false
U-003599,A-702032,S-9c09cb,2024-07-23,feature_2,6,306,0,false
U-b255e2,A-702032,S-a7d379,2024-05-11,feature_2,12,1968,1,false
U-fabda8,A-702032,S-a7d379,2024-12-02,feature_2,10,1470,1,false
U-d195bb,A-702032,S-aa0c6b,2024-08-20,feature_17,12,5496,0,false
U-47baec,A-712426,S-896e2f,2024-12-27,feature_34,12,4668,0,false
U-ec4e51,A-712426,S-a0e1dc,2024-11-16,feature_31,7,2926,0,false
U-dea5a1,A-712533,S-24a63d,2024-12-10,feature_19,12,4560,0,false
U-e8ee7c,A-712533,S-24a63d,2024-09-30,feature_3,11,1210,0,false
U-1a48b6,A-712533,S-2d3096,2023-12-05,feature_25,12,1740,0,false
U-e3dd64,A-712533,S-2d3096,2024-04-30,feature_17,8,1616,0,false
U-bda3cd,A-712533,S-2d3096,2023-10-23,feature_1,12,96,0,false
U-7961e8,A-712533,S-2d3096,2024-03-10,feature_25,12,2796,3,false
U-98ad67,A-712533,S-6c877e,2024-01-24,feature_7,11,1947,0,false
U-9f29f9,A-712533,S-6c877e,2023-10-16,feature_38,8,272,0,false
U-0e9388,A-712533,S-6c877e,2023-09-01,feature_21,5,1715,0,true
U-9bd645,A-712533,S-6c877e,2024-01-08,feature_16,8,112,2,false
U-6e8fa8,A-712533,S-737994,2023-10-08,feature_1,13,6669,0,false
U-2cd18a,A-712533,S-737994,2024-10-11,feature_3,6,822,1,false
U-eece58,A-712533,S-737994,2023-10-17,feature_39,11,6028,3,false
U-f88ba3,A-712533,S-737994,2024-05-07,feature_2,6,2916,0,false
U-e919e8,A-712533,S-737994,2024-02-18,feature_20,8,2056,0,false
U-1dcd47,A-712533,S-737994,2024-09-07,feature_4,10,2230,0,false
U-255502,A-712533,S-80c291,2024-04-17,feature_26,10,1320,0,false
U-ec2c60,A-712533,S-906b0c,2024-11-08,feature_25,12,5256,0,false
U-06acce,A-712533,S-aaaa83,2024-12-07,feature_36,6,2394,0,false
U-d079c3,A-712533,S-aaaa83,2023-12-03,feature_20,7,1050,0,false
U-839925,A-712533,S-aaaa83,2024-06-07,feature_3,13,1001,1,false
U-0f19cd,A-712533,S-b1c57d,2024-01-30,feature_9,7,3143,1,false
U-aba1ec,A-712533,S-b3f236,2023-12-09,feature_2,11,4125,1,true
U-1d06c6,A-712533,S-b3f236,2024-05-15,feature_33,9,2412,0,false
U-4b6b04,A-712533,S-b3f236,2024-11-13,feature_5,6,1686,0,false
U-5c0497,A-712533,S-b3f236,2024-03-11,feature_15,10,640,4,false
U-23c66f,A-712533,S-b3f236,2024-06-24,feature_23,15,405,0,false
U-e7e6cf,A-712533,S-b3f236,2023-09-07,feature_28,11,4598,0,false
U-a69155,A-712533,S-e1ee60,2024-07-31,feature_19,14,5264,1,false
U-574ee4,A-712533,S-e1ee60,2024-07-21,feature_22,8,392,2,false
U-af10ea,A-712533,S-e1ee60,2024-04-16,feature_32,8,1056,1,true
U-6955b0,A-712533,S-e1ee60,2024-11-18,feature_33,13,7748,3,false
U-d4e454,A-712533,S-e1ee60,2024-03-18,feature_14,12,5388,0,false
U-5bf135,A-712533,S-e72beb,2024-04-28,feature_36,12,6156,2,false
U-3034e1,A-712533,S-e72beb,2024-11-04,feature_28,11,4950,0,false
U-d55bea,A-712533,S-ea66df,2024-10-25,feature_13,12,2100,0,false
U-9d1ce6,A-712533,S-ea66df,2024-12-12,feature_40,13,5096,0,false
U-0e804f,A-712533,S-ea66df,2024-02-14,feature_15,9,4230,1,false
U-54f1d8,A-712f1c,S-19029a,2024-09-30,feature_22,5,680,0,false
U-e09344,A-712f1c,S-19029a,2024-11-11,feature_17,9,1278,0,false
U-ffe26f,A-712f1c,S-19029a,2024-12-23,feature_20,12,1644,0,false
U-f3ec9f,A-712f1c,S-19029a,2024-05-11,feature_30,9,612,0,false
U-36ca14,A-712f1c,S-19029a,2024-03-20,feature_20,6,1140,0,false
U-3ffcf7,A-712f1c,S-1cfab2,2024-08-12,feature_40,14,5460,5,false
U-0cdf60,A-712f1c,S-2ff0ab,2024-12-29,feature_37,10,2410,0,false
U-fee3b0,A-712f1c,S-302add,2024-07-01,feature_1,9,3969,1,false
U-80c96b,A-712f1c,S-302add,2024-07-24,feature_37,14,6482,0,false
U-7cef46,A-712f1c,S-302add,2024-03-21,feature_20,8,3352,0,true
U-aaf3ec,A-712f1c,S-302add,2024-07-05,feature_21,6,3066,1,false
U-174907,A-712f1c,S-43f9f8,2024-09-12,feature_34,9,1413,1,false
U-382729,A-712f1c,S-43f9f8,2024-04-16,feature_28,7,1694,0,false
U-48f5b4,A-712f1c,S-43f9f8,2024-08-22,feature_23,9,450,0,false
U-7d22b5,A-712f1c,S-4fc5ca,2024-03-15,feature_28,12,6600,0,true
U-704ce7,A-712f1c,S-54d2a3,2024-08-15,feature_6,6,1560,0,false
U-cec5a6,A-712f1c,S-54d2a3,2024-04-12,feature_15,5,150,0,false
U-396c9e,A-712f1c,S-54d2a3,2024-04-13,feature_27,5,520,2,true
U-7b4d7b,A-712f1c,S-5ddeef,2024-03-28,feature_33,7,1967,0,false
U-2b180b,A-712f1c,S-5ddeef,2024-12-01,feature_7,16,3760,0,false
U-fe7d24,A-712f1c,S-5ddeef,2024-11-10,feature_5,7,2261,0,false
U-b01da6,A-712f1c,S-76e7d9,2024-08-30,feature_33,8,1088,0,false
U-61db46,A-712f1c,S-9ac7cb,2024-04-30,feature_15,10,1160,0,false
U-ad981f,A-712f1c,S-a554da,2024-02-22,feature_28,5,455,1,false
U-72100e,A-712f1c,S-a554da,2024-10-30,feature_1,6,504,0,false
U-7c2ecd,A-712f1c,S-f97609,2024-04-23,feature_12,15,6120,1,false
U-299dcc,A-712f1c,S-f97609,2024-02-03,feature_17,4,2348,0,true
U-6fca7d,A-71615e,S-112733,2024-08-31,feature_20,11,1023,0,true
U-22e5aa,A-71615e,S-11e29d,2024-12-18,feature_15,10,3300,0,false
U-642b1d,A-71615e,S-11e29d,2024-09-12,feature_7,8,4400,4,false
U-62f1ec,A-71615e,S-17fb4d,2024-10-01,feature_1,12,1524,0,false
U-783735,A-71615e,S-738d4a,2024-10-09,feature_4,7,4200,0,false
U-0458ef,A-71615e,S-738d4a,2024-07-16,feature_33,10,4220,0,false
U-bdfe93,A-71615e,S-738d4a,2024-07-06,feature_24,11,957,0,false
U-7f3dab,A-71615e,S-820711,2024-11-08,feature_10,11,440,0,false
U-899d71,A-71615e,S-820711,2024-11-22,feature_25,12,4812,1,false
U-a7d368,A-71615e,S-820711,2024-08-13,feature_6,7,210,0,false
U-d52598,A-71615e,S-85320b,2024-11-27,feature_38,7,630,2,false
U-da60c2,A-71615e,S-85320b,2024-10-21,feature_12,11,6039,0,false
U-c901f9,A-71615e,S-85320b,2024-07-05,feature_29,18,10008,0,false
U-a3ad5d,A-71615e,S-85320b,2024-08-02,feature_25,10,1290,3,false
U-4c8f26,A-71615e,S-a9a707,2024-12-22,feature_24,10,2140,0,false
U-fc7d14,A-71615e,S-a9a707,2024-10-17,feature_32,7,1876,0,false
U-eb0dd5,A-71615e,S-d238c2,2024-08-31,feature_17,9,5400,4,false
U-2b8e6d,A-71615e,S-d30894,2024-08-05,feature_15,17,2805,2,false
U-2e3bb3,A-71615e,S-d30894,2024-12-04,feature_3,9,234,0,false
U-c1f781,A-71615e,S-f8bff8,2024-09-10,feature_10,12,6672,0,false
U-9b918f,A-716841,S-3d2ebb,2024-08-10,feature_10,15,4080,0,false
U-e51396,A-716841,S-3d2ebb,2024-07-19,feature_24,12,4668,0,false
U-0065c4,A-716841,S-3d2ebb,2024-05-18,feature_32,10,690,1,false
U-7aea22,A-716841,S-658f5f,2024-07-22,feature_34,10,1210,0,false
U-ff7d1b,A-716841,S-658f5f,2024-08-01,feature_21,7,1330,1,false
U-1ab7eb,A-716841,S-83c56d,2024-12-20,feature_12,5,1920,0,false
U-4b3389,A-716841,S-83c56d,2024-06-29,feature_36,7,266,0,false
U-a6d1b3,A-716841,S-a60299,2024-06-18,feature_20,8,2672,0,false
U-7d5f31,A-716841,S-a60299,2024-11-08,feature_5,12,6468,0,false
U-84f18c,A-716841,S-dd5a4c,2024-06-29,feature_25,13,5941,0,false
U-659464,A-716841,S-dd5a4c,2024-12-03,feature_5,9,630,2,false
U-e69849,A-726cfa,S-207191,2024-05-11,feature_16,10,5760,0,false
U-430c5c,A-726cfa,S-207191,2024-11-05,feature_24,7,3318,0,false
U-64935c,A-726cfa,S-207191,2024-01-02,feature_21,13,3679,0,true
U-0f8d52,A-726cfa,S-55a520,2023-09-06,feature_34,10,1510,1,false
U-c96cfa,A-726cfa,S-55a520,2024-03-06,feature_31,12,4812,0,false
U-d59d33,A-726cfa,S-55a520,2024-03-19,feature_26,5,2120,0,false
U-689b42,A-726cfa,S-55a520,2024-12-11,feature_23,6,1326,0,false
U-8ce8a7,A-726cfa,S-583ae2,2023-07-21,feature_28,5,310,0,true
U-4f7864,A-726cfa,S-583ae2,2024-05-30,feature_36,13,299,0,false
U-326e4f,A-726cfa,S-600ea7,2023-07-22,feature_13,4,488,0,false
U-f28ccb,A-726cfa,S-600ea7,2024-10-22,feature_21,4,84,0,false
U-a71eb5,A-726cfa,S-600ea7,2024-04-28,feature_30,6,1578,0,false
U-6ed144,A-726cfa,S-600ea7,2023-12-13,feature_37,16,5184,0,true
U-388989,A-726cfa,S-600ea7,2024-11-05,feature_6,8,3328,0,true
U-ca929b,A-726cfa,S-600ea7,2024-06-20,feature_37,9,5157,0,false
U-b918d5,A-726cfa,S-61a647,2024-05-29,feature_38,9,3267,0,false
U-fdd47e,A-726cfa,S-61a647,2024-09-18,feature_35,6,3168,0,false
U-a5f033,A-726cfa,S-61a647,2023-07-21,feature_17,13,2951,0,false
U-f30c30,A-726cfa,S-648618,2023-12-11,feature_13,4,2248,0,false
U-4b3624,A-726cfa,S-6d9705,2024-05-15,feature_21,8,664,0,false
U-ab6428,A-726cfa,S-6d9705,2024-01-10,feature_26,11,2387,0,false
U-80feb2,A-726cfa,S-6d9705,2023-11-02,feature_12,10,1570,0,false
U-274cd5,A-726cfa,S-73cd99,2024-04-15,feature_13,11,2981,0,false
U-961f65,A-726cfa,S-73cd99,2023-12-29,feature_7,6,156,0,false
U-f19758,A-726cfa,S-73cd99,2023-11-05,feature_39,13,4446,0,false
U-8210cb,A-726cfa,S-73cd99,2024-04-12,feature_17,11,1804,0,false
U-8812b7,A-726cfa,S-73cd99,2023-07-18,feature_10,8,560,0,false
U-dc7f31,A-726cfa,S-73cd99,2024-10-24,feature_24,10,4750,0,true
U-b62b6f,A-726cfa,S-73cd99,2023-12-23,feature_35,9,90,2,false
U-bb2ca2,A-726cfa,S-73cd99,2024-09-17,feature_33,11,3190,4,false
U-1a0e2b,A-726cfa,S-73cd99,2024-11-30,feature_2,10,3640,0,false
U-94b6d4,A-726cfa,S-748318,2024-09-11,feature_26,10,3480,0,false
U-696f1b,A-726cfa,S-748318,2023-12-06,feature_29,11,4334,2,false
U-c4fcd0,A-726cfa,S-93ce26,2024-03-04,feature_7,5,520,0,false
U-623fe5,A-726cfa,S-93ce26,2023-10-29,feature_23,10,1100,0,false
U-467d3c,A-726cfa,S-93ce26,2024-04-25,feature_36,7,2968,0,false
U-2a54a6,A-726cfa,S-93ce26,2024-11-28,feature_10,7,3178,1,false
U-a197b8,A-726cfa,S-93ce26,2024-09-24,feature_18,10,3190,0,false
U-3cce1b,A-726cfa,S-9ce22d,2023-11-22,feature_7,13,1118,0,true
U-86a7f9,A-726cfa,S-9ce22d,2023-12-13,feature_40,11,3795,2,false
U-b0ab3f,A-726cfa,S-9ce22d,2024-07-13,feature_34,9,2916,0,false
U-3898b2,A-726cfa,S-9ce22d,2024-07-27,feature_1,12,2052,0,false
U-487b12,A-726cfa,S-9ce22d,2024-07-13,feature_30,17,3077,1,false
U-8dce5e,A-726cfa,S-9ce22d,2023-08-21,feature_39,11,5060,3,true
U-55a6a5,A-726cfa,S-9ce22d,2024-04-08,feature_32,14,1092,0,false
U-134cef,A-726cfa,S-afed2d,2024-08-22,feature_23,13,6435,0,false
U-779058,A-726cfa,S-afed2d,2023-11-03,feature_35,10,5200,0,true
U-79899d,A-726cfa,S-afed2d,2024-08-05,feature_5,11,2013,0,false
U-9374a1,A-726cfa,S-afed2d,2023-07-22,feature_8,9,4689,2,true
U-598c48,A-726cfa,S-afed2d,2024-10-15,feature_15,14,2926,0,false
U-5bc069,A-726cfa,S-afed2d,2024-12-06,feature_1,15,1065,0,false
U-3594a3,A-726cfa,S-afed2d,2024-03-16,feature_27,9,3708,0,false
U-8779e2,A-726cfa,S-c38acd,2023-09-01,feature_29,16,3136,0,false
U-fef475,A-726cfa,S-c38acd,2023-10-01,feature_29,9,5121,0,false
U-977c5d,A-726cfa,S-c38acd,2024-05-09,feature_39,7,2884,3,false
U-ba543b,A-726cfa,S-c38acd,2024-12-06,feature_14,14,364,2,false
U-405c90,A-726cfa,S-d316df,2023-09-13,feature_10,5,1505,0,false
U-f11c3e,A-726cfa,S-d316df,2024-02-21,feature_16,14,3612,0,false
U-6d35a7,A-726cfa,S-d316df,2024-04-30,feature_13,12,1536,0,false
U-f6819b,A-726cfa,S-d316df,2023-07-30,feature_7,13,5772,0,false
U-cedc3a,A-726cfa,S-ed1eb5,2023-10-28,feature_30,5,355,0,false
U-04561b,A-726cfa,S-ed1eb5,2023-12-30,feature_2,6,738,0,false
U-c1d215,A-726cfa,S-f869a0,2023-07-16,feature_27,10,2030,0,false
U-fa564e,A-726cfa,S-f869a0,2024-03-19,feature_39,12,2976,2,false
U-74c467,A-726cfa,S-fa0d9e,2024-12-26,feature_8,7,406,0,false
U-c0ba61,A-726cfa,S-fa0d9e,2023-10-03,feature_39,7,3255,0,false
U-0ccc8c,A-726cfa,S-fa0d9e,2024-12-12,feature_26,11,5280,0,false
U-2a6065,A-726cfa,S-fa0d9e,2024-04-20,feature_3,13,7800,0,false
U-455fee,A-726cfa,S-fdc415,2023-08-21,feature_35,22,5412,0,true
U-be1537,A-726cfa,S-fdc415,2023-08-12,feature_5,8,2824,0,false
U-741bfc,A-726cfa,S-ff79f7,2023-10-30,feature_19,9,3771,0,true
U-eb8232,A-726cfa,S-ff79f7,2024-06-12,feature_18,11,1287,2,false
U-327732,A-726cfa,S-ff79f7,2024-08-19,feature_4,8,2832,0,false
U-184153,A-726cfa,S-ff79f7,2024-08-21,feature_10,14,2030,0,false
U-d91797,A-72799b,S-3ef584,2023-12-04,feature_25,8,560,0,false
U-6da95f,A-72799b,S-3ef584,2024-04-30,feature_21,10,840,1,false
U-f8dc23,A-72799b,S-89a8a2,2024-11-11,feature_4,9,3879,3,false
U-2a38a9,A-72799b,S-89a8a2,2024-04-19,feature_37,4,2356,0,false
U-7b14bd,A-72799b,S-89a8a2,2024-02-29,feature_1,11,6501,1,false
U-6c4ddd,A-72799b,S-8ae507,2024-06-24,feature_39,6,1752,0,false
U-61b97d,A-72799b,S-8ae507,2024-12-16,feature_14,6,1080,3,false
U-83e948,A-72799b,S-8ae507,2024-07-28,feature_24,12,804,0,true
U-a0f8ad,A-72799b,S-8ae507,2024-05-05,feature_29,10,3920,1,false
U-4a08b4,A-72799b,S-8ae507,2023-12-16,feature_12,9,3717,0,false
U-71e42b,A-72799b,S-8bab7f,2024-04-20,feature_24,10,260,0,false
U-39d520,A-72799b,S-8bab7f,2024-07-24,feature_3,4,1816,0,false
U-7af492,A-72799b,S-8bab7f,2024-06-12,feature_40,6,3054,0,true
U-f25915,A-72799b,S-8bab7f,2024-04-11,feature_1,9,5013,0,true
U-2ff9bc,A-72799b,S-8c61f4,2024-05-28,feature_2,16,128,0,false
U-b509eb,A-72799b,S-8c61f4,2024-05-26,feature_35,10,3200,0,false
U-bd8796,A-72799b,S-8c61f4,2024-06-09,feature_17,8,4768,0,true
U-b3fe5d,A-72799b,S-d2d423,2024-05-08,feature_39,18,7416,0,false
U-c0ae2b,A-72799b,S-d2d423,2024-12-27,feature_25,11,3025,0,true
U-d2b6e2,A-72799b,S-d2d423,2024-06-04,feature_4,10,720,0,false
U-4f9f59,A-72799b,S-d7ae8c,2024-11-23,feature_34,12,3252,0,false
U-ae5234,A-72799b,S-dc86fa,2024-03-25,feature_4,4,1772,1,false
U-7006b4,A-72799b,S-dd1d46,2024-02-01,feature_32,7,3031,2,false
U-05e04c,A-72799b,S-dd1d46,2024-10-31,feature_15,9,3978,0,false
U-b284a5,A-72799b,S-f61f42,2024-07-10,feature_14,9,1926,1,false
U-88c8bc,A-72799b,S-f61f42,2024-11-01,feature_25,12,6816,0,false
U-6434f2,A-751bd4,S-d56a2c,2024-12-18,feature_7,10,1980,0,false
U-6d08a3,A-751bd4,S-d56a2c,2024-11-06,feature_10,10,120,0,false
U-c97ffc,A-751bd4,S-d56a2c,2024-11-16,feature_14,10,3010,0,false
U-1a3739,A-751c58,S-16ef7a,2024-09-08,feature_11,10,5770,1,false
U-7f9659,A-751c58,S-16ef7a,2024-09-22,feature_40,5,2380,1,true
U-8f396f,A-751c58,S-16ef7a,2024-09-28,feature_29,8,3384,0,false
U-0e9d40,A-751c58,S-3a3d0f,2024-12-04,feature_34,15,2505,0,false
U-9a24b2,A-751c58,S-3a3d0f,2024-12-29,feature_3,12,1092,0,false
U-31f91a,A-751c58,S-4d2011,2024-11-24,feature_9,12,5112,0,false
U-1f389c,A-751c58,S-767957,2024-08-25,feature_27,10,4530,2,false
U-f43d57,A-751c58,S-9a8d01,2024-12-06,feature_5,13,2730,0,false
U-cb9b91,A-751c58,S-aede24,2024-10-23,feature_16,13,260,0,false
U-09bdae,A-751c58,S-dbc4d5,2024-11-16,feature_17,17,6409,4,false
U-e7c546,A-751c58,S-dbc4d5,2024-11-10,feature_35,5,2665,0,false
U-0eafa4,A-751c58,S-dbc4d5,2024-07-30,feature_18,11,5049,0,false
U-a7d414,A-751c58,S-f497df,2024-10-25,feature_35,15,6315,0,false
U-c4b01f,A-756192,S-0ecec7,2024-08-20,feature_9,13,6812,0,false
U-e0124f,A-756192,S-0ecec7,2024-05-25,feature_19,6,3588,2,false
U-f9a02e,A-756192,S-0ecec7,2024-06-20,feature_29,9,5391,1,false
U-4fdfb5,A-756192,S-0ecec7,2024-05-15,feature_1,10,2540,0,false
U-ee08d8,A-756192,S-0ecec7,2024-09-16,feature_35,13,7384,2,true
U-c53bc1,A-756192,S-0ecec7,2024-07-04,feature_14,7,728,0,false
U-c38c89,A-756192,S-2ecaea,2023-11-05,feature_18,11,3542,3,false
U-3d5148,A-756192,S-2ecaea,2024-02-18,feature_30,11,286,0,false
U-646ddd,A-756192,S-2ecaea,2023-11-19,feature_32,8,4584,0,false
U-a2a52f,A-756192,S-373490,2024-03-18,feature_31,12,2712,0,false
U-c59b64,A-756192,S-43b137,2024-06-22,feature_9,8,3656,0,false
U-9914cf,A-756192,S-43b137,2024-12-29,feature_15,11,4037,0,false
U-bddacf,A-756192,S-827bc4,2023-11-15,feature_10,9,1845,0,false
U-f91405,A-756192,S-827bc4,2023-12-11,feature_33,7,2331,0,false
U-4b7a88,A-756192,S-827bc4,2024-10-26,feature_11,12,636,1,false
U-961f59,A-756192,S-9a0b2f,2023-12-29,feature_39,8,472,0,false
U-6227a9,A-756192,S-9a0b2f,2023-12-13,feature_1,12,5328,4,false
U-30fd60,A-756192,S-9a0b2f,2024-03-26,feature_26,11,5588,0,false
U-62e47e,A-756192,S-9a0b2f,2024-10-04,feature_14,12,4140,2,false
U-741019,A-756192,S-9a0b2f,2024-03-05,feature_19,5,1280,1,false
U-a7ade2,A-756192,S-a54f87,2023-11-10,feature_16,12,4644,0,false
U-bf508f,A-756192,S-a54f87,2024-12-15,feature_38,11,6325,0,false
U-cbc9af,A-756192,S-a54f87,2024-09-14,feature_11,6,1656,0,false
U-dd8750,A-756192,S-a54f87,2023-12-29,feature_34,5,390,0,false
U-1c0c5e,A-756192,S-a54f87,2023-11-20,feature_30,11,4576,1,false
U-277e02,A-756192,S-a54f87,2024-02-15,feature_14,10,210,0,false
U-9be808,A-756192,S-e89b90,2024-10-27,feature_15,3,1305,0,false
U-2e9ade,A-756192,S-e89b90,2024-08-08,feature_18,17,7514,2,false
U-77f108,A-756192,S-e89b90,2024-08-07,feature_11,12,1620,1,false
U-8eef81,A-756192,S-e89b90,2024-03-14,feature_3,5,1975,2,false
U-88c018,A-756192,S-f24690,2024-11-05,feature_3,8,2664,0,false
U-88bfb6,A-756192,S-f24690,2023-12-26,feature_29,6,366,0,false
U-3856fb,A-756192,S-f24690,2024-06-20,feature_5,9,2151,0,false
U-fa85fe,A-756192,S-f24690,2023-10-16,feature_8,8,2584,0,false
U-93fa51,A-756192,S-f24690,2024-07-15,feature_5,7,3962,0,false
U-0adc75,A-756192,S-f24690,2024-02-01,feature_27,10,1400,0,false
U-d62f11,A-756192,S-f5d8ce,2024-01-19,feature_27,8,4792,0,false
U-efa5b5,A-756192,S-f5d8ce,2024-02-01,feature_16,6,444,0,false
U-201799,A-756192,S-f5d8ce,2024-07-27,feature_3,11,1023,0,false
U-77b289,A-756192,S-f5d8ce,2024-05-13,feature_29,5,2835,0,false
U-eeec7b,A-7641d3,S-0146f6,2024-04-21,feature_8,9,4851,0,false
U-ec4d4d,A-7641d3,S-0146f6,2024-07-06,feature_40,7,2443,0,false
U-ad7391,A-7641d3,S-0146f6,2024-10-01,feature_40,11,5489,0,false
U-3ba5b5,A-7641d3,S-0146f6,2023-05-21,feature_21,6,2640,0,false
U-42dbbc,A-7641d3,S-0146f6,2024-10-18,feature_33,5,1390,0,false
U-a9db62,A-7641d3,S-0146f6,2023-08-23,feature_21,14,6692,1,false
U-4b8340,A-7641d3,S-3b3fac,2023-08-05,feature_12,10,500,0,false
U-20831e,A-7641d3,S-3b3fac,2024-01-20,feature_4,14,5446,0,false
U-86a065,A-7641d3,S-3b3fac,2024-06-15,feature_9,8,2664,5,false
U-93a8d3,A-7641d3,S-3b3fac,2023-04-28,feature_17,19,8987,0,false
U-e91006,A-7641d3,S-6b3ac8,2023-04-26,feature_17,12,2016,2,false
U-3294b2,A-7641d3,S-6d10f7,2023-06-08,feature_9,7,1484,0,false
U-780f83,A-7641d3,S-6d10f7,2024-11-13,feature_38,7,980,0,false
U-062d5a,A-7641d3,S-6d10f7,2024-01-30,feature_29,13,4797,0,false
U-513d64,A-7641d3,S-6d10f7,2023-07-24,feature_32,8,1568,0,false
U-96b0f0,A-7641d3,S-a9b904,2024-05-11,feature_20,7,1554,0,false
U-985d7e,A-7641d3,S-a9b904,2023-12-20,feature_33,5,2890,0,false
U-e821dd,A-7641d3,S-a9b904,2023-09-08,feature_22,13,1859,0,false
U-4f442c,A-7641d3,S-a9b904,2024-07-11,feature_26,13,1638,0,false
U-27af13,A-7641d3,S-a9b904,2024-12-24,feature_12,10,4030,0,false
U-93243f,A-7641d3,S-a9b904,2023-04-17,feature_7,10,800,0,false
U-ecabef,A-7641d3,S-b33593,2023-12-08,feature_8,13,1963,0,false
U-447827,A-7641d3,S-b33593,2024-08-16,feature_2,9,3330,0,false
U-df5080,A-7641d3,S-b33593,2024-08-24,feature_15,11,2794,0,false
U-2ba36b,A-7641d3,S-b33593,2024-08-31,feature_14,4,136,0,false
U-f5eccb,A-7641d3,S-b33593,2023-09-12,feature_15,8,696,0,false
U-6f2066,A-7641d3,S-b33593,2024-01-29,feature_11,9,3303,1,false
U-cc4a7d,A-7641d3,S-b3613a,2024-11-08,feature_2,14,1582,0,false
U-1dce31,A-7641d3,S-b3613a,2023-06-08,feature_11,8,3848,3,false
U-cfd2aa,A-7641d3,S-b3613a,2023-06-18,feature_38,10,4940,2,true
U-556919,A-7641d3,S-d74733,2023-08-20,feature_24,13,4966,0,true
U-2d674c,A-7641d3,S-d74733,2024-07-02,feature_32,9,3744,0,false
U-2726fa,A-7641d3,S-d74733,2024-03-10,feature_6,11,2783,1,false
U-f0df72,A-7641d3,S-d74733,2023-05-23,feature_33,4,636,1,false
U-c06c19,A-7641d3,S-d74733,2024-05-22,feature_11,11,3608,0,false
U-86afe3,A-7641d3,S-d74733,2024-09-13,feature_24,10,4360,0,false
U-95f097,A-7641d3,S-d74733,2023-04-21,feature_36,12,4692,0,false
U-8216ca,A-7641d3,S-f5f52a,2024-01-20,feature_27,11,5962,2,true
U-05a319,A-7641d3,S-f5f52a,2024-04-27,feature_35,15,8625,5,false
U-feaa5d,A-7641d3,S-f5f52a,2023-05-02,feature_23,12,1212,0,false
U-16cf9d,A-7641d3,S-f8d74d,2023-10-16,feature_32,13,4810,1,true
U-9eccef,A-7641d3,S-f8d74d,2024-07-05,feature_36,9,3816,0,false
U-dc59a0,A-7641d3,S-f8d74d,2024-12-17,feature_3,12,4800,1,false
U-e7149a,A-7641d3,S-f8d74d,2023-11-21,feature_27,10,2430,0,false
U-3329d9,A-7641d3,S-f8d74d,2024-09-04,feature_26,12,840,1,false
U-40507c,A-7641d3,S-fdc127,2024-11-29,feature_27,11,3377,0,false
U-c05a82,A-76fa4d,S-b01b1c,2024-12-03,feature_17,6,3156,1,false
U-31ef17,A-76fa4d,S-b01b1c,2024-12-02,feature_4,9,2160,0,false
U-2ecf07,A-779e4e,S-11066a,2023-03-16,feature_27,8,4448,0,false
U-87770f,A-779e4e,S-11066a,2024-07-28,feature_22,12,6096,0,false
U-41a695,A-779e4e,S-11066a,2024-03-21,feature_28,16,2608,2,false
U-f7f780,A-779e4e,S-11066a,2024-09-23,feature_31,7,819,0,false
U-fbe900,A-779e4e,S-11066a,2023-04-04,feature_30,5,2930,0,false
U-3ece00,A-779e4e,S-11066a,2024-05-24,feature_26,11,1100,0,false
U-8ccb44,A-779e4e,S-11066a,2023-04-25,feature_26,10,5210,0,false
U-5f8ee6,A-779e4e,S-18356d,2023-07-10,feature_17,9,2070,0,true
U-dcd122,A-779e4e,S-18356d,2024-12-20,feature_2,8,3160,3,false
U-7eb9df,A-779e4e,S-18356d,2024-03-05,feature_12,6,3456,0,false
U-475f80,A-779e4e,S-295bac,2024-02-25,feature_17,12,1236,1,false
U-32f31c,A-779e4e,S-295bac,2023-01-26,feature_25,11,1012,0,false
U-96d112,A-779e4e,S-295bac,2023-03-14,feature_33,7,1617,1,false
U-f99526,A-779e4e,S-694aa7,2023-07-19,feature_2,7,2450,2,false
U-e7b65a,A-779e4e,S-694aa7,2024-04-13,feature_26,11,319,2,false
U-23a1a9,A-779e4e,S-694aa7,2023-02-02,feature_33,11,1694,0,false
U-aa91c5,A-779e4e,S-694aa7,2023-02-25,feature_12,13,3809,0,false
U-c877cb,A-779e4e,S-694aa7,2023-01-15,feature_5,8,1256,1,true
U-ce9cca,A-779e4e,S-694aa7,2024-09-25,feature_16,11,5104,0,false
U-c6482f,A-779e4e,S-694aa7,2023-04-01,feature_15,9,378,0,false
U-34e244,A-779e4e,S-694aa7,2024-09-01,feature_2,10,1770,0,false
U-819101,A-779e4e,S-92a38d,2024-10-13,feature_9,5,130,2,false
U-e82bbc,A-779e4e,S-92a38d,2023-05-18,feature_20,7,2023,0,false
U-11dca9,A-779e4e,S-92a38d,2023-07-19,feature_5,7,2268,0,false
U-93b5ee,A-779e4e,S-92a38d,2024-02-18,feature_4,13,6097,1,true
U-a16468,A-779e4e,S-92f228,2023-02-25,feature_38,5,2915,0,false
U-ae98a3,A-779e4e,S-92f228,2023-07-08,feature_11,14,7252,0,false
U-c3bc96,A-779e4e,S-92f228,2024-10-20,feature_19,6,270,2,false
U-725c0a,A-779e4e,S-92f228,2023-08-03,feature_40,5,2665,0,false
U-4495f0,A-779e4e,S-92f228,2023-02-15,feature_17,5,1845,0,false
U-3a8464,A-779e4e,S-92f228,2023-12-16,feature_14,9,1494,0,false
U-f62754,A-779e4e,S-9ae8de,2024-07-04,feature_36,12,6192,1,false
U-c89edd,A-779e4e,S-9ae8de,2024-02-22,feature_14,5,1230,0,true
U-b5d8cf,A-779e4e,S-9ae8de,2023-04-09,feature_16,7,378,1,false
U-2c2529,A-779e4e,S-c3660c,2023-01-09,feature_10,12,6456,0,false
U-bd8b94,A-779e4e,S-d01053,2024-03-14,feature_5,5,80,0,false
U-d39e04,A-779e4e,S-d01053,2023-03-21,feature_3,10,1220,1,false
U-f89a2d,A-779e4e,S-d01053,2023-09-11,feature_7,11,3971,0,false
U-e4b319,A-779e4e,S-d01053,2024-07-04,feature_9,13,2444,0,false
U-851429,A-779e4e,S-d01053,2023-06-25,feature_36,7,56,0,false
U-77912f,A-779e4e,S-fee9c9,2024-07-02,feature_14,6,1182,0,true
U-a69f3e,A-779e4e,S-fee9c9,2024-10-23,feature_17,9,3240,0,false
U-d68acb,A-779e4e,S-fee9c9,2023-01-28,feature_8,13,2093,0,true
U-0bf2dd,A-781cc0,S-0896f4,2024-09-20,feature_17,10,5150,0,false
U-dd869f,A-781cc0,S-0896f4,2024-11-18,feature_40,8,1424,1,false
U-4779c3,A-781cc0,S-0896f4,2024-10-31,feature_22,10,3380,1,false
U-91ed01,A-781cc0,S-120ae3,2024-09-20,feature_13,11,6116,0,false
U-ea3705,A-781cc0,S-1bbdf0,2024-11-12,feature_9,9,4581,0,true
U-12285b,A-781cc0,S-3a694d,2024-10-18,feature_20,7,1316,0,false
U-91168a,A-781cc0,S-3a694d,2024-12-30,feature_22,7,1022,0,false
U-b84ef6,A-781cc0,S-3a694d,2024-10-11,feature_28,8,3120,0,false
U-1d7ef6,A-781cc0,S-509e88,2024-11-09,feature_28,10,2900,0,false
U-d02dda,A-781cc0,S-83e7bb,2024-10-24,feature_16,16,7728,0,false
U-ee95e9,A-781cc0,S-95aaf8,2024-09-25,feature_11,8,3976,0,false
U-32a9a1,A-781cc0,S-95aaf8,2024-11-20,feature_19,11,165,0,false
U-95f8d3,A-781cc0,S-95aaf8,2024-12-21,feature_12,4,1000,0,false
U-3333e0,A-781cc0,S-af2d97,2024-09-11,feature_16,8,4480,0,true
U-b46adf,A-781cc0,S-beaa35,2024-12-17,feature_3,10,6000,2,false
U-053948,A-781cc0,S-c59b3b,2024-12-28,feature_28,14,5180,0,false
U-9a2ca3,A-781cc0,S-c59b3b,2024-10-26,feature_27,21,6552,0,false
U-024310,A-781cc0,S-d11408,2024-11-02,feature_3,10,1720,0,false
U-99c120,A-781cc0,S-f9469c,2024-09-09,feature_20,10,5880,0,false
U-b4b880,A-78f02b,S-b37b2a,2024-11-29,feature_31,6,1134,4,false
U-17017c,A-7920cc,S-0586ad,2024-02-19,feature_12,10,1310,0,false
U-81b9ea,A-7920cc,S-0586ad,2024-01-30,feature_33,11,3861,0,false
U-aaa922,A-7920cc,S-0586ad,2024-10-08,feature_3,10,3390,2,false
U-9aa85d,A-7920cc,S-323782,2024-02-28,feature_38,8,1096,0,false
U-416cf5,A-7920cc,S-3684d3,2024-06-09,feature_40,14,434,2,false
U-bf1b74,A-7920cc,S-45c2cf,2024-09-28,feature_20,9,162,0,false
U-78c48b,A-7920cc,S-45c2cf,2024-05-19,feature_29,4,228,2,false
U-707ad0,A-7920cc,S-45c2cf,2024-07-31,feature_38,6,1692,0,true
U-ec2bc2,A-7920cc,S-45c2cf,2023-12-20,feature_5,8,3568,2,false
U-dabdc4,A-7920cc,S-565c4b,2024-08-09,feature_1,9,4698,0,false
U-5afcb0,A-7920cc,S-7acd8b,2024-10-08,feature_29,9,711,0,false
U-6ef964,A-7920cc,S-7acd8b,2024-06-28,feature_25,10,570,0,false
U-f3bead,A-7920cc,S-885aa7,2024-09-17,feature_7,14,2030,0,false
U-a3a4f5,A-7920cc,S-885aa7,2024-12-14,feature_24,7,2289,0,false
U-a3608a,A-7920cc,S-885aa7,2023-12-07,feature_31,13,3887,0,false
U-4d19c1,A-7920cc,S-885aa7,2024-02-01,feature_13,10,5590,1,false
U-c0dabc,A-7920cc,S-a02981,2024-12-20,feature_19,4,2212,0,false
U-a59307,A-7920cc,S-b7d290,2024-02-07,feature_2,16,6368,1,false
U-eb8a5f,A-7920cc,S-b7d290,2024-01-13,feature_8,9,1773,0,false
U-a82c07,A-7920cc,S-b7d290,2024-04-10,feature_15,10,3030,1,false
U-6130d3,A-7920cc,S-b7d290,2024-10-10,feature_36,6,2784,1,false
U-d4a56c,A-7920cc,S-b7d290,2024-11-25,feature_27,9,369,1,false
U-e71fc1,A-7920cc,S-b7d290,2024-11-15,feature_2,14,5810,0,false
U-9127c8,A-7920cc,S-c0e639,2024-12-15,feature_17,10,270,0,false
U-c79446,A-7920cc,S-c0e639,2024-11-23,feature_30,9,1170,0,false
U-34c197,A-7920cc,S-c7a771,2024-05-16,feature_16,9,1692,2,false
U-8c6bdd,A-7920cc,S-c7a771,2024-01-20,feature_4,9,3483,1,false
U-381a76,A-7920cc,S-ca321d,2024-12-05,feature_31,11,4664,0,false
U-ef89fa,A-7920cc,S-ca321d,2024-02-28,feature_31,9,504,0,false
U-4ce032,A-7920cc,S-ca321d,2024-02-13,feature_6,8,4800,0,false
U-5cd3c2,A-7920cc,S-fd790e,2024-11-30,feature_21,8,1216,0,false
U-297461,A-7920cc,S-fd790e,2023-11-27,feature_25,9,738,0,false
U-3fa815,A-7920cc,S-fd790e,2024-08-01,feature_31,7,1204,2,false
U-bb48d0,A-794a0b,S-16b6dc,2024-11-20,feature_10,12,1296,0,false
U-7c2359,A-794a0b,S-16b6dc,2023-12-17,feature_33,4,1600,1,false
U-64b4a0,A-794a0b,S-16b6dc,2024-02-04,feature_30,10,5560,1,false
U-852e8f,A-794a0b,S-16b6dc,2024-04-21,feature_12,10,5150,0,false
U-963ea2,A-794a0b,S-16b6dc,2024-11-26,feature_18,12,7092,0,false
U-299963,A-794a0b,S-16b6dc,2024-08-15,feature_3,4,2364,0,false
U-f883cd,A-794a0b,S-16b6dc,2024-09-19,feature_26,13,3783,1,false
U-8ef01f,A-794a0b,S-266ada,2024-06-05,feature_26,10,3450,0,true
U-a4e52c,A-794a0b,S-266ada,2024-11-09,feature_40,12,6972,0,false
U-e16742,A-794a0b,S-266ada,2024-08-21,feature_24,6,2616,1,false
U-89adce,A-794a0b,S-38ac0c,2024-12-20,feature_23,6,846,0,false
U-9d4751,A-794a0b,S-38ac0c,2023-09-08,feature_9,8,1624,3,false
U-e99262,A-794a0b,S-38ac0c,2024-11-24,feature_2,15,3120,0,false
U-5c84c4,A-794a0b,S-38ac0c,2023-10-02,feature_21,10,3450,0,false
U-fff658,A-794a0b,S-509f0d,2024-05-06,feature_15,8,4768,0,false
U-96018d,A-794a0b,S-509f0d,2024-01-08,feature_38,11,891,2,false
U-abe587,A-794a0b,S-509f0d,2024-02-23,feature_24,8,864,0,false
U-71a30e,A-794a0b,S-509f0d,2023-09-24,feature_34,10,2290,2,false
U-7260fd,A-794a0b,S-509f0d,2024-07-28,feature_31,8,3000,1,false
U-a24b6c,A-794a0b,S-938e4e,2024-05-05,feature_25,14,476,0,false
U-f0e223,A-794a0b,S-938e4e,2024-05-19,feature_19,10,760,0,false
U-ad4a5c,A-794a0b,S-938e4e,2024-09-28,feature_38,5,320,1,false
U-d1bd77,A-794a0b,S-938e4e,2024-10-11,feature_31,13,5876,0,false
U-c4c084,A-794a0b,S-938e4e,2024-10-15,feature_4,12,2232,0,false
U-c3c282,A-794a0b,S-938e4e,2024-11-10,feature_13,10,1060,1,false
U-ec1a83,A-794a0b,S-938e4e,2023-12-08,feature_14,10,3130,3,false
U-b1e937,A-794a0b,S-938e4e,2023-09-24,feature_5,9,3213,3,false
U-d55578,A-794a0b,S-973625,2023-10-14,feature_16,5,1295,2,false
U-c31a53,A-794a0b,S-973625,2024-09-19,feature_31,5,520,1,false
U-afc0cf,A-794a0b,S-973625,2024-05-28,feature_3,9,1314,0,false
U-5b3e90,A-794a0b,S-f7e37f,2024-08-23,feature_36,12,1680,0,false
U-ae5a07,A-7988d1,S-409beb,2024-06-10,feature_7,8,4328,0,false
U-764b0f,A-7988d1,S-409beb,2024-11-20,feature_5,8,3152,0,false
U-ac1fe1,A-7988d1,S-409beb,2024-03-22,feature_38,5,1355,1,true
U-a8c3ca,A-7988d1,S-409beb,2024-05-14,feature_1,5,850,1,false
U-8bc7bd,A-7988d1,S-409beb,2024-07-13,feature_9,3,231,0,false
U-80a357,A-7988d1,S-5163bd,2024-03-18,feature_35,11,5973,1,true
U-1a8d0d,A-7988d1,S-5163bd,2024-12-10,feature_21,8,3496,0,false
U-633605,A-7988d1,S-5163bd,2024-10-30,feature_38,9,4185,0,false
U-3c1628,A-7988d1,S-6b977f,2024-10-25,feature_4,7,2205,1,false
U-e2924a,A-7988d1,S-6b977f,2024-12-23,feature_19,12,576,0,false
U-f5888b,A-7988d1,S-6b977f,2024-10-29,feature_8,10,4180,0,false
U-f245d0,A-7988d1,S-6b977f,2024-11-04,feature_10,12,6336,0,false
U-5de5c8,A-7988d1,S-6fd24b,2024-04-03,feature_17,10,5570,3,false
U-8cddc9,A-7988d1,S-6fd24b,2024-08-25,feature_8,15,2985,0,false
U-f183c1,A-7988d1,S-6fd24b,2024-11-09,feature_39,11,352,0,false
U-1f4dac,A-7988d1,S-c84c8d,2024-10-18,feature_11,6,2244,1,false
U-631f1b,A-7988d1,S-c84c8d,2024-05-07,feature_30,10,2850,2,true
U-77e4b3,A-7988d1,S-c84c8d,2024-11-03,feature_20,7,770,6,true
U-510116,A-7988d1,S-c84c8d,2024-04-30,feature_12,8,3792,0,false
U-662a41,A-7988d1,S-c84c8d,2024-06-07,feature_36,8,2792,0,false
U-5f78a7,A-7988d1,S-c84c8d,2024-08-07,feature_31,12,7200,0,false
U-c910bf,A-7988d1,S-d4e525,2024-08-23,feature_23,11,1617,3,false
U-88c608,A-7988d1,S-d4e525,2024-09-22,feature_6,7,4095,0,false
U-287870,A-7988d1,S-d4e525,2024-08-13,feature_33,13,1287,0,false
U-27ae21,A-7988d1,S-f4019e,2024-03-15,feature_30,10,2690,0,false
U-1bacde,A-7988d1,S-f4019e,2024-03-29,feature_32,10,4890,0,false
U-8cc157,A-798a3f,S-0c5771,2024-03-16,feature_29,10,5340,0,false
U-7d8ac0,A-798a3f,S-0c5771,2024-03-29,feature_14,14,2422,1,false
U-187711,A-798a3f,S-0c5771,2024-04-27,feature_2,9,3204,0,false
U-16200b,A-798a3f,S-0c5771,2024-09-14,feature_35,13,1378,0,false
U-cc4020,A-798a3f,S-25ff39,2024-09-29,feature_24,6,2394,2,false
U-829873,A-798a3f,S-4b9226,2024-12-01,feature_13,15,5160,0,false
U-d9af0b,A-798a3f,S-4b9226,2024-05-09,feature_9,9,297,1,false
U-5dece3,A-798a3f,S-8cfc1b,2024-06-03,feature_23,3,1800,0,true
U-52420e,A-798a3f,S-8cfc1b,2024-10-02,feature_26,12,4824,1,false
U-4284ac,A-798a3f,S-8cfc1b,2024-01-16,feature_12,8,1928,0,false
U-6fe22b,A-798a3f,S-af4e84,2024-03-29,feature_23,7,504,0,false
U-0bb651,A-798a3f,S-af4e84,2024-11-10,feature_17,8,2864,1,false
U-88f1be,A-798a3f,S-af4e84,2024-02-04,feature_5,7,3451,0,false
U-86862f,A-798a3f,S-bb7eef,2024-10-25,feature_31,9,4032,0,false
U-40feaa,A-798a3f,S-bb7eef,2024-09-05,feature_26,7,4102,0,false
U-562175,A-798a3f,S-c55cbb,2024-02-26,feature_9,10,3270,0,false
U-3517de,A-798a3f,S-d32fbc,2024-01-31,feature_15,5,845,1,false
U-09e6fa,A-798a3f,S-d32fbc,2024-03-13,feature_4,14,4452,2,false
U-548a61,A-798a3f,S-d32fbc,2024-04-10,feature_9,8,1400,0,false
U-c81546,A-798a3f,S-d32fbc,2024-04-27,feature_14,13,936,0,false
U-b469c0,A-7a0d69,S-1acdd2,2024-09-17,feature_21,12,3228,0,false
U-fcc966,A-7a0d69,S-1acdd2,2024-08-17,feature_37,6,3282,0,false
U-22110b,A-7a0d69,S-1acdd2,2024-12-03,feature_5,9,468,1,false
U-7d38e8,A-7a0d69,S-1acdd2,2024-08-27,feature_3,8,832,1,false
U-ad3ecc,A-7a0d69,S-22f503,2024-10-25,feature_14,14,8148,0,false
U-076cac,A-7a0d69,S-42d724,2024-10-23,feature_18,4,284,0,false
U-9cc90b,A-7a0d69,S-42d724,2024-12-10,feature_35,7,1960,0,false
U-1fcb21,A-7a0d69,S-42d724,2024-08-06,feature_17,15,675,0,false
U-d1482b,A-7a0d69,S-708924,2024-09-20,feature_22,9,2349,1,false
U-d7acaa,A-7a0d69,S-708924,2024-10-14,feature_22,13,2678,2,false
U-3addb2,A-7a0d69,S-bf4ec8,2024-09-04,feature_36,11,1584,2,false
U-a9840a,A-7a0d69,S-bf4ec8,2024-08-07,feature_5,14,8036,0,false
U-54ba4e,A-7a0d69,S-c59d50,2024-09-14,feature_36,13,2782,0,false
U-09f320,A-7a0d69,S-c59d50,2024-09-21,feature_27,9,4257,0,false
U-623bf4,A-7a0d69,S-c59d50,2024-11-14,feature_32,11,3223,0,false
U-0805d1,A-7a0d69,S-c85167,2024-08-22,feature_13,11,935,0,false
U-df74e2,A-7a0d69,S-c85167,2024-12-23,feature_25,13,5382,0,false
U-18e0c6,A-7a0d69,S-f039f9,2024-08-15,feature_28,10,2170,4,true
U-050cea,A-7a0d69,S-f039f9,2024-12-19,feature_21,9,819,0,false
U-79bcf0,A-7a0d69,S-ff4e21,2024-10-04,feature_19,10,2050,0,false
U-f0a864,A-7a0d69,S-ff4e21,2024-09-03,feature_11,12,4944,1,false
U-566e0e,A-7c4956,S-02c3e7,2024-06-03,feature_22,9,5184,0,false
U-7927a6,A-7c4956,S-02c3e7,2024-05-02,feature_40,8,160,2,true
U-873e14,A-7c4956,S-02c3e7,2023-09-22,feature_32,11,3509,1,false
U-0e2d52,A-7c4956,S-02c3e7,2024-08-28,feature_26,5,2290,0,true
U-9736ed,A-7c4956,S-02c3e7,2024-10-18,feature_20,15,7140,2,false
U-2ee4dd,A-7c4956,S-02c3e7,2023-06-29,feature_25,9,1044,0,false
U-7a9545,A-7c4956,S-06e837,2024-08-28,feature_20,7,980,0,true
U-be669c,A-7c4956,S-06e837,2023-11-29,feature_35,14,3262,0,false
U-267be7,A-7c4956,S-0b059f,2024-07-22,feature_12,13,4706,0,false
U-d2fba2,A-7c4956,S-0b059f,2023-07-05,feature_28,14,5334,0,false
U-37220b,A-7c4956,S-0b059f,2023-08-27,feature_24,11,187,0,false
U-fd1ecf,A-7c4956,S-6fde5e,2023-06-09,feature_39,11,407,0,false
U-9bf093,A-7c4956,S-6fde5e,2024-04-13,feature_5,9,2781,0,false
U-90349e,A-7c4956,S-6fde5e,2024-01-18,feature_20,6,3120,0,true
U-e1ac32,A-7c4956,S-6fde5e,2024-04-24,feature_31,15,4245,0,false
U-8cd243,A-7c4956,S-6fde5e,2023-06-17,feature_29,9,1584,0,false
U-810bb3,A-7c4956,S-6fde5e,2023-07-02,feature_2,11,1749,3,false
U-8786d8,A-7c4956,S-6fde5e,2024-10-11,feature_2,13,2587,2,false
U-b185bd,A-7c4956,S-8ec197,2023-06-05,feature_9,10,580,1,false
U-de8297,A-7c4956,S-8ec197,2024-05-18,feature_22,10,2240,4,false
U-cf5cc5,A-7c4956,S-8ec197,2024-03-21,feature_32,14,1246,1,false
U-056c65,A-7c4956,S-8ec197,2024-08-11,feature_7,12,6720,0,false
U-df82ed,A-7c4956,S-8ec197,2023-10-04,feature_23,5,155,0,false
U-630da4,A-7c4956,S-8ec197,2024-11-14,feature_8,13,6188,0,false
U-109797,A-7c4956,S-a9a5a1,2024-12-26,feature_6,6,48,3,false
U-dd3c69,A-7c4956,S-b5035b,2024-03-17,feature_6,9,2475,2,false
U-7d1502,A-7c4956,S-b5035b,2024-05-11,feature_9,9,144,2,false
U-b7498e,A-7c4956,S-b5035b,2023-09-14,feature_3,13,91,0,false
U-2328ed,A-7c4956,S-b5035b,2024-09-14,feature_3,11,2673,3,false
U-40a852,A-7c4956,S-b5035b,2024-06-07,feature_17,10,3670,0,false
U-3ae78b,A-7c4956,S-b84a07,2024-01-08,feature_3,12,6684,0,false
U-07b4ec,A-7c4956,S-b84a07,2024-04-21,feature_32,10,1510,2,false
U-da84ad,A-7c4956,S-b84a07,2024-10-17,feature_40,10,5560,0,false
U-5cd1a3,A-7c4956,S-b84a07,2024-12-12,feature_2,18,6606,1,false
U-05fd7c,A-7c5768,S-0e6b77,2024-10-03,feature_26,9,3249,2,false
U-22e399,A-7c5768,S-0e6b77,2024-08-30,feature_31,9,3780,0,false
U-df77f0,A-7c5768,S-2b58a7,2024-10-20,feature_11,14,658,0,false
U-df34a5,A-7c5768,S-2b58a7,2024-05-25,feature_29,8,1840,1,false
U-bb4c15,A-7c5768,S-2b58a7,2024-03-24,feature_14,11,4004,2,false
U-7b6c47,A-7c5768,S-583674,2024-04-05,feature_24,5,1790,0,false
U-06ee06,A-7c5768,S-583674,2024-04-22,feature_7,7,2737,2,false
U-4238df,A-7c5768,S-583674,2024-10-08,feature_29,8,4224,0,false
U-9be249,A-7c5768,S-5b8c4f,2024-03-05,feature_12,10,4160,0,false
U-d07518,A-7c5768,S-63e79e,2024-06-27,feature_7,12,3684,1,false
U-2575a9,A-7c5768,S-7e86a2,2024-12-02,feature_19,13,7709,1,false
U-2dc39f,A-7c5768,S-bf806d,2024-03-11,feature_28,6,2784,0,false
U-6c7e69,A-7c5768,S-bf806d,2024-06-19,feature_24,8,3736,4,false
U-7d1ebd,A-7c5768,S-c0789c,2024-04-27,feature_40,15,3510,0,false
U-165fc1,A-7c5768,S-c657b6,2024-05-11,feature_3,4,2164,1,false
U-ce87fb,A-7c5768,S-c657b6,2024-11-06,feature_19,11,3212,0,false
U-759065,A-7c5768,S-c657b6,2024-07-31,feature_40,10,3540,0,false
U-6a643b,A-7c5768,S-c657b6,2024-07-25,feature_33,16,1168,0,true
U-b40f96,A-7c6b6b,S-32ab86,2024-12-07,feature_7,7,3682,1,false
U-09991f,A-7c83a1,S-0e9f04,2024-05-17,feature_22,12,3720,0,false
U-9ca859,A-7c83a1,S-0e9f04,2024-08-21,feature_25,13,4394,0,false
U-2e12fa,A-7c83a1,S-0e9f04,2024-09-04,feature_23,10,2080,0,false
U-d45e1e,A-7c83a1,S-0e9f04,2024-12-10,feature_35,14,798,0,false
U-bec126,A-7c83a1,S-0e9f1e,2024-06-27,feature_39,6,2226,0,true
U-7e3331,A-7c83a1,S-0e9f1e,2024-10-11,feature_6,15,7275,0,false
U-39475f,A-7c83a1,S-24d48b,2024-10-22,feature_12,6,3084,0,false
U-6b9e7e,A-7c83a1,S-3aa11b,2024-10-26,feature_3,10,2650,0,true
U-b6cbcf,A-7c83a1,S-3aa11b,2024-06-10,feature_37,14,6090,0,false
U-88c4ea,A-7c83a1,S-3c0121,2024-12-26,feature_6,9,882,0,false
U-59d259,A-7c83a1,S-3c0121,2024-05-24,feature_14,8,3920,0,false
U-a8ed0b,A-7c83a1,S-3c0121,2024-05-14,feature_11,13,3094,0,false
U-d54c7d,A-7c83a1,S-775a4f,2024-09-26,feature_34,15,8625,0,false
U-e9f846,A-7c83a1,S-775a4f,2024-12-03,feature_12,11,1573,0,false
U-b41f6c,A-7c83a1,S-775a4f,2024-06-03,feature_20,11,275,0,false
U-613b0c,A-7c83a1,S-83b2ee,2024-06-22,feature_29,11,4477,0,false
U-f6c4e4,A-7c83a1,S-886184,2024-08-16,feature_33,11,6149,0,false
U-5daac9,A-7c83a1,S-b72911,2024-12-31,feature_27,12,6936,0,false
U-420206,A-7c83a1,S-b72911,2024-06-30,feature_3,10,730,2,false
U-945ed5,A-7c83a1,S-cd2085,2024-07-26,feature_31,9,4734,0,false
U-7a99aa,A-7c83a1,S-cd2085,2024-07-20,feature_39,11,3960,2,false
U-99172a,A-7c83a1,S-d44108,2024-06-13,feature_37,18,6984,0,false
U-3dfbba,A-7c83a1,S-d44108,2024-12-12,feature_37,5,1275,0,false
U-96204f,A-7cfe77,S-b11225,2024-12-31,feature_34,7,1512,0,false
U-95960b,A-7cfe77,S-bd5207,2024-09-22,feature_15,15,2535,2,false
U-43e7f5,A-7cfe77,S-bfc0f8,2024-09-05,feature_14,10,680,1,true
U-379f89,A-7cfe77,S-d48577,2024-10-15,feature_19,10,430,0,false
U-d6513e,A-7d514c,S-67474a,2024-05-05,feature_4,7,3423,0,false
U-0b9613,A-7d514c,S-67474a,2024-10-13,feature_25,12,1944,2,false
U-c270ce,A-7d514c,S-8a46fe,2024-11-08,feature_16,8,2864,1,false
U-f5f3e2,A-7d514c,S-8a46fe,2024-10-13,feature_9,9,1611,1,false
U-971547,A-7d514c,S-8a46fe,2024-06-24,feature_36,14,1498,0,true
U-c45866,A-7d514c,S-8a46fe,2024-09-06,feature_8,10,380,0,false
U-9792b3,A-7d514c,S-8a46fe,2024-05-17,feature_3,13,1794,0,true
U-71ef23,A-7d514c,S-9dcfb5,2024-05-20,feature_28,9,4014,0,false
U-40e10b,A-7d514c,S-9e6a18,2024-04-30,feature_11,10,1110,0,false
U-e80efb,A-7d514c,S-9e6a18,2024-11-10,feature_4,7,1617,0,false
U-9430e8,A-7d514c,S-9e6a18,2024-10-31,feature_10,8,4592,0,false
U-325d49,A-7d514c,S-abddce,2024-07-11,feature_23,14,3752,3,false
U-3c878f,A-7d514c,S-abddce,2024-12-11,feature_3,7,1834,1,false
U-43debc,A-7d514c,S-abddce,2024-06-10,feature_1,17,612,0,false
U-c537ef,A-7d514c,S-abddce,2024-05-02,feature_7,6,1788,3,false
U-700356,A-7d514c,S-cfca40,2024-05-30,feature_20,14,2576,0,false
U-1a8016,A-7d514c,S-cfca40,2024-02-21,feature_36,14,2688,2,false
U-2cc37b,A-7d514c,S-d97ff1,2024-08-26,feature_30,11,6303,5,false
U-e5805b,A-7d514c,S-ee3466,2024-07-08,feature_12,14,4354,0,false
U-4764d4,A-7d514c,S-ee3466,2024-04-05,feature_6,8,3480,0,false
U-e2fa2b,A-7d514c,S-ee3466,2024-04-13,feature_29,12,2088,0,false
U-57f465,A-7da956,S-3c5dab,2024-10-29,feature_21,6,1620,0,false
U-83248c,A-7da956,S-510999,2024-12-13,feature_6,9,4788,2,false
U-357b51,A-7da956,S-510999,2024-08-17,feature_31,7,1708,0,false
U-1dbfca,A-7da956,S-510999,2024-10-02,feature_34,12,6012,0,false
U-824662,A-7da956,S-510999,2024-12-22,feature_12,12,6252,0,false
U-c7b3a1,A-7da956,S-510999,2024-09-26,feature_14,5,2345,2,false
U-465daa,A-7da956,S-632337,2024-07-23,feature_21,11,3663,3,false
U-ba9a82,A-7da956,S-9bc272,2024-09-10,feature_24,15,2100,0,false
U-299ca6,A-7da956,S-9bc272,2024-08-28,feature_26,9,2934,1,false
U-0ce3ff,A-7da956,S-9bc272,2024-08-10,feature_40,7,3976,1,false
U-2bb914,A-7da956,S-9bc272,2024-07-28,feature_36,12,72,1,false
U-960575,A-7da956,S-9bc272,2024-10-28,feature_18,8,3632,0,false
U-8612f7,A-7da956,S-bb9299,2024-07-18,feature_20,12,1788,0,false
U-e3ee1e,A-7da956,S-bb9299,2024-11-07,feature_29,9,2277,0,false
U-67d4df,A-7da956,S-ceb9bd,2024-11-27,feature_36,14,5866,0,false
U-c5a5b1,A-7da956,S-ceb9bd,2024-12-09,feature_13,14,462,0,false
U-ec8735,A-7da956,S-ceb9bd,2024-06-15,feature_2,14,4270,0,false
U-45c66a,A-7da956,S-dfd629,2024-08-25,feature_23,8,2768,0,false
U-3d1be9,A-7dacce,S-0bdf55,2024-09-29,feature_40,10,4670,1,false
U-5a658e,A-7dacce,S-0bdf55,2024-10-20,feature_5,11,1771,0,false
U-e61b2f,A-7dacce,S-5901a1,2024-11-06,feature_26,8,304,0,false
U-00599c,A-7dacce,S-5901a1,2024-09-17,feature_26,11,5863,3,false
U-ef4a05,A-7dacce,S-99fbf7,2024-12-29,feature_22,6,2304,0,false
U-d8150c,A-7dacce,S-99fbf7,2024-10-02,feature_36,6,210,0,true
U-612530,A-7dacce,S-ab476e,2024-11-16,feature_33,17,7310,0,false
U-ccacda,A-7dacce,S-ab476e,2024-10-16,feature_1,5,720,0,false
U-7403d1,A-7dacce,S-ab476e,2024-10-28,feature_25,10,3020,0,false
U-0ba699,A-7df7a7,S-0463f5,2024-08-19,feature_23,9,2970,1,false
U-7a7581,A-7df7a7,S-0463f5,2023-11-24,feature_26,10,5700,0,false
U-f75299,A-7df7a7,S-08fc73,2023-02-08,feature_3,7,2324,0,false
U-f99bfb,A-7df7a7,S-08fc73,2024-08-25,feature_28,4,900,0,false
U-e0f739,A-7df7a7,S-08fc73,2024-01-30,feature_1,12,108,0,false
U-3c5efa,A-7df7a7,S-08fc73,2023-06-25,feature_11,5,1920,0,true
U-881769,A-7df7a7,S-08fc73,2024-12-02,feature_30,13,7293,2,false
U-8dbf2d,A-7df7a7,S-08fc73,2024-11-01,feature_20,9,4752,0,false
U-b083e4,A-7df7a7,S-08fc73,2023-05-23,feature_31,11,3608,0,false
U-008cef,A-7df7a7,S-08fc73,2023-06-28,feature_3,16,2272,0,false
U-5b0715,A-7df7a7,S-08fc73,2023-03-28,feature_32,8,3104,3,false
U-489c57,A-7df7a7,S-08fc73,2023-06-13,feature_5,16,320,0,false
U-e8f72d,A-7df7a7,S-08fc73,2024-06-20,feature_31,12,792,1,false
U-5036a6,A-7df7a7,S-196c1e,2024-04-17,feature_21,8,1560,0,false
U-5b9334,A-7df7a7,S-196c1e,2024-10-27,feature_25,7,2828,0,false
U-157984,A-7df7a7,S-196c1e,2024-02-17,feature_3,5,1770,0,false
U-1d4fcd,A-7df7a7,S-196c1e,2023-11-20,feature_8,8,2176,3,false
U-34591d,A-7df7a7,S-196c1e,2023-06-06,feature_10,8,1648,1,false
U-7a5ffa,A-7df7a7,S-196c1e,2023-03-17,feature_5,20,700,0,false
U-2fb59d,A-7df7a7,S-196c1e,2024-01-18,feature_20,15,8010,0,false
U-18287a,A-7df7a7,S-196c1e,2024-03-26,feature_35,10,3950,1,false
U-20bc2d,A-7df7a7,S-196c1e,2024-07-25,feature_38,14,1722,0,false
U-d369db,A-7df7a7,S-196c1e,2024-09-08,feature_12,6,1374,2,false
U-dd7332,A-7df7a7,S-196c1e,2023-10-16,feature_20,11,5236,0,false
U-179f75,A-7df7a7,S-196c1e,2024-09-20,feature_25,6,3450,0,false
U-ee6d21,A-7df7a7,S-1facfc,2023-09-17,feature_9,6,3564,0,true
U-a804f5,A-7df7a7,S-1facfc,2023-02-26,feature_18,10,4830,0,false
U-1ad856,A-7df7a7,S-1facfc,2023-09-28,feature_9,8,1808,0,false
U-361780,A-7df7a7,S-1facfc,2024-11-16,feature_25,8,632,0,false
U-0d87c3,A-7df7a7,S-39c024,2023-11-29,feature_15,13,3497,0,false
U-87573f,A-7df7a7,S-39c024,2024-12-19,feature_19,11,4818,0,false
U-8d27fa,A-7df7a7,S-39c024,2023-05-21,feature_30,11,4543,3,false
U-cc4078,A-7df7a7,S-39c024,2024-10-26,feature_34,16,896,2,false
U-5ae4ec,A-7df7a7,S-39c024,2024-08-04,feature_16,8,2376,1,false
U-ec2195,A-7df7a7,S-413a1d,2024-08-24,feature_39,12,7128,0,false
U-8e1750,A-7df7a7,S-413a1d,2024-04-08,feature_1,6,534,1,false
U-4c1dfc,A-7df7a7,S-413a1d,2023-07-06,feature_11,15,4485,0,false
U-ad557f,A-7df7a7,S-413a1d,2023-06-25,feature_30,6,510,0,false
U-657769,A-7df7a7,S-4206eb,2024-07-12,feature_12,8,3368,3,true
U-e9d67e,A-7df7a7,S-4206eb,2024-06-05,feature_39,8,680,0,false
U-fbb6bd,A-7df7a7,S-4206eb,2023-12-02,feature_24,7,2674,0,false
U-f07334,A-7df7a7,S-4206eb,2024-10-02,feature_39,12,4896,0,false
U-cb7f45,A-7df7a7,S-4206eb,2023-07-21,feature_3,12,4140,0,false
U-7a997a,A-7df7a7,S-4206eb,2023-08-08,feature_37,17,7922,0,true
U-bffdff,A-7df7a7,S-4206eb,2023-12-13,feature_37,14,1806,0,false
U-44a2ce,A-7df7a7,S-4206eb,2024-04-07,feature_21,10,2370,0,false
U-180b3d,A-7df7a7,S-5ed335,2024-07-12,feature_1,7,861,4,false
U-8c3610,A-7df7a7,S-5ed335,2024-01-21,feature_3,12,3840,0,false
U-4ec148,A-7df7a7,S-61afee,2024-09-30,feature_4,6,3294,0,false
U-ff80ee,A-7df7a7,S-61afee,2024-04-26,feature_14,9,3753,0,true
U-644710,A-7df7a7,S-61afee,2023-10-15,feature_1,6,3492,0,false
U-b4a57b,A-7df7a7,S-61afee,2024-10-25,feature_35,7,1337,0,false
U-e862e9,A-7df7a7,S-61afee,2023-07-03,feature_12,12,1872,0,false
U-e9b734,A-7df7a7,S-6676fa,2024-06-21,feature_3,7,1057,1,false
U-cad34f,A-7df7a7,S-6676fa,2023-03-29,feature_25,13,702,0,false
U-94e0f9,A-7df7a7,S-6676fa,2023-08-26,feature_24,15,135,0,false
U-14a7ea,A-7df7a7,S-6676fa,2023-11-05,feature_40,11,1012,1,false
U-1211f6,A-7df7a7,S-6676fa,2024-05-10,feature_25,14,2772,0,false
U-803e29,A-7df7a7,S-6676fa,2024-02-07,feature_12,10,3450,0,true
U-4238ac,A-7df7a7,S-7e2e5c,2023-05-01,feature_30,11,3652,1,false
U-6796e1,A-7df7a7,S-7e2e5c,2024-11-16,feature_40,12,2052,0,false
U-89a62c,A-7df7a7,S-7e2e5c,2023-06-26,feature_22,4,408,0,false
U-acf16e,A-7df7a7,S-7e2e5c,2023-10-11,feature_31,11,1936,2,false
U-a1cddd,A-7df7a7,S-7e2e5c,2024-10-12,feature_31,13,3315,2,false
U-42534a,A-7df7a7,S-7e2e5c,2024-07-16,feature_26,4,804,0,false
U-69e8f4,A-7df7a7,S-8486d2,2024-05-21,feature_5,11,1100,0,false
U-87f11e,A-7df7a7,S-8486d2,2024-10-25,feature_12,6,2082,3,false
U-e259cf,A-7df7a7,S-8486d2,2024-05-15,feature_6,11,4400,2,false
U-502cf6,A-7df7a7,S-8486d2,2023-07-18,feature_6,9,4014,0,false
U-c98801,A-7df7a7,S-8486d2,2023-07-30,feature_16,10,4900,0,false
U-6faa29,A-7df7a7,S-8486d2,2023-06-15,feature_25,9,3735,1,true
U-8c694e,A-7df7a7,S-ab7022,2024-10-06,feature_36,21,4221,1,false
U-f5fde0,A-7df7a7,S-ab7022,2024-08-28,feature_38,7,1603,0,false
U-7da476,A-7df7a7,S-ab7022,2023-04-01,feature_18,7,2954,0,false
U-e971ef,A-7df7a7,S-ab7022,2023-05-16,feature_25,10,610,0,false
U-bc2909,A-7df7a7,S-ab7022,2024-06-29,feature_26,10,5960,1,false
U-7670b3,A-7df7a7,S-ab7022,2024-11-21,feature_29,12,2220,0,false
U-bbf4c4,A-7df7a7,S-ab7022,2023-03-14,feature_28,9,2574,0,true
U-c018cc,A-7df7a7,S-db7a77,2023-12-24,feature_39,19,4636,0,false
U-bcdbff,A-7df7a7,S-db7a77,2023-09-03,feature_4,18,2844,0,true
U-d573ea,A-7df7a7,S-db7a77,2024-09-20,feature_34,7,1435,1,false
U-f2df9b,A-7df7a7,S-db7a77,2023-09-18,feature_38,10,2860,0,false
U-13dd87,A-7df7a7,S-db7a77,2024-07-06,feature_19,7,1414,1,false
U-2c4fd0,A-7df7a7,S-f93185,2023-12-15,feature_16,14,3486,0,false
U-c89f69,A-7df7a7,S-f93185,2024-02-21,feature_14,5,575,2,false
U-230ed1,A-7e0a10,S-0ac09f,2024-09-11,feature_11,12,3720,0,true
U-9ca4e1,A-7e0a10,S-0ac09f,2024-02-17,feature_15,15,7335,3,false
U-0252c0,A-7e0a10,S-2a57b3,2024-01-15,feature_7,15,4995,0,true
U-26a49d,A-7e0a10,S-2a57b3,2023-12-30,feature_1,12,3960,0,false
U-2b319a,A-7e0a10,S-2a57b3,2024-03-26,feature_36,12,5208,0,false
U-6dc413,A-7e0a10,S-2a57b3,2024-10-17,feature_5,6,1500,1,false
U-1079c5,A-7e0a10,S-2a57b3,2024-07-02,feature_20,15,8775,0,false
U-92a853,A-7e0a10,S-2a57b3,2024-02-20,feature_31,9,1368,4,false
U-c69e9a,A-7e0a10,S-3f1bb5,2024-08-17,feature_34,9,1422,5,false
U-2c5b47,A-7e0a10,S-3f1bb5,2024-12-14,feature_28,7,476,0,false
U-8df311,A-7e0a10,S-6ceec5,2024-04-13,feature_33,5,2895,2,false
U-a1eb03,A-7e0a10,S-6ceec5,2024-10-31,feature_21,12,1236,0,false
U-12ab70,A-7e0a10,S-78e1c6,2024-01-14,feature_35,8,240,1,false
U-25b460,A-7e0a10,S-78e1c6,2024-07-30,feature_6,6,1272,1,false
U-7fa4e2,A-7e0a10,S-78e1c6,2024-10-14,feature_3,12,5604,0,false
U-66f555,A-7e0a10,S-78e1c6,2024-03-04,feature_29,8,960,1,false
U-9c70d5,A-7e0a10,S-78e1c6,2024-04-28,feature_34,8,2896,0,false
U-4cc303,A-7e0a10,S-7a55d9,2024-10-25,feature_14,10,2300,0,false
U-6cbb21,A-7e0a10,S-7a55d9,2024-11-03,feature_30,13,416,0,false
U-f54436,A-7e0a10,S-c14f97,2024-10-25,feature_30,11,3806,0,false
U-b47891,A-7e0a10,S-c14f97,2023-12-15,feature_26,10,3290,2,false
U-eda147,A-7e0a10,S-c14f97,2024-07-19,feature_19,9,189,0,false
U-faf224,A-7e0a10,S-f030d4,2024-05-04,feature_37,12,6336,1,false
U-bd16b1,A-7e0a10,S-f030d4,2024-05-02,feature_19,14,6328,0,false
U-1b5af3,A-7e0a10,S-f030d4,2024-07-04,feature_22,7,4130,0,false
U-36a0b6,A-7e0a10,S-f030d4,2024-12-05,feature_21,9,4626,0,false
U-40a21e,A-7f29a7,S-7679b6,2024-10-16,feature_34,8,1800,0,true
U-268e44,A-7f29a7,S-7b65f4,2024-10-26,feature_37,12,3744,0,false
U-0355ba,A-7f29a7,S-80af39,2024-10-26,feature_24,9,1548,3,false
U-1bb429,A-7f29a7,S-c3d6a2,2024-11-25,feature_23,9,648,0,false
U-a3ca32,A-7f29a7,S-fcbd92,2024-12-14,feature_34,11,1265,1,false
U-0892c4,A-7f4db3,S-0b7eba,2024-04-09,feature_31,9,693,0,false
U-d3e6ea,A-7f4db3,S-0b7eba,2024-12-09,feature_9,13,5096,0,false
U-acebb8,A-7f4db3,S-0b7eba,2024-02-14,feature_40,10,2660,1,false
U-207a4e,A-7f4db3,S-0b7eba,2024-10-10,feature_11,10,4770,0,false
U-ac5dd9,A-7f4db3,S-1f15a2,2023-05-06,feature_26,6,1710,0,false
U-ab8bf9,A-7f4db3,S-1f15a2,2023-10-04,feature_33,10,4680,2,false
U-ef8a93,A-7f4db3,S-1f15a2,2024-05-22,feature_11,11,4290,0,false
U-e13207,A-7f4db3,S-1f15a2,2023-04-04,feature_9,18,8586,0,false
U-687b1a,A-7f4db3,S-1f15a2,2024-12-02,feature_16,15,150,0,false
U-d420df,A-7f4db3,S-1f15a2,2024-03-28,feature_32,5,500,0,true
U-9321bd,A-7f4db3,S-1f15a2,2024-05-11,feature_19,4,188,0,false
U-ebf53a,A-7f4db3,S-21f8b3,2024-10-30,feature_27,11,649,4,false
U-b0ae95,A-7f4db3,S-21f8b3,2023-10-15,feature_5,12,5568,0,false
U-335302,A-7f4db3,S-21f8b3,2024-07-04,feature_39,12,5316,0,false
U-95cdf8,A-7f4db3,S-21f8b3,2024-07-27,feature_12,11,2629,0,true
U-b36840,A-7f4db3,S-21f8b3,2023-09-11,feature_23,11,3872,0,false
U-7cccec,A-7f4db3,S-21f8b3,2023-11-11,feature_5,2,422,0,false
U-8b2f01,A-7f4db3,S-260e48,2023-12-19,feature_5,10,5290,0,false
U-5819c0,A-7f4db3,S-260e48,2024-04-15,feature_3,6,2046,0,false
U-bf3cae,A-7f4db3,S-260e48,2024-09-26,feature_27,5,2155,0,false
U-5aacb6,A-7f4db3,S-260e48,2023-05-21,feature_11,8,2160,3,false
U-f616de,A-7f4db3,S-260e48,2024-03-08,feature_35,12,360,0,false
U-2e3484,A-7f4db3,S-260e48,2023-11-23,feature_30,12,6660,2,false
U-7808df,A-7f4db3,S-260e48,2024-11-11,feature_22,13,429,0,false
U-f347c5,A-7f4db3,S-4d47e3,2024-07-24,feature_28,14,7784,0,false
U-6cd5a9,A-7f4db3,S-4d47e3,2024-11-14,feature_4,11,3531,0,true
U-a93c66,A-7f4db3,S-4d47e3,2023-04-03,feature_15,14,4382,1,false
U-aab572,A-7f4db3,S-4d47e3,2024-04-21,feature_32,10,3480,0,false
U-372678,A-7f4db3,S-4d47e3,2024-07-03,feature_25,10,4340,2,false
U-26912c,A-7f4db3,S-4d47e3,2023-04-02,feature_34,11,4752,0,true
U-a2b359,A-7f4db3,S-552434,2023-12-13,feature_1,8,1800,1,false
U-82dced,A-7f4db3,S-552434,2024-04-29,feature_8,9,2106,0,false
U-256bc6,A-7f4db3,S-552434,2023-06-19,feature_12,13,6006,0,false
U-51e094,A-7f4db3,S-552434,2023-03-20,feature_36,10,2260,2,false
U-b913b5,A-7f4db3,S-552434,2024-09-08,feature_8,13,4056,0,false
U-11422e,A-7f4db3,S-552434,2023-06-22,feature_32,6,480,4,false
U-29ac2f,A-7f4db3,S-552434,2024-08-29,feature_1,13,1352,0,false
U-a305d3,A-7f4db3,S-552434,2024-03-11,feature_10,10,3070,0,false
U-cf7c4d,A-7f4db3,S-615537,2024-10-20,feature_36,6,390,0,true
U-ad0007,A-7f4db3,S-615537,2024-01-27,feature_26,11,5368,1,false
U-ed0260,A-7f4db3,S-615537,2024-08-29,feature_28,8,3704,0,false
U-da55e7,A-7f4db3,S-66b994,2023-10-28,feature_37,13,3757,1,false
U-5106a4,A-7f4db3,S-66b994,2024-11-22,feature_6,11,6050,0,false
U-d0b714,A-7f4db3,S-66b994,2024-05-30,feature_12,10,4870,0,false
U-ea8a16,A-7f4db3,S-69cc68,2023-08-31,feature_34,15,7140,1,false
U-ed3e27,A-7f4db3,S-69cc68,2023-05-26,feature_11,9,4725,0,false
U-66d48c,A-7f4db3,S-69cc68,2024-02-03,feature_3,6,1014,1,false
U-d05c60,A-7f4db3,S-69cc68,2023-03-17,feature_12,10,4200,0,false
U-234d56,A-7f4db3,S-69cc68,2023-06-04,feature_33,6,3480,0,false
U-66e4a3,A-7f4db3,S-69cc68,2023-06-26,feature_37,13,4927,0,false
U-432894,A-7f4db3,S-69cc68,2023-06-11,feature_20,5,1055,0,false
U-df66b8,A-7f4db3,S-8e5ceb,2024-11-08,feature_32,8,2368,0,false
U-c1359c,A-7f4db3,S-8e5ceb,2023-05-13,feature_8,4,1152,0,false
U-e79d60,A-7f4db3,S-8e5ceb,2023-06-08,feature_27,6,726,0,false
U-2aa0b9,A-7f4db3,S-8e5ceb,2023-11-10,feature_37,10,3900,0,false
U-685a5b,A-7f4db3,S-8e5ceb,2023-06-18,feature_26,6,1914,0,false
U-b071bc,A-7f4db3,S-b8ee76,2023-08-18,feature_32,7,2611,3,false
U-f211f7,A-7f4db3,S-b8ee76,2023-04-29,feature_30,13,4329,0,false
U-19b3fb,A-7f4db3,S-b8ee76,2023-12-10,feature_6,7,3136,0,false
U-b2c866,A-7f4db3,S-b8ee76,2023-09-06,feature_18,5,2995,0,false
U-1c32ad,A-7f4db3,S-b8ee76,2023-06-16,feature_7,8,3288,0,false
U-de71a4,A-7f4db3,S-c92099,2024-10-25,feature_21,9,3960,0,false
U-9be8d3,A-7f4db3,S-c92099,2023-12-02,feature_1,15,4380,2,false
U-1b4628,A-7f4db3,S-c92099,2023-06-07,feature_35,6,2466,0,false
U-1d61ec,A-7f4db3,S-c92099,2023-03-15,feature_5,6,2718,0,false
U-073dbb,A-7f4db3,S-c92099,2024-09-17,feature_21,7,1582,0,false
U-3784ff,A-7f4db3,S-c92099,2024-08-24,feature_11,8,1144,0,true
U-6839f6,A-7f4db3,S-e2981a,2023-10-15,feature_23,10,2120,3,false
U-b7fb69,A-7f4db3,S-e2981a,2024-10-28,feature_19,9,3681,0,false
U-9ca692,A-7f4db3,S-e2981a,2023-11-30,feature_39,14,532,0,false
U-399e72,A-7f4db3,S-f1aa04,2023-09-25,feature_37,16,7920,1,false
U-baf889,A-7f4db3,S-f1aa04,2024-05-05,feature_3,6,2970,2,false
U-407e13,A-7f4db3,S-f1aa04,2023-03-22,feature_23,5,2730,1,false
U-1aaf85,A-7f4db3,S-f1aa04,2024-12-03,feature_29,6,3168,0,false
U-682dc5,A-7f4db3,S-f1aa04,2024-02-25,feature_13,10,3810,2,false
U-7a87ed,A-7f4db3,S-f1aa04,2023-07-10,feature_13,9,333,0,false
U-b63847,A-7f4db3,S-f1aa04,2024-11-23,feature_25,12,108,0,false
U-df03a3,A-7f4db3,S-f1aa04,2024-09-20,feature_19,9,1206,0,false
U-6e40fe,A-7f4db3,S-f1aa04,2023-03-14,feature_6,3,1401,0,false
U-802e81,A-7f4db3,S-f1aa04,2023-05-11,feature_30,9,2439,3,false
U-ecba9d,A-7f4db3,S-f2f40c,2024-07-09,feature_34,7,3269,2,false
U-92b21e,A-7f4db3,S-f2f40c,2023-05-10,feature_19,7,3913,0,false
U-7238cf,A-7f4db3,S-f2f40c,2024-11-30,feature_16,3,543,0,false
U-f32246,A-7f6b86,S-3445f5,2024-07-11,feature_37,13,6266,1,false
U-31d8b5,A-7f6b86,S-3445f5,2023-10-28,feature_13,9,774,0,false
U-c5d126,A-7f6b86,S-3445f5,2024-10-15,feature_20,5,2725,0,false
U-cccdad,A-7f6b86,S-3445f5,2024-02-19,feature_18,11,6226,0,false
U-839db8,A-7f6b86,S-480226,2023-10-31,feature_2,10,3430,0,false
U-603977,A-7f6b86,S-480226,2023-09-16,feature_24,15,6585,1,false
U-3db2a2,A-7f6b86,S-480226,2024-02-04,feature_8,9,4149,0,false
U-fe4a31,A-7f6b86,S-5ddf8d,2024-07-05,feature_34,16,3984,0,false
U-c70ebd,A-7f6b86,S-5ddf8d,2024-05-29,feature_14,6,2778,0,false
U-e988c3,A-7f6b86,S-5ddf8d,2024-07-01,feature_6,14,5068,0,false
U-44471d,A-7f6b86,S-5ddf8d,2023-09-15,feature_9,13,5369,0,false
U-6bfb07,A-7f6b86,S-5ddf8d,2023-10-01,feature_19,10,5940,0,false
U-a8e739,A-7f6b86,S-5ddf8d,2024-12-16,feature_17,10,2270,0,false
U-1f183a,A-7f6b86,S-5fb9ab,2024-12-26,feature_7,8,136,0,true
U-366b45,A-7f6b86,S-5fb9ab,2024-10-16,feature_30,10,670,3,false
U-1238c8,A-7f6b86,S-8e7d28,2023-11-20,feature_11,9,5049,0,false
U-7cc2d5,A-7f6b86,S-8e7d28,2024-01-09,feature_27,12,5172,0,false
U-5500b1,A-7f6b86,S-8f4f5b,2023-10-22,feature_7,8,4024,0,false
U-52f481,A-7f6b86,S-8f4f5b,2024-08-04,feature_35,13,6864,0,false
U-fd4373,A-7f6b86,S-a0c517,2024-03-20,feature_9,7,3388,0,false
U-4d1938,A-7f6b86,S-a0c517,2023-12-13,feature_9,7,2695,0,false
U-b6e407,A-7f6b86,S-a0c517,2024-04-27,feature_5,12,5160,0,false
U-d89a84,A-7f6b86,S-a0c517,2023-10-16,feature_12,9,4347,2,false
U-e3c70d,A-7f6b86,S-a0c517,2024-08-24,feature_26,8,2760,2,false
U-1d5b9c,A-7f6b86,S-f17152,2024-03-27,feature_39,8,1744,1,false
U-c0f86f,A-7f6b86,S-f17152,2024-01-21,feature_38,14,5656,0,false
U-282d4e,A-7f6b86,S-f17152,2024-03-10,feature_34,10,4370,0,false
U-22a071,A-7f6b86,S-f17152,2024-08-10,feature_26,12,1776,1,false
U-140a93,A-7f6b86,S-f17152,2024-07-06,feature_23,10,2510,0,false
U-897bac,A-7f6b86,S-f49e0b,2024-08-05,feature_20,6,1374,0,true
U-e1e465,A-7f8241,S-115423,2023-07-15,feature_6,13,7761,2,false
U-c31a54,A-7f8241,S-115423,2024-10-28,feature_28,11,3454,0,true
U-4e232c,A-7f8241,S-125201,2024-10-11,feature_31,11,3839,0,false
U-3c7d16,A-7f8241,S-125201,2024-11-30,feature_33,3,642,0,false
U-91271f,A-7f8241,S-125201,2024-10-26,feature_10,14,5586,0,false
U-a6b93f,A-7f8241,S-125201,2024-10-02,feature_1,10,5380,0,false
U-cb40ff,A-7f8241,S-21bd25,2023-10-28,feature_28,13,3614,2,false
U-07b37a,A-7f8241,S-21bd25,2024-10-04,feature_6,13,4095,0,true
U-15eb8a,A-7f8241,S-21bd25,2023-07-18,feature_17,6,3234,0,false
U-bd6812,A-7f8241,S-21bd25,2024-06-22,feature_8,8,4224,0,false
U-92f163,A-7f8241,S-2573e4,2024-07-02,feature_6,6,2868,0,false
U-9678ee,A-7f8241,S-2573e4,2024-01-16,feature_22,8,1168,0,false
U-79fd15,A-7f8241,S-2573e4,2024-10-31,feature_24,10,5910,0,false
U-b5f769,A-7f8241,S-2e4018,2023-05-08,feature_8,13,3770,0,false
U-4faaca,A-7f8241,S-4f91d0,2023-12-22,feature_24,6,1992,0,false
U-1144e9,A-7f8241,S-4f91d0,2024-02-05,feature_27,14,4382,1,false
U-4b2fa6,A-7f8241,S-4f91d0,2024-05-20,feature_4,12,3384,3,false
U-ee642e,A-7f8241,S-4f91d0,2024-02-22,feature_6,14,308,1,false
U-e91f61,A-7f8241,S-4f91d0,2024-01-07,feature_2,11,4125,0,false
U-512d39,A-7f8241,S-4f91d0,2024-02-03,feature_7,13,5863,0,false
U-797ec9,A-7f8241,S-51dfbc,2024-08-28,feature_23,9,1179,4,false
U-4a9c75,A-7f8241,S-51dfbc,2024-07-18,feature_9,6,3114,4,false
U-be074b,A-7f8241,S-6c7bd8,2024-03-11,feature_6,4,1208,4,false
U-bc771d,A-7f8241,S-6c7bd8,2024-12-21,feature_40,9,5076,0,false
U-0f705d,A-7f8241,S-6c7bd8,2023-07-14,feature_9,14,6552,0,false
U-d6a00e,A-7f8241,S-6c7bd8,2024-03-10,feature_30,12,7140,2,false
U-ed08bd,A-7f8241,S-6c7bd8,2024-10-10,feature_40,7,2464,0,false
U-90b978,A-7f8241,S-6c7bd8,2023-04-06,feature_6,13,5512,0,false
U-0b3641,A-7f8241,S-7b7e04,2024-11-22,feature_6,12,4032,0,false
U-e73a18,A-7f8241,S-7b7e04,2024-04-20,feature_21,3,657,0,false
U-523e1c,A-7f8241,S-7b7e04,2024-04-23,feature_26,8,2120,0,true
U-b437a9,A-7f8241,S-7b7e04,2024-03-12,feature_37,8,2600,0,false
U-cc8e4e,A-7f8241,S-7b7e04,2024-02-05,feature_13,10,890,0,false
U-caf96a,A-7f8241,S-8e45ba,2024-01-15,feature_8,10,860,0,false
U-e02863,A-7f8241,S-8e45ba,2024-08-09,feature_28,11,4675,1,false
U-b1df2b,A-7f8241,S-8e45ba,2023-10-09,feature_32,8,408,0,false
U-545b21,A-7f8241,S-8e45ba,2024-03-17,feature_18,10,3950,2,false
U-c438e2,A-7f8241,S-8e45ba,2023-09-13,feature_10,8,1088,0,false
U-318c32,A-7f8241,S-8e45ba,2024-09-15,feature_35,14,2968,0,false
U-a661e2,A-7f8241,S-8e45ba,2023-04-22,feature_8,13,7735,1,false
U-de7d0d,A-7f8241,S-b2cfac,2023-05-21,feature_36,11,3190,1,false
U-ef45ca,A-7f8241,S-b2cfac,2023-05-14,feature_40,12,4164,0,false
U-243024,A-7f8241,S-bfc2c2,2024-05-02,feature_31,10,5200,0,true
U-c69f82,A-7f8241,S-bfc2c2,2023-04-13,feature_15,9,900,2,false
U-1c3ceb,A-7f8241,S-bfc2c2,2023-07-20,feature_31,12,3084,0,false
U-9f22f7,A-7f8241,S-bfc2c2,2024-11-01,feature_40,10,3610,0,false
U-b9d8cb,A-7f8241,S-bfc2c2,2023-04-11,feature_14,8,1224,0,false
U-f6d904,A-7f8241,S-bfc2c2,2024-10-19,feature_11,8,3352,0,false
U-09c88a,A-7f8241,S-bfc2c2,2024-09-24,feature_3,7,1372,0,false
U-e2729b,A-7f8241,S-c985c4,2023-04-30,feature_35,12,2076,1,false
U-5e9ee4,A-7f8241,S-c985c4,2024-08-06,feature_1,9,1530,3,false
U-7431a4,A-7f8241,S-c985c4,2023-07-11,feature_38,9,1386,0,false
U-b13dcc,A-7f8241,S-c985c4,2024-02-24,feature_35,10,490,0,false
U-fd4010,A-7f8241,S-c985c4,2024-05-13,feature_2,6,2148,0,false
U-c89c56,A-7f8241,S-f1cc81,2023-10-21,feature_11,8,3184,0,false
U-f14ebd,A-7f8241,S-f1cc81,2023-04-21,feature_16,15,7605,0,false
U-81f359,A-7f8241,S-f1cc81,2024-04-14,feature_38,9,567,0,false
U-6798b6,A-7f8241,S-f1cc81,2024-03-09,feature_38,9,2844,0,false
U-2e2a96,A-7f8241,S-fef85a,2024-07-26,feature_15,6,174,0,true
U-0e5ac7,A-7f8241,S-fef85a,2023-04-10,feature_6,9,1242,1,false
U-97cd20,A-7f8241,S-fef85a,2023-10-05,feature_26,12,2424,1,false
U-c8a43b,A-7f8241,S-fef85a,2024-08-24,feature_5,11,1573,0,false
U-dd536d,A-7f8241,S-fef85a,2023-11-09,feature_22,10,110,0,false
U-1b0549,A-7f8241,S-fef85a,2024-08-17,feature_35,12,60,1,false
U-38a53e,A-80eeb6,S-028f5b,2024-10-07,feature_38,9,1269,1,false
U-1ee689,A-80eeb6,S-028f5b,2023-11-19,feature_10,13,2483,0,false
U-ceb935,A-80eeb6,S-028f5b,2023-11-09,feature_32,14,1582,0,false
U-bd6832,A-80eeb6,S-028f5b,2024-02-08,feature_25,9,810,0,false
U-0f6f88,A-80eeb6,S-028f5b,2023-08-27,feature_13,9,2781,0,false
U-6bb2fc,A-80eeb6,S-2a6eb3,2024-07-23,feature_25,15,8850,0,false
U-abb1d5,A-80eeb6,S-3a28cc,2024-09-19,feature_6,9,1431,2,false
U-09d77b,A-80eeb6,S-3a28cc,2023-12-02,feature_14,8,344,0,false
U-fd0a3c,A-80eeb6,S-3a28cc,2024-10-31,feature_24,7,1736,1,true
U-6cdc32,A-80eeb6,S-677801,2023-11-21,feature_16,4,1484,1,false
U-fc5bee,A-80eeb6,S-677801,2024-06-14,feature_16,10,1920,1,false
U-7ab2f8,A-80eeb6,S-677801,2023-10-06,feature_7,8,2880,0,false
U-5d5ec2,A-80eeb6,S-677801,2024-12-15,feature_22,15,1455,0,false
U-bba923,A-80eeb6,S-677801,2023-10-25,feature_9,10,1150,0,false
U-50b454,A-80eeb6,S-677801,2024-04-21,feature_2,10,1480,4,false
U-ba88e2,A-80eeb6,S-7b29d1,2023-10-11,feature_5,3,477,2,false
U-2a5d17,A-80eeb6,S-7b29d1,2024-11-20,feature_39,6,3390,0,false
U-a841c2,A-80eeb6,S-7b29d1,2024-07-02,feature_11,8,4016,0,true
U-b24f60,A-80eeb6,S-7b29d1,2024-11-04,feature_39,11,6479,0,false
U-f11b17,A-80eeb6,S-7b29d1,2024-04-19,feature_13,7,4144,2,false
U-0d3a20,A-80eeb6,S-7b29d1,2023-10-12,feature_38,12,5760,0,true
U-9ec98a,A-80eeb6,S-8a6579,2023-10-10,feature_22,3,969,0,false
U-fb5716,A-80eeb6,S-8a6579,2023-11-19,feature_36,8,2416,0,false
U-e888b6,A-80eeb6,S-8da449,2024-05-28,feature_31,10,310,0,false
U-1af0a2,A-80eeb6,S-8da449,2023-11-14,feature_29,11,4048,2,false
U-5e343a,A-80eeb6,S-8da449,2024-09-03,feature_26,10,4110,0,true
U-803551,A-80eeb6,S-8da449,2024-02-19,feature_27,10,2520,0,false
U-1564c0,A-80eeb6,S-8da449,2024-01-30,feature_27,13,4758,0,false
U-bcd52b,A-80eeb6,S-b8ca59,2024-07-15,feature_33,7,3416,0,false
U-db6a6e,A-80eeb6,S-d0c344,2023-08-12,feature_36,10,1910,3,false
U-435792,A-80eeb6,S-d0c344,2024-09-10,feature_25,11,4917,0,true
U-a99934,A-80eeb6,S-d0c344,2024-12-09,feature_33,10,4140,0,false
U-49c00a,A-80eeb6,S-d0c344,2024-12-23,feature_40,8,440,0,false
U-85169f,A-80eeb6,S-d6c9dc,2024-10-05,feature_12,12,4080,0,false
U-caef7b,A-80eeb6,S-d6c9dc,2024-05-01,feature_28,18,3222,0,false
U-e2a5ac,A-80eeb6,S-d6c9dc,2024-03-23,feature_11,9,4554,0,false
U-b92a2b,A-80eeb6,S-dc3bbc,2023-09-30,feature_20,12,6564,0,false
U-bb2ef3,A-80eeb6,S-e093a9,2024-11-18,feature_22,6,2202,0,true
U-490988,A-80eeb6,S-e093a9,2024-05-13,feature_9,13,1053,0,false
U-c14ba4,A-80eeb6,S-e093a9,2024-12-12,feature_5,9,1269,0,false
U-33b352,A-80eeb6,S-e093a9,2024-10-18,feature_14,7,3500,0,false
U-a5f57a,A-80eeb6,S-e093a9,2024-10-02,feature_14,8,2568,0,false
U-b65616,A-80eeb6,S-e977e4,2024-10-07,feature_23,11,1331,2,false
U-9b4558,A-80eeb6,S-e977e4,2023-12-20,feature_29,9,5247,0,false
U-4ceb50,A-80eeb6,S-e977e4,2024-03-08,feature_39,9,5238,0,false
U-1a4821,A-80eeb6,S-e977e4,2023-08-24,feature_6,4,1752,0,false
U-f3f9d0,A-80eeb6,S-e977e4,2024-10-23,feature_34,10,5440,0,false
U-739569,A-80eeb6,S-e977e4,2024-05-06,feature_19,15,1020,2,false
U-b70b82,A-80eeb6,S-ff2510,2023-07-15,feature_18,11,5621,0,false
U-cfc823,A-80eeb6,S-ff2510,2023-09-13,feature_8,9,5247,0,false
U-0182e3,A-80eeb6,S-ff2510,2024-02-12,feature_12,10,940,4,false
U-f89ff9,A-80eeb6,S-ff2510,2024-10-23,feature_30,6,1392,0,false
U-7e48fb,A-80eeb6,S-ff2510,2024-06-12,feature_32,11,2376,0,false
U-6766eb,A-80eeb6,S-ff2510,2023-10-24,feature_27,7,3276,0,false
U-10f024,A-812c5b,S-099dbc,2024-04-23,feature_31,5,2740,0,false
U-c4e2ab,A-812c5b,S-099dbc,2024-10-19,feature_14,8,376,0,false
U-54170a,A-812c5b,S-1bbf0a,2024-07-25,feature_23,5,2845,0,false
U-5b4fc5,A-812c5b,S-1bbf0a,2024-11-11,feature_30,8,3592,0,false
U-bccfb2,A-812c5b,S-1bbf0a,2024-08-02,feature_27,17,5950,0,false
U-e29c4e,A-812c5b,S-1bbf0a,2024-09-24,feature_23,16,8656,0,false
U-eac33c,A-812c5b,S-1bbf0a,2024-05-09,feature_36,4,1560,4,false
U-93c6a4,A-812c5b,S-66bae1,2024-12-28,feature_13,13,195,2,false
U-90b07a,A-812c5b,S-66bae1,2024-10-18,feature_25,8,3384,0,false
U-e95b10,A-812c5b,S-66bae1,2024-05-19,feature_24,6,1014,0,true
U-2d1441,A-812c5b,S-66bae1,2024-05-10,feature_39,12,4416,0,false
U-c6e7af,A-812c5b,S-66bae1,2024-08-09,feature_16,10,5270,4,false
U-0118ee,A-812c5b,S-942caf,2024-05-04,feature_4,9,4905,2,false
U-31ef81,A-812c5b,S-942caf,2024-04-06,feature_40,9,1764,1,false
U-0acbca,A-812c5b,S-942caf,2024-12-19,feature_18,12,1272,0,false
U-786dc9,A-812c5b,S-942caf,2024-04-30,feature_13,13,858,0,false
U-b3c64f,A-812c5b,S-942caf,2024-05-06,feature_16,10,2110,1,false
U-ab3ca9,A-812c5b,S-a37653,2024-07-06,feature_40,9,1557,2,false
U-e30e1c,A-812c5b,S-b3f2cb,2024-04-24,feature_3,13,7007,0,false
U-870056,A-812c5b,S-b3f2cb,2024-10-14,feature_37,8,4392,0,true
U-036241,A-812c5b,S-b5b9a5,2024-09-25,feature_6,6,354,0,false
U-1e58e3,A-812c5b,S-b5b9a5,2024-06-28,feature_19,9,1737,0,false
U-a917fa,A-812c5b,S-bf89e6,2024-07-03,feature_39,10,5420,0,false
U-310d83,A-812c5b,S-c5835c,2024-09-25,feature_19,5,1700,1,false
U-129e16,A-812c5b,S-c5835c,2024-05-08,feature_32,10,4990,0,false
U-3196ec,A-812c5b,S-ce90ba,2024-04-26,feature_26,13,5161,0,false
U-37055e,A-812c5b,S-d9e0d1,2024-05-10,feature_31,11,1386,0,false
U-feea0c,A-812c5b,S-d9e0d1,2024-11-17,feature_35,15,375,0,false
U-5b5b14,A-812c5b,S-d9e0d1,2024-06-20,feature_11,7,910,0,false
U-5d4111,A-812c5b,S-d9e0d1,2024-08-12,feature_13,9,1980,0,false
U-7671a1,A-812c5b,S-d9e0d1,2024-07-18,feature_19,7,2576,0,false
U-bfa272,A-812c5b,S-feccd8,2024-09-29,feature_40,7,3857,0,true
U-d84495,A-8145a0,S-101324,2024-11-27,feature_32,5,2350,0,false
U-036ab8,A-8145a0,S-101324,2024-09-08,feature_18,11,759,1,false
U-18673e,A-8145a0,S-101324,2024-06-26,feature_39,13,5746,3,false
U-36bdcb,A-8145a0,S-2eb247,2024-02-05,feature_30,11,2453,0,false
U-a34b27,A-8145a0,S-40adae,2024-03-02,feature_9,10,2570,0,true
U-72764c,A-8145a0,S-40adae,2024-03-29,feature_40,6,1554,0,false
U-418dee,A-8145a0,S-40adae,2024-06-15,feature_15,13,429,0,false
U-dbc1a4,A-8145a0,S-40adae,2024-12-11,feature_16,14,1134,0,false
U-b15d50,A-8145a0,S-40adae,2024-05-21,feature_22,13,2223,0,false
U-3cfae5,A-8145a0,S-426f2f,2023-10-25,feature_32,8,2528,3,false
U-510b8b,A-8145a0,S-426f2f,2024-04-30,feature_3,6,738,0,false
U-d58c50,A-8145a0,S-43cd30,2024-08-02,feature_9,8,3872,0,false
U-6ca303,A-8145a0,S-43cd30,2023-12-05,feature_10,10,1010,0,false
U-1dc927,A-8145a0,S-43cd30,2024-10-27,feature_21,8,736,0,false
U-caf016,A-8145a0,S-43cd30,2024-07-08,feature_22,8,4616,0,false
U-ec1a62,A-8145a0,S-43cd30,2024-06-24,feature_21,11,1034,0,false
U-c609d4,A-8145a0,S-87e8d3,2024-01-13,feature_5,10,1520,0,false
U-e13368,A-8145a0,S-87e8d3,2023-10-02,feature_34,14,2982,0,false
U-49c35c,A-8145a0,S-87e8d3,2023-09-13,feature_37,11,5126,0,true
U-59bf48,A-8145a0,S-87e8d3,2024-07-20,feature_32,11,6215,0,false
U-27d226,A-8145a0,S-87e8d3,2023-10-30,feature_29,14,6706,0,false
U-819e2a,A-8145a0,S-87e8d3,2023-10-12,feature_31,10,5870,0,false
U-741092,A-8145a0,S-8fd62c,2024-12-08,feature_9,9,891,1,false
U-a8d29e,A-8145a0,S-8fd62c,2024-10-11,feature_32,15,885,0,false
U-a5db86,A-8145a0,S-8fd62c,2024-05-28,feature_30,12,4812,0,false
U-d1d51b,A-8145a0,S-8fd62c,2024-09-26,feature_13,8,112,3,false
U-14a1c9,A-8145a0,S-8fd62c,2024-10-13,feature_26,15,4275,0,false
U-3cd678,A-8145a0,S-8fd62c,2024-12-26,feature_28,13,7722,0,false
U-2f512b,A-8145a0,S-98126d,2024-07-29,feature_2,10,690,0,false
U-25ce2e,A-8145a0,S-98126d,2024-03-27,feature_39,4,2136,0,false
U-f1e610,A-8145a0,S-b362a5,2024-03-27,feature_15,9,963,0,false
U-e5eede,A-8145a0,S-b362a5,2024-08-30,feature_1,17,2363,0,false
U-156593,A-8145a0,S-b362a5,2024-01-30,feature_28,9,126,0,false
U-39b34f,A-8145a0,S-d7c21d,2024-06-13,feature_28,4,472,0,false
U-6c7f83,A-8145a0,S-d7c21d,2024-09-26,feature_24,8,312,0,false
U-d76cc8,A-8145a0,S-d7c21d,2023-12-09,feature_28,10,2830,0,false
U-56cd3f,A-8145a0,S-da2f0b,2024-08-30,feature_33,10,2310,0,false
U-e28f2b,A-8145a0,S-da2f0b,2024-01-14,feature_18,11,407,0,false
U-4db16a,A-8145a0,S-da2f0b,2023-11-08,feature_35,16,7280,0,false
U-4dc6b4,A-8145a0,S-da2f0b,2023-11-25,feature_4,14,1442,0,false
U-8c6ae4,A-8145a0,S-da2f0b,2023-11-29,feature_11,9,1494,0,true
U-44ac3c,A-8145a0,S-da2f0b,2024-07-04,feature_1,7,2037,0,false
U-f2ed4a,A-8145a0,S-e51242,2023-12-24,feature_12,13,7111,3,false
U-4dc70d,A-8145a0,S-e51242,2024-03-21,feature_25,14,7616,0,false
U-51fe00,A-8145a0,S-e51242,2024-06-25,feature_24,15,8220,0,false
U-4dee08,A-8145a0,S-e51242,2023-08-11,feature_11,8,3880,0,false
U-c2522e,A-8145a0,S-e51242,2024-07-15,feature_12,12,1812,0,false
U-49d9ec,A-81edc3,S-07976e,2023-12-04,feature_18,13,7761,0,false
U-cadc95,A-81edc3,S-07976e,2024-03-13,feature_19,5,2315,0,false
U-82377e,A-81edc3,S-07976e,2024-07-31,feature_32,8,4552,0,true
U-186ce0,A-81edc3,S-3d0aa6,2024-11-07,feature_33,19,8398,1,false
U-b0c571,A-81edc3,S-3fa87d,2024-01-26,feature_35,9,2970,0,false
U-a9f02a,A-81edc3,S-3fa87d,2023-11-15,feature_9,9,2808,0,false
U-bdcaf5,A-81edc3,S-3fa87d,2024-10-09,feature_8,13,4017,1,true
U-e86a2c,A-81edc3,S-3fa87d,2024-04-14,feature_31,13,5512,0,true
U-dc1d0f,A-81edc3,S-3fa87d,2024-06-08,feature_40,10,5700,0,false
U-96a358,A-81edc3,S-44e3ac,2024-04-05,feature_30,4,1932,0,false
U-c48247,A-81edc3,S-44e3ac,2024-11-04,feature_28,4,1456,4,true
U-f8b14c,A-81edc3,S-44e3ac,2024-05-19,feature_6,9,4518,0,false
U-7d3b23,A-81edc3,S-5f2554,2024-05-09,feature_34,9,1386,0,false
U-9c0fe4,A-81edc3,S-5f2554,2024-12-28,feature_12,11,2761,0,false
U-26ae23,A-81edc3,S-5f2554,2024-02-22,feature_16,6,1716,0,false
U-d19aec,A-81edc3,S-5f2554,2024-10-14,feature_19,9,1809,2,true
U-508743,A-81edc3,S-5f2554,2024-04-25,feature_31,13,6903,0,false
U-214ae8,A-81edc3,S-9e5075,2024-07-15,feature_7,13,3848,2,false
U-ff4c3d,A-81edc3,S-9e5075,2024-04-13,feature_10,9,5076,0,false
U-af138d,A-81edc3,S-9e5075,2024-06-19,feature_16,9,4311,0,false
U-1f02c3,A-81edc3,S-9e5075,2024-01-13,feature_16,12,816,0,false
U-7593eb,A-81edc3,S-9e5075,2024-05-01,feature_9,10,860,0,false
U-821446,A-81edc3,S-a3300f,2024-11-21,feature_8,9,5031,0,false
U-af8cc1,A-81edc3,S-a3300f,2024-03-19,feature_31,11,605,0,false
U-6fb7d2,A-81edc3,S-a3300f,2024-12-02,feature_17,13,5148,0,false
U-2bd6fe,A-81edc3,S-a3300f,2024-07-29,feature_32,10,4950,0,false
U-212730,A-81edc3,S-a6e444,2024-05-03,feature_19,5,170,1,false
U-9a3ccd,A-81edc3,S-a6e444,2024-12-10,feature_16,13,4537,0,false
U-cf6019,A-81edc3,S-a6e444,2023-12-17,feature_33,9,3951,0,false
U-7b37b4,A-81edc3,S-a6e444,2023-12-13,feature_24,6,2394,3,false
U-43808a,A-81edc3,S-a6e444,2024-08-17,feature_19,14,2170,0,true
U-e05bab,A-81edc3,S-a6e444,2024-02-04,feature_3,9,3897,0,false
U-57a841,A-81edc3,S-a6e444,2023-12-06,feature_6,13,5642,0,false
U-d3b4b6,A-81edc3,S-a6e444,2024-11-27,feature_20,13,6604,0,false
U-82e721,A-81edc3,S-c1eb68,2024-01-22,feature_18,11,2420,0,false
U-88e80a,A-81edc3,S-c1eb68,2024-12-29,feature_14,20,7780,1,false
U-cb822e,A-81edc3,S-c1eb68,2024-12-10,feature_39,12,6960,0,false
U-2f273d,A-81edc3,S-cc771c,2024-09-23,feature_10,9,5103,2,true
U-783c25,A-81edc3,S-cc771c,2024-01-11,feature_9,9,3699,0,false
U-878fce,A-81edc3,S-cc771c,2024-12-17,feature_40,14,1386,2,false
U-5c9672,A-81edc3,S-cc771c,2023-12-23,feature_5,8,3576,4,false
U-85135c,A-81edc3,S-cc771c,2024-11-05,feature_33,11,4334,1,false
U-d5cf63,A-81edc3,S-d3bd2f,2024-08-19,feature_5,21,7749,0,false
U-a0c986,A-81edc3,S-d3bd2f,2024-04-29,feature_16,12,1956,0,false
U-974075,A-81edc3,S-d3bd2f,2024-03-29,feature_23,10,790,0,false
U-80e991,A-81edc3,S-d3bd2f,2023-12-15,feature_8,9,2943,0,false
U-bef81d,A-81edc3,S-d4c0a0,2023-11-23,feature_26,15,3330,1,false
U-f0c808,A-82861f,S-09cdac,2024-07-13,feature_32,8,2016,1,false
U-e99926,A-82861f,S-1c406a,2024-08-06,feature_37,11,6424,1,false
U-f9b7cb,A-82861f,S-1c406a,2024-05-26,feature_36,10,1380,0,false
U-943c99,A-82861f,S-53f831,2024-06-12,feature_13,13,7007,0,false
U-edeace,A-82861f,S-5d434f,2024-11-20,feature_18,10,1090,3,false
U-2e2b9c,A-82861f,S-5d434f,2024-06-02,feature_21,10,4470,0,false
U-023cfd,A-82861f,S-766d8b,2024-09-22,feature_34,5,1770,3,false
U-fd066e,A-82861f,S-8451e7,2024-08-01,feature_6,8,2752,2,false
U-db4275,A-82861f,S-97bc99,2024-07-01,feature_4,5,1820,0,false
U-6f455d,A-82861f,S-97bc99,2024-09-05,feature_10,13,5044,1,false
U-6a071e,A-82861f,S-97bc99,2024-11-19,feature_2,9,4158,1,false
U-785d8f,A-82861f,S-c51ab8,2024-08-15,feature_30,4,1664,0,false
U-b61493,A-82861f,S-c51ab8,2024-10-28,feature_11,8,1432,2,false
U-24f7ac,A-82861f,S-c51ab8,2024-12-06,feature_1,11,3432,0,false
U-9f2a42,A-82861f,S-c51ab8,2024-10-21,feature_4,7,399,1,true
U-378640,A-82861f,S-c51ab8,2024-09-01,feature_24,13,1651,1,false
U-aa8cf6,A-82d8a6,S-77ca30,2024-12-17,feature_7,12,4884,0,false
U-e6bed7,A-832ec2,S-1a2f35,2024-11-09,feature_21,9,468,3,false
U-638e82,A-832ec2,S-1a2f35,2024-03-26,feature_1,11,3344,0,false
U-d37dad,A-832ec2,S-1a2f35,2024-04-04,feature_3,10,5210,0,true
U-bed88e,A-832ec2,S-396546,2024-09-23,feature_2,13,2834,0,false
U-d3b167,A-832ec2,S-396546,2024-05-22,feature_17,11,3058,1,false
U-fddaf7,A-832ec2,S-460deb,2024-10-15,feature_12,16,9488,0,false
U-b37531,A-832ec2,S-460deb,2024-05-30,feature_30,6,3432,0,false
U-6466e4,A-832ec2,S-460deb,2024-09-21,feature_39,13,3068,0,false
U-12b270,A-832ec2,S-460deb,2024-03-17,feature_37,14,4410,0,false
U-438106,A-832ec2,S-460deb,2024-08-26,feature_16,9,5058,4,false
U-92031e,A-832ec2,S-460deb,2024-04-09,feature_25,8,3680,2,false
U-01d7b7,A-832ec2,S-5cda31,2024-01-31,feature_12,8,1912,3,false
U-4341a3,A-832ec2,S-5cda31,2024-02-19,feature_36,11,594,0,false
U-811f21,A-832ec2,S-5cda31,2024-03-26,feature_3,14,6972,0,false
U-0552fe,A-832ec2,S-5cda31,2024-06-22,feature_5,8,456,0,false
U-bcb201,A-832ec2,S-5e5ff0,2024-12-23,feature_9,9,2250,0,false
U-766e8f,A-832ec2,S-96bb5c,2024-08-24,feature_33,10,70,0,false
U-fbf549,A-832ec2,S-96bb5c,2024-11-28,feature_8,9,2871,0,false
U-554a8e,A-832ec2,S-96bb5c,2024-09-16,feature_24,10,1210,0,false
U-14ba10,A-832ec2,S-96bb5c,2024-10-15,feature_28,12,3816,1,false
U-8e4843,A-832ec2,S-96bb5c,2024-09-23,feature_14,7,1918,0,false
U-2d6910,A-832ec2,S-d638c7,2024-06-29,feature_38,9,2772,0,false
U-bf005e,A-832ec2,S-d638c7,2024-10-12,feature_30,14,812,0,true
U-91ce3a,A-832ec2,S-d638c7,2024-08-06,feature_12,7,931,3,false
U-13530c,A-832ec2,S-d638c7,2024-03-27,feature_6,11,1287,0,false
U-864f16,A-832ec2,S-d638c7,2024-10-17,feature_13,10,3380,0,false
U-464977,A-832ec2,S-e76e80,2024-02-10,feature_15,15,8895,0,false
U-b740a8,A-832ec2,S-e76e80,2024-10-23,feature_19,7,742,0,false
U-35fe40,A-832ec2,S-e76e80,2024-03-31,feature_32,13,3016,0,false
U-3e92d6,A-832ec2,S-e76e80,2024-03-02,feature_14,11,2893,2,false
U-5a56c9,A-832ec2,S-e76e80,2024-07-16,feature_24,10,4990,0,false
U-cb656f,A-84ebe4,S-1170cb,2023-08-15,feature_8,6,960,0,false
U-aec75b,A-84ebe4,S-1170cb,2024-08-22,feature_4,11,5962,1,false
U-975213,A-84ebe4,S-1cb993,2023-07-17,feature_32,8,2096,0,false
U-19e1a0,A-84ebe4,S-1cb993,2024-12-08,feature_7,6,1056,0,false
U-3a3710,A-84ebe4,S-1cb993,2024-02-19,feature_3,10,270,2,true
U-9ba3cb,A-84ebe4,S-2e78ce,2024-11-26,feature_15,11,4136,0,false
U-6eafce,A-84ebe4,S-639d60,2024-07-15,feature_38,14,8092,2,false
U-582dec,A-84ebe4,S-639d60,2023-07-18,feature_13,5,1960,3,false
U-9a4d8b,A-84ebe4,S-639d60,2024-03-10,feature_2,13,6903,0,false
U-8bf9c1,A-84ebe4,S-639d60,2024-07-16,feature_9,5,980,0,true
U-39a929,A-84ebe4,S-639d60,2023-07-17,feature_1,5,2140,1,false
U-8cd06c,A-84ebe4,S-639d60,2024-05-05,feature_16,4,2200,0,false
U-cad6e9,A-84ebe4,S-639d60,2024-12-16,feature_30,12,6600,0,false
U-cc5847,A-84ebe4,S-6717d6,2024-07-13,feature_4,6,744,1,false
U-50c7ed,A-84ebe4,S-6717d6,2024-01-28,feature_10,14,4522,0,false
U-cfd65f,A-84ebe4,S-6bb2c5,2023-07-17,feature_10,9,3222,1,false
U-a8e824,A-84ebe4,S-6bb2c5,2024-06-27,feature_13,6,3390,0,true
U-36f378,A-84ebe4,S-6bb2c5,2023-05-14,feature_18,12,120,2,false
U-ee53ae,A-84ebe4,S-6bb2c5,2023-09-28,feature_10,9,486,1,false
U-8d65d7,A-84ebe4,S-6bb2c5,2024-12-13,feature_23,16,1680,0,false
U-b6653c,A-84ebe4,S-7f0419,2024-05-30,feature_35,12,3252,2,false
U-bb6c15,A-84ebe4,S-7f0419,2024-11-22,feature_33,12,5556,0,false
U-fd3872,A-84ebe4,S-7f0419,2023-10-14,feature_23,7,2688,0,false
U-6d5c7b,A-84ebe4,S-8738af,2024-06-07,feature_10,9,3627,0,false
U-0840e6,A-84ebe4,S-8738af,2024-01-15,feature_27,8,2328,0,false
U-edb261,A-84ebe4,S-8738af,2023-11-19,feature_14,12,7140,1,false
U-e1c5f9,A-84ebe4,S-8738af,2024-10-10,feature_7,7,2268,0,true
U-e2c725,A-84ebe4,S-a583df,2024-04-29,feature_37,9,1548,1,false
U-dfd7ba,A-84ebe4,S-a583df,2023-06-04,feature_2,15,2610,0,false
U-d43955,A-84ebe4,S-a583df,2024-07-02,feature_24,13,6227,1,false
U-a6803e,A-84ebe4,S-a583df,2024-03-25,feature_40,10,1060,1,false
U-3dc08c,A-84ebe4,S-a583df,2024-11-28,feature_30,9,3114,0,false
U-1dc381,A-84ebe4,S-a583df,2023-10-13,feature_39,5,2715,0,false
U-5c2a32,A-84ebe4,S-a583df,2023-10-25,feature_21,11,198,0,true
U-b03382,A-84ebe4,S-c2fd82,2024-02-23,feature_1,11,4367,0,false
U-09ad43,A-84ebe4,S-c2fd82,2023-07-30,feature_29,7,2471,0,false
U-c050b4,A-84ebe4,S-c2fd82,2024-09-13,feature_4,7,2275,0,true
U-f9bef1,A-84ebe4,S-e3a257,2024-12-06,feature_19,6,1140,2,false
U-7ea9c8,A-854864,S-b32512,2024-12-12,feature_38,10,500,0,false
U-0b9a65,A-854864,S-bbafad,2024-12-15,feature_7,7,700,0,true
U-7de30d,A-855a48,S-104ed3,2024-07-18,feature_9,8,2240,0,false
U-c1e9a3,A-855a48,S-104ed3,2024-09-19,feature_3,11,3564,0,false
U-bea4f4,A-855a48,S-104ed3,2024-03-26,feature_19,8,904,1,false
U-534562,A-855a48,S-11b2c6,2024-07-20,feature_4,8,4688,0,false
U-43f58c,A-855a48,S-11b2c6,2024-03-10,feature_2,10,140,1,false
U-dfc74d,A-855a48,S-11b2c6,2024-11-19,feature_13,12,3036,0,false
U-e860b8,A-855a48,S-6c969d,2024-02-07,feature_19,7,1582,0,true
U-77404d,A-855a48,S-6c969d,2024-08-31,feature_3,9,5022,0,false
U-8128da,A-855a48,S-6c969d,2024-05-27,feature_34,9,2520,0,false
U-47c342,A-855a48,S-72cf21,2024-07-06,feature_27,14,7756,0,false
U-6bf8fa,A-855a48,S-918151,2024-04-10,feature_4,9,1422,0,false
U-8d3f5f,A-855a48,S-a8f236,2024-09-05,feature_10,6,2562,0,true
U-f58e1e,A-855a48,S-a8f236,2024-03-31,feature_14,12,2040,1,true
U-049daf,A-855a48,S-a8f236,2024-09-17,feature_6,14,3878,0,false
U-99b6a9,A-855a48,S-c1316c,2024-06-17,feature_33,14,1064,0,false
U-73ffa6,A-856b1e,S-7791c3,2024-06-06,feature_30,10,3180,0,false
U-4ad868,A-856b1e,S-7791c3,2024-04-06,feature_40,10,4140,2,false
U-0a4288,A-856b1e,S-7791c3,2024-04-29,feature_21,7,2121,0,false
U-9faddb,A-856b1e,S-7791c3,2024-10-28,feature_25,10,480,0,false
U-69b1f7,A-856b1e,S-7791c3,2024-07-25,feature_13,10,580,1,false
U-b1e66e,A-856b1e,S-7f5316,2024-08-27,feature_36,11,5236,0,false
U-a5d658,A-856b1e,S-7f5316,2024-08-30,feature_34,5,2785,3,false
U-48d3b3,A-856b1e,S-7f5316,2024-01-20,feature_24,8,600,0,false
U-977d45,A-856b1e,S-7f5316,2024-11-11,feature_34,12,1128,0,false
U-ad4aa8,A-856b1e,S-7f5316,2024-04-22,feature_3,21,10122,3,false
U-4bd3d3,A-856b1e,S-c1c6ca,2024-02-23,feature_3,8,760,0,false
U-ba7040,A-856b1e,S-c455ec,2024-12-07,feature_30,9,585,4,false
U-c26b2e,A-856b1e,S-c455ec,2024-09-20,feature_3,14,4634,0,true
U-d3ecdb,A-856b1e,S-c455ec,2024-10-05,feature_34,12,1176,0,false
U-30dacb,A-856b1e,S-e3c3c8,2024-10-17,feature_39,7,427,0,false
U-099b8a,A-86902e,S-117d65,2023-09-11,feature_2,11,4158,1,false
U-b4f852,A-86902e,S-117d65,2024-04-12,feature_15,14,6258,4,false
U-df6436,A-86902e,S-117d65,2024-11-24,feature_24,8,72,0,false
U-ed9b39,A-86902e,S-13939b,2024-10-16,feature_30,6,3024,0,false
U-4dc44a,A-86902e,S-13939b,2024-11-03,feature_13,7,238,1,false
U-7c6ed5,A-86902e,S-13939b,2023-09-26,feature_2,10,4780,0,false
U-7ed16f,A-86902e,S-13939b,2024-12-12,feature_30,6,930,0,false
U-ce9c67,A-86902e,S-13939b,2024-09-29,feature_27,9,2241,2,false
U-00cf4a,A-86902e,S-13939b,2024-02-24,feature_31,12,672,0,false
U-faaebd,A-86902e,S-13939b,2024-02-26,feature_17,8,1592,1,false
U-168352,A-86902e,S-52b9a9,2024-06-26,feature_14,11,4796,0,true
U-f03be8,A-86902e,S-52b9a9,2024-05-11,feature_17,14,210,0,true
U-838802,A-86902e,S-52b9a9,2024-03-27,feature_7,8,3208,0,true
U-37c039,A-86902e,S-52b9a9,2024-04-22,feature_7,9,2565,0,false
U-5bc3b7,A-86902e,S-94fc5d,2024-07-01,feature_12,9,2646,0,false
U-263815,A-86902e,S-94fc5d,2024-09-30,feature_38,12,3288,2,false
U-05d39f,A-86902e,S-94fc5d,2023-09-22,feature_18,14,2086,4,false
U-218f26,A-86902e,S-94fc5d,2023-09-15,feature_15,13,741,0,true
U-becfd1,A-86902e,S-94fc5d,2024-09-27,feature_26,12,3204,0,false
U-b24c2a,A-86902e,S-a245f6,2024-02-17,feature_33,9,4932,0,false
U-0f9afc,A-86902e,S-a245f6,2023-10-28,feature_4,10,4440,0,false
U-adb7d0,A-86902e,S-a245f6,2024-07-14,feature_13,12,3372,0,false
U-bb718d,A-86902e,S-a245f6,2024-09-23,feature_2,14,2898,0,false
U-d137b8,A-86902e,S-b83d8d,2024-02-17,feature_7,12,1920,2,true
U-fd49c2,A-86902e,S-b83d8d,2023-12-10,feature_23,7,3500,0,false
U-5794e3,A-86902e,S-b83d8d,2024-12-04,feature_29,12,276,6,false
U-022dbf,A-86902e,S-c317f9,2024-12-10,feature_25,11,5874,0,false
U-33c233,A-86902e,S-c317f9,2023-12-07,feature_20,9,4401,0,false
U-cbd1bd,A-86902e,S-c317f9,2024-07-21,feature_18,8,3744,2,false
U-253cde,A-86902e,S-c317f9,2024-03-05,feature_12,14,504,0,false
U-164d2b,A-86902e,S-c317f9,2023-12-27,feature_40,6,2964,2,false
U-684e9a,A-86902e,S-e60430,2023-12-07,feature_2,8,384,0,true
U-5b2853,A-86902e,S-e60430,2024-10-30,feature_28,11,660,0,false
U-81bf9a,A-86902e,S-e60430,2024-10-23,feature_6,12,1260,2,false
U-16b929,A-86902e,S-e60430,2023-11-09,feature_21,9,4689,0,false
U-31b759,A-86902e,S-e7b281,2024-06-12,feature_7,8,944,0,false
U-46dffa,A-86902e,S-e7b281,2024-10-04,feature_4,7,3836,0,false
U-0d453f,A-86902e,S-f110db,2024-07-23,feature_27,4,1024,0,false
U-4f87bb,A-86902e,S-f110db,2024-10-23,feature_38,10,5620,0,false
U-9359e9,A-86902e,S-f110db,2024-10-20,feature_11,7,455,0,false
U-23db7c,A-86902e,S-f110db,2024-08-09,feature_40,10,5550,0,false
U-a54062,A-86902e,S-f110db,2023-12-14,feature_13,9,4275,0,false
U-f5bb5b,A-86902e,S-f110db,2024-05-30,feature_29,9,4626,1,false
U-6c82cc,A-86cdb4,S-31428b,2024-11-20,feature_28,10,4790,1,false
U-f4490f,A-86cdb4,S-33e40e,2024-10-19,feature_28,14,7994,0,false
U-c2baee,A-86cdb4,S-684751,2024-12-04,feature_37,10,2170,0,false
U-2923ba,A-86cdb4,S-6f0169,2024-11-10,feature_27,10,2500,0,false
U-4bf8ae,A-86cdb4,S-834a48,2024-11-09,feature_36,14,1162,0,false
U-b18820,A-86cdb4,S-95c2e3,2024-11-25,feature_38,5,2930,2,false
U-7d46e1,A-86cdb4,S-95c2e3,2024-10-07,feature_4,13,1950,0,true
U-d0c175,A-86cdb4,S-af6974,2024-12-08,feature_11,13,3575,3,false
U-9824e8,A-86cdb4,S-af6974,2024-11-27,feature_10,13,130,0,false
U-26f1ac,A-86cdb4,S-f180b5,2024-11-10,feature_39,8,1760,0,false
U-3b0b26,A-86cdb4,S-f180b5,2024-11-02,feature_7,11,1265,0,false
U-5db791,A-86fc1d,S-0ec1d3,2024-09-13,feature_24,9,3708,1,false
U-f674a8,A-86fc1d,S-188518,2024-12-22,feature_40,10,2890,2,true
U-1c1d26,A-86fc1d,S-807f28,2024-12-30,feature_38,11,1243,0,false
U-49bfe4,A-86fc1d,S-807f28,2024-08-12,feature_34,8,2720,2,false
U-f8c247,A-86fc1d,S-807f28,2024-12-08,feature_29,10,580,0,false
U-2e8e37,A-86fc1d,S-807f28,2024-11-02,feature_17,13,3354,0,false
U-a579b6,A-86fc1d,S-a4a6c9,2024-11-17,feature_37,13,1131,0,true
U-aed071,A-86fc1d,S-ac4799,2024-12-20,feature_5,8,3968,0,false
U-74df8c,A-87aa7b,S-09076d,2024-06-05,feature_2,15,4320,0,false
U-281e93,A-87aa7b,S-09076d,2024-06-27,feature_26,13,637,0,true
U-b7b333,A-87aa7b,S-09076d,2024-06-16,feature_10,13,1261,0,false
U-b4e76e,A-87aa7b,S-09ada1,2024-06-06,feature_35,7,3542,0,false
U-b053a8,A-87aa7b,S-276d44,2024-10-14,feature_3,11,3025,1,false
U-bae719,A-87aa7b,S-276d44,2024-11-27,feature_2,10,3420,0,false
U-1497f1,A-87aa7b,S-37f480,2024-10-05,feature_17,11,1991,1,false
U-5737a5,A-87aa7b,S-561e21,2024-09-19,feature_2,8,2440,0,false
U-55e94a,A-87aa7b,S-58239c,2024-08-03,feature_31,17,5117,0,false
U-d73d27,A-87aa7b,S-58239c,2024-11-06,feature_35,11,4411,0,false
U-195fbc,A-87aa7b,S-5b58b1,2024-06-22,feature_4,10,1270,1,false
U-33500b,A-87aa7b,S-5b58b1,2024-06-19,feature_1,9,1125,0,false
U-66a2da,A-87aa7b,S-7925f0,2024-12-26,feature_12,10,5040,2,true
U-7f6f00,A-87aa7b,S-b9c635,2024-06-04,feature_33,6,3090,1,false
U-98fb4b,A-87aa7b,S-b9c635,2024-12-23,feature_5,13,5902,0,false
U-e2bbf3,A-87aa7b,S-b9c635,2024-09-29,feature_38,5,1450,3,false
U-609e67,A-87aa7b,S-b9c635,2024-10-10,feature_23,8,656,0,false
U-ad7df9,A-87aa7b,S-c7f25a,2024-07-31,feature_3,17,4641,0,false
U-29b666,A-87aa7b,S-c7f25a,2024-12-13,feature_16,4,1096,0,false
U-22e281,A-87aa7b,S-c7f25a,2024-11-27,feature_13,7,2961,5,false
U-b065a0,A-87aa7b,S-ccc10f,2024-11-11,feature_17,8,664,0,false
U-9f729d,A-87aa7b,S-ccc10f,2024-05-22,feature_18,16,8944,0,false
U-fdc5c8,A-87aa7b,S-eadebb,2024-07-05,feature_10,11,1342,2,false
U-0d442d,A-883b7d,S-0206eb,2024-11-02,feature_9,6,1806,0,true
U-608a28,A-883b7d,S-0206eb,2024-12-30,feature_38,7,308,0,false
U-d05ce0,A-883b7d,S-3e453b,2024-12-14,feature_2,10,3850,1,false
U-b0cdb4,A-883b7d,S-3e453b,2024-05-25,feature_16,13,3224,0,false
U-88bc2d,A-883b7d,S-3e453b,2024-10-04,feature_36,9,3033,0,false
U-454a29,A-883b7d,S-466093,2024-07-24,feature_11,10,2230,0,true
U-b8fdac,A-883b7d,S-472fda,2024-12-23,feature_29,14,3122,0,false
U-425b16,A-883b7d,S-4e3e04,2024-06-09,feature_31,9,2169,0,false
U-ee885a,A-883b7d,S-4e3e04,2024-10-10,feature_32,11,4059,1,false
U-a20544,A-883b7d,S-4e3e04,2024-06-29,feature_15,7,2492,0,false
U-c862ac,A-883b7d,S-505db5,2024-06-30,feature_35,4,136,0,false
U-d1c249,A-883b7d,S-505db5,2024-11-22,feature_39,10,460,0,false
U-00b456,A-883b7d,S-505db5,2024-05-18,feature_38,11,2464,2,true
U-d209c7,A-883b7d,S-505db5,2024-09-14,feature_34,7,1421,2,false
U-c810af,A-883b7d,S-505db5,2024-10-29,feature_2,11,1243,0,false
U-6b7aa1,A-883b7d,S-635570,2024-07-13,feature_26,10,4640,1,false
U-067886,A-883b7d,S-635570,2024-09-14,feature_1,11,5489,4,false
U-b57c99,A-883b7d,S-8bb388,2024-05-07,feature_32,6,2508,1,false
U-3a9ef7,A-883b7d,S-8bb388,2024-08-29,feature_14,6,2538,2,false
U-0ffa62,A-883b7d,S-9122a4,2024-12-15,feature_26,8,2416,1,false
U-2d5c77,A-883b7d,S-9122a4,2024-05-14,feature_35,9,4617,0,true
U-d42149,A-883b7d,S-9122a4,2024-11-15,feature_27,8,2400,1,false
U-892ab6,A-883b7d,S-9122a4,2024-12-27,feature_38,6,642,0,false
U-ac40f5,A-883b7d,S-9c0df6,2024-08-08,feature_25,13,6331,1,false
U-3f7d4b,A-883b7d,S-9c0df6,2024-05-12,feature_40,14,3906,1,false
U-474761,A-883b7d,S-a70baa,2024-12-20,feature_20,9,3672,0,false
U-30281e,A-88c6ca,S-07f282,2024-12-01,feature_28,10,120,0,false
U-d2dac6,A-88c6ca,S-866608,2024-12-11,feature_6,13,6968,0,false
U-24b508,A-88c6ca,S-c2b710,2024-12-27,feature_4,4,1492,2,false
U-c2a4cc,A-88c6ca,S-f89d8c,2024-12-25,feature_38,10,810,0,true
U-4e773a,A-88c6ca,S-f89d8c,2024-11-24,feature_22,13,7280,0,true
U-70c5ae,A-89ee83,S-13c8b6,2024-12-17,feature_19,9,4671,0,false
U-dddb40,A-89ee83,S-7e7a73,2024-11-05,feature_12,12,2112,0,false
U-a4806c,A-89ee83,S-7e7a73,2024-12-08,feature_34,7,252,0,false
U-d2ed14,A-89ee83,S-a82639,2024-11-30,feature_38,14,1708,4,false
U-49f9bd,A-89ee83,S-ceffe9,2024-11-26,feature_12,10,1160,0,false
U-d247b5,A-89ee83,S-f5f5b3,2024-12-11,feature_25,8,2720,5,false
U-adc077,A-8adedc,S-09251c,2024-12-04,feature_12,8,2360,3,false
U-9a85e0,A-8adedc,S-09251c,2024-03-13,feature_24,8,1760,0,false
U-c69beb,A-8adedc,S-0e8b21,2024-04-09,feature_4,3,660,0,false
U-1ecf49,A-8adedc,S-0e8b21,2024-11-24,feature_22,7,3136,0,false
U-a099c5,A-8adedc,S-448b6d,2024-06-09,feature_19,11,4917,2,false
U-46f8aa,A-8adedc,S-448b6d,2024-07-29,feature_38,18,3924,2,false
U-861db7,A-8adedc,S-448b6d,2024-06-12,feature_20,10,510,0,false
U-48554c,A-8adedc,S-448b6d,2024-09-19,feature_3,10,2230,0,false
U-970d6a,A-8adedc,S-4f9730,2024-12-31,feature_23,7,105,0,false
U-e899e0,A-8adedc,S-4f9730,2024-04-11,feature_16,10,4900,0,false
U-305bc3,A-8adedc,S-70d15d,2024-03-29,feature_36,8,3616,4,false
U-0787d7,A-8adedc,S-86c28f,2024-09-27,feature_24,13,5044,2,false
U-f83d3b,A-8adedc,S-86c28f,2024-12-21,feature_30,8,1872,2,false
U-b9bd4d,A-8adedc,S-871e83,2024-08-30,feature_40,13,2145,1,false
U-70f978,A-8adedc,S-871e83,2024-03-21,feature_36,17,1139,0,false
U-9656e3,A-8adedc,S-871e83,2024-12-24,feature_24,7,3822,0,false
U-a8094d,A-8adedc,S-d8441d,2024-08-04,feature_26,6,1284,0,false
U-4c914c,A-8adedc,S-dbc1ca,2024-03-23,feature_19,8,1000,2,false
U-8c6635,A-8adedc,S-dbc1ca,2024-04-26,feature_10,8,4648,0,false
U-b25fbc,A-8adedc,S-f36088,2024-05-07,feature_35,10,1110,3,false
U-d3128a,A-8adedc,S-f36088,2024-08-11,feature_1,11,4510,0,false
U-f62c8a,A-8adedc,S-f36088,2024-04-23,feature_29,16,3808,0,false
U-ae1a6c,A-8ae05d,S-55db9e,2024-12-24,feature_17,12,420,2,false
U-2e1047,A-8ae05d,S-b8c3e6,2024-10-30,feature_20,13,7475,0,false
U-34e7b2,A-8ae05d,S-b8c3e6,2024-11-20,feature_16,9,4806,1,false
U-f477f2,A-8ae05d,S-f4b648,2024-12-20,feature_31,13,7254,0,false
U-b24667,A-8ae05d,S-f4b648,2024-08-21,feature_37,11,2453,0,false
U-daafe1,A-8ae3fc,S-121b4d,2024-08-20,feature_28,21,1512,0,false
U-1fb698,A-8ae3fc,S-7456c5,2024-10-12,feature_37,11,3971,0,false
U-d1276d,A-8ae3fc,S-90e2d7,2024-08-12,feature_23,13,4680,0,false
U-fbad43,A-8ae3fc,S-9a3e85,2024-12-17,feature_5,5,885,0,false
U-81b0e6,A-8ae3fc,S-9a3e85,2024-09-03,feature_12,8,1824,0,false
U-6d7cee,A-8ae3fc,S-9a3e85,2024-11-05,feature_38,10,4510,0,false
U-d700bc,A-8ae3fc,S-9a3e85,2024-12-24,feature_36,7,1967,3,false
U-3b2d38,A-8ae3fc,S-e505c1,2024-12-16,feature_21,10,3490,0,false
U-5ee97b,A-8ae3fc,S-f20079,2024-11-16,feature_5,10,780,0,false
U-745976,A-8ae3fc,S-f20079,2024-08-13,feature_23,9,1026,0,false
U-3cf29e,A-8b0451,S-55c61c,2024-10-06,feature_15,14,1862,0,false
U-329248,A-8b0451,S-8ed77f,2024-09-24,feature_22,9,1683,0,false
U-53d11d,A-8b0451,S-8ed77f,2024-12-05,feature_39,6,2244,0,false
U-2bb4a8,A-8b0451,S-8ed77f,2024-12-31,feature_35,7,1155,0,true
U-a450c0,A-8b0451,S-c5cfb0,2024-11-10,feature_28,12,5388,2,false
U-281a39,A-8b0451,S-dc8c2f,2024-11-10,feature_6,13,3536,2,false
U-d6e993,A-8b0451,S-dc8c2f,2024-12-14,feature_38,7,3283,1,false
U-56597f,A-8b0451,S-e6c842,2024-09-27,feature_22,9,3627,0,false
U-0a0b32,A-8b25f2,S-329db8,2024-02-21,feature_19,9,1251,0,false
U-4a35dc,A-8b25f2,S-3965a4,2024-05-15,feature_30,15,180,0,false
U-7c8c3c,A-8b25f2,S-3965a4,2024-04-18,feature_18,4,1728,0,false
U-8474dd,A-8b25f2,S-5cba26,2024-09-28,feature_10,12,1128,0,false
U-a0c8ee,A-8b25f2,S-5cba26,2024-12-27,feature_35,9,3105,0,false
U-8fcc10,A-8b25f2,S-5cba26,2024-07-18,feature_24,12,6516,2,false
U-4d0b93,A-8b25f2,S-654529,2024-10-12,feature_6,6,2946,0,false
U-f42458,A-8b25f2,S-654529,2024-04-24,feature_39,7,2226,0,false
U-c72e2a,A-8b25f2,S-81a509,2024-06-11,feature_19,7,3661,3,false
U-5dc495,A-8b25f2,S-81a509,2024-02-22,feature_7,7,1911,0,false
U-93fdc3,A-8b25f2,S-81a509,2024-06-30,feature_2,11,110,4,true
U-21d368,A-8b25f2,S-8b721c,2024-12-12,feature_15,13,6357,0,false
U-747c5a,A-8b25f2,S-8b721c,2024-08-16,feature_37,10,4130,0,false
U-2db81a,A-8b25f2,S-8b721c,2024-10-17,feature_10,12,3216,0,false
U-9b2137,A-8b25f2,S-96e431,2024-08-30,feature_15,8,272,0,false
U-c165e8,A-8b25f2,S-96e431,2024-11-18,feature_15,13,2795,0,false
U-e4f866,A-8b25f2,S-b6f87e,2024-09-27,feature_9,12,5376,0,false
U-eab158,A-8b25f2,S-b6f87e,2024-03-26,feature_4,14,1022,0,false
U-00c7fa,A-8b25f2,S-baba71,2024-10-29,feature_7,7,1127,0,false
U-3d06cd,A-8b25f2,S-baba71,2024-04-23,feature_14,8,1264,0,true
U-f2ce72,A-8b25f2,S-bf6d7b,2024-08-07,feature_40,18,774,0,false
U-50043d,A-8b25f2,S-bf6d7b,2024-11-13,feature_11,16,8720,0,true
U-8a347a,A-8bde0c,S-937207,2024-11-09,feature_39,6,3438,4,false
U-8c3ee9,A-8bde0c,S-9d505c,2024-12-06,feature_36,6,1356,2,false
U-8fb90e,A-8bde0c,S-a61006,2024-11-21,feature_34,7,2793,0,false
U-f6790d,A-8e47ca,S-0459a1,2024-07-18,feature_9,7,511,0,false
U-3fd6fc,A-8e47ca,S-0459a1,2024-09-08,feature_18,10,1070,0,false
U-e6035b,A-8e47ca,S-0459a1,2024-09-03,feature_19,10,1470,3,false
U-62a5c9,A-8e47ca,S-0459a1,2024-09-28,feature_37,15,5490,0,false
U-679f07,A-8e47ca,S-16dfaf,2024-04-22,feature_3,7,959,0,false
U-06869f,A-8e47ca,S-16dfaf,2024-05-08,feature_3,11,4928,1,false
U-95ba22,A-8e47ca,S-16dfaf,2024-12-04,feature_1,4,108,0,true
U-81c28d,A-8e47ca,S-16dfaf,2024-03-21,feature_7,5,2805,2,false
U-3a751f,A-8e47ca,S-16dfaf,2024-09-17,feature_12,5,1900,0,false
U-d0b26e,A-8e47ca,S-440dde,2024-05-22,feature_11,15,2775,0,false
U-cb0321,A-8e47ca,S-93dc0e,2024-07-09,feature_29,11,1507,0,false
U-e84434,A-8e47ca,S-93dc0e,2024-11-12,feature_13,14,7756,0,false
U-c315e8,A-8e47ca,S-9871f4,2024-04-19,feature_4,15,5430,0,false
U-8b1b55,A-8e47ca,S-9871f4,2024-03-09,feature_23,9,4707,0,false
U-991dbf,A-8e47ca,S-af5ec3,2024-07-30,feature_4,5,1875,0,false
U-790602,A-8e47ca,S-af5ec3,2024-11-29,feature_40,12,4692,0,false
U-800a76,A-8e47ca,S-d53c0a,2024-09-27,feature_23,9,4230,0,false
U-77b186,A-8e47ca,S-d53c0a,2024-07-29,feature_30,12,3408,0,false
U-b76b5b,A-8ed5dd,S-02d46a,2023-08-12,feature_21,12,4740,1,false
U-417821,A-8ed5dd,S-02d46a,2023-09-17,feature_6,11,4213,0,false
U-6c9375,A-8ed5dd,S-02d46a,2024-06-03,feature_19,7,3157,0,false
U-8b6f16,A-8ed5dd,S-02d46a,2024-08-07,feature_8,11,2893,0,false
U-7fa210,A-8ed5dd,S-02d46a,2024-11-24,feature_10,5,2400,0,false
U-1e2164,A-8ed5dd,S-0e9334,2024-11-07,feature_20,7,3444,0,false
U-9bf67e,A-8ed5dd,S-0e9334,2024-12-06,feature_39,12,5592,0,false
U-12737b,A-8ed5dd,S-0e9334,2023-09-15,feature_17,7,1302,3,false
U-cb158c,A-8ed5dd,S-0e9334,2024-09-20,feature_34,11,2530,1,false
U-49e162,A-8ed5dd,S-0e9334,2024-02-10,feature_31,7,3689,0,false
U-52f4ae,A-8ed5dd,S-444f22,2024-10-05,feature_6,9,3348,2,false
U-804091,A-8ed5dd,S-6f398a,2023-12-01,feature_24,10,4550,0,false
U-35e607,A-8ed5dd,S-6f398a,2023-08-25,feature_27,10,2180,0,false
U-4da00c,A-8ed5dd,S-6f398a,2024-08-07,feature_2,10,3360,0,false
U-25b56c,A-8ed5dd,S-810c27,2024-10-06,feature_20,7,231,0,false
U-ebdc2f,A-8ed5dd,S-810c27,2024-03-17,feature_2,7,3213,1,false
U-e72b9e,A-8ed5dd,S-911b0a,2023-10-19,feature_21,8,3640,0,false
U-7c62fb,A-8ed5dd,S-911b0a,2024-03-20,feature_32,10,2670,2,false
U-3e11a8,A-8ed5dd,S-911b0a,2023-11-20,feature_3,10,5140,0,false
U-4def1a,A-8ed5dd,S-911b0a,2024-03-02,feature_14,8,4616,0,false
U-cf1f65,A-8ed5dd,S-911b0a,2023-12-31,feature_14,9,3564,1,false
U-d859c3,A-8ed5dd,S-911b0a,2024-01-19,feature_37,11,1386,0,false
U-3e6c40,A-8ed5dd,S-911b0a,2023-11-10,feature_26,14,7616,2,false
U-9600bd,A-8ed5dd,S-911b0a,2024-04-03,feature_9,13,2600,5,false
U-363fab,A-8ed5dd,S-97fab7,2024-01-09,feature_5,8,688,0,false
U-119250,A-8ed5dd,S-97fab7,2024-04-14,feature_34,9,4743,1,false
U-a1bed9,A-8ed5dd,S-97fab7,2024-05-14,feature_36,12,1788,5,false
U-36ba8d,A-8ed5dd,S-97fab7,2024-06-16,feature_6,11,902,2,false
U-d63880,A-8ed5dd,S-98ac99,2024-01-01,feature_24,12,672,0,false
U-ba0a1b,A-8ed5dd,S-98ac99,2024-04-21,feature_1,9,3546,0,false
U-27fd27,A-8ed5dd,S-98ac99,2024-11-12,feature_27,8,2680,1,true
U-a29a24,A-8ed5dd,S-98ac99,2023-10-26,feature_38,4,832,0,true
U-6bee2b,A-8ed5dd,S-cdc347,2023-12-07,feature_27,12,7200,0,false
U-682e97,A-8ed5dd,S-cdc347,2023-12-17,feature_28,8,4696,0,false
U-f4e558,A-8ed5dd,S-cdc347,2023-12-05,feature_26,12,7104,0,false
U-a91fab,A-8ed5dd,S-cdc347,2024-04-18,feature_11,12,4116,0,false
U-82fa75,A-8ed5dd,S-fbee8e,2024-06-27,feature_37,5,2400,0,false
U-01a4be,A-8ed5dd,S-fbee8e,2024-06-16,feature_29,16,5456,0,false
U-a6bd66,A-8ed5dd,S-fbee8e,2024-12-19,feature_10,7,1869,1,false
U-f89626,A-8ed5dd,S-fbee8e,2024-08-06,feature_36,8,2096,2,false
U-7ae58d,A-8ed5dd,S-fbee8e,2024-08-30,feature_29,17,2652,3,false
U-198b13,A-902ef7,S-8d8dd0,2024-09-23,feature_17,10,2810,0,false
U-bc91b7,A-902ef7,S-aad754,2024-10-21,feature_2,9,1323,0,false
U-01e021,A-902ef7,S-aad754,2024-10-18,feature_30,10,3190,4,false
U-74c5bf,A-902ef7,S-c7f564,2024-10-16,feature_21,16,4864,0,true
U-755e42,A-902ef7,S-c7f564,2024-10-11,feature_7,10,3040,0,false
U-6ff045,A-9077b0,S-2cb298,2024-09-27,feature_38,14,6300,2,false
U-695d6d,A-9077b0,S-3af429,2024-10-06,feature_29,6,1092,0,false
U-641911,A-9077b0,S-535e55,2024-11-07,feature_35,14,1316,0,false
U-600b18,A-9077b0,S-535e55,2024-09-09,feature_29,17,8619,0,false
U-1d30a1,A-9077b0,S-5f30ce,2024-11-18,feature_16,13,7670,0,false
U-ec0a3d,A-9077b0,S-a53eac,2024-08-30,feature_39,6,2496,2,false
U-dfda3a,A-90a8c8,S-21b034,2024-11-10,feature_39,12,4572,2,false
U-222741,A-90a8c8,S-41d4ca,2024-12-02,feature_19,13,1339,1,false
U-47c3e4,A-90a8c8,S-58a152,2024-09-10,feature_37,10,3750,0,false
U-512f4f,A-90a8c8,S-746e1b,2024-09-28,feature_31,12,1992,2,false
U-bb737a,A-90a8c8,S-aaeb34,2024-10-28,feature_19,12,3732,0,false
U-ec52af,A-90a8c8,S-aaeb34,2024-12-27,feature_22,4,1528,0,false
U-a11296,A-90a8c8,S-ab06f4,2024-09-09,feature_34,9,1791,1,false
U-9413a5,A-9123ac,S-3c0075,2024-10-18,feature_18,8,2112,0,false
U-0d2588,A-9123ac,S-3c0075,2024-06-16,feature_17,6,1758,0,false
U-e40eb0,A-9123ac,S-3c0075,2024-02-21,feature_16,16,1616,0,false
U-c6546a,A-9123ac,S-3c0075,2024-10-17,feature_31,13,3146,0,false
U-e2378d,A-9123ac,S-74761f,2024-03-04,feature_39,13,6305,0,false
U-3959e0,A-9123ac,S-74761f,2024-12-12,feature_29,10,3700,0,false
U-675429,A-9123ac,S-74761f,2024-12-19,feature_15,13,5005,0,false
U-a00fd9,A-9123ac,S-7bcd95,2023-11-30,feature_7,11,3245,4,false
U-724a09,A-9123ac,S-7bcd95,2024-04-03,feature_6,6,2586,5,false
U-be11a0,A-9123ac,S-97df3f,2024-03-26,feature_3,6,1476,0,false
U-83e433,A-9123ac,S-97df3f,2024-05-06,feature_18,13,3549,0,false
U-7c1b5f,A-9123ac,S-97df3f,2024-12-06,feature_30,17,2091,0,false
U-70d317,A-9123ac,S-97df3f,2024-10-22,feature_38,9,5328,2,true
U-4df8e8,A-9123ac,S-97df3f,2024-01-02,feature_27,8,2856,1,false
U-e011ba,A-9123ac,S-b71cfb,2023-11-09,feature_26,15,5790,0,false
U-95659e,A-9123ac,S-b71cfb,2023-11-25,feature_12,8,1576,0,true
U-9957c6,A-9123ac,S-d34b17,2024-11-27,feature_22,13,6734,2,false
U-25d0b5,A-9123ac,S-d3ecc2,2024-02-28,feature_24,10,1460,0,false
U-e23892,A-9123ac,S-d3ecc2,2024-09-02,feature_4,9,1593,0,false
U-8d27c6,A-9174e0,S-3e0991,2024-12-29,feature_11,7,350,0,false
U-9907f2,A-9174e0,S-92afb8,2024-12-16,feature_21,13,1287,1,false
U-b400fe,A-91e948,S-61a87e,2024-09-12,feature_7,19,7543,0,false
U-ebcc24,A-91e948,S-61a87e,2023-12-29,feature_10,11,1815,0,false
U-d0c546,A-91e948,S-683e1e,2024-05-08,feature_14,13,1209,0,false
U-4c2776,A-91e948,S-683e1e,2024-09-28,feature_38,12,3612,1,false
U-ab5c44,A-91e948,S-7fb77e,2024-04-06,feature_4,3,393,0,false
U-fe4870,A-91e948,S-7fb77e,2024-04-26,feature_40,8,352,0,false
U-9f7dc5,A-91e948,S-92ae0a,2024-08-22,feature_10,4,2152,0,false
U-c362a1,A-91e948,S-92ae0a,2024-01-23,feature_26,8,3128,0,false
U-682795,A-91e948,S-92ae0a,2023-11-09,feature_6,10,1440,0,false
U-d84695,A-91e948,S-92ae0a,2023-09-25,feature_17,13,5902,3,false
U-8d53f5,A-91e948,S-92ae0a,2024-05-25,feature_34,14,7168,2,false
U-4628cf,A-91e948,S-92ae0a,2024-04-20,feature_34,10,2510,2,false
U-fa3c32,A-91e948,S-a24476,2024-02-02,feature_25,5,2095,1,false
U-e8b722,A-91e948,S-a24476,2023-10-23,feature_20,13,5291,0,false
U-d53ea8,A-91e948,S-a24476,2024-12-26,feature_28,10,3280,0,false
U-c8293c,A-91e948,S-c14b9d,2024-03-11,feature_17,7,756,2,false
U-bb4359,A-91e948,S-c14b9d,2024-06-15,feature_36,14,2646,0,false
U-00ffe9,A-91e948,S-c14b9d,2023-11-24,feature_10,13,2990,0,false
U-1da68f,A-91e948,S-e2e052,2023-11-25,feature_15,3,1287,0,false
U-e14743,A-91e948,S-e2e052,2024-12-20,feature_7,11,3663,0,false
U-3497c0,A-91e948,S-e2e052,2024-10-04,feature_33,7,3227,0,false
U-8318da,A-91e948,S-e2e052,2024-03-25,feature_25,21,777,0,false
U-6ab76f,A-91e948,S-e2e052,2024-10-24,feature_32,12,5868,0,false
U-0c03db,A-9208f0,S-15a058,2024-05-13,feature_28,11,4026,1,false
U-146e07,A-9208f0,S-15a058,2023-08-09,feature_14,10,150,1,false
U-6e2707,A-9208f0,S-15a058,2024-01-20,feature_11,13,5330,0,false
U-895cf6,A-9208f0,S-15a058,2024-10-13,feature_3,7,1134,0,false
U-f8246d,A-9208f0,S-15a058,2024-05-23,feature_28,8,936,1,false
U-791efc,A-9208f0,S-15a058,2024-09-13,feature_15,7,2709,0,false
U-504c3e,A-9208f0,S-15a058,2023-10-18,feature_37,10,4170,0,true
U-c37946,A-9208f0,S-15a058,2024-03-21,feature_10,6,3234,0,false
U-6fe5b7,A-9208f0,S-15a058,2024-06-30,feature_29,16,9088,0,false
U-2647db,A-9208f0,S-15a058,2024-06-30,feature_40,16,912,3,false
U-674771,A-9208f0,S-2f07f6,2023-08-24,feature_19,15,1935,0,false
U-a36feb,A-9208f0,S-2f07f6,2023-09-15,feature_21,10,2440,0,false
U-574d29,A-9208f0,S-2f07f6,2024-04-05,feature_29,7,3822,1,false
U-10c3ef,A-9208f0,S-2f07f6,2024-02-19,feature_28,16,560,1,false
U-c1977a,A-9208f0,S-2f07f6,2024-03-21,feature_12,8,2624,2,false
U-d1a648,A-9208f0,S-2f07f6,2024-12-11,feature_22,13,1196,0,false
U-8dee20,A-9208f0,S-2f07f6,2023-12-09,feature_14,9,1008,2,false
U-658f5e,A-9208f0,S-4c9107,2024-08-21,feature_11,14,5936,0,false
U-2167b8,A-9208f0,S-4c9107,2024-08-19,feature_26,6,1722,2,true
U-6cf274,A-9208f0,S-4c9107,2023-06-06,feature_25,7,3136,0,false
U-d397c3,A-9208f0,S-4c9107,2024-07-16,feature_9,12,1308,1,false
U-0086d8,A-9208f0,S-4c9107,2024-06-16,feature_34,11,5357,0,false
U-7ad188,A-9208f0,S-4c9107,2024-01-13,feature_30,12,3516,0,false
U-71f0b5,A-9208f0,S-4c9107,2024-11-09,feature_31,15,1395,4,true
U-909aed,A-9208f0,S-5d343c,2023-11-17,feature_16,7,273,0,false
U-b1a2fe,A-9208f0,S-5d343c,2024-06-12,feature_15,14,4256,0,false
U-8b3f62,A-9208f0,S-5d343c,2023-07-08,feature_7,6,2034,0,false
U-643187,A-9208f0,S-5d343c,2024-11-17,feature_9,15,9000,0,false
U-6ffe43,A-9208f0,S-92dede,2024-04-05,feature_29,13,2405,0,false
U-e7b940,A-9208f0,S-92dede,2024-09-05,feature_7,4,740,2,false
U-647164,A-9208f0,S-92dede,2024-06-03,feature_8,9,1611,0,false
U-c82797,A-9208f0,S-92dede,2024-04-26,feature_9,10,5030,0,false
U-67013d,A-9208f0,S-c7c366,2024-05-14,feature_8,18,9558,0,false
U-fcbef6,A-9208f0,S-c7c366,2023-10-17,feature_30,5,285,0,true
U-162604,A-9208f0,S-c7c366,2023-11-24,feature_29,7,2968,0,false
U-841e8f,A-9208f0,S-e5fdf9,2024-01-12,feature_21,6,2544,2,false
U-c1d9ae,A-9208f0,S-e5fdf9,2023-12-22,feature_5,11,1518,1,false
U-f856f9,A-9208f0,S-e5fdf9,2024-06-10,feature_34,8,2472,0,false
U-159d83,A-9208f0,S-eabdce,2024-09-06,feature_12,8,1992,0,false
U-49a4bd,A-9208f0,S-eabdce,2023-05-25,feature_1,7,2625,0,false
U-a5e83b,A-9208f0,S-eabdce,2024-03-02,feature_32,10,2260,2,false
U-6d1163,A-9208f0,S-eabdce,2024-01-28,feature_39,14,4326,0,false
U-37e991,A-9208f0,S-eabdce,2024-06-06,feature_11,9,4662,0,false
U-b98736,A-9208f0,S-eabdce,2024-05-16,feature_29,8,1416,1,false
U-c98875,A-9208f0,S-eabdce,2023-10-21,feature_21,12,5580,0,false
U-902af6,A-9208f0,S-eabdce,2024-01-24,feature_23,8,2848,1,false
U-b2dfc4,A-922109,S-1cf9b0,2024-12-11,feature_6,11,6050,0,false
U-5165c2,A-922109,S-1cf9b0,2024-05-16,feature_35,12,2784,0,false
U-b6cacd,A-922109,S-1cf9b0,2024-07-02,feature_18,12,6648,0,false
U-24f729,A-922109,S-1cf9b0,2024-11-10,feature_35,8,1560,0,false
U-6673a1,A-922109,S-1cf9b0,2024-11-15,feature_17,10,3820,0,false
U-cdb62c,A-922109,S-2d494e,2024-07-22,feature_18,15,6810,0,false
U-da6922,A-922109,S-2d494e,2024-11-21,feature_7,13,2353,0,false
U-1272cc,A-922109,S-389426,2024-08-01,feature_8,6,3540,0,false
U-68521e,A-922109,S-389426,2024-07-18,feature_3,12,4500,0,false
U-41ad15,A-922109,S-389426,2024-05-27,feature_19,15,2055,1,false
U-2e10ef,A-922109,S-389426,2024-06-21,feature_27,11,1639,0,false
U-9e62ef,A-922109,S-3df0c3,2024-11-05,feature_1,7,3283,0,false
U-96f031,A-922109,S-3df0c3,2024-10-12,feature_26,9,4950,0,false
U-a57d01,A-922109,S-3df0c3,2024-09-25,feature_13,10,5530,0,false
U-da6148,A-922109,S-4f56f5,2024-08-09,feature_26,11,803,0,false
U-74328f,A-922109,S-4f56f5,2024-12-21,feature_7,13,403,1,false
U-934497,A-922109,S-4f56f5,2024-06-05,feature_15,11,6259,0,false
U-8c491b,A-922109,S-4f56f5,2024-08-15,feature_29,8,3568,0,false
U-d8dac7,A-922109,S-4f56f5,2024-05-01,feature_23,13,7124,0,false
U-aa4b37,A-922109,S-5c4ef1,2024-08-13,feature_14,18,10350,1,false
U-3dd799,A-922109,S-5c4ef1,2024-05-28,feature_37,14,490,1,false
U-da0578,A-922109,S-5c4ef1,2024-06-24,feature_10,9,4419,1,false
U-2fd797,A-922109,S-6cb472,2024-09-23,feature_27,6,2580,0,false
U-0f2266,A-922109,S-84e658,2024-04-29,feature_3,10,170,0,false
U-87df41,A-922109,S-84e658,2024-07-05,feature_14,15,4590,0,false
U-e1011d,A-922109,S-84e658,2024-04-15,feature_24,9,2250,0,false
U-593621,A-922109,S-8e5d9f,2024-06-03,feature_38,11,2310,0,false
U-7e3158,A-922109,S-8e5d9f,2024-04-18,feature_36,8,4536,0,false
U-c35149,A-922109,S-8e5d9f,2024-05-02,feature_33,5,1910,1,false
U-a1cb1c,A-922109,S-d75e1f,2024-09-10,feature_17,10,3490,1,false
U-22af7c,A-922109,S-d75e1f,2024-11-17,feature_37,11,6567,0,false
U-582231,A-922109,S-d75e1f,2024-09-27,feature_33,9,3294,0,false
U-0f7af5,A-922109,S-d75e1f,2024-11-04,feature_39,14,4956,1,false
U-b0a93e,A-922109,S-e5a001,2024-06-03,feature_13,11,3564,0,false
U-04a5ce,A-9289f6,S-294d8b,2024-07-20,feature_12,14,6776,2,false
U-a76528,A-9289f6,S-294d8b,2024-10-04,feature_33,8,1200,0,false
U-0fa408,A-9289f6,S-34512a,2023-12-04,feature_5,11,4070,1,false
U-0b26e5,A-9289f6,S-34512a,2024-07-14,feature_32,3,129,0,false
U-d81d22,A-9289f6,S-34512a,2023-08-09,feature_38,13,1989,0,false
U-22013e,A-9289f6,S-34512a,2024-07-13,feature_24,10,1640,0,false
U-22264a,A-9289f6,S-34512a,2024-01-19,feature_35,15,7275,0,true
U-34bc09,A-9289f6,S-95d15a,2024-09-04,feature_16,10,4120,0,false
U-1c7c50,A-9289f6,S-95d15a,2023-11-02,feature_17,13,6539,0,false
U-1c7b1d,A-9289f6,S-95d15a,2024-08-25,feature_23,9,3933,0,true
U-490fa0,A-9289f6,S-95d15a,2024-10-26,feature_21,9,4167,0,false
U-335c05,A-9289f6,S-95d15a,2023-12-03,feature_31,8,1232,0,false
U-700f5f,A-9289f6,S-95d15a,2024-11-23,feature_31,8,3712,0,false
U-18c15e,A-9289f6,S-95d15a,2024-11-29,feature_9,10,4260,0,false
U-644dee,A-9289f6,S-95d15a,2023-08-01,feature_19,12,4416,0,false
U-1511da,A-9289f6,S-9a41e6,2024-06-09,feature_8,9,4167,3,false
U-aa2798,A-9289f6,S-9a41e6,2024-01-22,feature_24,9,4185,3,false
U-79050b,A-9289f6,S-adbb41,2024-02-08,feature_16,9,2160,1,false
U-f8bf71,A-9289f6,S-adbb41,2024-07-02,feature_20,11,660,0,true
U-0a7592,A-9289f6,S-adbb41,2023-07-08,feature_27,10,3590,0,false
U-5c2ae2,A-9289f6,S-adbb41,2024-10-04,feature_23,10,4460,1,false
U-cb04d2,A-9289f6,S-adbb41,2024-11-23,feature_3,15,3795,0,false
U-7f863a,A-9289f6,S-ae20d8,2023-09-02,feature_11,10,4890,0,false
U-f57551,A-9289f6,S-ae20d8,2024-06-16,feature_25,15,2265,0,false
U-9c0af5,A-9289f6,S-b81c82,2023-08-14,feature_15,13,5083,0,false
U-cf5c77,A-9289f6,S-b81c82,2024-08-21,feature_8,10,3200,2,false
U-ec9257,A-9289f6,S-c1446e,2023-07-28,feature_37,11,781,1,true
U-3d7328,A-9289f6,S-c1446e,2024-10-04,feature_4,10,4070,1,false
U-324ddb,A-9289f6,S-c58ed5,2023-10-14,feature_35,3,48,0,false
U-36d605,A-9289f6,S-c58ed5,2024-08-24,feature_25,10,3660,1,false
U-8ef5f7,A-9289f6,S-c58ed5,2024-01-10,feature_23,12,5220,0,true
U-9194ea,A-9289f6,S-c58ed5,2024-05-28,feature_30,9,5157,0,false
U-3561cd,A-9289f6,S-c99814,2023-12-29,feature_26,11,1100,0,false
U-097e3f,A-9289f6,S-c99814,2024-02-23,feature_31,9,792,0,true
U-06de31,A-9289f6,S-c99814,2024-07-18,feature_28,8,3720,1,false
U-84eb45,A-9289f6,S-c99814,2024-05-12,feature_33,5,1130,2,false
U-493fa4,A-9289f6,S-c99814,2023-07-29,feature_22,9,2304,1,true
U-e0a9ea,A-9289f6,S-e768c6,2024-08-03,feature_11,7,2247,1,false
U-92a27e,A-9289f6,S-e768c6,2024-04-27,feature_8,13,689,0,false
U-09b67d,A-9289f6,S-e768c6,2024-04-12,feature_21,9,2268,3,false
U-918d6e,A-9289f6,S-e768c6,2024-11-20,feature_35,9,882,0,false
U-541a5a,A-9289f6,S-e77d56,2023-08-22,feature_35,8,1472,2,false
U-93f3ff,A-9289f6,S-e77d56,2024-11-15,feature_36,8,1056,0,false
U-89f4cb,A-9289f6,S-e77d56,2024-04-05,feature_9,4,508,1,false
U-7ccf6b,A-9289f6,S-e77d56,2024-02-19,feature_17,5,2970,0,false
U-62d7cf,A-92a333,S-195f9b,2023-11-16,feature_14,7,2492,0,false
U-c1290f,A-92a333,S-195f9b,2023-10-25,feature_27,11,506,0,false
U-ec462f,A-92a333,S-195f9b,2024-03-16,feature_37,8,720,0,false
U-5eaffe,A-92a333,S-195f9b,2024-11-02,feature_10,11,5500,2,false
U-6b674f,A-92a333,S-195f9b,2024-01-24,feature_21,4,2288,3,false
U-3ddaf4,A-92a333,S-195f9b,2024-01-26,feature_36,13,6942,2,false
U-b70b0e,A-92a333,S-24ecbf,2024-08-17,feature_13,12,1164,0,false
U-9442d4,A-92a333,S-24ecbf,2023-08-05,feature_32,19,1824,1,false
U-9f464e,A-92a333,S-24ecbf,2024-03-18,feature_22,6,288,0,false
U-ae1f3c,A-92a333,S-24ecbf,2024-10-11,feature_8,15,285,0,false
U-210691,A-92a333,S-7c635b,2024-09-27,feature_24,10,5920,0,false
U-039002,A-92a333,S-7c635b,2024-03-14,feature_38,12,1632,0,false
U-4336da,A-92a333,S-7c635b,2024-07-21,feature_21,3,696,5,false
U-5b74a9,A-92a333,S-7c635b,2024-04-12,feature_39,11,5038,0,false
U-1662fe,A-92a333,S-8b64df,2024-04-19,feature_31,12,2112,1,false
U-5e9ed1,A-92a333,S-8b64df,2024-11-04,feature_36,14,5936,2,false
U-51b50a,A-92a333,S-8b64df,2023-08-12,feature_39,9,3609,0,false
U-6e2999,A-92a333,S-8b64df,2024-09-23,feature_22,13,3380,4,false
U-dec91b,A-92a333,S-ec56f3,2024-12-20,feature_19,11,3927,0,false
U-5ecef4,A-92a333,S-ec56f3,2024-10-15,feature_3,5,2550,0,false
U-137023,A-92a333,S-ec56f3,2024-09-26,feature_31,10,2670,0,false
U-161a15,A-92a333,S-ec56f3,2024-10-16,feature_20,12,3552,5,false
U-60c4d3,A-92a333,S-f26ae0,2024-01-17,feature_39,6,1416,0,false
U-06b01a,A-92a333,S-f26ae0,2024-11-22,feature_6,11,3542,0,true
U-de1968,A-92a333,S-f26ae0,2023-10-04,feature_12,9,1404,0,false
U-fb152b,A-92a333,S-f26ae0,2023-11-03,feature_10,9,5391,0,false
U-dd8f0e,A-92a333,S-f26ae0,2023-11-21,feature_9,9,2844,0,false
U-5f90ab,A-92a333,S-f26ae0,2023-11-17,feature_27,9,5157,0,false
U-262515,A-92a3af,S-19858e,2024-08-04,feature_28,16,7664,0,false
U-a29960,A-92a3af,S-2a9676,2024-10-07,feature_1,5,2430,0,false
U-6e169b,A-92a3af,S-2a9676,2024-10-16,feature_24,13,5382,1,false
U-f1a2d7,A-92a3af,S-6a9918,2024-10-04,feature_34,16,6016,0,true
U-38b97c,A-92a3af,S-6a9918,2024-09-11,feature_19,11,5753,3,false
U-72f05d,A-92a3af,S-6a9918,2024-10-07,feature_21,12,3792,0,false
U-203a9d,A-92a3af,S-75c438,2024-11-12,feature_17,18,4788,0,false
U-ced704,A-92a3af,S-7d5bf1,2024-11-15,feature_22,9,333,0,false
U-60b42e,A-92a3af,S-7d5bf1,2024-08-15,feature_31,11,517,3,false
U-1d1766,A-92a3af,S-9a065e,2024-12-10,feature_3,8,4680,1,false
U-719324,A-92a3af,S-b18409,2024-11-20,feature_6,8,3592,0,false
U-a024cc,A-92a3af,S-c005ac,2024-11-14,feature_36,10,1880,1,false
U-e58f0e,A-92a3af,S-c005ac,2024-12-18,feature_21,11,880,0,false
U-f8fb8a,A-92a3af,S-c005ac,2024-08-16,feature_36,11,2585,0,false
U-77589a,A-92a3af,S-e874c1,2024-10-05,feature_8,7,2436,0,false
U-fae10a,A-940b8b,S-19abcf,2024-04-26,feature_29,12,4464,3,false
U-9de48e,A-940b8b,S-19abcf,2024-08-16,feature_32,9,2862,0,false
U-a26b47,A-940b8b,S-19abcf,2024-06-10,feature_34,11,4367,0,false
U-983b7c,A-940b8b,S-19abcf,2024-04-15,feature_2,8,176,0,false
U-e2c364,A-940b8b,S-b7cbc2,2024-05-24,feature_35,11,4367,0,false
U-5b1d95,A-940b8b,S-b7cbc2,2024-10-28,feature_34,11,4719,0,false
U-e0a491,A-940b8b,S-b7cbc2,2024-07-23,feature_32,9,783,4,false
U-a4889d,A-940b8b,S-b7cbc2,2024-08-23,feature_1,14,3836,2,false
U-6aeb8b,A-940b8b,S-df147d,2024-04-03,feature_26,12,4524,0,false
U-c1fad0,A-940b8b,S-df147d,2024-09-25,feature_8,11,1177,0,false
U-a48600,A-940b8b,S-df147d,2024-08-11,feature_37,8,256,0,false
U-f86b7c,A-940b8b,S-e002a1,2024-09-17,feature_15,8,4680,3,false
U-7b5cc1,A-94c3cd,S-3e6a40,2024-09-11,feature_31,14,5698,0,false
U-52342b,A-94c3cd,S-3e6a40,2024-04-21,feature_30,9,2574,1,false
U-fcbec8,A-94c3cd,S-3e6a40,2024-10-07,feature_24,7,3815,1,false
U-a09a37,A-94c3cd,S-5c2991,2024-09-01,feature_29,10,5860,0,false
U-b134e4,A-94c3cd,S-5c2991,2024-12-08,feature_4,14,5054,1,false
U-719b72,A-94c3cd,S-5c2991,2024-06-27,feature_40,8,3728,0,true
U-4966c2,A-94c3cd,S-5c2991,2024-05-14,feature_30,9,1107,0,false
U-16f88d,A-94c3cd,S-7501c9,2024-07-09,feature_21,11,1881,0,false
U-309374,A-94c3cd,S-7501c9,2024-06-08,feature_10,5,2750,0,false
U-7ce03e,A-94c3cd,S-7501c9,2024-12-11,feature_29,11,495,0,false
U-a1656d,A-94c3cd,S-7501c9,2024-03-23,feature_29,10,2440,0,false
U-bb40d5,A-94c3cd,S-91419b,2024-01-26,feature_28,14,3920,0,false
U-4cb46b,A-94c3cd,S-a5a9b8,2024-02-28,feature_32,7,3073,0,false
U-8132b0,A-94d3da,S-15609d,2024-03-10,feature_9,5,50,1,false
U-7b6b37,A-94d3da,S-15609d,2023-12-31,feature_8,8,1928,0,false
U-b3c2be,A-94d3da,S-207046,2023-12-02,feature_13,7,1316,0,false
U-acb3e8,A-94d3da,S-207046,2024-07-08,feature_11,7,2331,0,false
U-5ee6b3,A-94d3da,S-207046,2023-09-12,feature_32,8,2752,0,false
U-5270c9,A-94d3da,S-207046,2024-03-15,feature_29,7,238,0,false
U-27b02b,A-94d3da,S-244df8,2023-06-29,feature_3,8,4600,0,false
U-2cbc02,A-94d3da,S-244df8,2024-02-14,feature_27,10,2180,0,false
U-eaef9d,A-94d3da,S-244df8,2024-04-06,feature_15,9,5328,1,false
U-d4d5be,A-94d3da,S-32e8fa,2024-10-27,feature_23,10,1450,0,false
U-d2dec5,A-94d3da,S-32e8fa,2024-04-12,feature_9,7,2261,3,false
U-3b5416,A-94d3da,S-32e8fa,2024-11-18,feature_7,10,5020,0,false
U-1b0b15,A-94d3da,S-32e8fa,2023-12-18,feature_4,19,7638,0,false
U-5cb070,A-94d3da,S-3647aa,2024-10-11,feature_20,8,4488,1,false
U-888b61,A-94d3da,S-3647aa,2023-06-17,feature_16,6,948,0,false
U-2e90d7,A-94d3da,S-3647aa,2023-06-24,feature_35,11,1199,0,false
U-b97ca6,A-94d3da,S-3647aa,2024-09-17,feature_17,15,2700,0,false
U-d04e72,A-94d3da,S-3647aa,2023-07-23,feature_2,5,45,0,false
U-0ea257,A-94d3da,S-41b844,2023-07-02,feature_26,9,2142,0,false
U-f15de4,A-94d3da,S-5480a7,2024-04-15,feature_5,12,2700,1,false
U-0654cd,A-94d3da,S-5480a7,2024-10-06,feature_38,12,5064,0,false
U-3728eb,A-94d3da,S-5480a7,2024-03-15,feature_22,10,1110,1,false
U-6ef714,A-94d3da,S-5abbac,2023-08-31,feature_37,20,1780,3,true
U-954983,A-94d3da,S-5abbac,2024-07-21,feature_25,10,3430,0,false
U-9da1c3,A-94d3da,S-5abbac,2023-07-03,feature_20,8,2448,0,false
U-673627,A-94d3da,S-a7cab8,2023-10-13,feature_28,8,3240,1,false
U-e4e2e2,A-94d3da,S-a7cab8,2023-09-28,feature_40,13,7553,0,false
U-41b9db,A-94d3da,S-bb3c63,2023-06-11,feature_30,9,5067,1,false
U-c59470,A-94d3da,S-bb3c63,2023-08-02,feature_11,8,248,1,false
U-df4a74,A-94d3da,S-bb3c63,2024-04-01,feature_35,15,8550,0,false
U-6b035a,A-94d3da,S-bb3c63,2023-09-25,feature_32,8,320,1,false
U-4aba08,A-94d3da,S-bb3c63,2024-06-14,feature_25,10,5770,2,false
U-06a2be,A-94d3da,S-cb8654,2024-02-16,feature_14,9,1008,1,false
U-dec30c,A-94d3da,S-cb8654,2023-07-09,feature_40,8,3136,0,false
U-f18b99,A-94d3da,S-ffb6cc,2024-12-19,feature_5,11,693,0,true
U-e9098d,A-94d3da,S-ffb6cc,2023-09-16,feature_3,8,136,0,false
U-a7ee9e,A-94d3da,S-ffb6cc,2023-07-16,feature_6,8,4392,1,false
U-6edc3c,A-94d3da,S-ffb6cc,2024-01-14,feature_7,5,1765,0,false
U-c1ca12,A-94d3da,S-ffb6cc,2024-02-20,feature_22,15,8280,0,false
U-61e5db,A-94f8c9,S-0efb82,2024-06-24,feature_31,10,3470,1,false
U-586e9a,A-94f8c9,S-0efb82,2024-05-20,feature_2,7,3563,0,false
U-c4c583,A-94f8c9,S-1eb467,2024-05-15,feature_15,7,994,0,false
U-0cb61f,A-94f8c9,S-1eb467,2024-09-29,feature_13,9,1692,0,false
U-77a1c3,A-94f8c9,S-25ee09,2024-04-17,feature_2,15,270,0,false
U-25846f,A-94f8c9,S-25ee09,2024-05-31,feature_34,5,345,0,false
U-2451bf,A-94f8c9,S-525d6b,2024-10-12,feature_39,5,1230,2,false
U-3d879a,A-94f8c9,S-525d6b,2024-08-01,feature_6,10,2210,0,false
U-4ebc7f,A-94f8c9,S-525d6b,2024-06-28,feature_24,16,4768,0,false
U-56f476,A-94f8c9,S-54daa5,2024-09-09,feature_36,6,1548,0,false
U-3c9144,A-94f8c9,S-54daa5,2024-10-20,feature_31,5,2480,0,false
U-330a8f,A-94f8c9,S-54daa5,2024-04-26,feature_17,11,2640,0,false
U-e2895b,A-94f8c9,S-54daa5,2024-10-09,feature_7,11,2574,0,false
U-eb65d6,A-94f8c9,S-55ef07,2024-11-01,feature_36,8,3552,0,false
U-3f7403,A-94f8c9,S-55ef07,2024-10-07,feature_2,3,1425,3,false
U-bf8f74,A-94f8c9,S-55ef07,2024-12-03,feature_40,9,4302,0,true
U-28cc85,A-94f8c9,S-59be40,2024-10-25,feature_1,6,738,3,false
U-44d6d9,A-94f8c9,S-59be40,2024-04-13,feature_13,7,1995,1,true
U-47c5f6,A-94f8c9,S-6e4c1a,2024-07-17,feature_25,6,174,2,false
U-715ab9,A-94f8c9,S-6e4c1a,2024-10-01,feature_26,13,507,3,false
U-1de9bd,A-94f8c9,S-89e27e,2024-10-19,feature_24,12,2640,1,false
U-1b34fe,A-94f8c9,S-89e27e,2024-09-07,feature_34,8,456,1,false
U-076c61,A-94f8c9,S-abff7d,2024-11-04,feature_14,10,3360,1,false
U-9d98d6,A-94f8c9,S-abff7d,2024-09-28,feature_36,4,1376,3,false
U-7db377,A-94f8c9,S-cc3f3d,2024-08-17,feature_19,8,1736,0,true
U-811225,A-94f8c9,S-ccdf41,2024-06-18,feature_35,12,4308,1,false
U-0cae59,A-94f8c9,S-d0bab8,2024-10-12,feature_18,9,846,0,false
U-795b08,A-956988,S-ccf9c8,2024-12-01,feature_6,7,770,2,true
U-e5c767,A-956988,S-f9df40,2024-12-24,feature_1,8,544,4,true
U-494f2a,A-95b24a,S-0865f1,2024-01-07,feature_35,15,1920,0,false
U-fbc11b,A-95b24a,S-0865f1,2023-07-21,feature_30,10,2900,0,false
U-b200d0,A-95b24a,S-0865f1,2023-07-29,feature_31,6,3474,0,false
U-0b4dc7,A-95b24a,S-0ed7be,2023-07-24,feature_10,10,1550,0,false
U-fb3006,A-95b24a,S-0ed7be,2024-10-01,feature_18,7,1568,0,false
U-d84d14,A-95b24a,S-1f505e,2024-11-09,feature_6,5,150,0,false
U-516493,A-95b24a,S-1f505e,2023-07-21,feature_19,9,4338,0,false
U-ec28e4,A-95b24a,S-1f505e,2024-04-25,feature_8,10,1860,0,false
U-c127a9,A-95b24a,S-1f505e,2024-10-16,feature_16,12,6768,0,false
U-31c458,A-95b24a,S-1f505e,2024-09-22,feature_18,8,216,0,false
U-005cf0,A-95b24a,S-209456,2023-10-26,feature_9,12,1824,2,false
U-c68894,A-95b24a,S-209456,2023-12-05,feature_13,12,1128,0,false
U-cb8e36,A-95b24a,S-209456,2024-06-13,feature_11,16,7248,2,false
U-1789b9,A-95b24a,S-209456,2024-08-15,feature_12,6,912,0,false
U-c073c4,A-95b24a,S-2877e6,2024-12-31,feature_5,11,3740,0,true
U-d72219,A-95b24a,S-2877e6,2024-02-15,feature_36,9,1323,1,false
U-e5950f,A-95b24a,S-2877e6,2024-04-02,feature_18,6,378,0,true
U-c49ffc,A-95b24a,S-2877e6,2023-08-06,feature_34,11,4906,0,true
U-b23880,A-95b24a,S-2877e6,2024-12-06,feature_26,7,1358,0,false
U-f959b5,A-95b24a,S-2877e6,2024-10-24,feature_38,4,1140,0,false
U-b7eeaa,A-95b24a,S-2877e6,2023-08-26,feature_18,11,4565,0,false
U-cccf87,A-95b24a,S-444c6a,2023-12-29,feature_26,7,2597,0,false
U-c9b84c,A-95b24a,S-444c6a,2024-07-19,feature_31,10,4890,3,false
U-87d28e,A-95b24a,S-444c6a,2023-07-26,feature_5,9,72,0,false
U-15ce1e,A-95b24a,S-444c6a,2024-08-17,feature_21,10,140,0,true
U-594c43,A-95b24a,S-799da2,2024-06-09,feature_12,15,6165,3,false
U-7b9c4d,A-95b24a,S-891976,2023-10-21,feature_1,13,936,1,false
U-f23bb0,A-95b24a,S-891976,2024-04-15,feature_22,10,2340,0,false
U-ff9558,A-95b24a,S-891976,2024-11-12,feature_38,9,3996,1,false
U-7fd7a5,A-95b24a,S-a29ba3,2024-11-13,feature_1,8,1456,2,false
U-8d8b02,A-95b24a,S-a29ba3,2023-08-10,feature_6,12,4764,0,true
U-630099,A-95b24a,S-a29ba3,2024-11-06,feature_9,8,3928,0,false
U-1b6dfb,A-95b24a,S-a29ba3,2024-02-12,feature_30,14,7294,0,false
U-3abe87,A-95b24a,S-b9ff15,2023-09-26,feature_29,11,4521,0,false
U-9ccb8e,A-95b24a,S-b9ff15,2024-05-21,feature_22,16,5232,0,false
U-b2af1f,A-95b24a,S-b9ff15,2024-03-20,feature_14,12,4368,0,false
U-2960b0,A-95b24a,S-c35f78,2023-12-05,feature_33,7,3339,2,false
U-ecd930,A-95b24a,S-c35f78,2024-10-04,feature_32,12,3348,0,false
U-4e9e4c,A-95b24a,S-c35f78,2024-12-22,feature_16,15,6255,0,false
U-3838a1,A-95b24a,S-c35f78,2023-09-12,feature_29,7,2135,6,false
U-24cb6d,A-95b24a,S-c35f78,2024-04-01,feature_10,11,3718,0,false
U-dd39df,A-96215d,S-a24db6,2024-11-19,feature_32,15,4845,0,false
U-f931c1,A-96215d,S-ccd045,2024-08-29,feature_8,8,3192,0,false
U-ffd433,A-96215d,S-ccd045,2024-09-07,feature_12,12,6240,0,false
U-978e98,A-96215d,S-cd8a6a,2024-09-09,feature_28,8,392,1,false
U-d61e81,A-96215d,S-cd8a6a,2024-08-26,feature_24,9,2493,3,false
U-bdcd29,A-96215d,S-cd8a6a,2024-12-06,feature_33,9,3834,0,false
U-9c98d8,A-96215d,S-f1ffee,2024-12-06,feature_30,7,3647,1,false
U-536899,A-96215d,S-f62f59,2024-11-14,feature_4,10,1350,0,false
U-c21655,A-96215d,S-f62f59,2024-09-09,feature_22,13,1469,0,false
U-29ff76,A-96bbc6,S-0bccd9,2024-11-05,feature_37,16,2672,0,false
U-d8ccf3,A-96bbc6,S-113e86,2024-10-20,feature_11,12,252,0,true
U-f6cd1b,A-96bbc6,S-113e86,2024-10-08,feature_32,14,1554,0,false
U-a0bbaf,A-96bbc6,S-113e86,2024-12-04,feature_22,8,2184,0,false
U-517a4a,A-96bbc6,S-15d2d2,2024-12-16,feature_31,6,2508,0,false
U-2af1c3,A-96bbc6,S-15d2d2,2024-10-27,feature_18,17,9248,0,false
U-c41fc8,A-96bbc6,S-15d2d2,2024-11-12,feature_15,15,4395,0,false
U-50c544,A-96bbc6,S-15d2d2,2024-12-03,feature_23,10,400,0,false
U-228e66,A-96bbc6,S-15d2d2,2024-09-03,feature_29,5,1820,2,false
U-8ab7ab,A-96bbc6,S-31d8aa,2024-09-27,feature_36,9,5292,0,false
U-d7b045,A-96bbc6,S-31d8aa,2024-05-27,feature_36,3,315,2,false
U-c6af9c,A-96bbc6,S-5a5bdb,2024-12-14,feature_5,10,5970,0,false
U-e47927,A-96bbc6,S-5a5bdb,2024-06-20,feature_23,7,1519,3,false
U-03890f,A-96bbc6,S-5a5bdb,2024-08-08,feature_12,10,4320,1,true
U-40743a,A-96bbc6,S-9fae95,2024-06-15,feature_13,8,2872,0,false
U-271850,A-96bbc6,S-9fae95,2024-11-09,feature_8,8,3088,1,false
U-948fc3,A-96bbc6,S-a6820d,2024-10-02,feature_9,12,3924,1,false
U-1a58c6,A-96bbc6,S-a6820d,2024-11-09,feature_5,3,198,0,false
U-82821e,A-96bbc6,S-a6820d,2024-09-10,feature_40,6,1278,0,false
U-c42ade,A-96bbc6,S-ee956d,2024-09-07,feature_16,9,117,0,false
U-62982b,A-96bbc6,S-ee956d,2024-12-26,feature_6,11,4169,0,true
U-9aff14,A-96e141,S-06fb77,2024-06-07,feature_2,12,2436,0,false
U-de8bc3,A-96e141,S-06fb77,2024-05-22,feature_5,8,408,2,false
U-4dbe5c,A-96e141,S-2d51ca,2024-10-17,feature_32,10,530,0,false
U-d7f512,A-96e141,S-2d51ca,2024-02-21,feature_21,9,630,0,false
U-cadc2e,A-96e141,S-2d51ca,2024-09-28,feature_11,10,360,0,false
U-49b775,A-96e141,S-2d51ca,2023-12-11,feature_22,7,1729,0,false
U-cfa856,A-96e141,S-2d51ca,2024-05-20,feature_3,9,2439,1,false
U-9be958,A-96e141,S-984423,2024-04-30,feature_33,13,6591,2,false
U-61c3f4,A-96e141,S-9f57f5,2024-04-04,feature_40,7,1904,0,false
U-8c975a,A-96e141,S-9f57f5,2024-07-25,feature_26,10,380,0,false
U-3ae367,A-96e141,S-9f57f5,2024-06-08,feature_36,9,2637,0,false
U-51cae8,A-96e141,S-a7ea10,2023-12-20,feature_31,8,1096,0,false
U-8f0f99,A-96e141,S-a7ea10,2024-07-01,feature_6,6,372,0,false
U-140480,A-96e141,S-a7ea10,2024-11-19,feature_32,15,3300,1,false
U-728e3b,A-96e141,S-a7ea10,2024-04-20,feature_29,12,4848,2,false
U-298ae7,A-96e141,S-ceaca8,2024-11-14,feature_14,4,92,0,false
U-ff88ac,A-96e141,S-ceaca8,2024-07-11,feature_4,11,2959,0,false
U-dddfb3,A-96e141,S-ceaca8,2024-06-16,feature_12,13,3315,3,false
U-945bbd,A-96e141,S-ceaca8,2024-05-01,feature_15,12,5688,0,false
U-124469,A-96e141,S-ceaca8,2023-12-23,feature_24,10,140,0,false
U-ae3322,A-96e141,S-ceaca8,2024-05-19,feature_7,14,4620,0,false
U-3f544a,A-96e141,S-e57fb8,2024-12-17,feature_29,8,584,0,true
U-302cbb,A-96e141,S-e57fb8,2024-10-05,feature_36,8,408,1,false
U-b9dd85,A-970c97,S-0eb2e0,2024-05-17,feature_19,7,357,0,false
U-daeb58,A-970c97,S-0eb2e0,2024-12-30,feature_2,15,7800,2,false
U-b15dfc,A-970c97,S-0eb2e0,2024-10-04,feature_5,14,3584,0,false
U-6d082c,A-970c97,S-41a4cb,2024-06-08,feature_6,11,1837,0,false
U-2cc7ce,A-970c97,S-89d586,2024-12-06,feature_15,7,3899,1,false
U-1809b1,A-970c97,S-91e96a,2024-05-05,feature_27,10,2380,0,false
U-72eb4e,A-970c97,S-9fc9f5,2024-08-05,feature_28,12,5244,1,false
U-1bc294,A-970c97,S-9fc9f5,2024-03-22,feature_40,6,2316,0,false
U-2c3e41,A-970c97,S-9fc9f5,2024-05-16,feature_27,13,5941,0,true
U-90a920,A-970c97,S-9fc9f5,2024-11-21,feature_21,9,2160,4,false
U-1e0dca,A-970c97,S-ccdc31,2024-11-13,feature_13,7,3521,0,false
U-0e1ee9,A-970c97,S-ccdc31,2024-10-03,feature_40,18,1296,0,false
U-d0985a,A-970c97,S-dfaf24,2024-07-05,feature_28,8,3208,0,false
U-af0e39,A-970c97,S-dfaf24,2024-12-26,feature_11,8,4248,0,false
U-dc3457,A-9779ad,S-0896bc,2024-05-15,feature_18,10,1770,1,false
U-330fa6,A-9779ad,S-0896bc,2024-12-20,feature_27,10,4080,0,false
U-f7ec25,A-9779ad,S-37879d,2024-06-06,feature_26,8,1888,3,false
U-6f0aaf,A-9779ad,S-5a26fc,2024-09-18,feature_31,14,2058,2,false
U-e32a01,A-9779ad,S-5a26fc,2024-10-19,feature_20,10,4800,0,false
U-443405,A-9779ad,S-5cb8a6,2024-07-11,feature_20,9,1017,0,false
U-0099f7,A-9779ad,S-5cb8a6,2024-08-30,feature_7,9,3042,0,false
U-c4cbc6,A-9779ad,S-5cb8a6,2024-11-04,feature_28,11,66,0,false
U-29371a,A-9779ad,S-655049,2024-04-08,feature_11,10,710,0,false
U-9e9d2d,A-9779ad,S-6c3700,2024-11-13,feature_22,11,1848,3,false
U-d088e7,A-9779ad,S-6c3700,2024-04-09,feature_8,8,4400,0,false
U-a569d1,A-9779ad,S-6c3700,2024-11-17,feature_25,18,1512,0,false
U-50a781,A-9779ad,S-79bf38,2024-07-24,feature_26,5,1730,0,false
U-ee1978,A-9779ad,S-bf9e6d,2024-04-23,feature_1,12,6000,0,false
U-2dbf8b,A-9779ad,S-bf9e6d,2024-05-01,feature_6,9,1485,0,false
U-cfe4da,A-977ca0,S-016b5f,2024-06-25,feature_20,12,3120,0,false
U-2e5289,A-977ca0,S-016b5f,2024-01-12,feature_20,7,1554,2,false
U-85168e,A-977ca0,S-016b5f,2023-03-03,feature_15,6,2244,3,false
U-ad1835,A-977ca0,S-016b5f,2024-01-12,feature_19,12,1884,1,false
U-e36b79,A-977ca0,S-016b5f,2023-12-22,feature_24,9,3996,0,false
U-3e680e,A-977ca0,S-1f9da0,2024-08-09,feature_36,14,2786,1,false
U-fdd96f,A-977ca0,S-1f9da0,2024-10-01,feature_13,13,2639,0,false
U-61f2b1,A-977ca0,S-1f9da0,2024-08-20,feature_36,11,902,0,false
U-5f64fc,A-977ca0,S-1f9da0,2024-10-30,feature_11,18,5382,0,false
U-7092bd,A-977ca0,S-1f9da0,2023-09-27,feature_18,13,4342,0,true
U-c73ce2,A-977ca0,S-30e0c1,2023-12-11,feature_2,8,1544,0,false
U-554482,A-977ca0,S-30e0c1,2024-06-15,feature_29,10,5530,1,false
U-18a601,A-977ca0,S-4d8a27,2024-08-24,feature_38,12,192,0,false
U-e7fed1,A-977ca0,S-4d8a27,2023-03-29,feature_28,9,2808,2,false
U-cea1e9,A-977ca0,S-4d8a27,2024-05-19,feature_18,14,3150,0,false
U-d9379d,A-977ca0,S-4d8a27,2023-12-18,feature_12,6,3030,1,true
U-17d0b5,A-977ca0,S-4d8a27,2023-08-26,feature_21,14,700,0,true
U-023234,A-977ca0,S-5d0af1,2024-08-23,feature_8,10,4180,0,false
U-816f9d,A-977ca0,S-5d0af1,2024-11-13,feature_24,9,4842,0,false
U-de6abc,A-977ca0,S-5d0af1,2024-11-02,feature_39,6,1602,0,true
U-e76a31,A-977ca0,S-5d0af1,2024-08-24,feature_9,15,2895,0,false
U-746b7a,A-977ca0,S-5d0af1,2024-04-29,feature_37,5,2410,0,false
U-fa6dc5,A-977ca0,S-5d0af1,2024-10-23,feature_9,6,3024,0,false
U-a6bb61,A-977ca0,S-5d0af1,2024-03-01,feature_15,12,3324,1,false
U-edf33f,A-977ca0,S-5d0af1,2024-02-15,feature_9,7,3066,0,true
U-000256,A-977ca0,S-627697,2023-05-03,feature_5,12,3252,0,false
U-b98617,A-977ca0,S-627697,2024-10-28,feature_23,14,7784,1,false
U-fe8491,A-977ca0,S-627697,2023-11-09,feature_37,12,1056,0,false
U-2255ed,A-977ca0,S-627697,2023-09-17,feature_18,10,3900,1,false
U-69fedc,A-977ca0,S-627697,2023-07-15,feature_27,13,2158,0,false
U-f171f9,A-977ca0,S-6c1ca5,2023-10-08,feature_27,12,2712,0,false
U-96a14a,A-977ca0,S-9fa738,2023-10-07,feature_4,7,2548,0,true
U-5e7a5d,A-977ca0,S-9fa738,2023-06-28,feature_25,12,468,0,true
U-a1f14f,A-977ca0,S-9fa738,2023-08-01,feature_2,14,266,0,false
U-4a23aa,A-977ca0,S-9fa738,2023-09-27,feature_35,15,2925,2,false
U-4850de,A-977ca0,S-b608f5,2023-06-04,feature_13,9,4518,0,false
U-baa225,A-977ca0,S-b608f5,2024-03-29,feature_32,8,896,0,false
U-e1779b,A-977ca0,S-b608f5,2023-04-18,feature_22,7,2681,0,false
U-846ea7,A-977ca0,S-b608f5,2024-01-30,feature_22,7,2072,1,false
U-ffeabf,A-977ca0,S-b608f5,2023-06-21,feature_29,10,400,1,false
U-b2d898,A-977ca0,S-b608f5,2023-12-20,feature_8,9,5310,0,false
U-93880e,A-977ca0,S-dad08c,2023-07-25,feature_7,6,2538,0,false
U-c856c1,A-977ca0,S-dad08c,2023-08-07,feature_22,8,2304,4,false
U-75d431,A-977ca0,S-dad08c,2024-07-21,feature_33,10,1350,0,false
U-91eedb,A-977ca0,S-dad08c,2024-03-05,feature_27,16,5616,0,false
U-d9fb13,A-977ca0,S-dad08c,2024-01-23,feature_2,13,689,0,true
U-1cf9e3,A-977ca0,S-dad08c,2023-10-23,feature_26,8,2056,0,false
U-1453d2,A-977ca0,S-dad08c,2024-07-31,feature_16,13,6045,0,false
U-ff2e6a,A-977ca0,S-dfbd79,2024-09-15,feature_25,6,648,0,false
U-d44fd9,A-977ca0,S-dfbd79,2023-03-25,feature_27,9,450,2,false
U-885496,A-977ca0,S-dfbd79,2023-05-28,feature_6,4,1616,0,false
U-93070a,A-977ca0,S-dfbd79,2023-09-10,feature_10,8,2400,0,false
U-3a0416,A-977ca0,S-dfbd79,2023-03-16,feature_1,9,3825,0,false
U-3c6941,A-977ca0,S-e31e0c,2024-04-28,feature_5,9,594,2,true
U-387d68,A-977ca0,S-e31e0c,2023-04-01,feature_14,15,6990,0,false
U-359ebb,A-977ca0,S-e31e0c,2023-12-10,feature_10,16,1584,3,false
U-1b25d7,A-977ca0,S-e31e0c,2023-07-21,feature_34,8,712,0,false
U-8a81f1,A-977ca0,S-e31e0c,2023-10-06,feature_3,14,4564,0,false
U-f0d212,A-977ca0,S-e31e0c,2024-02-29,feature_30,12,3624,1,false
U-27a39b,A-977ca0,S-e746d2,2024-08-28,feature_35,11,1749,0,false
U-b717aa,A-977ca0,S-e746d2,2023-11-02,feature_11,11,583,0,false
U-7a67f0,A-977ca0,S-ea5984,2023-05-18,feature_13,17,4148,1,false
U-4fcb00,A-977ca0,S-ea5984,2024-05-16,feature_19,8,624,1,false
U-94f9cf,A-977ca0,S-ea5984,2023-07-27,feature_21,6,2958,0,false
U-b3c316,A-977ca0,S-ee3fa2,2024-10-08,feature_1,16,1840,0,true
U-a1aa74,A-977ca0,S-ee3fa2,2024-03-07,feature_32,7,2597,2,false
U-6abdfb,A-977ca0,S-f29976,2024-10-26,feature_20,10,4960,0,true
U-c705e0,A-977ca0,S-f29976,2023-10-16,feature_20,16,5040,0,false
U-6bb057,A-977ca0,S-f29976,2024-09-21,feature_30,10,2270,0,false
U-bac49f,A-977ca0,S-f29976,2024-11-22,feature_29,10,3240,0,false
U-0829cb,A-977ca0,S-f29976,2024-05-16,feature_9,17,1309,0,true
U-75f265,A-977ca0,S-f29976,2023-07-30,feature_35,16,7648,0,false
U-ac0862,A-98a59a,S-095083,2024-07-27,feature_32,14,4326,0,false
U-f986e3,A-98a59a,S-2bc860,2024-06-04,feature_35,11,2508,0,true
U-27302a,A-98a59a,S-2bc860,2024-08-10,feature_36,6,792,0,false
U-708b51,A-98a59a,S-2bc860,2024-03-09,feature_24,8,552,0,false
U-d9223e,A-98a59a,S-2bc860,2024-02-17,feature_1,9,4860,0,false
U-ac2f4b,A-98a59a,S-390955,2023-12-10,feature_38,6,2088,4,true
U-43b923,A-98a59a,S-390955,2024-05-08,feature_14,12,5688,3,false
U-89d40d,A-98a59a,S-390955,2024-06-26,feature_36,9,3888,0,true
U-182bff,A-98a59a,S-390955,2024-07-21,feature_21,11,6391,0,false
U-bacea3,A-98a59a,S-3b5458,2024-03-11,feature_32,8,1024,0,false
U-e13d6f,A-98a59a,S-3b5458,2024-05-15,feature_31,10,1560,0,false
U-4cebe0,A-98a59a,S-3b5458,2023-09-03,feature_3,7,539,0,false
U-a6c63a,A-98a59a,S-4faeb9,2024-03-05,feature_7,5,1880,0,false
U-8ee010,A-98a59a,S-4faeb9,2023-11-14,feature_20,10,1220,0,false
U-200eb9,A-98a59a,S-4faeb9,2024-01-18,feature_21,13,6994,0,false
U-719d46,A-98a59a,S-518ce3,2024-06-05,feature_37,20,820,0,false
U-c819d2,A-98a59a,S-518ce3,2024-07-03,feature_29,11,2068,0,false
U-55d462,A-98a59a,S-518ce3,2024-05-05,feature_11,10,1630,0,true
U-9e762c,A-98a59a,S-518ce3,2024-07-05,feature_12,8,1760,0,true
U-25ebd8,A-98a59a,S-518ce3,2023-11-17,feature_6,14,4354,0,false
U-b5ed24,A-98a59a,S-a610f6,2024-01-10,feature_26,8,1400,0,false
U-8a7e60,A-98a59a,S-a610f6,2023-10-31,feature_18,11,2387,0,false
U-589e76,A-98a59a,S-a610f6,2024-10-24,feature_28,10,5060,0,false
U-0e26b0,A-98a59a,S-b0ed51,2024-11-12,feature_40,13,3848,0,true
U-8a2722,A-98a59a,S-b0ed51,2024-07-06,feature_33,10,5250,0,false
U-50b7bb,A-98a59a,S-b0ed51,2024-04-02,feature_17,13,3978,0,false
U-3857e0,A-98a59a,S-b0ed51,2023-11-23,feature_22,7,1323,0,false
U-41173b,A-98a59a,S-cd3a01,2024-12-31,feature_32,12,6120,0,false
U-d634cc,A-98a59a,S-cd3a01,2023-10-25,feature_1,11,495,0,true
U-b07adf,A-98a59a,S-de3170,2024-10-04,feature_21,15,2595,0,false
U-6de406,A-98a59a,S-de3170,2023-12-07,feature_18,11,1199,1,false
U-5aa9ab,A-993085,S-0455a5,2024-01-17,feature_6,9,387,0,false
U-a6092c,A-993085,S-0455a5,2024-08-11,feature_4,7,336,0,true
U-7cc571,A-993085,S-0455a5,2023-09-15,feature_1,10,730,4,false
U-2087c7,A-993085,S-0d93fe,2024-08-06,feature_19,12,3840,0,false
U-f98aca,A-993085,S-0d93fe,2023-09-20,feature_3,10,3320,1,false
U-55f9ed,A-993085,S-0d93fe,2023-09-14,feature_12,12,324,0,false
U-333f12,A-993085,S-0d93fe,2024-11-08,feature_14,4,1596,0,false
U-e4c673,A-993085,S-0d93fe,2024-05-27,feature_1,11,187,0,false
U-2d2f1c,A-993085,S-22f848,2023-10-06,feature_27,12,3000,0,false
U-314bbf,A-993085,S-22f848,2024-07-31,feature_21,12,6396,0,false
U-de459b,A-993085,S-22f848,2024-05-06,feature_16,8,3856,0,false
U-455240,A-993085,S-22f848,2023-09-04,feature_38,11,2695,1,false
U-227e24,A-993085,S-22f848,2024-10-31,feature_7,14,4256,0,false
U-8f49f6,A-993085,S-408c2f,2023-08-24,feature_27,8,1184,0,false
U-d3c4e9,A-993085,S-408c2f,2024-09-03,feature_31,7,4053,4,false
U-f59e44,A-993085,S-41bb1b,2024-07-07,feature_1,11,4884,0,false
U-a1391e,A-993085,S-41bb1b,2023-10-24,feature_17,2,314,0,false
U-377e86,A-993085,S-44ed0c,2023-08-18,feature_5,7,2058,0,false
U-2225d6,A-993085,S-532e80,2024-09-14,feature_3,8,248,1,false
U-d03acc,A-993085,S-532e80,2024-02-22,feature_5,5,115,0,false
U-141259,A-993085,S-53d6be,2024-08-13,feature_16,8,2032,0,false
U-b08799,A-993085,S-648e54,2024-08-18,feature_8,14,308,0,true
U-22d352,A-993085,S-73a4e4,2023-09-25,feature_23,10,5100,2,false
U-8bf681,A-993085,S-73a4e4,2024-01-27,feature_30,12,5412,0,true
U-98ffa9,A-993085,S-73a4e4,2023-10-18,feature_26,9,5247,0,false
U-3f196e,A-993085,S-907e70,2024-06-13,feature_34,12,816,0,false
U-d1e95f,A-993085,S-907e70,2024-08-17,feature_19,9,1026,2,false
U-6829bc,A-993085,S-907e70,2023-12-29,feature_15,13,1131,0,false
U-f1c1ad,A-993085,S-a80511,2023-08-25,feature_33,12,6960,0,true
U-4e2bb9,A-993085,S-a80511,2023-08-21,feature_36,12,3216,2,false
U-be6756,A-993085,S-a80511,2024-04-28,feature_24,8,872,0,false
U-429433,A-993085,S-a80511,2024-10-18,feature_2,9,2646,1,true
U-d38ce4,A-993085,S-b76de2,2023-10-29,feature_6,13,2834,0,false
U-3ed96a,A-993085,S-b76de2,2024-03-25,feature_30,8,4600,1,false
U-6e8bc6,A-993085,S-b76de2,2023-11-02,feature_16,8,1304,0,false
U-9fe300,A-993085,S-d74a31,2024-04-12,feature_17,15,8055,2,false
U-e9f52f,A-993085,S-d74a31,2024-09-14,feature_36,9,3303,2,false
U-5ce51f,A-993085,S-d74a31,2023-10-22,feature_27,5,2165,0,false
U-89bcee,A-993085,S-d74a31,2024-04-12,feature_5,9,1197,0,true
U-b34125,A-993085,S-f5bef8,2024-05-31,feature_35,11,5412,0,false
U-0d352a,A-993085,S-f5bef8,2024-08-07,feature_15,5,1895,0,false
U-5c0102,A-993085,S-f5bef8,2024-02-22,feature_16,7,2338,5,false
U-e72e9d,A-993085,S-f5bef8,2024-09-19,feature_28,9,2862,2,false
U-92f876,A-993085,S-f5bef8,2024-04-26,feature_24,9,171,0,false
U-dfc8b7,A-993085,S-f5bef8,2024-07-23,feature_9,6,1794,0,false
U-087bd3,A-993085,S-f5bef8,2023-12-06,feature_40,7,3381,0,false
U-a291a1,A-9a532a,S-2ccc04,2024-10-21,feature_4,16,3744,0,false
U-197e0e,A-9a532a,S-2ccc04,2024-10-17,feature_28,14,7560,1,false
U-3bd08b,A-9affe6,S-01daf5,2024-01-11,feature_40,13,5408,0,false
U-bbbf33,A-9affe6,S-01daf5,2023-08-25,feature_26,9,1674,0,false
U-bec0d6,A-9affe6,S-01daf5,2023-09-08,feature_8,13,5681,1,false
U-eb6828,A-9affe6,S-01daf5,2024-12-19,feature_2,16,3040,0,false
U-3d35fa,A-9affe6,S-01daf5,2023-11-23,feature_4,8,1304,0,false
U-eb759d,A-9affe6,S-01daf5,2023-12-01,feature_7,9,837,0,true
U-0f202e,A-9affe6,S-021ca9,2023-05-03,feature_8,7,3143,0,true
U-486860,A-9affe6,S-021ca9,2024-12-17,feature_16,14,6188,0,false
U-fe21f5,A-9affe6,S-021ca9,2024-04-13,feature_14,11,4939,0,false
U-5ed9c0,A-9affe6,S-025bea,2023-11-24,feature_1,7,1841,0,false
U-5fbcde,A-9affe6,S-025bea,2024-10-11,feature_4,5,2160,0,false
U-e43fe7,A-9affe6,S-025bea,2023-12-10,feature_17,7,2079,0,false
U-9e92ec,A-9affe6,S-025bea,2024-02-02,feature_19,13,5993,0,false
U-a7bc42,A-9affe6,S-025bea,2023-05-19,feature_5,14,5964,0,false
U-11f5ac,A-9affe6,S-025bea,2024-07-31,feature_11,9,1737,0,false
U-7b035a,A-9affe6,S-0fc73c,2024-01-08,feature_31,13,1105,0,true
U-fba4a9,A-9affe6,S-0fc73c,2023-05-20,feature_26,9,1926,0,false
U-d85a05,A-9affe6,S-0fc73c,2023-04-06,feature_15,6,1884,1,false
U-84dd0b,A-9affe6,S-0fc73c,2024-12-31,feature_5,10,3160,1,false
U-0900e9,A-9affe6,S-14f39f,2023-09-14,feature_9,15,3570,0,false
U-ef2803,A-9affe6,S-14f39f,2024-07-27,feature_19,9,2637,0,false
U-74beb2,A-9affe6,S-14f39f,2023-12-17,feature_33,14,6496,0,false
U-e128ad,A-9affe6,S-14f39f,2023-07-19,feature_17,10,930,0,false
U-150837,A-9affe6,S-14f39f,2024-03-24,feature_17,10,2250,1,false
U-6900b8,A-9affe6,S-6732ff,2024-07-10,feature_11,17,7446,0,false
U-64baa4,A-9affe6,S-6732ff,2023-12-31,feature_12,11,99,1,false
U-0fce7c,A-9affe6,S-6732ff,2024-04-10,feature_30,6,552,0,false
U-c4a9f5,A-9affe6,S-6732ff,2024-02-09,feature_24,12,2364,0,false
U-907fcf,A-9affe6,S-6732ff,2024-06-05,feature_18,7,3934,0,false
U-8fbbfd,A-9affe6,S-6732ff,2023-10-10,feature_29,12,648,0,false
U-d4ca26,A-9affe6,S-869430,2023-06-17,feature_9,12,576,0,false
U-683c96,A-9affe6,S-9c5590,2024-04-21,feature_29,6,2892,0,false
U-02607a,A-9affe6,S-9c5590,2023-10-28,feature_16,18,7002,1,false
U-3ae3cd,A-9affe6,S-c2a6cb,2023-08-09,feature_4,14,6986,0,false
U-647f1b,A-9affe6,S-c2a6cb,2024-07-06,feature_36,5,2180,3,false
U-676613,A-9affe6,S-e0a991,2023-09-08,feature_15,8,1696,0,false
U-c618af,A-9affe6,S-e0a991,2023-06-15,feature_3,11,5423,0,false
U-fcc175,A-9affe6,S-e0a991,2023-04-18,feature_16,12,5028,0,false
U-58a4a5,A-9affe6,S-e7f571,2023-11-30,feature_14,5,1555,3,false
U-1a90ba,A-9affe6,S-e7f571,2024-10-10,feature_33,10,1090,0,false
U-26a548,A-9affe6,S-e7f571,2024-12-25,feature_34,13,390,0,false
U-ec1beb,A-9affe6,S-e7f571,2023-07-29,feature_2,9,5058,2,false
U-489619,A-9b9fe9,S-0f6f44,2024-11-30,feature_25,8,2448,3,false
U-675aae,A-9b9fe9,S-0f6f44,2024-07-08,feature_19,13,2457,3,false
U-ce60c8,A-9b9fe9,S-0f6f44,2024-06-08,feature_24,4,1320,0,false
U-8cf10a,A-9b9fe9,S-0f6f44,2024-09-20,feature_29,11,594,0,false
U-0f02c3,A-9b9fe9,S-1712e6,2024-12-01,feature_12,9,3816,0,false
U-14af00,A-9b9fe9,S-1712e6,2024-08-14,feature_1,7,2485,0,false
U-f89136,A-9b9fe9,S-1712e6,2024-10-23,feature_40,7,833,2,false
U-12490f,A-9b9fe9,S-1712e6,2024-11-05,feature_4,15,6225,0,false
U-20beb4,A-9b9fe9,S-1712e6,2023-12-12,feature_37,12,1500,0,false
U-b2a53c,A-9b9fe9,S-1e8910,2023-12-20,feature_29,9,2583,0,false
U-46d782,A-9b9fe9,S-1e8910,2024-05-09,feature_13,18,900,2,false
U-da9a5f,A-9b9fe9,S-1e8910,2024-03-18,feature_8,14,7364,0,false
U-ef1c6f,A-9b9fe9,S-1e8910,2023-10-20,feature_8,10,4810,0,false
U-efda3a,A-9b9fe9,S-23ccf4,2024-09-19,feature_7,6,3054,0,false
U-4e07d4,A-9b9fe9,S-23ccf4,2024-08-19,feature_29,9,1791,0,false
U-59cd63,A-9b9fe9,S-23ccf4,2024-03-20,feature_5,14,1624,0,false
U-329f42,A-9b9fe9,S-23ccf4,2023-11-25,feature_33,13,7345,0,false
U-f4029f,A-9b9fe9,S-23ccf4,2024-04-28,feature_24,15,3195,0,false
U-c804ab,A-9b9fe9,S-23ccf4,2024-03-04,feature_24,16,880,0,false
U-1133f8,A-9b9fe9,S-23ccf4,2024-02-07,feature_27,7,1659,0,false
U-97d978,A-9b9fe9,S-4bfe7b,2024-04-18,feature_28,10,5340,0,false
U-e222d9,A-9b9fe9,S-4bfe7b,2024-01-27,feature_36,6,3540,0,false
U-bb6e45,A-9b9fe9,S-4bfe7b,2024-10-06,feature_29,9,1863,0,false
U-ff311e,A-9b9fe9,S-5fe3e5,2024-07-22,feature_30,8,2576,0,false
U-993bd7,A-9b9fe9,S-7bd2d7,2024-12-10,feature_30,10,1160,0,false
U-c3b251,A-9b9fe9,S-7bd2d7,2024-05-23,feature_13,8,2904,5,false
U-184873,A-9b9fe9,S-7bd2d7,2024-03-19,feature_15,9,4140,0,false
U-486b93,A-9b9fe9,S-7bd2d7,2024-12-11,feature_12,12,4464,0,false
U-fedcdc,A-9b9fe9,S-8eff6d,2024-05-14,feature_32,8,1272,0,false
U-8e5156,A-9b9fe9,S-8eff6d,2024-09-24,feature_29,16,5584,0,false
U-c2aca1,A-9b9fe9,S-9aa190,2024-12-04,feature_34,11,1683,0,false
U-18ab15,A-9b9fe9,S-9aa190,2024-07-07,feature_25,10,3410,0,false
U-f73a93,A-9b9fe9,S-a06b03,2024-12-15,feature_4,13,1573,0,false
U-9f010b,A-9b9fe9,S-a06b03,2024-04-25,feature_32,12,6720,1,false
U-4f1765,A-9b9fe9,S-fc9cc3,2024-12-04,feature_22,10,210,0,true
U-ed5130,A-9b9fe9,S-fc9cc3,2024-07-11,feature_12,10,2820,0,false
U-17f539,A-9b9fe9,S-fc9cc3,2023-12-21,feature_12,14,5152,0,false
U-37e2e4,A-9b9fe9,S-fc9cc3,2024-01-13,feature_37,9,2826,0,false
U-df521a,A-9b9fe9,S-fc9cc3,2024-06-19,feature_8,5,2065,0,false
U-02f12f,A-9b9fe9,S-fc9cc3,2024-07-15,feature_34,7,2730,0,false
U-a6a366,A-9badbd,S-11dba6,2024-07-20,feature_23,11,3542,0,false
U-449d35,A-9badbd,S-11dba6,2024-07-23,feature_2,11,5929,0,false
U-1c3dc9,A-9badbd,S-3c9115,2024-08-24,feature_38,7,1862,0,false
U-271111,A-9badbd,S-3c9115,2024-07-25,feature_35,14,98,0,false
U-d3cd70,A-9badbd,S-3c9115,2024-12-25,feature_38,19,9177,4,false
U-049bf4,A-9badbd,S-40d3aa,2024-09-20,feature_23,9,1503,0,true
U-e2128f,A-9badbd,S-40d3aa,2024-11-07,feature_20,7,2786,1,false
U-a0b258,A-9badbd,S-6ee525,2024-10-30,feature_22,13,6669,0,false
U-6d6da9,A-9badbd,S-6ee525,2024-09-02,feature_3,8,664,0,false
U-3d6132,A-9badbd,S-6ee525,2024-07-11,feature_16,10,5570,0,false
U-a056b1,A-9badbd,S-6ee525,2024-09-04,feature_30,10,5740,0,false
U-a2d24a,A-9badbd,S-78cb5f,2024-08-02,feature_11,8,2848,0,false
U-e0296d,A-9badbd,S-834097,2024-09-14,feature_32,17,8925,0,false
U-068eef,A-9badbd,S-834097,2024-10-25,feature_2,12,6552,0,false
U-014d2d,A-9badbd,S-904784,2024-07-31,feature_22,10,2310,0,false
U-fc72db,A-9badbd,S-904784,2024-09-08,feature_14,13,2561,2,false
U-3fe77f,A-9badbd,S-904784,2024-10-29,feature_31,8,2024,0,true
U-aaeae6,A-9badbd,S-c41762,2024-12-22,feature_35,8,3200,0,false
U-d2b1f0,A-9badbd,S-f421c8,2024-10-27,feature_16,7,1169,0,false
U-5343ac,A-9badbd,S-f421c8,2024-12-17,feature_5,8,1512,1,false
U-ab2170,A-9badbd,S-f421c8,2024-07-01,feature_20,14,294,1,false
U-c15f62,A-9badbd,S-f421c8,2024-09-13,feature_18,6,3342,2,false
U-e6e444,A-9badbd,S-f421c8,2024-07-02,feature_33,9,1809,0,true
U-510c53,A-9badbd,S-f4caa8,2024-07-30,feature_6,14,2954,0,false
U-8bdcda,A-9bfc9f,S-11034a,2023-12-07,feature_40,15,2070,0,false
U-e6c59f,A-9bfc9f,S-11034a,2024-04-19,feature_16,12,696,0,false
U-60c4da,A-9bfc9f,S-2c8143,2024-08-23,feature_27,7,175,2,false
U-166c00,A-9bfc9f,S-2c8143,2024-01-16,feature_16,8,4624,0,false
U-8df63b,A-9bfc9f,S-5ede24,2024-02-18,feature_33,12,6528,0,false
U-3a0a5f,A-9bfc9f,S-5ede24,2024-02-11,feature_5,13,3276,0,true
U-55d24e,A-9bfc9f,S-5ede24,2024-12-08,feature_24,6,78,1,true
U-639f26,A-9bfc9f,S-5ede24,2024-03-23,feature_11,14,2030,1,false
U-08c5a1,A-9bfc9f,S-5ede24,2024-09-24,feature_29,9,4995,0,false
U-868ec4,A-9bfc9f,S-627cfa,2024-03-12,feature_7,6,888,0,false
U-186775,A-9bfc9f,S-627cfa,2023-10-21,feature_7,8,576,1,false
U-c00d41,A-9bfc9f,S-6bf7d7,2023-10-20,feature_23,13,6591,1,false
U-75ee98,A-9bfc9f,S-6bf7d7,2023-11-07,feature_19,14,5852,0,false
U-69736d,A-9bfc9f,S-6e0562,2024-04-11,feature_20,9,261,1,false
U-c01891,A-9bfc9f,S-6e0562,2024-07-07,feature_30,12,3180,0,false
U-bde476,A-9bfc9f,S-7f94c2,2024-10-30,feature_30,13,5980,0,false
U-43e461,A-9bfc9f,S-7f94c2,2024-08-08,feature_39,10,2720,2,false
U-2eee7a,A-9bfc9f,S-84c44b,2023-10-31,feature_13,10,1320,0,false
U-89a935,A-9bfc9f,S-84c44b,2023-10-06,feature_7,13,4615,0,false
U-ad3aaf,A-9bfc9f,S-84c44b,2023-12-30,feature_38,8,896,0,false
U-c7d93e,A-9bfc9f,S-95cc5a,2024-05-16,feature_21,6,1584,0,false
U-07c0b3,A-9bfc9f,S-95cc5a,2024-06-04,feature_23,10,1380,0,true
U-c21f5e,A-9bfc9f,S-95cc5a,2023-12-06,feature_4,9,4428,0,false
U-e65720,A-9c18c4,S-16be20,2024-06-01,feature_5,8,1512,0,false
U-8ea3e3,A-9c18c4,S-16be20,2024-06-18,feature_34,12,5400,0,false
U-384ce4,A-9c18c4,S-1d661c,2024-08-26,feature_16,10,5340,0,false
U-3e9dd8,A-9c18c4,S-1d661c,2024-07-20,feature_39,13,871,1,false
U-03eb3e,A-9c18c4,S-2971ae,2024-09-21,feature_25,10,1390,0,false
U-8f34c7,A-9c18c4,S-2971ae,2024-06-10,feature_6,13,1716,0,false
U-5a29a8,A-9c18c4,S-2971ae,2024-07-31,feature_6,13,7059,5,false
U-9c919b,A-9c18c4,S-2971ae,2024-11-15,feature_7,10,3240,0,false
U-91284c,A-9c18c4,S-4893cd,2024-08-05,feature_26,3,1737,0,false
U-ec15ab,A-9c18c4,S-4893cd,2024-04-23,feature_9,10,4560,4,false
U-adffb7,A-9c18c4,S-4893cd,2024-07-21,feature_13,10,4480,1,false
U-3afd42,A-9c18c4,S-4893cd,2024-09-26,feature_33,9,4680,0,false
U-acb1bd,A-9c18c4,S-48d2b5,2024-10-11,feature_37,8,1528,1,false
U-c72cc4,A-9c18c4,S-48d2b5,2024-11-21,feature_10,11,1474,0,false
U-0d0475,A-9c18c4,S-48d2b5,2023-10-07,feature_9,8,3000,1,false
U-313218,A-9c18c4,S-48d2b5,2023-11-28,feature_3,11,1991,0,true
U-0893ed,A-9c18c4,S-48d2b5,2024-08-25,feature_33,11,5808,0,false
U-6e8391,A-9c18c4,S-506cbd,2024-03-19,feature_33,10,5040,0,false
U-c8ee1c,A-9c18c4,S-506cbd,2024-01-10,feature_12,11,5225,0,false
U-2ee9e8,A-9c18c4,S-506cbd,2024-12-07,feature_14,1,138,0,false
U-84ffe7,A-9c18c4,S-506cbd,2024-02-10,feature_31,10,2990,0,false
U-978e35,A-9c18c4,S-987539,2024-05-07,feature_17,10,5870,0,false
U-480d48,A-9c18c4,S-987539,2024-12-11,feature_38,8,1024,0,false
U-147ecb,A-9c18c4,S-9f123c,2024-12-13,feature_6,13,832,0,false
U-9f7f50,A-9c18c4,S-9f123c,2024-06-05,feature_36,6,330,0,true
U-4b27e6,A-9c18c4,S-9f123c,2024-10-04,feature_13,16,7472,0,false
U-489647,A-9c18c4,S-9f123c,2024-10-11,feature_10,8,80,0,false
U-012e32,A-9c18c4,S-b526e3,2024-05-30,feature_2,10,3700,2,false
U-e12b62,A-9c18c4,S-b526e3,2023-12-07,feature_1,13,1352,0,false
U-880cd1,A-9c18c4,S-b526e3,2023-12-22,feature_14,7,4186,0,false
U-b11641,A-9c18c4,S-f3979e,2023-10-07,feature_35,8,880,0,false
U-7b088e,A-9c18c4,S-f3979e,2024-11-27,feature_9,12,6876,0,false
U-754f24,A-9ee962,S-094e82,2023-11-19,feature_25,17,3604,0,false
U-cc3ef9,A-9ee962,S-094e82,2023-07-28,feature_25,5,770,0,false
U-e385fc,A-9ee962,S-0ce88b,2024-02-19,feature_19,9,5355,1,false
U-7bc3cc,A-9ee962,S-0ce88b,2024-06-17,feature_17,7,1491,1,false
U-6b0463,A-9ee962,S-0ce88b,2024-06-30,feature_29,8,520,0,true
U-05cb48,A-9ee962,S-23f506,2024-09-24,feature_37,13,7488,0,false
U-03a595,A-9ee962,S-4e4ef4,2023-07-24,feature_4,14,1540,0,false
U-0799e6,A-9ee962,S-4e4ef4,2024-05-27,feature_20,9,3591,0,false
U-fc666a,A-9ee962,S-4e4ef4,2024-04-28,feature_4,10,3860,3,false
U-1c2579,A-9ee962,S-4e4ef4,2024-05-07,feature_33,8,896,0,false
U-56c4e7,A-9ee962,S-4e4ef4,2024-05-25,feature_40,14,2030,1,false
U-b0859d,A-9ee962,S-593787,2023-07-06,feature_38,5,1410,2,false
U-d15aeb,A-9ee962,S-593787,2023-07-28,feature_14,14,6426,0,false
U-789bbb,A-9ee962,S-593787,2024-12-25,feature_39,11,5390,0,true
U-c852e9,A-9ee962,S-593787,2024-04-29,feature_35,7,1792,1,false
U-0f45f8,A-9ee962,S-593787,2024-06-27,feature_3,10,3340,0,false
U-1e1b9a,A-9ee962,S-593787,2024-01-19,feature_30,11,1177,0,false
U-0dd3a6,A-9ee962,S-ece5a5,2023-07-17,feature_33,8,3472,0,false
U-eab8a5,A-9ee962,S-ece5a5,2024-05-18,feature_32,15,2460,2,false
U-8132ca,A-9ee962,S-f4376f,2023-06-23,feature_34,14,2772,0,false
U-19e978,A-9ee962,S-f4376f,2024-01-08,feature_39,13,3848,2,false
U-af1f44,A-9ee962,S-f4376f,2024-07-18,feature_19,15,6510,0,false
U-91d815,A-9ee962,S-f4376f,2024-06-11,feature_13,11,2827,0,false
U-e3b027,A-9ee962,S-f4376f,2024-04-11,feature_11,13,546,0,false
U-d1fe31,A-9ee962,S-f4376f,2024-05-12,feature_20,13,3913,0,false
U-18fc58,A-9ee962,S-ffce65,2024-05-09,feature_28,18,6498,0,false
U-6237b3,A-9ee962,S-ffce65,2024-03-13,feature_34,10,4350,0,false
U-e33ff7,A-9ee962,S-ffce65,2023-08-10,feature_15,11,3454,0,false
U-913ffa,A-9ee962,S-ffce65,2024-11-23,feature_34,12,1680,0,false
U-37c8cf,A-9ee962,S-ffce65,2023-10-12,feature_15,13,4511,0,true
U-e69615,A-9ee962,S-ffce65,2024-03-24,feature_29,11,2937,0,false
U-b9d155,A-9ee962,S-ffce65,2023-12-16,feature_14,14,210,0,false
U-122bae,A-9f0b68,S-0268ba,2024-06-01,feature_38,8,1816,0,false
U-07dfc7,A-9f0b68,S-0268ba,2024-09-04,feature_40,10,3370,0,false
U-b8668e,A-9f0b68,S-10ab8d,2024-07-04,feature_37,10,1570,0,false
U-06c8d5,A-9f0b68,S-115823,2024-05-30,feature_19,9,4896,0,true
U-a6f508,A-9f0b68,S-115823,2024-10-21,feature_19,14,3948,0,false
U-b7cd35,A-9f0b68,S-115823,2024-08-06,feature_25,5,2390,3,false
U-e108a1,A-9f0b68,S-131064,2024-05-25,feature_19,7,420,0,false
U-808e43,A-9f0b68,S-131064,2024-08-05,feature_4,12,60,0,false
U-58dd7e,A-9f0b68,S-6522e4,2024-07-11,feature_17,10,4190,1,false
U-063179,A-9f0b68,S-6522e4,2024-11-20,feature_40,11,3696,0,false
U-5ba782,A-9f0b68,S-6522e4,2024-08-13,feature_15,6,1542,0,false
U-c81c94,A-9f0b68,S-6522e4,2024-12-27,feature_18,11,4323,0,false
U-6d4a2d,A-9f0b68,S-94009b,2024-07-30,feature_25,8,1512,0,false
U-5ab8de,A-9f0b68,S-9740c1,2024-10-26,feature_15,10,360,0,false
U-00ce35,A-9f0b68,S-9740c1,2024-06-24,feature_18,14,896,0,false
U-b27147,A-9f0b68,S-b40b4d,2024-06-20,feature_39,10,4300,3,false
U-987316,A-9f0b68,S-b40b4d,2024-08-23,feature_27,11,242,0,false
U-64adcf,A-9f0b68,S-b7d99d,2024-06-04,feature_22,13,3276,0,false
U-81cc69,A-9f0b68,S-ba8c46,2024-07-26,feature_4,7,392,0,true
U-52f7d1,A-9f0b68,S-ba8c46,2024-05-27,feature_30,9,1170,1,false
U-c11dc3,A-9f0b68,S-ba8c46,2024-09-15,feature_21,13,5876,0,true
U-905967,A-9f0b68,S-fcab86,2024-08-01,feature_28,19,646,0,false
U-558b61,A-9f0b68,S-fcab86,2024-07-15,feature_3,9,3537,0,false
U-004a49,A-9f0b68,S-fcab86,2024-05-27,feature_3,5,425,0,false
U-405493,A-9f2731,S-2b35cc,2024-10-17,feature_37,8,1048,0,false
U-753732,A-9f2731,S-be42e1,2024-11-08,feature_30,10,1660,0,false
U-3f3781,A-9f2731,S-be42e1,2024-10-12,feature_39,11,3553,0,false
U-3d1277,A-9f2731,S-be42e1,2024-12-19,feature_5,10,5160,0,false
U-2bcc5d,A-9f2731,S-c6dc67,2024-10-30,feature_27,11,3564,0,false
U-4f42da,A-9f2731,S-f639fb,2024-10-12,feature_19,8,2864,0,false
U-947d51,A-9f9299,S-2c270f,2024-12-26,feature_22,5,1955,0,false
U-150c9d,A-9f9299,S-2c270f,2024-11-18,feature_20,7,3416,0,false
U-237a10,A-9f9299,S-2c270f,2024-09-28,feature_1,11,4939,0,false
U-c78664,A-9f9299,S-2c270f,2024-07-27,feature_4,12,6300,2,false
U-16a738,A-9f9299,S-2c270f,2024-10-10,feature_10,13,3328,0,false
U-116984,A-9f9299,S-2c270f,2024-09-22,feature_3,10,2780,0,false
U-8be7be,A-9f9299,S-32d56d,2024-01-15,feature_17,7,2849,0,false
U-0073f0,A-9f9299,S-32d56d,2024-07-29,feature_37,15,5190,1,false
U-2007b2,A-9f9299,S-4bb483,2024-08-08,feature_16,11,3795,3,false
U-864153,A-9f9299,S-4bb483,2023-12-16,feature_11,10,4160,0,false
U-646612,A-9f9299,S-4bb483,2024-01-19,feature_19,9,3150,0,false
U-add21d,A-9f9299,S-4bb483,2024-10-22,feature_33,10,3670,0,false
U-c3a445,A-9f9299,S-4f21c1,2024-07-02,feature_26,5,610,4,false
U-95ffbb,A-9f9299,S-5a2a05,2024-07-22,feature_34,14,462,1,true
U-3de844,A-9f9299,S-5a2a05,2024-07-11,feature_28,10,4570,0,false
U-3870bb,A-9f9299,S-5a2a05,2024-08-09,feature_17,9,1575,2,false
U-2a6d87,A-9f9299,S-5e7357,2024-05-25,feature_1,10,4540,0,true
U-d27444,A-9f9299,S-5e7357,2024-06-18,feature_9,13,2288,0,false
U-9e37c7,A-9f9299,S-5e7357,2024-08-19,feature_3,12,216,0,false
U-b1b475,A-9f9299,S-649bb6,2024-10-07,feature_12,10,4940,0,false
U-99d2b9,A-9f9299,S-649bb6,2024-06-17,feature_19,11,5687,1,false
U-790611,A-9f9299,S-649bb6,2024-12-15,feature_40,9,2979,1,false
U-d57b95,A-9f9299,S-649bb6,2024-11-12,feature_37,7,1610,1,false
U-48cc91,A-9f9299,S-649bb6,2024-08-14,feature_25,7,518,0,false
U-cc6da5,A-9f9299,S-93fab3,2024-01-06,feature_18,11,3498,0,true
U-ae3d03,A-9f9299,S-93fab3,2024-10-24,feature_4,7,3850,0,false
U-7f9ef4,A-9f9299,S-a66766,2024-11-24,feature_17,9,180,0,false
U-56537f,A-9f9299,S-a66766,2024-09-06,feature_7,6,2340,0,false
U-2399ea,A-9f9299,S-a66766,2024-04-28,feature_8,2,994,1,true
U-38d6fd,A-9f9299,S-a66766,2024-12-21,feature_1,12,1068,2,false
U-2b2f45,A-9f9299,S-a66766,2024-04-23,feature_22,6,1428,1,false
U-569df2,A-9f9299,S-ae1882,2024-09-12,feature_30,10,5470,0,true
U-ad340d,A-9f9299,S-b5643b,2023-12-22,feature_15,13,1040,0,false
U-3411dd,A-9f9299,S-b5643b,2024-05-19,feature_32,14,7532,0,false
U-4e4d53,A-9f9299,S-b5643b,2024-12-02,feature_39,9,5355,1,false
U-c2aaec,A-9f9299,S-b5643b,2024-09-24,feature_14,10,2130,3,false
U-c91288,A-9f9299,S-b5643b,2024-09-10,feature_15,8,2056,0,true
U-01f76a,A-9f9299,S-b5643b,2023-12-03,feature_28,1,548,0,false
U-125e0a,A-9f9299,S-b93c11,2024-08-22,feature_2,10,5910,1,false
U-52c721,A-9f9299,S-b93c11,2024-08-11,feature_32,9,3006,0,false
U-cfbee0,A-9f9299,S-b93c11,2024-07-06,feature_25,5,2270,0,false
U-a79293,A-9f9299,S-b93c11,2024-04-26,feature_19,16,4848,0,false
U-4ed506,A-9f9299,S-b93c11,2024-08-28,feature_24,9,270,0,false
U-2b75fd,A-9f9299,S-b93c11,2024-06-16,feature_7,9,2970,0,false
U-6cc998,A-9f9299,S-c41b43,2024-03-01,feature_23,9,1512,3,false
U-dfb84b,A-9f9299,S-c41b43,2024-12-13,feature_25,8,1864,0,false
U-dafb5b,A-9f9299,S-c41b43,2024-11-17,feature_35,12,3156,1,false
U-0ddd21,A-9f9299,S-c41b43,2024-10-06,feature_4,10,1550,1,true
U-21fa08,A-9f9299,S-cf2b4a,2024-04-28,feature_28,6,1494,1,false
U-6fa2ed,A-9f9299,S-cf2b4a,2024-12-03,feature_5,11,3333,0,false
U-fad3b2,A-9f9299,S-cf2b4a,2024-11-20,feature_20,9,5274,1,false
U-9759b4,A-9f9299,S-cf2b4a,2024-12-24,feature_2,6,2982,2,false
U-654b01,A-a09355,S-2bbf5c,2024-12-10,feature_35,9,2682,0,false
U-211b68,A-a09355,S-2bbf5c,2024-12-18,feature_16,13,1677,0,false
U-650d60,A-a09355,S-532502,2024-09-15,feature_35,12,84,3,true
U-cc8ed9,A-a09355,S-532502,2024-10-05,feature_12,7,2254,0,false
U-83d46d,A-a09355,S-57bbae,2024-08-30,feature_4,8,3232,0,false
U-ca40b3,A-a09355,S-5879cf,2024-10-04,feature_34,10,1280,0,false
U-734ffe,A-a09355,S-632bba,2024-12-31,feature_3,10,4360,2,false
U-f988b5,A-a09355,S-6bbf29,2024-12-19,feature_35,7,2569,3,false
U-b9130e,A-a09355,S-722103,2024-12-04,feature_23,12,3240,0,false
U-2b2ee4,A-a09355,S-722103,2024-11-23,feature_18,11,1683,0,false
U-fa42fe,A-a09355,S-975ee4,2024-11-09,feature_19,13,3536,0,false
U-6bd5f2,A-a09355,S-c6e62c,2024-11-23,feature_32,16,2576,1,false
U-52e6e1,A-a09355,S-dccf50,2024-10-07,feature_13,7,588,1,false
U-0bc553,A-a09355,S-ef83b4,2024-09-20,feature_24,9,108,0,false
U-627e48,A-a0ca4e,S-40e528,2024-03-16,feature_39,7,2450,0,false
U-f84fb2,A-a0ca4e,S-40e528,2024-08-13,feature_18,6,2616,0,false
U-05fe03,A-a0ca4e,S-461334,2024-05-24,feature_25,13,2444,0,false
U-9249b6,A-a0ca4e,S-461334,2024-06-18,feature_11,12,4560,1,false
U-401f9d,A-a0ca4e,S-665df9,2024-05-01,feature_4,11,1056,0,false
U-e8974f,A-a0ca4e,S-665df9,2024-05-05,feature_11,11,6281,0,false
U-39a3c8,A-a0ca4e,S-665df9,2024-10-19,feature_38,16,8048,0,false
U-0ff38e,A-a0ca4e,S-97a57b,2024-09-02,feature_19,6,36,2,false
U-2af3ea,A-a0ca4e,S-ccf11b,2024-07-20,feature_20,12,2844,0,false
U-f1e0ae,A-a0ca4e,S-ccf11b,2024-11-01,feature_2,11,1122,0,true
U-617a61,A-a0ca4e,S-ccf11b,2024-11-26,feature_1,6,1728,0,false
U-881a4c,A-a0ca4e,S-d26ff6,2024-08-08,feature_17,8,800,0,false
U-d02581,A-a0ca4e,S-d26ff6,2024-09-20,feature_25,10,5560,0,false
U-469d66,A-a0ca4e,S-e97b9f,2024-08-01,feature_36,3,1119,3,false
U-0f49bb,A-a0ca4e,S-e97b9f,2024-12-17,feature_31,7,3500,0,false
U-f63f6b,A-a0ca4e,S-e97b9f,2024-12-14,feature_18,9,1053,1,false
U-7677bc,A-a0ca4e,S-e97b9f,2024-03-31,feature_25,11,6116,0,false
U-374236,A-a0ca4e,S-f8d0a2,2024-10-20,feature_6,13,4381,0,false
U-52f161,A-a0ca4e,S-f8d0a2,2024-07-07,feature_7,8,1960,0,false
U-04ef00,A-a1b80b,S-27f7b2,2024-12-24,feature_21,12,5136,3,false
U-091df3,A-a1b80b,S-27f7b2,2024-12-18,feature_21,14,1344,0,false
U-dcd853,A-a1b80b,S-287914,2024-12-08,feature_22,10,4500,1,false
U-c6a017,A-a1b80b,S-287914,2024-12-26,feature_22,13,416,3,false
U-e9dc13,A-a1b80b,S-287914,2024-06-22,feature_15,6,1878,0,false
U-063712,A-a1b80b,S-287914,2024-06-15,feature_8,12,972,2,false
U-0216f7,A-a1b80b,S-287914,2024-05-19,feature_17,7,329,0,true
U-ece33d,A-a1b80b,S-287914,2024-03-16,feature_9,9,1440,0,false
U-14594e,A-a1b80b,S-29b014,2024-12-13,feature_40,13,559,0,false
U-83babf,A-a1b80b,S-2ded36,2024-12-21,feature_5,14,2366,2,false
U-a39ab8,A-a1b80b,S-333abd,2024-09-16,feature_10,13,4498,0,false
U-04066f,A-a1b80b,S-33e4e2,2024-12-10,feature_11,7,3731,0,false
U-3e76e8,A-a1b80b,S-410fd5,2024-11-05,feature_20,10,4040,0,false
U-a37257,A-a1b80b,S-410fd5,2024-08-28,feature_19,12,2664,0,false
U-adb403,A-a1b80b,S-410fd5,2024-11-03,feature_15,12,3660,3,true
U-31afec,A-a1b80b,S-4a0cb3,2024-12-27,feature_9,9,369,2,true
U-30b244,A-a1b80b,S-4a0cb3,2024-08-10,feature_6,11,4631,0,false
U-43e2c2,A-a1b80b,S-4a0cb3,2024-10-13,feature_29,8,4176,0,false
U-59db3f,A-a1b80b,S-6e0edc,2024-05-08,feature_15,12,4248,0,false
U-16da70,A-a1b80b,S-7785af,2024-09-01,feature_25,12,3816,0,false
U-661c3a,A-a1b80b,S-791c64,2024-11-08,feature_38,10,2650,0,false
U-dc6ead,A-a1b80b,S-966ce7,2024-04-10,feature_15,12,1032,0,false
U-e510be,A-a1b80b,S-ce932b,2024-04-26,feature_29,8,3760,0,false
U-e14e99,A-a1b80b,S-ce932b,2024-05-08,feature_11,12,3312,2,false
U-c34ff7,A-a1b80b,S-ce932b,2024-09-10,feature_31,11,6556,1,false
U-5d9044,A-a1b80b,S-ce932b,2024-10-08,feature_14,13,429,0,false
U-289b0b,A-a1b80b,S-d841e4,2024-12-02,feature_7,15,2115,1,false
U-390660,A-a1b80b,S-d841e4,2024-07-10,feature_39,9,45,0,false
U-68f39b,A-a1b80b,S-f9d635,2024-11-11,feature_19,9,99,1,false
U-5b1dfa,A-a1bbb6,S-37dc91,2024-07-25,feature_7,12,4896,0,false
U-abf4a8,A-a1bbb6,S-37dc91,2024-03-24,feature_12,8,4648,0,false
U-a94ffa,A-a1bbb6,S-53bced,2023-06-17,feature_33,10,4280,0,false
U-0f01de,A-a1bbb6,S-737a28,2024-04-04,feature_4,13,663,2,false
U-7d7a33,A-a1bbb6,S-737a28,2023-10-12,feature_21,3,1713,0,false
U-511500,A-a1bbb6,S-737a28,2023-05-23,feature_22,13,6344,0,false
U-ffadea,A-a1bbb6,S-737a28,2023-04-29,feature_39,5,1505,0,false
U-0d9c36,A-a1bbb6,S-737a28,2024-12-24,feature_14,10,980,0,false
U-4521c0,A-a1bbb6,S-737a28,2023-09-28,feature_9,9,4194,0,true
U-cf02cb,A-a1bbb6,S-9a08ff,2024-01-09,feature_15,9,1737,0,false
U-639659,A-a1bbb6,S-9a08ff,2023-12-24,feature_37,8,2520,0,false
U-7c4903,A-a1bbb6,S-9a08ff,2024-06-22,feature_3,7,1890,4,true
U-7d1f54,A-a1bbb6,S-9a08ff,2023-12-25,feature_22,7,2975,0,false
U-894087,A-a1bbb6,S-cc4bf0,2023-04-17,feature_18,6,2772,0,false
U-1533e3,A-a1bbb6,S-cc4bf0,2023-06-07,feature_23,7,4046,1,true
U-8aa82e,A-a1bbb6,S-cc4bf0,2023-06-29,feature_28,7,2408,2,false
U-8b4376,A-a1bbb6,S-cc4bf0,2023-11-07,feature_33,11,4015,1,false
U-30dbbd,A-a1bbb6,S-cc4bf0,2023-06-17,feature_36,8,2048,1,false
U-ff332d,A-a1bbb6,S-cc4bf0,2024-06-29,feature_14,13,2756,1,false
U-e16f64,A-a1bbb6,S-d073bb,2024-12-21,feature_31,14,6972,0,false
U-4650cd,A-a1bbb6,S-d073bb,2024-01-02,feature_2,7,791,4,false
U-f9a720,A-a1bbb6,S-d3efa2,2024-05-04,feature_31,12,4752,0,false
U-05516d,A-a1bbb6,S-d3efa2,2024-10-18,feature_32,6,3000,0,false
U-fbab01,A-a1bbb6,S-d3efa2,2024-06-11,feature_34,12,4392,0,false
U-420daa,A-a1bbb6,S-d3efa2,2024-02-06,feature_19,7,1029,0,false
U-19a298,A-a1bbb6,S-d3efa2,2024-09-11,feature_31,7,3178,0,true
U-8eadcf,A-a1bbb6,S-d3efa2,2023-11-25,feature_24,7,1750,0,false
U-5007fd,A-a1bbb6,S-d3efa2,2023-09-10,feature_9,11,3883,0,true
U-8dba45,A-a1bbb6,S-d3efa2,2024-04-19,feature_3,13,260,0,true
U-00861e,A-a1bbb6,S-d3efa2,2024-12-30,feature_28,8,4464,0,false
U-a112cd,A-a1bbb6,S-d3efa2,2024-12-25,feature_2,20,6380,0,false
U-08b154,A-a2485e,S-1109d6,2024-11-27,feature_39,13,5655,0,true
U-3bebac,A-a2485e,S-1109d6,2024-10-16,feature_3,13,2522,2,false
U-5b906c,A-a2485e,S-5c8af8,2024-09-09,feature_13,8,1184,0,false
U-95fbf5,A-a2485e,S-5c8af8,2024-11-03,feature_6,11,5555,0,false
U-c46239,A-a2485e,S-70c743,2024-10-05,feature_16,13,6890,1,false
U-99ce5c,A-a33200,S-18f829,2024-09-29,feature_7,7,3199,0,false
U-9fa7bb,A-a33200,S-4e63e7,2024-12-11,feature_9,10,2780,0,false
U-0f2301,A-a33200,S-4e63e7,2024-11-17,feature_34,9,3708,0,false
U-6031dc,A-a33200,S-4e63e7,2024-11-03,feature_12,11,286,0,false
U-e43c41,A-a33200,S-7e44b0,2024-10-21,feature_26,9,828,1,false
U-66d009,A-a33200,S-ba228b,2024-11-14,feature_6,16,4784,0,false
U-dd1eb1,A-a45270,S-0e12d4,2024-11-02,feature_32,7,1253,2,false
U-b0979e,A-a45270,S-49aa80,2024-12-25,feature_13,9,4482,0,false
U-44328a,A-a45270,S-49aa80,2024-07-23,feature_6,16,672,0,false
U-a0254f,A-a45270,S-a50803,2024-12-08,feature_3,12,3216,2,false
U-883e62,A-a45270,S-bdd5df,2024-08-26,feature_39,11,3014,0,false
U-512ffa,A-a45270,S-c23126,2024-08-01,feature_40,7,749,0,false
U-6de58a,A-a45270,S-c23126,2024-12-19,feature_31,10,4120,2,false
U-4a0b26,A-a45270,S-c45df0,2024-11-23,feature_39,8,416,0,false
U-5f194b,A-a45270,S-d4a76b,2024-07-30,feature_9,8,624,2,false
U-0f672a,A-a6d261,S-00dea4,2024-09-05,feature_5,14,5236,0,false
U-6b6d05,A-a6d261,S-00dea4,2024-10-25,feature_39,10,1330,0,false
U-15a82e,A-a6d261,S-04b127,2024-08-30,feature_20,10,4670,0,false
U-58d717,A-a6d261,S-04b127,2024-02-04,feature_15,14,6174,0,false
U-00b0c6,A-a6d261,S-50c6f5,2024-09-27,feature_22,14,2758,0,false
U-44ab2c,A-a6d261,S-50c6f5,2024-07-11,feature_12,9,5175,2,false
U-a23c2c,A-a6d261,S-50c6f5,2023-12-19,feature_24,12,7068,1,false
U-dc2f2c,A-a6d261,S-58d2c8,2024-05-05,feature_7,12,2388,0,false
U-2a39a4,A-a6d261,S-69b070,2024-02-22,feature_16,7,3059,0,false
U-20b637,A-a6d261,S-69b070,2024-04-18,feature_38,14,4298,1,false
U-7d350b,A-a6d261,S-69b070,2024-08-02,feature_22,9,252,2,false
U-0d0d7a,A-a6d261,S-69b070,2024-06-10,feature_8,12,3012,0,false
U-3232cd,A-a6d261,S-69b070,2024-01-24,feature_20,15,3930,0,false
U-b5262f,A-a6d261,S-6aa20b,2024-09-29,feature_21,7,2499,0,false
U-0e7dda,A-a6d261,S-6aa20b,2024-02-02,feature_15,16,4144,0,false
U-fb2eed,A-a6d261,S-6aa20b,2024-06-12,feature_18,10,3050,4,false
U-4d47e1,A-a6d261,S-7cc0ec,2024-02-25,feature_34,6,3396,0,false
U-004f42,A-a6d261,S-7cc0ec,2024-07-27,feature_28,8,3504,1,false
U-428373,A-a6d261,S-7cc0ec,2024-05-23,feature_1,16,2304,0,false
U-c25098,A-a6d261,S-7cc0ec,2024-09-27,feature_6,8,2032,1,false
U-d3985f,A-a6d261,S-7e1791,2024-01-25,feature_4,11,4477,0,false
U-6636af,A-a6d261,S-7e1791,2024-01-29,feature_18,8,4664,1,true
U-2959e9,A-a6d261,S-7e1791,2024-11-09,feature_10,10,3620,0,false
U-7e34b4,A-a6d261,S-7e1791,2024-03-20,feature_25,9,270,0,true
U-52da99,A-a6d261,S-9be237,2024-10-17,feature_29,8,1896,0,false
U-8d8767,A-a6d261,S-d471c6,2024-05-08,feature_1,8,4768,1,false
U-4adcf9,A-a6d261,S-d471c6,2024-12-30,feature_13,8,144,0,false
U-1d5422,A-a6d261,S-e753fa,2024-08-23,feature_16,10,4150,1,false
U-9f4800,A-a6d261,S-e753fa,2024-02-17,feature_33,5,245,1,false
U-0ce106,A-a6d261,S-e753fa,2024-03-09,feature_14,11,506,0,false
U-da748e,A-a6d261,S-faf395,2024-07-30,feature_22,15,4485,1,false
U-b34956,A-a6d261,S-faf395,2024-03-20,feature_23,7,1449,0,false
U-528a9b,A-a6d261,S-faf395,2024-09-21,feature_28,11,5313,0,false
U-bb5ecc,A-a7bd4b,S-0aedf8,2024-03-12,feature_1,9,4653,0,false
U-5fa878,A-a7bd4b,S-0aedf8,2023-06-07,feature_23,15,6420,1,false
U-4f0bab,A-a7bd4b,S-0aedf8,2023-05-23,feature_11,13,7371,2,false
U-75bb1c,A-a7bd4b,S-1d2d00,2024-06-03,feature_1,12,888,0,false
U-d2ebe3,A-a7bd4b,S-1d2d00,2024-08-14,feature_1,13,6370,1,true
U-5efa49,A-a7bd4b,S-1d2d00,2023-10-21,feature_4,16,160,0,false
U-6a08df,A-a7bd4b,S-1d2d00,2024-09-21,feature_17,10,5460,3,false
U-aef35a,A-a7bd4b,S-592c0d,2023-10-11,feature_2,11,6083,0,false
U-1e5682,A-a7bd4b,S-592c0d,2024-12-28,feature_17,10,1200,0,false
U-6f566b,A-a7bd4b,S-592c0d,2023-05-28,feature_31,11,143,0,false
U-9595c9,A-a7bd4b,S-592c0d,2024-11-21,feature_31,14,3976,0,false
U-48a69f,A-a7bd4b,S-704b48,2023-04-24,feature_16,18,1818,2,false
U-9e883a,A-a7bd4b,S-704b48,2023-12-25,feature_14,16,896,0,false
U-7ee81a,A-a7bd4b,S-711528,2023-05-31,feature_38,10,1990,1,false
U-1eda32,A-a7bd4b,S-711528,2024-04-19,feature_30,15,6360,0,false
U-665880,A-a7bd4b,S-711528,2024-02-23,feature_13,11,1012,1,true
U-52a6fc,A-a7bd4b,S-9a8f71,2023-12-17,feature_37,11,2420,0,false
U-2d672e,A-a7bd4b,S-9a8f71,2024-02-26,feature_9,9,2862,2,false
U-a4c8a6,A-a7bd4b,S-9a8f71,2023-07-24,feature_28,7,1309,2,false
U-39962c,A-a7bd4b,S-9a8f71,2023-12-30,feature_3,13,2925,1,false
U-a457e5,A-a7bd4b,S-9a8f71,2024-12-06,feature_29,7,2394,2,false
U-591268,A-a7bd4b,S-9a8f71,2024-09-10,feature_4,10,3420,0,true
U-2a351c,A-a7bd4b,S-9c4bcd,2023-12-30,feature_16,11,4389,0,false
U-ce7290,A-a7bd4b,S-9c4bcd,2023-09-07,feature_27,9,2781,0,false
U-f66b9e,A-a7bd4b,S-9c4bcd,2024-12-11,feature_29,8,2264,0,false
U-67cf40,A-a7bd4b,S-9c4bcd,2024-08-15,feature_6,12,3792,0,false
U-0d1327,A-a7bd4b,S-9c4bcd,2023-11-05,feature_15,15,6990,2,true
U-dbf600,A-a7bd4b,S-9c4bcd,2024-12-26,feature_17,11,4785,0,false
U-4d3ce6,A-a7bd4b,S-9c4bcd,2023-08-26,feature_40,11,891,0,false
U-ddebe1,A-a7bd4b,S-9fc31d,2024-11-29,feature_13,13,1482,0,false
U-ac4247,A-a7bd4b,S-9fc31d,2024-08-24,feature_19,7,1162,0,false
U-2f75d7,A-a7bd4b,S-9fc31d,2024-01-19,feature_32,4,680,0,false
U-329f61,A-a7bd4b,S-a7d34e,2023-10-13,feature_30,9,2826,3,false
U-c2f17a,A-a7bd4b,S-a7d34e,2024-07-05,feature_22,8,1976,0,false
U-0f3ae2,A-a7bd4b,S-a7d34e,2023-03-28,feature_38,9,5103,4,false
U-0b3dfa,A-a7bd4b,S-a7d34e,2024-01-31,feature_16,10,210,0,false
U-23865a,A-a7bd4b,S-e14e00,2023-04-11,feature_19,5,2935,0,false
U-96424d,A-a7bd4b,S-e14e00,2024-03-29,feature_7,10,1550,2,false
U-370ace,A-a7bd4b,S-e14e00,2023-10-27,feature_34,14,994,0,false
U-6c6b2a,A-a7bd4b,S-e14e00,2024-08-05,feature_24,11,3135,0,false
U-b76c2e,A-a7bd4b,S-e14e00,2024-12-25,feature_38,9,2583,1,false
U-78b81d,A-a7bd4b,S-e14e00,2023-12-23,feature_4,9,1845,0,false
U-7b7419,A-a7bd4b,S-fae195,2024-08-31,feature_27,6,3180,0,false
U-802d40,A-a7bd4b,S-fae195,2024-09-08,feature_33,15,6555,1,false
U-fbb071,A-a7bd4b,S-fae195,2023-11-04,feature_6,10,5120,0,false
U-6cc816,A-a7bd4b,S-fae195,2024-04-01,feature_24,9,2430,1,false
U-1d2d8b,A-a7bd4b,S-fae195,2024-06-06,feature_11,12,6228,0,true
U-87022c,A-a7bd4b,S-fae195,2023-08-02,feature_11,7,4018,0,false
U-3c9942,A-a865bd,S-018501,2024-11-05,feature_37,9,3726,0,true
U-e85510,A-a865bd,S-69362d,2024-01-31,feature_28,9,3186,0,false
U-0f094c,A-a865bd,S-921dc3,2024-08-13,feature_23,12,4884,3,false
U-10eff5,A-a865bd,S-921dc3,2024-10-08,feature_21,11,5236,0,false
U-0789bb,A-a865bd,S-977d49,2024-11-19,feature_29,9,1071,0,false
U-518cdc,A-a865bd,S-977d49,2024-09-27,feature_32,12,1812,0,false
U-3c6689,A-a865bd,S-977d49,2024-10-25,feature_21,11,605,0,false
U-7dd7e4,A-a865bd,S-9d7fa9,2024-10-24,feature_27,13,5616,0,false
U-026b62,A-a865bd,S-9d7fa9,2024-02-06,feature_1,10,4170,0,false
U-3a82bc,A-a865bd,S-9d7fa9,2024-12-18,feature_22,10,3350,1,false
U-03ec9a,A-a8b49c,S-0c4162,2024-11-11,feature_40,13,6578,0,false
U-dd5b42,A-a8b49c,S-0c4162,2024-10-20,feature_11,13,2275,0,false
U-39521b,A-a8b49c,S-263c1e,2024-05-13,feature_3,13,6552,0,false
U-c67f9c,A-a8b49c,S-263c1e,2023-11-05,feature_3,13,7592,0,false
U-169905,A-a8b49c,S-263c1e,2024-12-25,feature_31,9,3897,0,false
U-b3ede7,A-a8b49c,S-263c1e,2024-03-26,feature_24,13,676,1,false
U-b6ed5c,A-a8b49c,S-2abffe,2024-09-04,feature_12,13,3029,1,false
U-24920f,A-a8b49c,S-2abffe,2023-11-13,feature_13,5,2000,2,false
U-9847c6,A-a8b49c,S-322a59,2023-12-03,feature_36,6,2196,0,false
U-629ce6,A-a8b49c,S-379d32,2024-07-10,feature_8,8,2672,1,false
U-78c514,A-a8b49c,S-48aa95,2024-06-15,feature_27,4,1616,1,false
U-52a3ca,A-a8b49c,S-48aa95,2024-04-10,feature_40,7,175,5,false
U-6c3138,A-a8b49c,S-48aa95,2024-07-08,feature_33,16,6432,0,false
U-0b7a1c,A-a8b49c,S-48aa95,2024-04-06,feature_33,12,828,0,false
U-feffa1,A-a8b49c,S-964542,2024-09-27,feature_35,9,738,1,false
U-6a0eb0,A-a8b49c,S-964542,2024-08-21,feature_30,11,5577,0,false
U-095785,A-a8b49c,S-964542,2024-02-06,feature_12,8,1888,0,false
U-44abf1,A-a8b49c,S-9a85ab,2024-07-01,feature_39,12,720,2,false
U-5f3178,A-a8b49c,S-9a85ab,2024-06-02,feature_24,5,2830,0,false
U-e4f6e9,A-a8b49c,S-9a85ab,2024-04-27,feature_14,11,6270,1,false
U-c5e73f,A-a8b49c,S-9a85ab,2024-09-25,feature_2,7,1806,1,false
U-8eca16,A-a8b49c,S-9a85ab,2023-10-25,feature_40,13,3744,0,false
U-fd55d6,A-a8b49c,S-a4142f,2024-05-01,feature_31,7,3297,1,false
U-dc4205,A-a8b49c,S-b75a31,2024-03-21,feature_24,12,3492,0,false
U-dae458,A-a8b49c,S-b75a31,2024-11-22,feature_25,14,5698,0,false
U-ffe6df,A-a8b49c,S-ceaff7,2024-05-20,feature_22,12,2496,0,false
U-af4be8,A-a8b49c,S-ceaff7,2024-06-12,feature_39,4,356,0,false
U-851b4b,A-a8b49c,S-ceaff7,2024-08-05,feature_11,11,2530,0,false
U-e6f2f4,A-a8b49c,S-ceaff7,2024-01-05,feature_14,7,3829,0,false
U-c95105,A-a8d89d,S-2cf162,2024-05-19,feature_32,11,5489,0,false
U-605ca6,A-a8d89d,S-37b367,2024-02-06,feature_31,7,2604,0,false
U-5dd899,A-a8d89d,S-37b367,2024-08-28,feature_27,9,738,0,false
U-f082ec,A-a8d89d,S-37b367,2024-04-28,feature_38,10,1400,0,false
U-0abb93,A-a8d89d,S-37b367,2024-09-30,feature_19,5,1335,0,false
U-a9cb0c,A-a8d89d,S-37b367,2024-02-15,feature_17,13,1443,2,true
U-865bd3,A-a8d89d,S-37b367,2024-06-26,feature_28,13,1872,0,false
U-3df4c5,A-a8d89d,S-6cf72f,2024-02-28,feature_6,4,904,0,true
U-dfe955,A-a8d89d,S-6cfb27,2024-07-26,feature_28,14,4928,1,false
U-ac87ad,A-a8d89d,S-6cfb27,2024-08-13,feature_25,6,2430,0,false
U-72c04b,A-a8d89d,S-6cfb27,2024-10-08,feature_21,10,4180,1,false
U-2797b5,A-a8d89d,S-6cfb27,2024-07-20,feature_1,12,936,1,false
U-205626,A-a8d89d,S-6cfb27,2024-03-26,feature_34,13,3211,0,false
U-260166,A-a8d89d,S-74be40,2024-07-10,feature_30,10,3880,0,false
U-74a8a2,A-a8d89d,S-74be40,2024-06-21,feature_39,11,638,1,false
U-c85fd1,A-a8d89d,S-74be40,2024-04-21,feature_5,16,6816,0,false
U-61bc54,A-a8d89d,S-74be40,2024-05-17,feature_17,6,2976,1,false
U-5e1873,A-a8d89d,S-770f21,2024-01-17,feature_37,9,4626,0,false
U-056e95,A-a8d89d,S-770f21,2024-09-02,feature_23,12,2556,0,false
U-579f11,A-a8d89d,S-965b1c,2024-09-10,feature_9,7,3955,2,false
U-cef847,A-a8d89d,S-965b1c,2024-08-16,feature_35,5,155,1,false
U-18bfed,A-a8d89d,S-9ffb31,2024-10-28,feature_16,11,5280,0,false
U-c4944f,A-a8d89d,S-9ffb31,2024-10-24,feature_40,8,328,0,false
U-0f7943,A-a8d89d,S-d27f96,2024-01-09,feature_2,13,6383,0,false
U-b2ac60,A-a8d89d,S-dbcf87,2024-10-14,feature_28,10,980,0,false
U-e5f224,A-a8d89d,S-dbcf87,2024-03-09,feature_2,6,1062,0,false
U-b71df9,A-a8d89d,S-e912e6,2024-12-10,feature_25,9,2070,0,true
U-eea0ff,A-a8d89d,S-e912e6,2024-08-21,feature_20,10,2830,0,false
U-1527b2,A-a8d89d,S-e912e6,2024-06-19,feature_38,10,4780,0,false
U-c154ad,A-aa9511,S-071ade,2024-08-14,feature_34,10,5400,0,false
U-f73f9e,A-aa9511,S-082b15,2024-10-08,feature_32,8,3216,0,false
U-c1c17e,A-aa9511,S-14c8b9,2024-03-20,feature_4,11,6512,1,false
U-ab0f9f,A-aa9511,S-23dcff,2024-11-15,feature_12,9,3798,1,true
U-8cb18f,A-aa9511,S-23dcff,2024-01-15,feature_13,14,7784,4,false
U-c05147,A-aa9511,S-23dcff,2024-01-11,feature_26,7,2023,0,false
U-9d7f76,A-aa9511,S-23dcff,2024-04-24,feature_20,13,637,3,false
U-775b0e,A-aa9511,S-38131a,2024-02-02,feature_18,12,1656,0,false
U-a73980,A-aa9511,S-38131a,2024-03-01,feature_7,7,2569,0,false
U-454aca,A-aa9511,S-59c612,2024-07-02,feature_40,9,2889,2,false
U-f5c0dc,A-aa9511,S-59d90a,2024-06-10,feature_6,13,897,0,false
U-3953d8,A-aa9511,S-59d90a,2023-11-06,feature_36,8,280,3,false
U-15db3b,A-aa9511,S-59d90a,2024-07-06,feature_10,10,1330,0,false
U-3c2721,A-aa9511,S-742e23,2024-09-17,feature_34,11,4829,0,false
U-44d001,A-aa9511,S-742e23,2024-04-28,feature_16,7,2765,0,false
U-a9737f,A-aa9511,S-742e23,2024-06-26,feature_9,8,3872,0,false
U-24217f,A-aa9511,S-76cdf1,2024-04-10,feature_30,7,2086,0,true
U-a05d83,A-aa9511,S-76cdf1,2024-06-28,feature_35,6,2940,0,false
U-3f0c1e,A-aa9511,S-76cdf1,2024-01-21,feature_28,14,3822,0,false
U-d568b3,A-aa9511,S-8fbabd,2024-12-26,feature_5,13,3718,2,false
U-cea695,A-aa9511,S-8fbabd,2024-10-12,feature_35,8,4264,0,false
U-780828,A-aa9511,S-8fbabd,2024-11-30,feature_5,4,1940,0,false
U-d990ab,A-aa9511,S-8fbabd,2024-09-20,feature_36,8,1840,0,false
U-2f4826,A-aa9511,S-aa3dd4,2023-11-22,feature_29,9,4581,4,false
U-c2ce53,A-aa9511,S-aa3dd4,2024-12-09,feature_18,5,595,0,false
U-3bf633,A-aa9511,S-c796c1,2024-08-02,feature_19,10,3890,0,false
U-8fb9e4,A-aa9511,S-c796c1,2024-11-16,feature_31,7,2128,0,false
U-fc580d,A-aa9511,S-c796c1,2024-02-24,feature_31,13,3419,0,false
U-59b6e6,A-aa9511,S-d507da,2024-05-07,feature_15,10,1650,0,false
U-5753c0,A-aa9511,S-d507da,2024-02-03,feature_30,10,5480,0,false
U-f2ecda,A-aa9511,S-d507da,2023-12-25,feature_20,7,1057,2,false
U-2bffdc,A-aa9511,S-d9659f,2024-10-06,feature_24,5,2350,0,true
U-56af2c,A-aa9511,S-d9659f,2024-12-31,feature_40,10,1940,0,false
U-e13279,A-aa9511,S-d9659f,2023-10-25,feature_26,11,4961,2,false
U-3d4942,A-aa9511,S-d9659f,2024-12-09,feature_20,13,2158,0,false
U-8fca11,A-aa9511,S-d9659f,2023-10-29,feature_4,8,2232,0,false
U-7410ae,A-aa9511,S-e41941,2024-03-28,feature_26,7,147,0,false
U-027f12,A-aa9511,S-e41941,2024-06-23,feature_10,6,768,0,false
U-86b7a5,A-aa9511,S-e41941,2024-10-23,feature_1,7,679,0,false
U-ea4fdb,A-aa9511,S-e41941,2024-02-28,feature_37,6,3402,1,false
U-cb9ee2,A-aa9511,S-e41941,2024-03-05,feature_1,12,1092,0,false
U-3b8333,A-ab438f,S-004eb4,2024-12-25,feature_14,7,728,0,false
U-634949,A-ab438f,S-1d5f4e,2024-10-18,feature_10,8,1008,0,false
U-0766d8,A-ab438f,S-91709b,2024-11-06,feature_33,14,8316,0,false
U-ccc46a,A-ac14bb,S-049667,2024-02-05,feature_27,10,3030,0,false
U-ea61df,A-ac14bb,S-049667,2024-06-02,feature_19,12,5640,0,true
U-19bbac,A-ac14bb,S-049667,2024-10-26,feature_11,15,4815,2,false
U-398416,A-ac14bb,S-049667,2024-01-18,feature_24,14,5698,3,false
U-378405,A-ac14bb,S-049667,2023-12-30,feature_34,15,7710,0,false
U-cc44a6,A-ac14bb,S-1ac1b4,2023-11-30,feature_23,10,4070,0,false
U-0b5253,A-ac14bb,S-1ac1b4,2024-01-31,feature_40,9,1035,1,false
U-97c5af,A-ac14bb,S-1ac1b4,2024-09-22,feature_34,8,368,0,false
U-0f0547,A-ac14bb,S-65ec6b,2024-12-18,feature_15,12,7164,4,false
U-811ed8,A-ac14bb,S-65ec6b,2024-10-02,feature_6,9,2178,0,false
U-cfed27,A-ac14bb,S-65ec6b,2024-07-24,feature_6,8,544,2,false
U-92b444,A-ac14bb,S-65ec6b,2024-04-24,feature_20,6,1038,0,false
U-ac418f,A-ac14bb,S-65ec6b,2024-06-19,feature_2,9,3510,1,false
U-ce8019,A-ac14bb,S-7e8bd4,2024-06-13,feature_6,10,5140,0,false
U-c900fe,A-ac14bb,S-9917a2,2024-02-19,feature_22,10,4640,3,false
U-3da3cf,A-ac14bb,S-9917a2,2023-10-18,feature_16,10,1870,0,false
U-372801,A-ac14bb,S-9917a2,2024-05-06,feature_30,9,747,0,false
U-448b3d,A-ac14bb,S-b8caad,2024-12-07,feature_38,10,2680,0,false
U-fb3dcf,A-ac14bb,S-b8caad,2024-08-16,feature_24,6,1350,3,false
U-510dca,A-ac14bb,S-b8caad,2024-11-16,feature_16,12,3108,0,false
U-debf3a,A-ac14bb,S-b8caad,2024-01-17,feature_3,11,6600,0,false
U-476c33,A-ac14bb,S-c855b0,2024-01-25,feature_12,6,1482,4,false
U-6c8fc1,A-ac14bb,S-c855b0,2024-03-17,feature_29,10,250,0,false
U-32402e,A-ac14bb,S-c855b0,2024-07-20,feature_13,11,1947,0,false
U-93baec,A-ac14bb,S-c855b0,2024-04-26,feature_25,6,3240,1,false
U-426d6c,A-ac14bb,S-c855b0,2024-09-05,feature_38,10,4280,3,false
U-cdf667,A-ac14bb,S-c855b0,2024-01-29,feature_32,15,3600,0,false
U-ab9362,A-ac14bb,S-fc4ac6,2024-08-24,feature_30,9,2745,1,false
U-49c190,A-ac14bb,S-fc4ac6,2024-03-30,feature_1,7,2184,0,false
U-388e81,A-ac14bb,S-fc4ac6,2023-11-01,feature_26,10,3950,0,false
U-fb92f7,A-ac85cd,S-0cb6ed,2024-10-19,feature_20,9,1404,4,false
U-de6995,A-ac85cd,S-0cb6ed,2024-11-17,feature_4,15,1515,0,false
U-0c80b6,A-ac85cd,S-0cb6ed,2024-08-14,feature_40,10,4420,1,false
U-3e7243,A-ac85cd,S-56122a,2024-11-27,feature_2,12,2556,0,false
U-406ff2,A-ac85cd,S-56122a,2024-11-16,feature_29,17,7769,0,false
U-ba581a,A-ac85cd,S-6ce11a,2024-08-16,feature_38,10,5870,0,false
U-3e839f,A-ac85cd,S-6ce11a,2024-09-25,feature_7,7,3080,0,false
U-a3e625,A-ac85cd,S-70b655,2024-09-09,feature_6,7,182,2,false
U-32e5eb,A-ac85cd,S-868325,2024-10-11,feature_38,15,3360,0,false
U-bf476f,A-ac85cd,S-868325,2024-10-09,feature_20,10,4830,0,false
U-f27c8d,A-ac85cd,S-868325,2024-11-14,feature_5,11,3377,0,false
U-154e2f,A-ac85cd,S-868325,2024-11-14,feature_2,12,3912,0,false
U-9f3269,A-ac85cd,S-e32789,2024-10-02,feature_31,6,1950,0,false
U-02a004,A-ac85cd,S-e32789,2024-09-27,feature_38,12,1248,0,false
U-982a1a,A-ac9111,S-006fed,2024-03-11,feature_30,12,7104,0,false
U-8d4cc8,A-ac9111,S-006fed,2023-10-31,feature_32,10,4260,0,false
U-ed89ed,A-ac9111,S-006fed,2024-07-21,feature_3,9,333,0,false
U-597be4,A-ac9111,S-006fed,2024-09-13,feature_30,11,6402,0,false
U-07b4b1,A-ac9111,S-006fed,2024-09-05,feature_4,8,3360,0,false
U-1de946,A-ac9111,S-006fed,2024-05-17,feature_35,12,2664,0,true
U-4d3076,A-ac9111,S-1cdd2c,2023-10-14,feature_27,8,1320,3,false
U-f7d80d,A-ac9111,S-1cdd2c,2024-10-20,feature_37,10,2820,0,false
U-981097,A-ac9111,S-1cdd2c,2024-12-10,feature_6,10,1180,0,false
U-2f239f,A-ac9111,S-1cdd2c,2023-12-10,feature_40,14,4550,1,false
U-66a7fe,A-ac9111,S-1e5fd7,2024-02-28,feature_8,11,5137,0,false
U-659f21,A-ac9111,S-1e5fd7,2024-01-22,feature_15,11,5731,0,false
U-28a7b2,A-ac9111,S-1e5fd7,2024-04-08,feature_1,14,1974,1,false
U-309e64,A-ac9111,S-1e5fd7,2024-12-16,feature_13,10,3980,0,false
U-f759c9,A-ac9111,S-1e5fd7,2024-12-22,feature_5,9,4887,0,true
U-2292cc,A-ac9111,S-2fe6c0,2023-11-23,feature_29,12,3300,1,false
U-bec5d5,A-ac9111,S-2fe6c0,2024-11-18,feature_25,5,2305,2,false
U-999db2,A-ac9111,S-549438,2024-09-21,feature_29,14,994,0,false
U-64e793,A-ac9111,S-549438,2023-09-28,feature_38,11,2816,0,false
U-be5a0b,A-ac9111,S-549438,2024-02-16,feature_4,5,1720,0,false
U-028faa,A-ac9111,S-549438,2024-06-27,feature_35,11,5478,0,false
U-fa9f00,A-ac9111,S-549438,2023-12-10,feature_9,11,2079,0,false
U-f12bac,A-ac9111,S-637b20,2024-05-03,feature_14,4,48,1,false
U-5e6931,A-ac9111,S-6485d5,2023-11-24,feature_31,8,904,0,false
U-108fe5,A-ac9111,S-6485d5,2024-04-10,feature_22,9,261,0,false
U-2ef1e6,A-ac9111,S-64bd69,2024-12-27,feature_11,9,1818,0,false
U-f7b21e,A-ac9111,S-64bd69,2024-01-10,feature_15,16,3360,0,false
U-9f65fb,A-ac9111,S-64bd69,2024-06-21,feature_29,10,3230,0,false
U-73ba9e,A-ac9111,S-64bd69,2023-09-16,feature_16,9,207,1,false
U-423673,A-ac9111,S-64bd69,2024-04-14,feature_28,10,1610,1,false
U-a5988c,A-ac9111,S-64bd69,2024-02-27,feature_9,7,3899,2,false
U-4c6a81,A-ac9111,S-64bd69,2023-10-14,feature_30,8,2488,0,false
U-f89fb0,A-ac9111,S-82df6c,2023-09-18,feature_14,9,1773,1,false
U-236b69,A-ac9111,S-82df6c,2024-01-20,feature_1,10,3770,0,false
U-833727,A-ac9111,S-82df6c,2024-04-18,feature_18,12,4992,2,false
U-7a3571,A-ac9111,S-82df6c,2024-05-23,feature_12,12,6060,0,false
U-c5135e,A-ac9111,S-82df6c,2024-12-19,feature_16,6,1116,2,false
U-28515d,A-ac9111,S-8a74bb,2024-09-14,feature_38,13,5850,0,true
U-8f3037,A-ac9111,S-8a74bb,2024-07-01,feature_32,8,3920,4,false
U-5c48a8,A-ac9111,S-8a74bb,2024-04-14,feature_21,8,2920,0,false
U-6fc1c0,A-ac9111,S-8a74bb,2024-11-26,feature_29,12,5844,0,false
U-641a4d,A-ac9111,S-8b9889,2023-11-26,feature_14,6,1848,0,false
U-8a5643,A-ac9111,S-8b9889,2023-10-03,feature_30,10,2290,0,false
U-d93e92,A-ac9111,S-8b9889,2023-10-04,feature_4,10,5830,0,false
U-f71976,A-ac9111,S-8b9889,2024-10-25,feature_17,8,3920,2,false
U-743c9d,A-ac9111,S-a2da20,2024-09-20,feature_6,5,2930,0,false
U-afc1ce,A-ac9111,S-b099ea,2024-11-10,feature_13,10,4560,0,false
U-f6c9cc,A-ac9111,S-b099ea,2024-03-25,feature_39,9,1305,1,false
U-e4be38,A-ac9111,S-b099ea,2023-09-21,feature_6,7,4144,2,true
U-b9c9ad,A-ac9111,S-d2863b,2024-01-11,feature_36,11,616,0,false
U-c4bca2,A-ac9111,S-d2863b,2023-12-15,feature_26,8,3576,1,false
U-71ad44,A-ac9111,S-d2863b,2023-10-02,feature_15,9,837,0,false
U-b6c9c3,A-ac9111,S-d2863b,2024-06-01,feature_6,15,1755,1,true
U-bf6803,A-ac9111,S-d2863b,2024-12-10,feature_25,9,351,0,false
U-05b11e,A-ac9111,S-d2863b,2023-12-17,feature_4,9,5391,4,false
U-e9993e,A-ac9111,S-d2863b,2024-07-14,feature_23,11,1419,3,false
U-75432b,A-ac9111,S-d2932e,2023-10-18,feature_26,7,2975,0,false
U-9bb6c9,A-ac9111,S-d2932e,2024-06-04,feature_38,13,7072,1,false
U-c79699,A-ac9111,S-eac553,2023-11-04,feature_38,11,2046,1,false
U-b62fe9,A-ac9111,S-eac553,2024-05-23,feature_7,4,148,0,false
U-2817e2,A-acb7f7,S-0334aa,2024-03-22,feature_39,12,5904,2,false
U-8ffbbe,A-acb7f7,S-0334aa,2024-11-03,feature_25,15,6720,2,false
U-fae16a,A-acb7f7,S-1bf697,2024-01-15,feature_2,13,3497,0,true
U-8e6733,A-acb7f7,S-1bf697,2024-12-02,feature_22,9,3897,1,true
U-735c91,A-acb7f7,S-398291,2024-03-14,feature_16,14,2100,0,false
U-3a54e9,A-acb7f7,S-398291,2024-11-21,feature_16,5,585,0,false
U-91189c,A-acb7f7,S-4a3e6c,2024-02-19,feature_4,12,3120,0,false
U-825541,A-acb7f7,S-53ff75,2024-11-04,feature_32,11,1199,1,false
U-052e46,A-acb7f7,S-53ff75,2024-06-06,feature_35,10,2730,0,false
U-8e4dd6,A-acb7f7,S-84dd93,2024-06-06,feature_37,13,5824,0,false
U-ee4472,A-acb7f7,S-84dd93,2024-04-22,feature_26,4,1956,2,true
U-04fd58,A-acb7f7,S-84dd93,2024-05-08,feature_2,5,1465,0,false
U-ef8bb3,A-acb7f7,S-8b1c37,2024-08-01,feature_33,7,406,0,false
U-9f72d7,A-acb7f7,S-8b1c37,2024-08-08,feature_18,12,1164,1,false
U-59506e,A-acb7f7,S-af4059,2024-09-02,feature_37,8,416,3,false
U-2ce331,A-acb7f7,S-af4059,2024-11-08,feature_18,9,1269,0,false
U-801c98,A-acb7f7,S-af4059,2024-04-05,feature_17,4,1076,1,false
U-08d9ca,A-acb7f7,S-af4059,2024-03-19,feature_36,12,2352,1,false
U-ad3891,A-acb7f7,S-af4059,2024-02-29,feature_15,5,870,0,false
U-e27ddc,A-acb7f7,S-af4059,2024-07-28,feature_35,8,4048,0,false
U-748812,A-acb7f7,S-d5ce9f,2024-10-14,feature_4,13,6266,2,false
U-aff59e,A-acb7f7,S-d5ce9f,2024-07-23,feature_22,11,2145,0,false
U-581ef2,A-acb7f7,S-d5ce9f,2024-10-01,feature_23,12,3012,0,true
U-0e75ea,A-acb7f7,S-d5ce9f,2024-12-01,feature_35,12,3240,0,false
U-9bb90d,A-acb7f7,S-d5ce9f,2024-03-30,feature_1,8,2376,0,false
U-f1c374,A-acb7f7,S-eb4b0a,2024-01-31,feature_8,9,3078,0,false
U-006685,A-acb7f7,S-eb4b0a,2024-10-17,feature_14,12,6852,0,false
U-b8f07a,A-acb7f7,S-eb4b0a,2024-12-29,feature_25,10,870,0,false
U-f8eb3d,A-acb7f7,S-eb4b0a,2024-09-10,feature_16,7,3059,2,false
U-f1b2ec,A-acb7f7,S-f0ad87,2024-12-01,feature_5,14,6188,1,false
U-f93052,A-acb7f7,S-f0ad87,2024-10-22,feature_34,9,3951,0,false
U-8d1753,A-acb7f7,S-f0ad87,2024-09-23,feature_5,10,3250,0,false
U-aef473,A-acb7f7,S-f463d3,2024-01-21,feature_7,12,4188,1,true
U-b08a9c,A-acb7f7,S-f463d3,2024-12-22,feature_8,15,3855,0,false
U-45efa2,A-ad296b,S-22e21a,2024-11-01,feature_33,9,4554,1,true
U-9a7f8c,A-ad296b,S-57019e,2024-11-08,feature_19,7,2891,1,true
U-a6d1d1,A-ad296b,S-57019e,2024-08-17,feature_15,7,1526,0,false
U-f5c4d6,A-ad296b,S-61797c,2024-09-23,feature_27,12,6852,0,false
U-a6488e,A-ad296b,S-61797c,2024-12-14,feature_18,4,812,0,false
U-23e65c,A-ad296b,S-61797c,2024-08-31,feature_32,11,2981,1,false
U-90a543,A-ad296b,S-61797c,2024-10-22,feature_1,16,3824,0,false
U-0c6c9f,A-ad3abd,S-1d081a,2024-05-10,feature_25,12,4044,0,false
U-f4d0ae,A-ad3abd,S-1d081a,2024-05-03,feature_11,11,6237,3,false
U-df719d,A-ad3abd,S-1d081a,2023-06-26,feature_35,11,3102,0,false
U-2513b0,A-ad3abd,S-1d081a,2024-03-12,feature_8,11,5115,0,false
U-1954ca,A-ad3abd,S-1d081a,2023-09-24,feature_30,11,374,4,false
U-d65210,A-ad3abd,S-1d081a,2024-10-04,feature_11,7,336,0,false
U-72bb99,A-ad3abd,S-23d18f,2024-09-16,feature_35,4,520,0,false
U-de9306,A-ad3abd,S-23d18f,2023-09-14,feature_1,13,117,0,false
U-cd1f0a,A-ad3abd,S-23d18f,2024-07-10,feature_29,10,5100,0,true
U-1a1723,A-ad3abd,S-330457,2024-04-01,feature_31,10,1890,0,false
U-1b0ea1,A-ad3abd,S-330457,2023-06-30,feature_17,10,1770,0,false
U-58312c,A-ad3abd,S-330457,2024-10-18,feature_8,12,3888,0,false
U-b950ed,A-ad3abd,S-38dcab,2024-02-01,feature_21,6,2982,0,false
U-ce5178,A-ad3abd,S-38dcab,2024-10-26,feature_11,13,637,0,false
U-788f51,A-ad3abd,S-38dcab,2023-03-27,feature_18,11,5148,0,false
U-daa7a4,A-ad3abd,S-38dcab,2024-05-03,feature_2,14,7588,0,false
U-fe64bb,A-ad3abd,S-83ee41,2024-08-10,feature_15,8,3600,0,false
U-d1b944,A-ad3abd,S-83ee41,2023-03-24,feature_14,7,2177,0,false
U-c4bcab,A-ad3abd,S-a959a3,2024-07-06,feature_18,8,1720,0,false
U-e7d368,A-ad3abd,S-fa2170,2023-06-28,feature_7,8,3104,4,false
U-f9e9a9,A-ad3abd,S-fa2170,2023-05-29,feature_25,8,632,0,false
U-16e1c4,A-ad3abd,S-fa2170,2024-08-10,feature_38,9,774,0,false
U-1fc2a7,A-ad3abd,S-fa2170,2024-11-21,feature_17,7,224,0,false
U-b3cbc7,A-ad3abd,S-fa2170,2024-03-02,feature_1,14,4844,0,false
U-dcab43,A-ad3abd,S-fa2170,2023-04-28,feature_15,10,5630,0,false
U-2e4919,A-ad3abd,S-fa2170,2023-07-28,feature_36,14,7644,0,false
U-df5359,A-ad64c6,S-28e360,2024-05-19,feature_36,9,1080,0,true
U-0c2f50,A-ad64c6,S-28e360,2024-09-15,feature_1,7,1974,2,false
U-fa50f5,A-ad64c6,S-4695b8,2024-11-11,feature_16,13,5213,0,false
U-ec2999,A-ad64c6,S-753a0a,2024-06-16,feature_16,14,4256,0,false
U-635a85,A-ad64c6,S-753a0a,2024-06-25,feature_4,12,4512,0,false
U-fb637c,A-ad64c6,S-753a0a,2024-04-02,feature_16,7,3934,2,false
U-2f432c,A-ad64c6,S-ed857b,2024-08-14,feature_40,9,2709,0,true
U-41dc39,A-adc1f3,S-0d0202,2024-12-22,feature_27,5,705,0,false
U-abff4b,A-adc1f3,S-15e705,2024-10-21,feature_15,11,1903,1,true
U-5fca8c,A-adc1f3,S-50e9f3,2024-11-14,feature_34,9,1035,0,false
U-3d2d79,A-adc1f3,S-50e9f3,2024-12-02,feature_13,11,3003,0,false
U-9cf8aa,A-adc1f3,S-7c727c,2024-10-16,feature_36,10,6000,0,false
U-1ebd54,A-adc1f3,S-b1e72a,2024-10-24,feature_24,8,2400,1,false
U-0df75b,A-ae052e,S-00ab51,2024-03-29,feature_5,10,5760,1,false
U-88cb26,A-ae052e,S-195cd5,2024-10-02,feature_21,7,3486,0,false
U-75b2e0,A-ae052e,S-195cd5,2024-05-26,feature_34,8,1336,2,false
U-954ee0,A-ae052e,S-195cd5,2024-04-26,feature_34,13,1833,0,false
U-d53220,A-ae052e,S-195cd5,2024-09-15,feature_12,13,3302,0,false
U-67c91f,A-ae052e,S-2abab6,2024-04-19,feature_1,17,4233,3,true
U-20f185,A-ae052e,S-c619d6,2024-02-27,feature_33,7,3395,0,true
U-9508e2,A-ae052e,S-c619d6,2024-05-27,feature_31,10,5110,0,false
U-21dd6e,A-ae052e,S-c619d6,2024-11-22,feature_13,4,1620,0,false
U-d5eabd,A-ae052e,S-f4e174,2024-11-03,feature_20,12,444,0,false
U-e19f68,A-ae052e,S-f4e174,2024-12-01,feature_18,4,1116,0,true
U-171fcd,A-af0cd2,S-0e594f,2024-02-25,feature_28,6,3168,2,false
U-7e9f0f,A-af0cd2,S-0e594f,2024-06-15,feature_40,10,4760,2,true
U-39e35e,A-af0cd2,S-0e594f,2023-03-11,feature_30,10,5510,0,false
U-1ad3e7,A-af0cd2,S-0e594f,2023-04-22,feature_22,10,4340,1,false
U-4f72ec,A-af0cd2,S-0e594f,2024-08-09,feature_30,11,5841,0,false
U-71be0a,A-af0cd2,S-0e594f,2023-09-10,feature_30,11,6336,0,false
U-02bd44,A-af0cd2,S-0e594f,2024-07-04,feature_22,15,1935,0,false
U-2a057e,A-af0cd2,S-0e594f,2023-11-21,feature_18,9,3564,0,false
U-3b04ce,A-af0cd2,S-0f9910,2024-12-19,feature_11,10,5170,0,false
U-37becf,A-af0cd2,S-0f9910,2024-05-03,feature_11,8,896,0,false
U-b892e9,A-af0cd2,S-0f9910,2023-11-19,feature_15,8,3328,0,false
U-844296,A-af0cd2,S-0f9910,2024-11-21,feature_12,10,630,1,true
U-70833f,A-af0cd2,S-0f9910,2023-03-16,feature_38,11,902,1,false
U-0fc171,A-af0cd2,S-50aaaa,2024-06-21,feature_31,17,1020,0,false
U-525c6d,A-af0cd2,S-50aaaa,2024-10-31,feature_12,11,583,0,false
U-2f0e44,A-af0cd2,S-50aaaa,2024-06-10,feature_13,13,1079,0,false
U-e6ae83,A-af0cd2,S-50aaaa,2023-11-29,feature_35,8,4120,3,false
U-cdd79d,A-af0cd2,S-50aaaa,2023-03-07,feature_6,6,3024,0,true
U-98c08f,A-af0cd2,S-50aaaa,2024-05-02,feature_16,14,1666,0,false
U-a20b4e,A-af0cd2,S-7b2efe,2023-05-08,feature_6,4,2092,0,false
U-669106,A-af0cd2,S-7b2efe,2023-11-13,feature_13,14,504,1,false
U-b277a4,A-af0cd2,S-7b2efe,2024-03-17,feature_21,6,3420,0,false
U-cabbd7,A-af0cd2,S-7b2efe,2024-10-26,feature_24,13,6279,1,true
U-fa880d,A-af0cd2,S-8bfab5,2023-06-28,feature_28,7,378,0,false
U-fdcea4,A-af0cd2,S-8bfab5,2024-03-18,feature_10,13,3939,0,false
U-f9c641,A-af0cd2,S-8bfab5,2024-06-29,feature_3,6,966,1,false
U-3ff0bf,A-af0cd2,S-8bfab5,2023-07-22,feature_34,10,1170,0,false
U-bbbe4d,A-af0cd2,S-8bfab5,2024-02-29,feature_34,7,2800,2,false
U-f5a7b7,A-af0cd2,S-8bfab5,2023-10-16,feature_40,11,3487,0,false
U-8a9a52,A-af0cd2,S-8bfab5,2023-07-08,feature_15,11,6369,0,false
U-efec3d,A-af0cd2,S-8bfab5,2023-03-07,feature_22,8,2528,1,false
U-26d411,A-af0cd2,S-8bfab5,2023-04-11,feature_30,11,5258,0,false
U-df33c8,A-af0cd2,S-8bfab5,2023-09-16,feature_10,10,880,0,false
U-384755,A-af0cd2,S-931899,2024-08-22,feature_39,7,4200,0,true
U-6357c0,A-af0cd2,S-931899,2023-06-02,feature_36,8,1496,0,false
U-c4e336,A-af0cd2,S-931899,2024-11-06,feature_20,6,3006,0,false
U-d32b27,A-af0cd2,S-931899,2023-06-12,feature_23,2,104,1,false
U-6e0ec4,A-af0cd2,S-931899,2024-02-01,feature_36,13,6513,0,false
U-85362e,A-af0cd2,S-931899,2024-05-16,feature_13,13,7020,0,false
U-94d393,A-af0cd2,S-a0a358,2023-10-09,feature_10,8,1192,0,false
U-9027b1,A-af0cd2,S-a0a358,2023-08-12,feature_20,14,7602,0,true
U-eff8df,A-af0cd2,S-a0a358,2023-11-18,feature_12,10,2930,3,false
U-308c3b,A-af0cd2,S-a0a358,2024-10-17,feature_22,17,3485,0,false
U-5543fa,A-af0cd2,S-a0a358,2024-02-07,feature_21,5,1460,0,false
U-1476b3,A-af0cd2,S-ad7716,2023-05-17,feature_6,7,616,0,false
U-3f6137,A-af0cd2,S-ad7716,2023-10-19,feature_4,11,1903,2,false
U-29aef2,A-af0cd2,S-ad7716,2024-12-16,feature_11,7,3542,0,false
U-660b79,A-af0cd2,S-ad7716,2023-08-01,feature_28,12,4176,0,false
U-ce21e6,A-af0cd2,S-ad7716,2023-03-30,feature_26,11,4895,1,false
U-dd4ffc,A-af0cd2,S-ad7716,2024-10-03,feature_5,5,2745,0,false
U-187ddd,A-af0cd2,S-b555de,2024-11-24,feature_3,7,3885,1,false
U-0775e8,A-af0cd2,S-b555de,2023-10-26,feature_3,13,3705,0,false
U-1e2095,A-af0cd2,S-b555de,2024-11-06,feature_36,9,477,3,false
U-936d69,A-af0cd2,S-b555de,2023-04-07,feature_27,11,5764,0,false
U-7658a1,A-af0cd2,S-bb84b1,2024-10-05,feature_13,7,3395,1,false
U-15784a,A-af0cd2,S-bb84b1,2023-08-28,feature_6,12,5352,0,false
U-abd162,A-af0cd2,S-bb84b1,2023-12-12,feature_25,6,582,0,false
U-5ff920,A-af0cd2,S-bb84b1,2023-11-28,feature_31,13,5239,1,false
U-227149,A-af0cd2,S-bb84b1,2023-10-19,feature_26,8,2296,0,false
U-f3d3bb,A-af0cd2,S-bb84b1,2023-07-27,feature_24,12,5796,2,false
U-273f43,A-af0cd2,S-bb84b1,2024-11-13,feature_3,6,2034,0,false
U-4631d4,A-af0cd2,S-bb84b1,2023-03-24,feature_6,9,4032,0,false
U-594c62,A-af0cd2,S-bb84b1,2024-12-12,feature_15,11,4653,0,false
U-c089b1,A-af0cd2,S-d8c6a0,2023-03-28,feature_8,13,5252,0,false
U-adacde,A-af0cd2,S-d8c6a0,2023-12-15,feature_1,11,583,2,false
U-21388d,A-af0cd2,S-d8c6a0,2023-09-08,feature_26,8,3680,0,false
U-a428f5,A-af0cd2,S-d8c6a0,2024-06-28,feature_39,13,1144,0,false
U-495fb4,A-af0cd2,S-d8c6a0,2024-04-18,feature_40,11,3553,0,true
U-412e0a,A-af0cd2,S-d8c6a0,2024-07-02,feature_21,7,147,0,false
U-2d1b6d,A-afa505,S-0359cf,2024-02-11,feature_20,15,8535,0,false
U-4e82b4,A-afa505,S-0359cf,2024-08-17,feature_39,11,1650,0,false
U-e5fdc7,A-afa505,S-0359cf,2024-02-28,feature_5,7,3836,0,false
U-eb599f,A-afa505,S-3df6ee,2024-04-27,feature_15,15,2910,0,false
U-c24c12,A-afa505,S-3df6ee,2024-05-27,feature_33,11,2684,0,false
U-4024fd,A-afa505,S-3df6ee,2024-07-18,feature_16,10,4900,0,false
U-baf5be,A-afa505,S-3df6ee,2024-08-25,feature_7,11,6600,0,false
U-f33907,A-afa505,S-3df6ee,2024-12-10,feature_19,8,1856,2,false
U-3ead14,A-afa505,S-3df6ee,2024-10-16,feature_31,14,728,0,false
U-132797,A-afa505,S-4291f7,2024-06-21,feature_22,10,4370,1,true
U-130057,A-afa505,S-4291f7,2024-12-19,feature_12,13,2392,0,false
U-ae2e1e,A-afa505,S-4291f7,2024-07-28,feature_13,5,470,0,false
U-86fa6f,A-afa505,S-4305f1,2024-12-26,feature_37,4,300,0,false
U-c69791,A-afa505,S-4305f1,2024-04-15,feature_27,7,546,0,false
U-d16521,A-afa505,S-5d5250,2024-01-09,feature_10,10,2920,1,false
U-d772e1,A-afa505,S-5d5250,2024-12-07,feature_4,11,4972,1,false
U-5d5c1a,A-afa505,S-5d5250,2024-06-26,feature_14,11,3245,5,false
U-a28c0f,A-afa505,S-a04ba5,2024-06-22,feature_36,8,4224,0,false
U-6ababc,A-afa505,S-a04ba5,2024-05-31,feature_38,7,2058,1,false
U-17dbb8,A-afa505,S-a04ba5,2024-12-30,feature_2,7,2107,0,false
U-a7100e,A-afa505,S-a04ba5,2024-10-16,feature_13,11,2431,0,false
U-38c927,A-afa505,S-a04ba5,2024-10-13,feature_30,16,8224,0,true
U-95fd80,A-afa505,S-a84e2b,2024-09-19,feature_10,9,1116,0,false
U-7d4329,A-afa505,S-db0f41,2024-10-06,feature_19,9,828,0,false
U-dad208,A-b07346,S-da198f,2024-12-12,feature_25,8,1728,0,false
U-e9e31f,A-b07b56,S-0bb284,2024-12-24,feature_8,13,1300,0,false
U-0afc75,A-b07b56,S-53b07a,2024-12-29,feature_20,11,2563,0,false
U-a29b4f,A-b07b56,S-887d48,2024-11-28,feature_34,14,1218,0,true
U-a7e3b2,A-b07b56,S-a83bc2,2024-12-21,feature_35,8,2656,2,false
U-aa2cce,A-b07b56,S-c87441,2024-11-28,feature_1,13,975,0,false
U-bae199,A-b11cd0,S-57e129,2024-02-06,feature_25,8,1216,1,false
U-532135,A-b11cd0,S-57e129,2023-09-06,feature_4,11,6039,0,false
U-ed082a,A-b11cd0,S-57e129,2023-07-06,feature_27,12,3252,1,false
U-3e05e4,A-b11cd0,S-57e129,2024-04-10,feature_2,14,1022,2,false
U-79c850,A-b11cd0,S-57e129,2024-02-13,feature_15,7,1687,4,false
U-0f3807,A-b11cd0,S-7863b1,2023-06-04,feature_7,9,2043,0,false
U-ec5969,A-b11cd0,S-7863b1,2024-12-21,feature_28,13,5577,0,false
U-8891ca,A-b11cd0,S-7863b1,2024-05-12,feature_5,5,2190,1,false
U-366302,A-b11cd0,S-7863b1,2023-07-21,feature_35,8,1248,3,false
U-37ff30,A-b11cd0,S-7a36ee,2023-04-18,feature_19,8,3040,0,false
U-d6be2d,A-b11cd0,S-7a36ee,2023-10-01,feature_28,12,1092,0,false
U-561817,A-b11cd0,S-7a36ee,2024-05-08,feature_37,7,476,0,true
U-6e877f,A-b11cd0,S-7a36ee,2023-02-23,feature_39,9,1422,2,false
U-f2a804,A-b11cd0,S-969f4c,2024-03-23,feature_18,10,1390,0,false
U-ade7d5,A-b11cd0,S-969f4c,2024-12-05,feature_40,6,1728,0,false
U-64ea8d,A-b11cd0,S-969f4c,2023-03-02,feature_9,9,3537,0,false
U-b39242,A-b11cd0,S-969f4c,2023-06-22,feature_31,5,855,0,false
U-ba0185,A-b11cd0,S-969f4c,2023-11-30,feature_28,7,2996,0,false
U-25a114,A-b11cd0,S-969f4c,2023-09-16,feature_11,8,3584,0,false
U-505f44,A-b11cd0,S-9a1297,2024-05-07,feature_36,11,4367,0,false
U-44731c,A-b11cd0,S-9a1297,2023-11-16,feature_12,9,5265,2,false
U-0d05d7,A-b11cd0,S-9a1297,2023-08-13,feature_25,6,2736,0,false
U-94754b,A-b11cd0,S-9a1297,2024-09-20,feature_17,15,8025,0,false
U-909be3,A-b11cd0,S-9a1297,2023-07-21,feature_33,15,6045,0,false
U-ba6e22,A-b11cd0,S-9a1297,2024-07-04,feature_18,5,2855,0,false
U-8b10df,A-b11cd0,S-9a1297,2023-05-17,feature_36,10,2600,0,false
U-c393a4,A-b11cd0,S-f7ef84,2024-02-18,feature_4,13,1794,0,false
U-a0ae1b,A-b11cd0,S-f7ef84,2023-03-05,feature_9,10,3390,0,false
U-bd34de,A-b179bf,S-6015db,2024-12-17,feature_37,15,2040,0,true
U-e19d92,A-b20d99,S-15be1c,2024-03-25,feature_13,8,56,1,false
U-9d594f,A-b20d99,S-15be1c,2024-05-08,feature_15,4,1428,0,false
U-e5659d,A-b20d99,S-15be1c,2024-05-19,feature_13,9,4284,0,false
U-bba1ec,A-b20d99,S-15be1c,2024-09-09,feature_11,10,4240,1,false
U-de3850,A-b20d99,S-208e33,2024-04-28,feature_9,9,117,1,false
U-33da3d,A-b20d99,S-ac6547,2024-08-10,feature_23,7,4151,0,false
U-9bce64,A-b20d99,S-ac6547,2024-06-04,feature_40,11,3047,0,false
U-d2289d,A-b20d99,S-ac6547,2024-06-23,feature_33,14,3598,0,false
U-add40c,A-b20d99,S-ac6547,2024-05-29,feature_9,10,2740,0,true
U-234a54,A-b20d99,S-c226ae,2024-02-04,feature_16,9,4356,0,true
U-7984de,A-b20d99,S-d6f31b,2024-08-27,feature_19,12,3588,0,true
U-2ec5e8,A-b20d99,S-d6f31b,2024-09-23,feature_28,10,2270,0,true
U-bbd6a4,A-b20d99,S-d6f31b,2024-05-21,feature_34,10,1420,0,false
U-f2ab44,A-b20d99,S-d6f31b,2024-03-17,feature_26,9,252,0,false
U-3aa309,A-b2225d,S-023f5f,2024-11-22,feature_38,8,2128,0,false
U-1c492f,A-b2225d,S-023f5f,2024-04-22,feature_32,8,1432,1,false
U-c604c6,A-b2225d,S-0eff34,2024-05-25,feature_19,9,2052,0,false
U-c0f4a9,A-b2225d,S-0eff34,2024-12-08,feature_17,14,7672,2,false
U-1c38a7,A-b2225d,S-0eff34,2024-07-07,feature_31,7,3591,2,false
U-df3c2b,A-b2225d,S-0eff34,2024-04-10,feature_29,10,5440,0,false
U-cd909b,A-b2225d,S-0eff34,2024-04-10,feature_6,13,7059,0,false
U-7825c4,A-b2225d,S-0eff34,2024-07-06,feature_25,7,1792,0,false
U-522a53,A-b2225d,S-261a8d,2024-11-29,feature_29,11,704,0,false
U-931e6f,A-b2225d,S-261a8d,2024-06-26,feature_22,13,5902,0,false
U-bd6472,A-b2225d,S-261a8d,2024-08-26,feature_2,9,3708,2,false
U-5da5c0,A-b2225d,S-2940a5,2024-11-15,feature_10,16,8384,0,false
U-f361b1,A-b2225d,S-2940a5,2024-08-29,feature_27,14,7308,2,false
U-825061,A-b2225d,S-380617,2024-11-16,feature_8,14,5684,0,false
U-c82a33,A-b2225d,S-48a54e,2024-09-05,feature_4,8,2576,2,false
U-dd325d,A-b2225d,S-6450ac,2024-07-25,feature_35,12,5040,0,true
U-4263ca,A-b2225d,S-6450ac,2024-08-21,feature_20,13,1118,0,false
U-c6150c,A-b2225d,S-8c3cc8,2024-04-08,feature_22,4,76,0,false
U-bf3586,A-b2225d,S-b3bd43,2024-05-13,feature_10,9,1647,0,false
U-89d823,A-b2225d,S-b3bd43,2024-06-02,feature_21,6,2004,0,false
U-415527,A-b2225d,S-b3bd43,2024-06-12,feature_34,10,5900,0,false
U-1da630,A-b2225d,S-b3bd43,2024-09-25,feature_25,9,4770,0,false
U-03abf4,A-b2225d,S-cd3f49,2024-09-08,feature_11,10,3830,1,false
U-1fd3bf,A-b2225d,S-cd3f49,2024-10-22,feature_38,8,432,0,false
U-1ed8d9,A-b2225d,S-cd3f49,2024-08-09,feature_27,6,1428,0,false
U-b0e0d6,A-b2225d,S-da9362,2024-07-23,feature_24,14,5838,3,false
U-cc0a8b,A-b2225d,S-da9362,2024-10-19,feature_35,10,2570,2,false
U-85fd35,A-b2225d,S-da9362,2024-09-10,feature_17,12,2376,0,false
U-4e2f58,A-b2225d,S-da9362,2024-05-10,feature_18,7,1876,1,false
U-2b9678,A-b2af2e,S-635c1e,2024-11-11,feature_9,9,4383,0,false
U-125d2f,A-b2af2e,S-d1201a,2024-10-24,feature_33,9,3429,1,true
U-0055e1,A-b2af2e,S-d1201a,2024-10-13,feature_22,12,2676,0,false
U-e125c0,A-b30291,S-1a9fb7,2024-12-17,feature_26,18,2700,0,false
U-a746e9,A-b30291,S-1f5841,2024-10-21,feature_25,7,735,0,false
U-78c25a,A-b30291,S-1f5841,2024-07-24,feature_34,13,4875,3,false
U-fc9cb8,A-b30291,S-1f5841,2024-11-18,feature_8,11,4873,3,false
U-5e6f1f,A-b30291,S-2178f0,2024-10-08,feature_16,12,1332,0,false
U-8e5aa0,A-b30291,S-37e3ad,2024-09-17,feature_39,11,2860,0,false
U-32b44f,A-b30291,S-6100a4,2024-05-09,feature_28,11,4543,0,false
U-9b801e,A-b30291,S-6100a4,2024-09-13,feature_36,12,2376,0,false
U-bf68be,A-b30291,S-6100a4,2024-05-22,feature_36,11,5467,0,false
U-b679c2,A-b30291,S-6100a4,2024-10-25,feature_26,9,1584,0,false
U-bd41f6,A-b30291,S-6100a4,2024-06-06,feature_33,10,4330,0,false
U-a0f941,A-b30291,S-9dcef8,2024-04-13,feature_20,7,364,0,false
U-1370ce,A-b30291,S-9dcef8,2024-07-19,feature_40,11,352,1,true
U-6d65df,A-b30291,S-a96f6c,2024-08-31,feature_30,4,2056,2,true
U-1d1544,A-b30291,S-a96f6c,2024-06-30,feature_6,14,6972,0,false
U-823e73,A-b30291,S-a96f6c,2024-09-22,feature_14,14,5054,0,false
U-771ed8,A-b30291,S-d92159,2024-12-16,feature_28,13,1313,0,false
U-d2392b,A-b30291,S-d92159,2024-07-31,feature_14,16,6208,0,false
U-820885,A-b3fe05,S-0adca9,2024-10-20,feature_11,6,1950,1,false
U-86b432,A-b3fe05,S-0adca9,2024-11-11,feature_9,16,7584,0,false
U-56dba0,A-b3fe05,S-275d57,2024-09-07,feature_26,10,5490,3,true
U-decadb,A-b3fe05,S-275d57,2024-07-17,feature_14,9,1395,0,true
U-eb0677,A-b3fe05,S-275d57,2024-06-08,feature_14,9,1611,1,false
U-39c8c9,A-b3fe05,S-369495,2024-08-21,feature_8,7,3640,0,false
U-d5d073,A-b3fe05,S-3803ff,2024-09-03,feature_20,11,4675,0,false
U-d375ea,A-b3fe05,S-877508,2024-08-06,feature_23,8,1560,2,false
U-8007d1,A-b3fe05,S-9f7ef0,2024-07-28,feature_12,11,3542,0,false
U-925fa6,A-b3fe05,S-9f7ef0,2024-09-15,feature_30,11,1584,0,false
U-36927c,A-b3fe05,S-cfcb11,2024-07-12,feature_33,10,1780,0,false
U-339648,A-b3fe05,S-e0075b,2024-12-29,feature_38,8,2680,1,true
U-b6646f,A-b44e3e,S-1b4be3,2024-07-01,feature_30,10,4530,0,false
U-dfb4d9,A-b44e3e,S-1b4be3,2024-03-18,feature_11,9,5049,0,false
U-2446d8,A-b44e3e,S-1b4be3,2024-11-18,feature_10,11,5280,0,false
U-8b7264,A-b44e3e,S-679640,2024-11-29,feature_38,16,8928,0,false
U-76b4c0,A-b44e3e,S-679640,2024-06-05,feature_6,8,4208,1,false
U-0a83d4,A-b44e3e,S-679640,2024-10-08,feature_6,2,288,0,false
U-41c67e,A-b44e3e,S-bbcf43,2024-09-26,feature_32,16,2432,0,false
U-d43638,A-b44e3e,S-e5909f,2024-04-09,feature_38,7,2401,0,false
U-ece80f,A-b44e3e,S-e5909f,2024-05-08,feature_9,12,684,0,true
U-22ac98,A-b44e3e,S-e5909f,2024-06-29,feature_29,10,2010,3,false
U-953075,A-b44e3e,S-ef398a,2024-11-15,feature_37,8,248,0,true
U-35ba55,A-b44e3e,S-ef398a,2024-10-16,feature_32,10,5990,0,false
U-e93ca6,A-b44e3e,S-f22b7f,2024-05-06,feature_4,5,2745,0,false
U-3b5139,A-b44e3e,S-f22b7f,2024-04-04,feature_10,15,6540,2,false
U-17d836,A-b44e3e,S-f429e0,2024-07-14,feature_10,11,231,0,false
U-1d41ee,A-b44e3e,S-f429e0,2024-07-02,feature_36,4,1984,0,false
U-ab070b,A-b44e3e,S-f429e0,2024-09-20,feature_20,13,1040,0,false
U-37af96,A-b48f73,S-323f3e,2024-11-25,feature_6,10,2450,0,false
U-9ac528,A-b7724f,S-09c1df,2023-08-21,feature_18,5,220,4,false
U-b52628,A-b7724f,S-09c1df,2024-02-18,feature_2,10,1110,0,false
U-4f7c7f,A-b7724f,S-09c1df,2024-08-09,feature_21,13,6162,0,false
U-5455aa,A-b7724f,S-09c1df,2023-08-04,feature_17,6,1122,0,false
U-849812,A-b7724f,S-09c1df,2023-08-13,feature_35,8,1704,0,false
U-cb21b2,A-b7724f,S-09c1df,2024-05-11,feature_31,5,300,0,false
U-be5bf2,A-b7724f,S-09c1df,2024-05-06,feature_35,12,1320,0,true
U-d0c8bd,A-b7724f,S-09c1df,2024-06-25,feature_30,11,528,0,false
U-6b3fb4,A-b7724f,S-703faf,2024-05-14,feature_36,10,1170,0,false
U-099e5f,A-b7724f,S-703faf,2023-12-20,feature_25,12,6024,2,false
U-54ba9c,A-b7724f,S-804fb3,2024-09-04,feature_38,10,5140,0,false
U-d6cf05,A-b7724f,S-804fb3,2024-08-22,feature_36,10,1090,0,false
U-73fba3,A-b7724f,S-804fb3,2024-02-18,feature_32,10,2530,0,false
U-c43a2c,A-b7724f,S-920d64,2024-06-21,feature_13,13,1170,0,false
U-1b317d,A-b7724f,S-b41494,2024-08-17,feature_40,14,3430,0,false
U-c7decb,A-b7724f,S-b41494,2024-10-27,feature_34,10,2100,0,false
U-443a6f,A-b7724f,S-bbc0f7,2024-06-04,feature_5,7,308,4,false
U-e86387,A-b7724f,S-bbc0f7,2023-09-05,feature_4,10,300,0,false
U-4cf4cb,A-b7724f,S-bbc0f7,2024-02-27,feature_15,13,6149,0,false
U-ed35f9,A-b7724f,S-d3d720,2023-09-28,feature_38,12,5760,0,false
U-915a3a,A-b7724f,S-d3d720,2024-09-12,feature_23,8,3240,1,false
U-d85352,A-b7724f,S-d3d720,2024-08-03,feature_8,8,2768,0,false
U-61517b,A-b7724f,S-d3d720,2023-07-21,feature_30,6,2142,1,false
U-a26aef,A-b7724f,S-d3d720,2024-02-29,feature_9,6,456,1,false
U-baef88,A-b7724f,S-d3d720,2024-06-10,feature_29,10,570,0,true
U-51c8d1,A-b7724f,S-d9f26e,2024-08-27,feature_3,20,7440,0,false
U-de83b3,A-b7724f,S-d9f26e,2023-06-11,feature_7,12,4104,0,false
U-4c59ad,A-b7724f,S-d9f26e,2024-06-18,feature_28,13,7280,0,false
U-5bc468,A-b7724f,S-d9f26e,2024-10-11,feature_20,15,5955,0,false
U-7516e7,A-b7724f,S-d9f26e,2024-12-08,feature_22,10,590,0,false
U-18763e,A-b78bf8,S-cc30c5,2024-12-06,feature_28,16,8384,0,false
U-5da0da,A-b78bf8,S-cd0f21,2024-12-02,feature_21,9,3474,2,false
U-bd9aef,A-b7b7b7,S-80ed6b,2024-11-06,feature_28,11,4213,0,true
U-19508b,A-b7b7b7,S-80ed6b,2024-07-31,feature_27,7,3290,0,false
U-d10e93,A-b7b7b7,S-c1012c,2024-08-16,feature_33,18,9918,0,false
U-2ffaa0,A-b7b7b7,S-c1012c,2024-09-17,feature_37,14,3542,0,false
U-23c63d,A-b7b7b7,S-c1012c,2024-09-23,feature_30,13,2119,3,false
U-a26f50,A-b7b7b7,S-c29f3a,2024-11-19,feature_9,14,5390,0,false
U-d2b1bf,A-b7b7b7,S-c29f3a,2024-09-26,feature_6,10,1450,0,false
U-557d3a,A-b7b7b7,S-cef05a,2024-09-03,feature_6,10,2590,0,true
U-bdce16,A-b7b7b7,S-f0972b,2024-08-11,feature_28,7,3409,0,false
U-5f324b,A-b7b7b7,S-f0972b,2024-10-19,feature_29,3,363,0,false
U-f96d8e,A-b7b7b7,S-f0972b,2024-12-10,feature_35,11,2112,0,false
U-2d5248,A-b7b7b7,S-f0972b,2024-12-12,feature_20,11,3608,0,false
U-fb47dd,A-b7b7b7,S-f5bd45,2024-08-30,feature_17,12,2556,1,true
U-732069,A-b7ef83,S-31178d,2024-11-30,feature_22,9,1341,0,false
U-196a64,A-b7ef83,S-374be8,2024-11-20,feature_7,8,2232,2,false
U-776d0a,A-b7ef83,S-374be8,2024-10-14,feature_9,14,1330,0,false
U-d75437,A-b7ef83,S-491216,2024-11-30,feature_11,13,1586,1,false
U-446ccc,A-b7ef83,S-510e07,2024-11-21,feature_32,7,3318,0,false
U-d24ea6,A-b7ef83,S-510e07,2024-08-20,feature_23,12,1152,0,true
U-fc9e32,A-b7ef83,S-5c631b,2024-12-25,feature_32,12,2184,0,false
U-6dc763,A-b7ef83,S-673c51,2024-08-12,feature_33,6,204,0,false
U-2a251d,A-b7ef83,S-765100,2024-09-13,feature_32,15,5775,0,false
U-9aec16,A-b7ef83,S-765100,2024-07-21,feature_32,11,4290,0,false
U-fc3dbe,A-b7ef83,S-7ff88c,2024-08-17,feature_8,9,2142,1,true
U-af8d46,A-b7ef83,S-b21a0b,2024-06-17,feature_13,7,2177,0,false
U-ca824e,A-b7ef83,S-e73cdf,2024-12-09,feature_25,9,3960,0,false
U-1cfd4f,A-b7ef83,S-e73cdf,2024-07-10,feature_33,10,5920,0,false
U-be7a6c,A-b7ef83,S-f0081e,2024-12-13,feature_35,10,1940,2,false
U-bf9e17,A-b7ef83,S-f60667,2024-10-30,feature_20,11,2343,0,true
U-e4bb24,A-b7ef83,S-f60667,2024-07-02,feature_6,10,2790,1,true
U-cd531f,A-b7ef83,S-f60667,2024-08-07,feature_7,18,3114,0,false
U-47c346,A-b9eed8,S-023f3c,2024-05-02,feature_36,9,2745,4,false
U-40a999,A-b9eed8,S-023f3c,2024-09-14,feature_17,9,1629,2,false
U-4594a6,A-b9eed8,S-05b080,2024-07-17,feature_5,13,6890,1,false
U-1ba7e3,A-b9eed8,S-08a5fd,2024-10-04,feature_6,11,1210,2,false
U-2b76fa,A-b9eed8,S-08a5fd,2024-10-22,feature_36,12,2784,0,false
U-24fc44,A-b9eed8,S-0c47cb,2024-08-09,feature_7,15,8730,0,false
U-cb0fb1,A-b9eed8,S-0c47cb,2024-04-11,feature_23,9,1242,0,false
U-78dad4,A-b9eed8,S-0c47cb,2024-12-30,feature_23,9,756,0,true
U-54d795,A-b9eed8,S-0c47cb,2024-12-17,feature_4,14,1190,0,true
U-ac0355,A-b9eed8,S-0c47cb,2024-09-07,feature_39,15,1275,0,false
U-1650ab,A-b9eed8,S-3037ab,2024-12-23,feature_15,10,5590,1,false
U-d7f2fb,A-b9eed8,S-3037ab,2024-04-28,feature_30,11,1507,1,false
U-6543a0,A-b9eed8,S-3037ab,2024-04-04,feature_24,10,3050,5,false
U-f5c6b9,A-b9eed8,S-4c82da,2024-05-21,feature_7,10,2570,2,false
U-615e4e,A-b9eed8,S-4c82da,2024-04-27,feature_9,7,3388,0,false
U-1704ec,A-b9eed8,S-4c82da,2024-10-19,feature_34,10,390,0,false
U-6d2d77,A-b9eed8,S-4c82da,2024-10-15,feature_27,8,3384,1,false
U-9ca1df,A-b9eed8,S-6c9ec4,2024-05-23,feature_13,10,170,1,false
U-229b1b,A-b9eed8,S-6c9ec4,2024-09-09,feature_32,15,7095,0,true
U-debcf2,A-b9eed8,S-7a6697,2024-05-06,feature_3,10,4830,0,false
U-b8b2d9,A-b9eed8,S-7a6697,2024-11-24,feature_23,9,1251,0,false
U-cd7823,A-b9eed8,S-a9ca9b,2024-05-16,feature_15,5,170,0,false
U-dc6275,A-b9eed8,S-a9ca9b,2024-04-07,feature_32,7,1813,1,false
U-b972ec,A-b9eed8,S-d407d0,2024-05-02,feature_27,9,3915,1,false
U-f93131,A-b9eed8,S-d407d0,2024-09-08,feature_34,11,1221,1,false
U-4e2775,A-b9f5b1,S-12f05a,2023-04-03,feature_40,5,1145,0,false
U-f6c1aa,A-b9f5b1,S-12f05a,2024-08-29,feature_29,8,408,0,false
U-e258e2,A-b9f5b1,S-12f05a,2023-10-13,feature_30,6,600,0,false
U-96ab41,A-b9f5b1,S-12f05a,2023-07-21,feature_38,6,2766,1,false
U-9e4889,A-b9f5b1,S-12f05a,2023-06-01,feature_16,11,3553,0,false
U-a94b21,A-b9f5b1,S-2ad954,2023-10-16,feature_38,13,4316,0,false
U-46555f,A-b9f5b1,S-3a28a1,2023-06-27,feature_34,8,1928,3,false
U-757684,A-b9f5b1,S-3a28a1,2024-01-21,feature_17,6,2382,0,false
U-750cd9,A-b9f5b1,S-3a28a1,2024-10-05,feature_26,13,4901,0,false
U-5c5155,A-b9f5b1,S-3a28a1,2024-09-01,feature_14,15,405,0,true
U-b3bfec,A-b9f5b1,S-3a28a1,2024-11-29,feature_14,12,5412,0,false
U-c2f9d1,A-b9f5b1,S-3a28a1,2024-05-09,feature_35,10,1170,0,false
U-f3a483,A-b9f5b1,S-65071f,2023-04-19,feature_8,11,2761,0,false
U-efec9a,A-b9f5b1,S-65071f,2023-08-13,feature_11,9,1917,0,false
U-f7842e,A-b9f5b1,S-65071f,2023-12-28,feature_34,10,1320,2,false
U-d595ed,A-b9f5b1,S-65071f,2024-04-22,feature_34,10,5750,0,false
U-950769,A-b9f5b1,S-65071f,2023-04-09,feature_25,7,553,0,false
U-0a0838,A-b9f5b1,S-65071f,2024-10-06,feature_3,9,3357,0,true
U-4375c4,A-b9f5b1,S-869bba,2024-11-11,feature_38,13,5408,0,false
U-99d69f,A-b9f5b1,S-869bba,2024-06-23,feature_30,10,5400,1,false
U-9b3b88,A-b9f5b1,S-869bba,2023-12-21,feature_5,11,6402,0,false
U-e08515,A-b9f5b1,S-869bba,2023-09-06,feature_5,17,2040,1,false
U-39332d,A-b9f5b1,S-869bba,2023-08-08,feature_13,10,2750,0,true
U-3c7f65,A-b9f5b1,S-869bba,2024-06-04,feature_12,11,6215,0,false
U-f09c10,A-b9f5b1,S-869bba,2024-09-21,feature_32,8,2568,0,false
U-def0bc,A-b9f5b1,S-b22602,2023-04-25,feature_34,11,2145,0,false
U-6b0253,A-b9f5b1,S-e78c09,2023-05-11,feature_7,12,3048,2,false
U-9a0b63,A-ba6516,S-2f0291,2024-07-16,feature_13,6,1392,0,false
U-b3cdea,A-ba6516,S-2f0291,2024-07-04,feature_23,12,5688,0,false
U-369011,A-ba6516,S-2f0291,2024-10-02,feature_19,16,224,0,false
U-2e2221,A-ba6516,S-303f63,2024-07-19,feature_13,12,2352,3,false
U-3040e8,A-ba6516,S-303f63,2024-02-02,feature_29,8,248,0,false
U-a92bb6,A-ba6516,S-303f63,2024-04-04,feature_21,8,1760,0,false
U-09a656,A-ba6516,S-303f63,2024-04-02,feature_6,7,1274,1,false
U-10b491,A-ba6516,S-303f63,2024-08-31,feature_7,8,2128,0,true
U-b976fe,A-ba6516,S-393c51,2024-10-09,feature_26,9,4113,0,false
U-072b1c,A-ba6516,S-393c51,2024-06-03,feature_31,15,8160,0,false
U-0c3cbe,A-ba6516,S-5e6790,2024-06-11,feature_31,15,2880,0,true
U-502be2,A-ba6516,S-8c8905,2024-01-25,feature_9,10,4230,0,false
U-eeebb2,A-ba6516,S-8c8905,2024-01-17,feature_3,5,935,2,false
U-22ec70,A-ba6516,S-bc2633,2024-01-23,feature_20,8,1904,0,false
U-b8a53b,A-ba6516,S-bc2633,2024-12-05,feature_1,14,7854,0,false
U-e7fbd4,A-ba6516,S-bc2633,2024-04-04,feature_20,8,1376,0,false
U-0c05bc,A-ba6516,S-bc2633,2024-08-25,feature_40,6,240,0,false
U-f62ea5,A-ba6516,S-bc2633,2024-12-19,feature_22,11,5258,0,false
U-ad062d,A-ba6516,S-bc2633,2024-01-22,feature_24,7,1568,0,false
U-59c146,A-ba6516,S-df91b0,2024-02-18,feature_34,13,7605,0,true
U-06eb1a,A-ba6516,S-df91b0,2024-11-04,feature_26,7,2254,1,false
U-c6f858,A-ba6516,S-df91b0,2024-07-01,feature_6,21,8568,0,false
U-ba6907,A-ba6516,S-df91b0,2024-03-26,feature_31,8,2840,0,false
U-e9e1cb,A-ba6516,S-e73303,2024-08-31,feature_23,11,4180,3,false
U-f07f62,A-ba6516,S-e73303,2024-03-05,feature_39,6,3552,0,false
U-1bb74d,A-ba6516,S-fa5301,2024-09-17,feature_24,14,5572,0,false
U-1c3ac3,A-ba6516,S-fa5301,2024-01-30,feature_5,14,322,1,false
U-ec7b9e,A-ba6516,S-fa5301,2024-05-10,feature_17,12,6876,0,true
U-e1fc15,A-ba6516,S-fc01ba,2024-02-20,feature_24,12,3012,0,false
U-1ffaa2,A-ba6516,S-fc01ba,2024-07-29,feature_28,10,890,1,false
U-bcd10d,A-ba6516,S-fc01ba,2024-07-19,feature_4,15,2760,0,false
U-2e833b,A-ba6516,S-ff93b5,2024-08-19,feature_36,12,2112,0,true
U-6ce8d5,A-bad8c1,S-371662,2024-02-08,feature_3,11,6380,0,false
U-1c8e38,A-bad8c1,S-371662,2023-06-19,feature_36,6,3354,0,false
U-ea8d09,A-bad8c1,S-371662,2024-10-28,feature_5,12,2196,0,false
U-d89171,A-bad8c1,S-55aa8a,2023-06-27,feature_13,9,2538,0,false
U-ed7d43,A-bad8c1,S-55aa8a,2023-08-11,feature_25,5,120,1,false
U-e32d90,A-bad8c1,S-55aa8a,2024-08-28,feature_35,9,3969,3,false
U-7456c4,A-bad8c1,S-55aa8a,2024-12-06,feature_11,16,7680,0,false
U-dd928b,A-bad8c1,S-6bdda7,2024-03-02,feature_28,8,2088,0,false
U-93a442,A-bad8c1,S-6bdda7,2023-07-17,feature_7,11,5599,0,true
U-5c26f8,A-bad8c1,S-6bdda7,2024-06-13,feature_11,10,3580,0,false
U-da4591,A-bad8c1,S-6bdda7,2023-07-02,feature_27,7,770,0,true
U-bffb37,A-bad8c1,S-6bdda7,2024-02-26,feature_32,10,3900,1,false
U-165872,A-bad8c1,S-6bdda7,2024-03-05,feature_40,9,4662,0,false
U-a47531,A-bad8c1,S-6bdda7,2024-06-27,feature_6,12,4620,0,false
U-61c451,A-bad8c1,S-a80c62,2024-03-23,feature_23,10,3780,2,false
U-c318d9,A-bad8c1,S-a80c62,2024-01-21,feature_2,11,2475,0,true
U-d979d8,A-bad8c1,S-a80c62,2024-12-15,feature_34,12,3456,0,false
U-dea9ad,A-bad8c1,S-c9a968,2024-05-11,feature_38,14,7084,0,false
U-54d7b2,A-bad8c1,S-c9a968,2024-06-21,feature_1,13,5044,0,false
U-ab91ab,A-bad8c1,S-c9a968,2024-12-24,feature_27,13,6721,0,false
U-3cdaac,A-bad8c1,S-ddbad0,2024-04-03,feature_38,12,5412,0,false
U-0b3b96,A-bad8c1,S-ddbad0,2024-06-06,feature_24,6,3306,0,false
U-8f55a4,A-bad8c1,S-ddbad0,2023-09-03,feature_22,16,1136,0,false
U-2249b4,A-bad8c1,S-ea71b5,2024-02-24,feature_26,13,2288,0,false
U-bf3502,A-bad8c1,S-ea71b5,2024-09-09,feature_14,9,378,0,true
U-403b97,A-bad8c1,S-ea71b5,2023-06-30,feature_39,20,7280,0,false
U-750130,A-bad8c1,S-ea71b5,2024-08-02,feature_11,11,4708,0,false
U-44353b,A-bb1486,S-7f7e38,2024-12-09,feature_5,11,5357,0,false
U-3b76fb,A-bb1486,S-a19f87,2024-12-01,feature_2,9,1548,1,false
U-98ea60,A-bb1eaa,S-0a15fa,2024-10-18,feature_14,9,1026,0,false
U-2d4511,A-bb1eaa,S-0a15fa,2024-11-12,feature_37,10,3750,0,false
U-8fb9c4,A-bb1eaa,S-843a53,2024-09-29,feature_38,9,198,0,false
U-39cd2c,A-bb1eaa,S-f40285,2024-11-16,feature_11,10,1730,2,false
U-3b6501,A-bb2f49,S-20f1bd,2024-04-19,feature_30,8,152,1,false
U-fa66f2,A-bb2f49,S-20f1bd,2024-05-15,feature_8,11,4521,0,false
U-e51117,A-bb2f49,S-20f1bd,2024-01-18,feature_1,6,1980,0,false
U-3be9ec,A-bb2f49,S-20f1bd,2024-06-26,feature_20,7,868,3,false
U-127624,A-bb2f49,S-294fb2,2024-12-30,feature_32,11,5797,2,true
U-5000f6,A-bb2f49,S-294fb2,2024-04-09,feature_22,15,3840,0,false
U-420703,A-bb2f49,S-294fb2,2024-01-05,feature_3,13,2262,0,false
U-f3f0ed,A-bb2f49,S-4911f9,2024-08-10,feature_13,15,8220,0,false
U-c1f320,A-bb2f49,S-4911f9,2024-08-25,feature_33,10,5850,0,false
U-f58ca9,A-bb2f49,S-4911f9,2024-07-20,feature_15,10,3660,3,false
U-ce2785,A-bb2f49,S-4911f9,2024-10-03,feature_22,8,184,0,false
U-3e8d2c,A-bb2f49,S-85c06f,2024-12-26,feature_25,17,6681,0,false
U-204370,A-bb2f49,S-85c06f,2023-08-30,feature_24,5,1250,0,false
U-26150e,A-bb2f49,S-979365,2024-06-20,feature_26,7,1022,0,false
U-36f68f,A-bb2f49,S-979365,2024-02-27,feature_29,11,4917,2,false
U-20a2f7,A-bb2f49,S-979365,2024-02-08,feature_9,10,1710,0,false
U-33b842,A-bb2f49,S-979365,2024-01-02,feature_18,10,5580,0,false
U-e526c4,A-bb2f49,S-979365,2024-10-23,feature_3,5,2645,3,false
U-86273e,A-bb2f49,S-979365,2024-03-20,feature_36,11,1804,1,false
U-13d99f,A-bb2f49,S-979365,2023-10-12,feature_16,5,1290,3,false
U-1b2bdd,A-bb2f49,S-979365,2023-08-22,feature_3,7,4025,0,false
U-f0646a,A-bb2f49,S-979365,2024-02-04,feature_17,10,3100,0,false
U-8aabb5,A-bb2f49,S-aff55c,2024-03-12,feature_33,10,2600,0,false
U-5d8c25,A-bb2f49,S-aff55c,2024-04-15,feature_2,9,2079,1,false
U-801b5a,A-bb2f49,S-aff55c,2023-07-09,feature_21,14,7644,0,false
U-ddb7c7,A-bb2f49,S-aff55c,2024-09-07,feature_38,17,986,0,false
U-d81707,A-bb2f49,S-b84175,2024-10-02,feature_17,11,3201,0,false
U-510373,A-bb2f49,S-b84175,2024-03-09,feature_19,14,6930,0,false
U-3ef957,A-bb2f49,S-c341e1,2023-10-02,feature_11,12,936,4,false
U-af5287,A-bb2f49,S-e44831,2023-10-14,feature_1,7,931,1,false
U-4f19f9,A-bb2f49,S-e44831,2024-07-14,feature_18,12,4248,2,false
U-8bd6db,A-bb2f49,S-e44831,2023-09-15,feature_26,10,2540,0,false
U-76a5c1,A-bb2f49,S-e505f2,2023-09-24,feature_22,8,4352,0,false
U-775e44,A-bb2f49,S-e505f2,2024-01-12,feature_18,12,252,2,false
U-627eee,A-bb2f49,S-e505f2,2024-01-26,feature_12,11,3333,0,false
U-5f89a9,A-bb2f49,S-e505f2,2023-07-25,feature_5,6,1770,0,false
U-6fb0e5,A-bb2f49,S-e505f2,2024-01-14,feature_35,12,1764,0,false
U-497277,A-bb2f49,S-e505f2,2024-11-12,feature_21,14,2940,0,false
U-5f5070,A-bb2f49,S-e505f2,2023-08-11,feature_5,11,2343,3,false
U-017e19,A-bb2f49,S-e93577,2024-03-02,feature_30,8,3352,0,false
U-c6f6ae,A-bb2f49,S-e93577,2024-05-03,feature_19,12,2268,0,false
U-40785e,A-bb2f49,S-e93577,2024-02-10,feature_33,11,2211,1,false
U-20b147,A-bb3bd4,S-12c163,2024-07-22,feature_9,15,1035,1,false
U-a18e16,A-bb3bd4,S-12c163,2024-08-07,feature_25,9,1980,0,false
U-3338d3,A-bb3bd4,S-12c163,2024-09-11,feature_26,14,2940,2,false
U-37a60a,A-bb3bd4,S-342037,2024-08-07,feature_25,11,2761,0,false
U-3a7d12,A-bb3bd4,S-550202,2024-12-12,feature_33,14,4942,0,false
U-63af25,A-bb3bd4,S-7d66fb,2024-04-15,feature_4,15,5160,0,false
U-20346f,A-bb3bd4,S-9eb2c5,2024-05-23,feature_26,10,3350,1,false
U-afcbc0,A-bb3bd4,S-9eb2c5,2024-04-20,feature_2,12,948,2,false
U-1f20bf,A-bb3bd4,S-a1676a,2024-07-04,feature_28,8,1416,0,false
U-118e53,A-bbc346,S-10bd09,2024-12-16,feature_10,11,3641,0,false
U-3f22cc,A-bbc346,S-10bd09,2024-09-25,feature_6,10,2110,0,false
U-9f62b8,A-bbc346,S-10bd09,2024-10-09,feature_12,9,2664,0,false
U-16a8d0,A-bbc346,S-2aafa6,2024-10-01,feature_38,7,511,2,false
U-bd69ab,A-bbc346,S-495e57,2024-12-23,feature_5,12,1656,0,false
U-0f5d18,A-bbc346,S-495e57,2024-10-22,feature_15,12,1560,0,false
U-53494a,A-bbc346,S-504683,2024-09-26,feature_12,13,5291,1,false
U-1b48cb,A-bbc346,S-56ed05,2024-09-26,feature_4,10,1330,1,false
U-d75469,A-bbc346,S-618471,2024-09-04,feature_24,13,2600,2,false
U-c5074b,A-bbc346,S-a1d67e,2024-10-29,feature_40,10,3330,0,false
U-72e54b,A-bbc346,S-cafa84,2024-10-23,feature_12,6,2712,0,false
U-af52e2,A-bbe56f,S-2d2a88,2024-04-07,feature_25,8,1064,0,false
U-267875,A-bbe56f,S-2d2a88,2023-09-01,feature_23,13,5551,0,false
U-33124f,A-bbe56f,S-2d2a88,2024-08-07,feature_11,10,1750,0,false
U-b59008,A-bbe56f,S-2d2a88,2024-07-30,feature_2,13,2509,0,false
U-0a299c,A-bbe56f,S-64b181,2023-12-22,feature_36,20,7160,1,true
U-0a7d41,A-bbe56f,S-64b181,2023-09-19,feature_12,10,5040,0,false
U-cda0d9,A-bbe56f,S-ab2b5b,2024-03-22,feature_39,13,1807,0,true
U-87a065,A-bbe56f,S-ab2b5b,2023-11-12,feature_39,8,1008,0,true
U-692dfd,A-bbe56f,S-ab2b5b,2023-10-07,feature_12,10,5030,0,false
U-e4ad42,A-bbe56f,S-ab2b5b,2024-11-28,feature_37,7,3241,0,false
U-acbb6f,A-bbe56f,S-ab2b5b,2023-11-22,feature_16,12,696,0,false
U-8e515e,A-bbe56f,S-f29e7f,2023-11-07,feature_38,9,585,0,false
U-096807,A-bbe56f,S-f29e7f,2023-12-07,feature_3,9,1458,0,false
U-3e9ca0,A-bbe56f,S-f29e7f,2024-11-16,feature_11,7,434,3,false
U-c3e084,A-bbe56f,S-f29e7f,2024-05-18,feature_17,9,171,2,true
U-27e817,A-bbe56f,S-f29e7f,2024-12-02,feature_25,8,4368,0,false
U-d0cdbd,A-bc4d48,S-03bfa3,2024-12-23,feature_27,10,1060,0,false
U-b408b4,A-bc4d48,S-5b9bb9,2024-07-15,feature_39,17,476,0,false
U-9324bf,A-bc4d48,S-d619ad,2024-11-26,feature_14,6,1074,0,false
U-de0e96,A-bc4d48,S-d619ad,2024-08-25,feature_14,11,3135,0,false
U-a08d02,A-bc4d48,S-d920e7,2024-08-09,feature_31,10,5760,0,false
U-49aa86,A-bc4d48,S-d920e7,2024-10-15,feature_18,7,2226,3,false
U-4a087e,A-bc87bc,S-04911c,2024-12-07,feature_11,16,7712,0,false
U-22896c,A-bc87bc,S-67965d,2024-12-21,feature_12,12,3660,0,false
U-065382,A-bc87bc,S-67965d,2024-12-19,feature_36,13,7293,0,false
U-0f8fef,A-bc87bc,S-8ed780,2024-11-17,feature_27,9,63,0,false
U-9e2762,A-bc87bc,S-ad8055,2024-09-19,feature_14,10,470,0,false
U-efaf79,A-bc87bc,S-ad8055,2024-11-19,feature_28,19,7296,0,false
U-4a8fc5,A-bcbe98,S-17bbdd,2024-08-10,feature_4,8,864,4,true
U-8bcc19,A-bcbe98,S-4dfd17,2024-08-27,feature_22,10,4190,0,false
U-50f733,A-bcbe98,S-4dfd17,2024-11-12,feature_38,6,1032,0,false
U-85374e,A-bcbe98,S-4dfd17,2024-10-28,feature_15,8,680,1,false
U-fb3407,A-bcbe98,S-4dfd17,2024-10-08,feature_6,11,2420,3,false
U-9d1e4f,A-bcbe98,S-6709f4,2024-09-05,feature_30,10,5600,0,false
U-143e87,A-bcbe98,S-6709f4,2024-12-14,feature_7,4,316,0,false
U-a5ba0c,A-bcbe98,S-7070de,2024-10-30,feature_6,10,5170,0,false
U-9477c5,A-bcbe98,S-7070de,2024-09-28,feature_16,3,210,0,true
U-d6c0ba,A-bcbe98,S-70a8d6,2024-11-12,feature_25,8,4728,0,false
U-cf6885,A-bcbe98,S-7889d9,2024-08-14,feature_27,10,5260,0,true
U-0d214e,A-bcbe98,S-7889d9,2024-12-03,feature_28,16,5440,0,false
U-1ddce1,A-bcbe98,S-7ab68f,2024-10-15,feature_36,9,1035,0,false
U-78f1f9,A-bcbe98,S-7ab68f,2024-12-03,feature_1,21,1113,0,false
U-d347bb,A-bcbe98,S-8eb955,2024-10-06,feature_38,6,2004,2,false
U-08a07d,A-bcbe98,S-8eb955,2024-11-25,feature_20,16,6848,2,false
U-34a144,A-bcbe98,S-b45a45,2024-11-27,feature_21,10,2390,3,true
U-186027,A-bcbe98,S-e964b6,2024-10-09,feature_29,11,4884,0,false
U-e5b713,A-bcbe98,S-e964b6,2024-07-29,feature_18,13,7033,0,true
U-6a4085,A-bcf664,S-14d060,2023-09-19,feature_20,8,648,0,false
U-d33e18,A-bcf664,S-14d060,2024-02-20,feature_6,8,2728,0,false
U-b5fc23,A-bcf664,S-14d060,2024-03-01,feature_15,10,1670,0,false
U-589284,A-bcf664,S-14d060,2024-12-24,feature_13,8,136,1,false
U-8d71f4,A-bcf664,S-304196,2024-08-30,feature_34,8,4528,0,false
U-ac42e4,A-bcf664,S-304196,2023-08-24,feature_1,11,6600,2,false
U-69f2f6,A-bcf664,S-304196,2024-04-26,feature_6,12,2112,0,false
U-4b633e,A-bcf664,S-304196,2024-10-26,feature_17,5,1140,0,false
U-748c6f,A-bcf664,S-304196,2024-11-06,feature_34,7,3773,0,false
U-e3233a,A-bcf664,S-304196,2023-09-23,feature_23,7,2534,0,false
U-f1158e,A-bcf664,S-304196,2024-10-17,feature_31,9,1836,0,false
U-501b76,A-bcf664,S-4ed473,2024-05-04,feature_29,9,1350,0,false
U-b3f9c0,A-bcf664,S-4ed473,2024-11-08,feature_1,15,4515,0,false
U-b7792d,A-bcf664,S-5895f0,2024-01-08,feature_6,14,532,1,false
U-97b298,A-bcf664,S-5895f0,2024-11-13,feature_1,9,4473,0,false
U-f16c23,A-bcf664,S-700923,2023-12-12,feature_14,7,1148,0,true
U-caeac4,A-bcf664,S-700923,2024-11-09,feature_26,12,4620,0,false
U-9cdf93,A-bcf664,S-700923,2024-08-05,feature_37,6,1632,1,false
U-378455,A-bcf664,S-709484,2023-08-09,feature_29,4,148,0,false
U-f3cdca,A-bcf664,S-709484,2023-11-02,feature_32,15,5670,0,false
U-e304be,A-bcf664,S-709484,2024-07-26,feature_25,13,650,0,false
U-fcbcae,A-bcf664,S-709484,2023-09-23,feature_30,9,4023,0,false
U-f52be3,A-bcf664,S-7179fd,2023-10-19,feature_25,10,1690,0,true
U-cad49e,A-bcf664,S-7179fd,2023-07-11,feature_29,14,6986,0,false
U-792ba0,A-bcf664,S-7179fd,2024-02-04,feature_34,10,2420,0,false
U-0beef7,A-bcf664,S-7179fd,2023-09-18,feature_15,13,3380,0,false
U-f73db8,A-bcf664,S-7179fd,2023-12-07,feature_7,8,2352,1,false
U-0ef7ef,A-bcf664,S-853f5d,2024-09-21,feature_38,9,4986,0,false
U-f17c7c,A-bcf664,S-853f5d,2023-08-18,feature_19,10,4400,0,false
U-54b783,A-bcf664,S-853f5d,2024-08-31,feature_15,11,6490,1,false
U-ee50b9,A-bcf664,S-905752,2024-10-02,feature_29,9,486,1,false
U-8bf3e9,A-bcf664,S-905752,2024-05-28,feature_40,7,2793,2,false
U-2f01ae,A-bcf664,S-9a952b,2023-10-08,feature_10,11,4004,0,false
U-3b02e7,A-bcf664,S-9a952b,2024-07-25,feature_21,12,5340,2,false
U-95b33e,A-bcf664,S-b5165e,2024-09-19,feature_36,9,153,0,false
U-772a3d,A-bcf664,S-b5165e,2023-11-30,feature_40,11,286,0,false
U-641763,A-bcf664,S-b5165e,2024-10-31,feature_2,12,5064,0,false
U-24bf60,A-bcf664,S-ca72d9,2024-01-14,feature_14,7,2254,3,true
U-1f8edf,A-bcf664,S-ca72d9,2023-11-29,feature_4,21,9492,0,false
U-4410ab,A-bcf664,S-ca72d9,2023-09-18,feature_37,8,4112,0,false
U-33f23d,A-bcf664,S-ca72d9,2024-10-07,feature_23,12,2124,0,false
U-d1ece6,A-bcf664,S-ca72d9,2024-02-13,feature_10,11,803,2,false
U-1dfd2a,A-bcf664,S-ca72d9,2023-11-21,feature_31,11,5731,3,false
U-477266,A-bcf87c,S-08f8d3,2024-08-05,feature_7,8,4456,0,false
U-b4e35c,A-bcf87c,S-08f8d3,2024-10-25,feature_9,7,3220,0,false
U-8292fd,A-bcf87c,S-1bdc35,2024-10-08,feature_20,11,3047,2,false
U-43bbf8,A-bcf87c,S-b2d472,2024-07-23,feature_17,11,5797,0,false
U-deab8a,A-bcf87c,S-c555c4,2024-07-27,feature_35,13,4888,0,false
U-d9c568,A-bcf87c,S-c75159,2024-12-14,feature_39,5,1420,1,false
U-21a0f1,A-bcf87c,S-c75159,2024-12-10,feature_1,7,259,0,false
U-85efb0,A-bcf87c,S-c75159,2024-08-23,feature_9,12,3684,0,false
U-98edc8,A-bcf87c,S-d2e82c,2024-11-25,feature_32,13,3458,0,false
U-6f0f10,A-bcf87c,S-d2e82c,2024-11-29,feature_21,12,144,0,false
U-27c866,A-bcf87c,S-d2e82c,2024-10-11,feature_5,8,2456,0,true
U-b89712,A-bcf87c,S-dc90ef,2024-08-02,feature_27,10,3310,0,false
U-5cd3c2,A-bcf87c,S-dc90ef,2024-07-30,feature_5,11,6138,3,true
U-1d4715,A-bcf87c,S-e260ff,2024-11-22,feature_36,3,264,0,false
U-96e2d7,A-bcf87c,S-e260ff,2024-11-21,feature_17,11,2255,0,false
U-be1972,A-bd4513,S-234115,2024-12-29,feature_39,8,2760,0,false
U-76f4ad,A-bd4513,S-ed9451,2024-12-18,feature_8,11,6006,0,false
U-a5b568,A-bd4513,S-ed9451,2024-11-19,feature_33,5,1420,0,false
U-91bf84,A-bd4513,S-fb6734,2024-11-15,feature_13,11,3080,0,false
U-379033,A-bd4708,S-02949d,2024-11-14,feature_2,13,5226,0,false
U-03ec6e,A-bd4708,S-3b0fbb,2024-08-02,feature_11,13,5447,0,false
U-e945ed,A-bd4708,S-3b0fbb,2024-07-25,feature_33,14,7056,0,false
U-3e5c14,A-bd4708,S-651c01,2024-10-01,feature_24,7,2513,0,false
U-f59fde,A-bd4708,S-651c01,2024-12-30,feature_22,10,2530,0,false
U-bf1316,A-bd4708,S-684915,2024-09-05,feature_29,8,1336,0,true
U-937fee,A-bd4708,S-684915,2024-12-07,feature_40,8,800,2,false
U-0ca8f8,A-bd4708,S-70c734,2024-12-18,feature_4,6,42,0,true
U-ff1ff0,A-bd4708,S-8e6903,2024-12-13,feature_17,6,1020,0,false
U-09fa5f,A-bd4708,S-8e6903,2024-10-14,feature_5,14,1694,2,false
U-ad3a40,A-bd4708,S-b18d59,2024-08-01,feature_15,8,1280,0,false
U-926d57,A-bd4708,S-bd1ee1,2024-10-29,feature_2,14,2212,0,false
U-734db9,A-bd4708,S-bd1ee1,2024-11-20,feature_3,12,1632,0,false
U-421d17,A-bd4708,S-bd1ee1,2024-09-09,feature_5,9,5139,0,true
U-596845,A-bd4708,S-c021c2,2024-08-03,feature_34,6,3480,0,false
U-4b029e,A-bd4708,S-d302e2,2024-10-23,feature_15,10,3710,0,false
U-292205,A-bd4708,S-d302e2,2024-08-10,feature_4,10,3760,0,false
U-6b7466,A-bece89,S-004d19,2024-12-07,feature_7,9,1620,0,false
U-3af891,A-bece89,S-334ceb,2024-10-30,feature_33,6,612,1,false
U-eacdb4,A-bece89,S-334ceb,2024-12-02,feature_40,12,1080,5,false
U-243b77,A-bece89,S-334ceb,2024-12-28,feature_26,7,154,0,false
U-f1b7e4,A-bece89,S-334ceb,2024-08-26,feature_13,9,207,0,true
U-87b448,A-bece89,S-42fb01,2024-04-04,feature_17,6,1830,3,false
U-822d4d,A-bece89,S-6e81f5,2024-10-30,feature_28,10,2070,0,false
U-609869,A-bece89,S-82848e,2024-08-09,feature_2,9,4518,0,false
U-690215,A-bece89,S-82848e,2024-04-21,feature_9,13,5642,0,false
U-0a7851,A-c16101,S-00fb6e,2024-12-06,feature_11,8,3456,0,false
U-ded386,A-c16101,S-3cae45,2024-11-06,feature_1,9,207,0,false
U-fb2cf9,A-c16101,S-7b3464,2024-10-05,feature_17,8,1624,0,false
U-b36231,A-c16101,S-8c41e8,2024-10-31,feature_1,10,310,1,false
U-a3f5cf,A-c16101,S-8c41e8,2024-10-28,feature_25,16,5792,1,true
U-5f7096,A-c16101,S-9def16,2024-11-02,feature_38,12,6516,0,false
U-d4ad50,A-c16101,S-b152d6,2024-12-20,feature_9,10,4160,0,false
U-2a17ed,A-c16101,S-b152d6,2024-11-20,feature_32,8,4144,2,true
U-4d53e1,A-c16101,S-e477e9,2024-12-09,feature_30,11,1573,1,false
U-1b6f81,A-c16101,S-e477e9,2024-12-03,feature_10,13,7761,0,false
U-33dc96,A-c16b88,S-2bef13,2024-04-05,feature_24,9,2709,0,false
U-dac28a,A-c16b88,S-3741b9,2024-07-29,feature_23,9,3942,0,false
U-3ca955,A-c16b88,S-3741b9,2024-08-04,feature_30,10,3680,1,false
U-6dcbb7,A-c16b88,S-3741b9,2024-11-19,feature_17,10,2920,0,false
U-c8607d,A-c16b88,S-3741b9,2024-09-08,feature_1,6,618,0,false
U-5cff1a,A-c16b88,S-3981c7,2024-08-17,feature_39,11,2442,0,false
U-5d5ac7,A-c16b88,S-3981c7,2024-08-12,feature_22,18,5490,1,false
U-3a20b9,A-c16b88,S-59c5d7,2024-04-19,feature_36,5,1605,0,false
U-fffebf,A-c16b88,S-59c5d7,2024-03-29,feature_9,10,2290,0,false
U-434687,A-c16b88,S-59c5d7,2024-08-24,feature_22,10,5930,1,false
U-7f959c,A-c16b88,S-9a6a1b,2024-09-20,feature_28,6,2988,1,false
U-648833,A-c16b88,S-b96ee3,2024-07-01,feature_33,10,4620,0,true
U-e2a2ef,A-c16b88,S-e64c2b,2024-06-19,feature_7,8,3264,0,false
U-f38565,A-c16b88,S-e64c2b,2024-08-03,feature_32,7,2597,0,false
U-22af5b,A-c16b88,S-ea4844,2024-04-14,feature_31,8,640,0,false
U-a952ef,A-c16cf7,S-30bb47,2024-12-28,feature_34,10,4400,0,false
U-bae1c9,A-c16cf7,S-30bb47,2024-11-03,feature_17,12,3744,0,false
U-941720,A-c16cf7,S-35a9b6,2024-12-25,feature_1,8,80,0,false
U-bd45ef,A-c16cf7,S-567afa,2024-10-22,feature_4,14,2002,2,false
U-a82fe6,A-c16cf7,S-64ddbc,2024-11-01,feature_31,5,460,2,false
U-39346c,A-c16cf7,S-64ddbc,2024-11-30,feature_8,6,1464,0,false
U-4d8c19,A-c1dfe1,S-154918,2024-11-07,feature_19,10,5890,1,false
U-9f7081,A-c1dfe1,S-154918,2024-12-21,feature_7,11,5236,0,false
U-f37fea,A-c1dfe1,S-154918,2024-02-29,feature_8,6,3048,2,false
U-2a08a0,A-c1dfe1,S-154918,2023-11-17,feature_6,11,6413,0,false
U-04b682,A-c1dfe1,S-154918,2024-03-03,feature_31,15,8055,0,false
U-00fdf2,A-c1dfe1,S-154918,2024-09-27,feature_22,6,1602,4,false
U-38ec98,A-c1dfe1,S-2b0a2d,2024-09-13,feature_4,6,2346,2,false
U-1ab415,A-c1dfe1,S-2b0a2d,2024-02-10,feature_20,14,4494,0,false
U-bbf875,A-c1dfe1,S-3a4336,2024-03-12,feature_31,9,4473,1,false
U-189154,A-c1dfe1,S-3a4336,2024-01-24,feature_26,7,1036,1,true
U-121364,A-c1dfe1,S-3a4336,2024-08-26,feature_26,6,726,2,false
U-b849bc,A-c1dfe1,S-592443,2024-12-23,feature_20,4,1632,0,false
U-359bd5,A-c1dfe1,S-592443,2024-01-26,feature_28,12,2484,0,true
U-152652,A-c1dfe1,S-847173,2024-06-14,feature_31,7,231,0,true
U-ae7e82,A-c1dfe1,S-847173,2024-04-26,feature_6,10,4640,0,false
U-c28084,A-c1dfe1,S-8b52b5,2024-04-01,feature_16,13,6318,0,false
U-4c236b,A-c1dfe1,S-8b52b5,2024-01-16,feature_19,8,1136,2,false
U-a211ce,A-c1dfe1,S-8b52b5,2024-01-21,feature_34,7,1988,0,false
U-c2441b,A-c1dfe1,S-8b52b5,2024-04-10,feature_32,10,1580,1,true
U-f86e59,A-c1dfe1,S-8b52b5,2024-05-18,feature_8,6,1122,0,false
U-ba2bf3,A-c1dfe1,S-8b52b5,2024-03-24,feature_19,9,441,0,false
U-4629a0,A-c1dfe1,S-8b52b5,2024-01-05,feature_5,12,6348,1,false
U-0d52f0,A-c1dfe1,S-b56884,2024-11-15,feature_5,7,1715,2,false
U-aad7a1,A-c1dfe1,S-db56d2,2023-11-18,feature_9,8,1856,0,false
U-89cfa1,A-c1dfe1,S-db56d2,2023-11-14,feature_12,12,4272,0,false
U-a0636c,A-c1e51e,S-c545c8,2024-11-22,feature_4,9,3618,0,false
U-5e78ab,A-c1e51e,S-c545c8,2024-12-25,feature_38,5,50,0,false
U-f09a9b,A-c1e51e,S-e339fb,2024-12-15,feature_10,9,2736,0,false
U-af9fe4,A-c222ab,S-2c53ad,2024-12-11,feature_15,8,2776,0,false
U-251c67,A-c222ab,S-2c53ad,2024-12-29,feature_4,14,1330,1,false
U-646c5f,A-c222ab,S-89e98a,2024-10-05,feature_11,11,2090,0,false
U-0d31fd,A-c222ab,S-d1f7ad,2024-10-23,feature_28,13,5655,0,true
U-d9cdd5,A-c222ab,S-d1f7ad,2024-12-26,feature_11,11,1716,1,false
U-26d25f,A-c222ab,S-d1f7ad,2024-12-10,feature_38,7,2268,0,false
U-1d8791,A-c222ab,S-e8776c,2024-11-10,feature_16,6,3528,0,false
U-ddc86f,A-c222ab,S-e8776c,2024-09-28,feature_12,11,4818,0,false
U-3039bb,A-c222ab,S-eec056,2024-11-25,feature_14,6,1008,2,false
U-98209d,A-c222ab,S-eec056,2024-10-06,feature_28,9,198,1,false
U-1170b4,A-c37601,S-06b9f0,2024-11-07,feature_35,9,4428,0,false
U-29fb62,A-c37601,S-6b7aa4,2024-12-07,feature_16,10,840,0,false
U-6ff9e0,A-c37601,S-6cff51,2024-11-01,feature_15,10,5410,0,false
U-146a5c,A-c37cab,S-05624a,2024-12-30,feature_31,7,3787,0,true
U-45327d,A-c37cab,S-1e8c9e,2024-09-12,feature_13,8,2896,0,false
U-c9b759,A-c37cab,S-1e8c9e,2024-08-04,feature_15,10,4450,0,false
U-d9ad5b,A-c37cab,S-2661dc,2024-09-07,feature_13,15,2910,0,false
U-afb4a7,A-c37cab,S-2661dc,2024-12-27,feature_22,14,5348,5,false
U-467667,A-c37cab,S-2661dc,2024-11-11,feature_39,7,1988,1,false
U-822d01,A-c37cab,S-3b29ea,2024-08-01,feature_14,5,840,1,false
U-953a16,A-c37cab,S-6bc703,2024-09-10,feature_20,9,5175,1,false
U-0dafe1,A-c37cab,S-6bc703,2024-12-26,feature_25,9,3456,0,false
U-0f84ac,A-c37cab,S-6bc703,2024-11-02,feature_37,12,300,1,false
U-37ea3e,A-c37cab,S-90a6c9,2024-11-12,feature_19,9,4032,1,true
U-5daab3,A-c37cab,S-9b8504,2024-11-25,feature_37,6,1170,3,false
U-d6a701,A-c37cab,S-9b8504,2024-09-24,feature_4,7,2338,0,true
U-7f735f,A-c37cab,S-a0f3f7,2024-11-16,feature_23,15,1635,2,true
U-a12cef,A-c37cab,S-a0f3f7,2024-10-17,feature_37,9,2403,0,false
U-9d3abe,A-c37cab,S-a0f3f7,2024-09-09,feature_37,7,2793,1,false
U-1eb8f1,A-c37cab,S-b7c506,2024-10-15,feature_21,11,363,0,false
U-8555fc,A-c37cab,S-cb853a,2024-10-29,feature_25,6,1110,0,false
U-f6fc74,A-c42f1f,S-1bf267,2024-09-29,feature_20,10,2790,0,true
U-b1a646,A-c42f1f,S-1d3af2,2024-10-04,feature_22,8,3704,0,false
U-0a49c4,A-c42f1f,S-1f4c01,2024-10-30,feature_16,8,112,1,false
U-fba7e6,A-c42f1f,S-1f4c01,2024-08-21,feature_3,4,1312,1,false
U-9df6cb,A-c43359,S-3503cb,2024-12-20,feature_39,9,612,1,true
U-c0b530,A-c43359,S-8b345c,2024-12-06,feature_20,11,5522,0,false
U-c2184e,A-c43359,S-b3c4b8,2024-12-29,feature_11,10,4990,1,false
U-c14064,A-c43359,S-c86492,2024-12-24,feature_5,10,5890,0,false
U-0bbffc,A-c45b23,S-061025,2024-06-20,feature_6,10,450,1,false
U-cb8f02,A-c45b23,S-061025,2024-07-11,feature_31,8,3208,1,false
U-0bbd96,A-c45b23,S-061025,2024-01-18,feature_2,11,770,2,false
U-246da1,A-c45b23,S-0b2faf,2024-10-30,feature_7,7,1421,1,false
U-f69edb,A-c45b23,S-0c46bb,2024-03-18,feature_38,8,1176,3,true
U-1bf79d,A-c45b23,S-0c46bb,2024-05-31,feature_40,15,6855,2,true
U-4b9084,A-c45b23,S-2361ec,2024-04-11,feature_26,11,4202,1,true
U-a081bc,A-c45b23,S-2aa395,2024-02-07,feature_35,12,4152,0,false
U-fead8e,A-c45b23,S-62f048,2024-03-17,feature_18,10,3690,0,false
U-db0d71,A-c45b23,S-62f048,2024-07-11,feature_20,12,4476,0,false
U-63c7cb,A-c45b23,S-62f048,2024-03-22,feature_1,9,1224,0,false
U-a3e386,A-c45b23,S-62f048,2024-03-07,feature_23,8,2056,0,false
U-947c15,A-c45b23,S-62f048,2024-10-31,feature_37,14,7364,0,true
U-bfcd1d,A-c45b23,S-62f048,2024-05-03,feature_11,15,3045,0,false
U-89c3c2,A-c45b23,S-a36281,2024-04-11,feature_30,8,4256,0,false
U-83b8d9,A-c45b23,S-a36281,2024-09-20,feature_22,7,3619,0,false
U-4dbceb,A-c45b23,S-a36281,2024-10-22,feature_36,9,2547,0,false
U-7aa3b4,A-c45b23,S-a36281,2024-07-17,feature_36,17,6579,1,false
U-1a7169,A-c45b23,S-a4139f,2024-03-10,feature_17,6,2082,0,true
U-94a473,A-c45b23,S-a4139f,2024-10-15,feature_25,1,249,0,false
U-a63628,A-c45b23,S-a4139f,2024-02-17,feature_6,18,8586,0,false
U-0db2de,A-c45b23,S-a4139f,2024-09-02,feature_40,8,1320,0,false
U-94ce22,A-c45b23,S-a4139f,2024-04-28,feature_31,9,1746,0,false
U-384ace,A-c45b23,S-a4139f,2024-08-31,feature_40,8,840,1,false
U-1e39f8,A-c45b23,S-a9fb74,2023-12-29,feature_15,10,1370,2,false
U-061925,A-c45b23,S-a9fb74,2024-09-13,feature_6,12,912,0,false
U-229359,A-c45b23,S-a9fb74,2024-07-27,feature_19,11,869,0,false
U-15db7d,A-c45b23,S-d30d10,2024-06-30,feature_33,7,1666,0,false
U-13d002,A-c45b23,S-d30d10,2024-03-05,feature_32,10,4680,0,false
U-8d6250,A-c4ea60,S-0ada66,2024-05-31,feature_31,10,5710,0,false
U-b124dc,A-c4ea60,S-0ada66,2023-08-27,feature_20,14,7952,0,true
U-c429bd,A-c4ea60,S-0ada66,2024-09-06,feature_28,15,2010,0,false
U-17bf13,A-c4ea60,S-0ada66,2024-02-18,feature_27,9,3429,3,true
U-efed2c,A-c4ea60,S-0ada66,2024-01-29,feature_1,5,930,0,false
U-14d79b,A-c4ea60,S-0ada66,2023-12-27,feature_13,11,1826,3,true
U-ac3238,A-c4ea60,S-0ada66,2024-08-27,feature_39,8,2992,0,false
U-bbd158,A-c4ea60,S-0ada66,2024-12-11,feature_18,16,1616,0,false
U-21a7c6,A-c4ea60,S-16ce94,2023-12-24,feature_28,13,6682,0,false
U-b31353,A-c4ea60,S-16ce94,2024-01-25,feature_25,8,1848,1,false
U-40643a,A-c4ea60,S-16ce94,2023-08-27,feature_30,13,1261,0,false
U-0e71b3,A-c4ea60,S-16ce94,2023-06-27,feature_21,7,658,0,false
U-167121,A-c4ea60,S-3279f1,2024-07-19,feature_32,7,2562,0,true
U-61a817,A-c4ea60,S-3279f1,2024-08-21,feature_5,7,3682,0,false
U-c2918c,A-c4ea60,S-3279f1,2023-12-20,feature_30,14,6104,0,false
U-91357e,A-c4ea60,S-501046,2023-09-29,feature_32,10,2780,0,false
U-d0f78d,A-c4ea60,S-501046,2024-07-14,feature_27,4,888,0,false
U-781cdb,A-c4ea60,S-7af0d5,2023-07-05,feature_18,16,208,0,false
U-f3df13,A-c4ea60,S-7af0d5,2023-04-19,feature_38,6,2808,0,true
U-7f03cf,A-c4ea60,S-7af0d5,2023-07-17,feature_9,14,6552,1,false
U-d5a215,A-c4ea60,S-935e79,2024-11-01,feature_34,18,6822,0,false
U-76aa50,A-c4ea60,S-935e79,2024-07-03,feature_22,9,3114,0,true
U-02ca10,A-c4ea60,S-935e79,2023-11-20,feature_39,16,9504,0,false
U-76f450,A-c4ea60,S-a3791c,2023-12-14,feature_15,8,4136,0,false
U-1911e2,A-c4ea60,S-a3791c,2024-04-01,feature_30,14,1176,0,false
U-ded778,A-c4ea60,S-a67e83,2023-11-19,feature_7,9,1539,0,false
U-9c1ae7,A-c4ea60,S-a67e83,2023-10-11,feature_37,6,3018,0,false
U-c41535,A-c4ea60,S-a67e83,2024-12-10,feature_28,13,3965,0,false
U-538f5b,A-c4ea60,S-a67e83,2023-07-28,feature_12,5,235,0,false
U-dc4da4,A-c4ea60,S-a67e83,2023-10-23,feature_39,8,3720,2,false
U-b29c93,A-c4ea60,S-a67e83,2024-04-01,feature_29,11,5049,0,false
U-e782c1,A-c4ea60,S-ebe172,2024-01-05,feature_3,7,126,3,false
U-1fda35,A-c4ea60,S-ebe172,2023-09-16,feature_35,4,2188,0,false
U-797714,A-c4ea60,S-ebe172,2024-10-09,feature_8,14,6958,2,false
U-e5a9db,A-c58f49,S-1a9c5c,2024-12-01,feature_26,15,4875,0,false
U-cac619,A-c58f49,S-354f6f,2024-09-16,feature_35,7,252,0,false
U-d832b5,A-c58f49,S-a0d68d,2024-10-23,feature_2,12,864,0,false
U-e5ff96,A-c58f49,S-a0d68d,2024-12-01,feature_18,6,888,0,false
U-711271,A-c58f49,S-ad02b5,2024-12-09,feature_23,11,6138,0,false
U-c33c10,A-c58f49,S-f50851,2024-09-05,feature_25,10,940,0,false
U-d9f014,A-c608c8,S-041553,2024-10-11,feature_14,7,1176,0,false
U-cf927a,A-c608c8,S-041553,2024-07-11,feature_31,15,5415,0,false
U-d916f4,A-c608c8,S-07ff57,2024-06-03,feature_15,11,2992,0,false
U-02acd5,A-c608c8,S-07ff57,2024-01-23,feature_3,7,2359,1,false
U-3123b7,A-c608c8,S-07ff57,2023-09-24,feature_21,11,1716,1,false
U-4ff107,A-c608c8,S-07ff57,2024-12-31,feature_35,9,2961,0,true
U-be7d77,A-c608c8,S-07ff57,2024-05-12,feature_9,8,4432,0,true
U-2e89e7,A-c608c8,S-07ff57,2023-11-21,feature_32,10,2300,0,false
U-d090ad,A-c608c8,S-07ff57,2024-11-26,feature_22,12,1872,0,true
U-d6f20e,A-c608c8,S-1db3e6,2023-12-09,feature_31,9,1521,0,false
U-44e657,A-c608c8,S-1db3e6,2024-07-15,feature_35,8,3960,0,false
U-010cff,A-c608c8,S-1db3e6,2024-04-29,feature_34,11,5764,1,false
U-1194e6,A-c608c8,S-1db3e6,2024-03-04,feature_21,9,702,0,false
U-bd120a,A-c608c8,S-212fc4,2023-07-03,feature_25,10,3220,1,false
U-721691,A-c608c8,S-212fc4,2023-09-03,feature_15,17,6103,0,false
U-8c3df3,A-c608c8,S-212fc4,2024-11-26,feature_39,6,3294,0,false
U-e41aa5,A-c608c8,S-212fc4,2024-10-01,feature_4,10,3330,0,false
U-fc3324,A-c608c8,S-37a9e3,2023-12-19,feature_19,8,2592,2,false
U-61618a,A-c608c8,S-37a9e3,2024-04-08,feature_37,9,5193,0,false
U-da0048,A-c608c8,S-37a9e3,2023-11-24,feature_22,12,6156,1,false
U-44f09f,A-c608c8,S-37a9e3,2023-12-01,feature_33,10,3740,0,false
U-52bca1,A-c608c8,S-37a9e3,2024-03-30,feature_2,13,5824,1,false
U-94a4cf,A-c608c8,S-4473ec,2024-02-07,feature_6,11,2431,0,true
U-bfce6b,A-c608c8,S-4473ec,2024-10-10,feature_26,14,2912,2,false
U-e5a0ea,A-c608c8,S-4473ec,2024-09-06,feature_40,10,3080,0,false
U-b8ca7b,A-c608c8,S-4473ec,2023-09-13,feature_11,8,1928,1,false
U-3b3061,A-c608c8,S-4473ec,2023-10-29,feature_18,9,1305,1,false
U-03db27,A-c608c8,S-4473ec,2023-08-10,feature_22,11,6105,1,false
U-07b353,A-c608c8,S-a24aa1,2024-06-22,feature_7,11,4268,1,false
U-12e449,A-c608c8,S-a24aa1,2024-07-15,feature_18,13,6058,1,false
U-d9ec0b,A-c608c8,S-a24aa1,2024-10-20,feature_2,12,2664,0,false
U-893e51,A-c608c8,S-a24aa1,2023-07-27,feature_24,16,3264,1,false
U-55341c,A-c608c8,S-a24aa1,2023-07-15,feature_30,13,7176,0,false
U-b49268,A-c608c8,S-cfb108,2024-05-06,feature_20,10,3840,0,false
U-ad351b,A-c608c8,S-cfb108,2023-09-27,feature_34,8,1992,1,false
U-73b76d,A-c62e55,S-2c3d7d,2024-11-23,feature_23,11,1848,2,false
U-0f92b8,A-c62e55,S-2daa17,2024-10-28,feature_1,10,3320,0,false
U-aa6523,A-c62e55,S-2daa17,2024-12-12,feature_39,9,1593,0,false
U-dd85ba,A-c62e55,S-2daa17,2024-11-14,feature_4,12,1080,0,true
U-03b6a5,A-c62e55,S-4ebd94,2024-01-29,feature_3,8,1784,2,false
U-02fa83,A-c62e55,S-4ebd94,2024-02-04,feature_39,9,4968,0,false
U-0b4dc9,A-c62e55,S-81d63a,2024-12-08,feature_35,11,3685,2,false
U-29ac94,A-c62e55,S-81d63a,2024-01-18,feature_32,7,4011,0,false
U-b4c332,A-c62e55,S-894692,2023-12-23,feature_21,10,1570,0,false
U-bbe419,A-c62e55,S-894692,2024-03-25,feature_19,14,6286,1,true
U-fba25d,A-c62e55,S-91ab2e,2024-07-25,feature_39,10,1650,0,false
U-ea4da5,A-c62e55,S-9c67ab,2024-08-30,feature_21,8,904,0,false
U-825794,A-c62e55,S-9c67ab,2024-03-04,feature_38,12,276,0,false
U-bcb004,A-c62e55,S-9c67ab,2023-11-16,feature_22,13,78,0,false
U-ff3cc3,A-c62e55,S-9c67ab,2024-03-09,feature_24,10,2250,0,false
U-6498cd,A-c62e55,S-9e7060,2024-05-18,feature_31,13,7423,3,false
U-38f258,A-c62e55,S-9f9dfe,2024-03-24,feature_25,8,448,0,false
U-eb4002,A-c62e55,S-9f9dfe,2024-02-09,feature_23,22,12034,0,false
U-ba3b7c,A-c70870,S-57bdc2,2024-12-16,feature_5,9,2628,0,false
U-98fa12,A-c70870,S-6eeae1,2024-12-31,feature_12,5,1165,0,false
U-59e3c7,A-c70870,S-78f738,2024-12-15,feature_40,8,4040,0,true
U-1f1de8,A-c70870,S-8856af,2024-11-16,feature_9,8,2624,0,false
U-72815a,A-c70870,S-d1aacf,2024-12-19,feature_7,11,121,0,false
U-30a564,A-c70870,S-f4059b,2024-11-11,feature_21,13,7540,0,false
U-0eede0,A-c7e58b,S-0a9660,2024-06-25,feature_29,11,5247,2,false
U-f8b292,A-c7e58b,S-0a9660,2024-06-30,feature_22,8,3112,0,false
U-10867d,A-c7e58b,S-0a9660,2023-12-18,feature_9,7,3857,0,false
U-679cfd,A-c7e58b,S-395a98,2023-10-29,feature_27,9,2745,0,false
U-91db8c,A-c7e58b,S-395a98,2024-01-16,feature_26,9,2799,1,false
U-484a03,A-c7e58b,S-395a98,2024-06-03,feature_36,17,7837,0,false
U-cf5193,A-c7e58b,S-591a64,2024-08-25,feature_2,9,4887,0,false
U-f942c5,A-c7e58b,S-591a64,2023-10-15,feature_7,12,144,0,false
U-fbb151,A-c7e58b,S-591a64,2023-09-02,feature_22,5,2255,0,false
U-5736ce,A-c7e58b,S-925f82,2024-04-18,feature_7,5,2095,0,false
U-0c87d4,A-c7e58b,S-925f82,2024-11-19,feature_4,11,4917,0,false
U-8b3934,A-c7e58b,S-925f82,2024-07-16,feature_23,12,1608,1,false
U-ee3f37,A-c7e58b,S-925f82,2024-03-20,feature_34,13,6760,0,false
U-8e1c19,A-c7e58b,S-925f82,2023-10-07,feature_33,7,3584,0,false
U-a24ed0,A-c7e58b,S-925f82,2024-05-01,feature_14,10,2060,2,false
U-246a60,A-c7e58b,S-925f82,2023-10-14,feature_35,10,410,2,false
U-1a4b29,A-c7e58b,S-9e64bd,2024-08-23,feature_23,13,7657,2,false
U-a116d9,A-c7e58b,S-9e64bd,2023-12-16,feature_27,11,1826,0,false
U-4cadd5,A-c7e58b,S-a5baf1,2024-11-12,feature_14,8,4584,1,false
U-315689,A-c7e58b,S-a5baf1,2023-11-28,feature_30,9,1872,0,false
U-75630f,A-c7e58b,S-a5baf1,2023-10-06,feature_35,7,469,0,false
U-50dcfe,A-c7e58b,S-e50612,2024-07-16,feature_14,8,1568,0,false
U-2fe507,A-c7e58b,S-e50612,2024-08-19,feature_6,10,3940,0,false
U-2bbe32,A-c7ffc2,S-0a2238,2024-10-17,feature_31,10,3090,3,false
U-f5f1c6,A-c7ffc2,S-0a2238,2023-07-13,feature_20,17,8058,0,false
U-66c2b6,A-c7ffc2,S-0a2238,2024-09-03,feature_21,11,2981,0,false
U-b247f7,A-c7ffc2,S-0a2238,2024-05-06,feature_32,13,1846,0,false
U-64ea08,A-c7ffc2,S-0a2238,2024-06-04,feature_35,16,7712,4,false
U-842d72,A-c7ffc2,S-0a2238,2023-10-16,feature_9,12,3360,0,false
U-27c462,A-c7ffc2,S-1082f7,2023-05-25,feature_22,8,1248,0,false
U-b0ae95,A-c7ffc2,S-1082f7,2024-06-09,feature_36,4,1440,0,false
U-c7cc7a,A-c7ffc2,S-2359a2,2024-01-30,feature_2,7,1407,0,false
U-7d2fde,A-c7ffc2,S-2359a2,2024-11-04,feature_10,14,8372,0,false
U-664adb,A-c7ffc2,S-2b550a,2024-05-17,feature_8,14,7742,1,false
U-7813de,A-c7ffc2,S-2b550a,2023-09-25,feature_8,16,6128,1,false
U-1c17fa,A-c7ffc2,S-432401,2024-08-18,feature_7,11,6490,0,false
U-095e52,A-c7ffc2,S-432401,2024-10-30,feature_30,14,770,0,false
U-c444aa,A-c7ffc2,S-432401,2024-04-24,feature_20,6,372,2,false
U-6a68ec,A-c7ffc2,S-432401,2024-05-19,feature_29,7,854,0,false
U-1a426b,A-c7ffc2,S-432401,2024-09-21,feature_4,7,3696,0,false
U-8971ee,A-c7ffc2,S-772ef0,2023-09-12,feature_38,6,1974,0,false
U-2a3db4,A-c7ffc2,S-772ef0,2024-07-13,feature_38,9,387,1,false
U-3d5255,A-c7ffc2,S-772ef0,2024-06-15,feature_19,10,2490,0,false
U-20cd2c,A-c7ffc2,S-772ef0,2024-06-22,feature_20,12,5364,0,false
U-8729a2,A-c7ffc2,S-772ef0,2023-05-26,feature_9,10,3830,0,false
U-ce56fb,A-c7ffc2,S-772ef0,2024-05-27,feature_35,13,6071,3,true
U-986818,A-c7ffc2,S-772ef0,2023-07-10,feature_9,12,3180,2,false
U-e8acb1,A-c7ffc2,S-772ef0,2023-08-23,feature_4,10,2430,0,false
U-642198,A-c7ffc2,S-772ef0,2024-08-15,feature_37,9,1881,0,false
U-582c81,A-c7ffc2,S-8a7e47,2024-02-15,feature_30,7,1218,0,false
U-775cbf,A-c7ffc2,S-8a7e47,2024-08-04,feature_36,12,4248,0,true
U-04f097,A-c7ffc2,S-8a7e47,2024-09-19,feature_14,11,6490,2,false
U-e4abb5,A-c7ffc2,S-8eb6df,2024-06-15,feature_5,8,2616,0,false
U-f0c0da,A-c7ffc2,S-8eb6df,2024-03-31,feature_26,9,1431,0,false
U-6bf9e9,A-c7ffc2,S-8eb6df,2024-12-30,feature_37,10,3480,0,false
U-4445f3,A-c7ffc2,S-aa7247,2024-12-27,feature_10,12,6420,3,false
U-0e75f6,A-c7ffc2,S-aa7247,2024-12-19,feature_6,9,1125,0,false
U-8d1485,A-c7ffc2,S-c25263,2024-02-02,feature_22,16,4336,0,false
U-f07cb8,A-c7ffc2,S-c25263,2023-08-07,feature_5,9,369,0,false
U-1df07c,A-c7ffc2,S-c25263,2024-09-16,feature_9,4,1836,0,false
U-244b89,A-c7ffc2,S-c25263,2024-01-14,feature_31,8,472,1,false
U-66c0dc,A-c7ffc2,S-c25263,2024-04-21,feature_23,14,6258,0,true
U-363fc0,A-c7ffc2,S-c25263,2024-04-22,feature_36,7,2912,0,false
U-cb2eb2,A-c7ffc2,S-c25263,2024-05-31,feature_22,11,2750,0,false
U-9950c8,A-c7ffc2,S-cdde2b,2023-07-12,feature_37,17,4080,0,false
U-830042,A-c7ffc2,S-cdde2b,2024-04-07,feature_13,10,1610,0,false
U-e42700,A-c7ffc2,S-cdde2b,2023-08-14,feature_1,12,4296,0,false
U-748431,A-c7ffc2,S-f6ca9e,2024-03-27,feature_6,17,2057,0,false
U-8bdee6,A-c7ffc2,S-f6ca9e,2024-08-17,feature_39,11,5720,0,false
U-111d88,A-c7ffc2,S-f6ca9e,2023-08-01,feature_10,7,616,0,false
U-fc224f,A-c7ffc2,S-f6ca9e,2023-08-04,feature_24,9,1791,0,false
U-48c7db,A-c9bb3e,S-25a969,2024-09-26,feature_15,9,4869,0,false
U-f1beb9,A-c9bb3e,S-25a969,2024-06-03,feature_40,6,1836,2,false
U-b37ea1,A-c9bb3e,S-2ae5d8,2024-04-11,feature_19,14,7476,0,false
U-a517c8,A-c9bb3e,S-2ae5d8,2024-09-06,feature_36,12,5376,0,false
U-f22134,A-c9bb3e,S-2ae5d8,2024-04-21,feature_36,7,1260,2,false
U-cad3b4,A-c9bb3e,S-8c9649,2024-08-29,feature_12,7,1253,0,false
U-fabcb4,A-c9bb3e,S-8c9649,2024-05-10,feature_11,8,1456,0,true
U-415423,A-c9bb3e,S-b2d7c6,2024-09-01,feature_10,11,5742,0,false
U-c64636,A-c9bb3e,S-b2d7c6,2024-09-01,feature_40,8,696,0,false
U-abaac3,A-c9bb3e,S-b2d7c6,2024-10-17,feature_13,10,860,2,false
U-fdfaef,A-c9bb3e,S-cfaa97,2024-11-01,feature_38,7,4116,0,false
U-789ec3,A-c9bb3e,S-fc2742,2024-05-21,feature_32,10,2870,0,false
U-a024a2,A-c9bb3e,S-fc2742,2024-06-18,feature_19,7,3360,0,false
U-b7f250,A-c9bb3e,S-ff4611,2024-08-19,feature_13,12,7188,0,false
U-94e3c4,A-cab532,S-10fc7d,2024-04-21,feature_35,7,3647,0,false
U-227671,A-cab532,S-10fc7d,2023-05-17,feature_34,8,3952,0,false
U-93be70,A-cab532,S-10fc7d,2023-10-04,feature_35,15,8070,0,false
U-72ca98,A-cab532,S-10fc7d,2023-10-04,feature_10,13,7670,2,false
U-99de89,A-cab532,S-10fc7d,2024-03-01,feature_35,12,3228,0,false
U-1ea589,A-cab532,S-10fc7d,2024-12-27,feature_14,13,6305,2,false
U-2fec4c,A-cab532,S-10fc7d,2024-01-19,feature_39,15,3015,0,false
U-aac036,A-cab532,S-10fc7d,2024-08-06,feature_37,12,216,0,false
U-3b7b23,A-cab532,S-180ae3,2023-07-23,feature_18,8,4184,0,false
U-baa244,A-cab532,S-180ae3,2024-01-01,feature_40,1,376,0,false
U-d739b8,A-cab532,S-180ae3,2023-12-29,feature_34,10,5480,2,false
U-f8bb8e,A-cab532,S-180ae3,2023-04-26,feature_24,12,1080,0,false
U-1ce462,A-cab532,S-180ae3,2024-08-18,feature_12,8,496,0,false
U-8a82c1,A-cab532,S-180ae3,2024-03-19,feature_37,10,50,1,false
U-797140,A-cab532,S-180ae3,2024-03-28,feature_2,12,3972,0,false
U-de896a,A-cab532,S-180ae3,2024-04-29,feature_11,10,2780,0,false
U-d1b8f6,A-cab532,S-180ae3,2023-05-05,feature_35,13,871,0,true
U-af6260,A-cab532,S-2ba4ee,2024-01-07,feature_19,12,4020,0,false
U-50ddbf,A-cab532,S-2ba4ee,2023-05-08,feature_16,8,56,0,false
U-2d4c01,A-cab532,S-2ba4ee,2023-09-10,feature_5,12,4428,1,false
U-29d1ea,A-cab532,S-2ba4ee,2024-01-16,feature_30,14,4060,0,false
U-d98989,A-cab532,S-2ba4ee,2023-05-30,feature_39,8,2960,2,false
U-694776,A-cab532,S-2ba4ee,2024-02-24,feature_14,10,5690,2,false
U-07a137,A-cab532,S-2ba4ee,2023-06-28,feature_21,8,3976,2,false
U-183e1d,A-cab532,S-2ba4ee,2023-08-21,feature_31,9,3654,0,false
U-3c87f5,A-cab532,S-301b73,2024-07-24,feature_22,10,5240,2,false
U-6019e6,A-cab532,S-301b73,2023-04-27,feature_31,7,1834,3,false
U-3920e9,A-cab532,S-301b73,2024-10-24,feature_29,12,1716,1,false
U-0bd39d,A-cab532,S-301b73,2023-06-05,feature_13,6,810,1,false
U-8cc817,A-cab532,S-301b73,2023-07-30,feature_34,8,224,0,false
U-976da9,A-cab532,S-301b73,2024-08-31,feature_3,11,2277,0,false
U-3a8ac8,A-cab532,S-56cb4f,2024-09-26,feature_28,9,1773,0,false
U-b83254,A-cab532,S-56cb4f,2024-04-15,feature_28,8,2384,0,false
U-62b591,A-cab532,S-56cb4f,2023-07-15,feature_6,10,1370,0,true
U-552c08,A-cab532,S-56cb4f,2024-01-16,feature_9,11,3311,0,true
U-6b4a77,A-cab532,S-5a37dc,2024-12-14,feature_33,12,3456,0,false
U-98256b,A-cab532,S-5a37dc,2024-12-30,feature_34,11,1947,2,false
U-7d30ee,A-cab532,S-5a37dc,2023-10-10,feature_14,11,4532,0,false
U-68149f,A-cab532,S-5a37dc,2024-07-15,feature_16,8,2600,0,false
U-b6129e,A-cab532,S-5a37dc,2023-12-26,feature_6,5,2760,1,true
U-054b43,A-cab532,S-82484b,2024-07-22,feature_37,10,1240,1,false
U-6e1ac2,A-cab532,S-82484b,2024-09-11,feature_21,3,1647,0,false
U-f62984,A-cab532,S-82484b,2024-04-17,feature_21,9,144,0,false
U-b6c5d2,A-cab532,S-82484b,2024-09-04,feature_1,12,492,0,false
U-440798,A-cab532,S-82484b,2024-08-11,feature_10,14,4200,0,false
U-4bedfa,A-cab532,S-82484b,2024-10-11,feature_33,7,3654,0,true
U-a8f2ba,A-cab532,S-82484b,2024-06-16,feature_28,6,2016,0,false
U-79e90a,A-cab532,S-82484b,2024-05-10,feature_22,11,2717,1,false
U-1f25b5,A-cab532,S-88cb91,2024-11-17,feature_23,9,2862,0,false
U-0b022d,A-cab532,S-88cb91,2023-12-08,feature_17,11,5258,0,false
U-f525d7,A-cab532,S-88cb91,2023-07-07,feature_35,10,3050,0,false
U-612db0,A-cab532,S-88cb91,2024-09-20,feature_11,11,2673,0,false
U-52f7ff,A-cab532,S-88cb91,2023-06-14,feature_6,9,1665,0,false
U-2dcbd9,A-cab532,S-88cb91,2023-08-30,feature_1,10,3640,1,false
U-a40657,A-cab532,S-88cb91,2024-07-06,feature_23,4,656,0,false
U-dff0d9,A-cab532,S-88cb91,2024-09-06,feature_25,14,6020,0,false
U-021acc,A-cab532,S-9cd745,2024-05-04,feature_23,10,2890,1,false
U-ca3826,A-cab532,S-9cd745,2023-07-23,feature_15,8,1680,0,false
U-0fa9a0,A-cab532,S-9cd745,2024-06-08,feature_5,3,1584,0,false
U-09f1b7,A-cab532,S-9d8525,2023-12-16,feature_33,12,1128,0,true
U-57ae22,A-cab532,S-9d8525,2023-07-10,feature_7,10,990,0,false
U-ef1e03,A-cab532,S-9d8525,2024-12-28,feature_2,9,2592,0,false
U-616ac7,A-cab532,S-9d8525,2024-04-09,feature_8,16,8736,1,false
U-d4dafe,A-cab532,S-9d8525,2024-03-11,feature_36,8,4400,0,false
U-fb16e5,A-cab532,S-9d8525,2024-11-26,feature_14,10,2810,1,false
U-894e56,A-cab532,S-af854c,2024-12-10,feature_20,7,2352,1,false
U-ea5a96,A-cab532,S-af854c,2024-09-13,feature_36,13,1300,0,false
U-84ba2a,A-cab532,S-af854c,2023-08-25,feature_16,18,10674,0,false
U-9d7311,A-cab532,S-af854c,2023-11-28,feature_15,11,2750,2,false
U-345564,A-cab532,S-af854c,2023-07-04,feature_14,18,10764,0,false
U-136f9b,A-cab532,S-af854c,2024-03-13,feature_34,15,2325,2,false
U-a6516b,A-cab532,S-c63e51,2023-10-15,feature_15,7,1694,0,false
U-46b3c6,A-cab532,S-c63e51,2024-12-13,feature_16,8,864,0,false
U-aac71c,A-cab532,S-c63e51,2024-10-21,feature_21,13,3068,0,false
U-cc746b,A-cab532,S-c63e51,2023-05-29,feature_38,11,3531,0,false
U-8c6a8f,A-cab532,S-c63e51,2024-02-13,feature_32,5,2735,1,false
U-6139ae,A-cab532,S-c63e51,2024-10-19,feature_12,7,2639,0,true
U-804031,A-cab532,S-d660d6,2024-02-27,feature_38,10,1100,2,false
U-c1da1c,A-cab532,S-d660d6,2024-11-14,feature_11,4,724,2,false
U-68727f,A-cab532,S-d660d6,2023-11-22,feature_16,15,1980,0,false
U-72e819,A-cab532,S-d660d6,2024-06-30,feature_26,11,2871,0,false
U-670b0f,A-cab532,S-d660d6,2023-07-06,feature_30,7,420,0,false
U-6ffce3,A-cab532,S-d660d6,2024-04-24,feature_8,9,72,0,false
U-fed0bd,A-cab532,S-e8f8c0,2024-01-24,feature_40,7,371,0,false
U-f6024e,A-cab532,S-e8f8c0,2023-09-30,feature_5,7,2702,0,false
U-5902a3,A-cab532,S-e8f8c0,2024-04-17,feature_24,6,2190,0,false
U-d3f573,A-cab532,S-e8f8c0,2023-12-02,feature_8,5,2030,0,false
U-0b3358,A-cb5333,S-007e2c,2024-11-09,feature_28,11,5324,0,true
U-0c8a0b,A-cb5333,S-007e2c,2024-05-26,feature_15,9,1953,0,false
U-5c264c,A-cb5333,S-007e2c,2024-05-17,feature_16,10,4140,0,false
U-694bdd,A-cb5333,S-007e2c,2024-11-24,feature_18,9,585,0,true
U-353b53,A-cb5333,S-0e3b42,2024-06-12,feature_11,11,5764,0,false
U-8e1210,A-cb5333,S-0e3b42,2024-07-04,feature_2,6,3162,0,false
U-34582f,A-cb5333,S-0e3b42,2024-06-14,feature_29,12,6804,0,false
U-1b9252,A-cb5333,S-0e3b42,2024-08-03,feature_5,8,1136,3,false
U-a4a662,A-cb5333,S-0ff1eb,2024-05-10,feature_9,9,2790,0,true
U-608728,A-cb5333,S-0ff1eb,2024-12-11,feature_6,8,1088,0,false
U-10d5a0,A-cb5333,S-2e79e8,2024-07-13,feature_3,14,6384,0,false
U-e0637e,A-cb5333,S-5bde76,2024-08-29,feature_11,6,2580,0,false
U-ec810c,A-cb5333,S-5bde76,2024-05-15,feature_21,8,3616,4,false
U-cc1c50,A-cb5333,S-5bde76,2024-05-26,feature_26,12,7044,0,false
U-0b968c,A-cb5333,S-5bde76,2024-08-22,feature_32,13,7332,0,false
U-d608d8,A-cb5333,S-6102fe,2024-05-03,feature_11,9,3870,4,false
U-4311d4,A-cb5333,S-71cefe,2024-06-01,feature_8,11,4180,0,false
U-3bee4e,A-cb5333,S-71cefe,2024-07-19,feature_19,9,342,0,false
U-acb8f5,A-cb5333,S-71cefe,2024-09-25,feature_11,13,2418,0,false
U-9ff6c8,A-cb5333,S-74704b,2024-06-16,feature_16,8,3608,0,false
U-372284,A-cb5333,S-7b9b62,2024-11-05,feature_15,9,3681,2,false
U-7f911c,A-cb5333,S-7b9b62,2024-10-05,feature_36,11,473,0,false
U-ba3423,A-cb5333,S-806d7b,2024-07-06,feature_11,11,4015,0,false
U-2b02bb,A-cb5333,S-806d7b,2024-12-08,feature_21,7,3038,0,false
U-f81918,A-cb5333,S-8a50a0,2024-10-08,feature_18,14,6398,0,false
U-fcea7b,A-cb5333,S-8a50a0,2024-07-17,feature_25,10,1860,1,false
U-0e8473,A-cb5333,S-c8292c,2024-04-13,feature_22,9,5184,0,false
U-23cf14,A-cb5333,S-ca136e,2024-10-16,feature_23,12,1284,0,false
U-8d3a1e,A-cb5333,S-cd4dcd,2024-10-09,feature_22,11,627,0,false
U-6a5a5f,A-cb5333,S-cd4dcd,2024-12-21,feature_40,12,2208,0,false
U-303134,A-cb5333,S-f30081,2024-08-21,feature_14,8,2144,2,false
U-399761,A-cb6cc6,S-24323f,2024-03-07,feature_15,10,50,0,false
U-d860fe,A-cb6cc6,S-24323f,2023-12-21,feature_9,23,12075,4,false
U-6ecf84,A-cb6cc6,S-24323f,2024-06-19,feature_39,7,854,0,false
U-27b4c6,A-cb6cc6,S-24323f,2024-02-07,feature_16,8,4264,4,false
U-18d5f0,A-cb6cc6,S-24323f,2024-03-21,feature_5,4,24,1,false
U-bd249b,A-cb6cc6,S-2b7664,2024-04-23,feature_34,9,4662,0,false
U-13fee8,A-cb6cc6,S-2b7664,2023-12-26,feature_23,6,1068,0,false
U-a26729,A-cb6cc6,S-31e347,2024-07-05,feature_38,5,1800,0,false
U-043fd2,A-cb6cc6,S-31e347,2024-06-20,feature_22,18,9324,0,false
U-5c3d36,A-cb6cc6,S-31e347,2024-11-23,feature_31,7,2660,0,false
U-37cb3c,A-cb6cc6,S-31e347,2024-05-21,feature_39,10,4490,0,false
U-5c3f6c,A-cb6cc6,S-31e347,2023-08-21,feature_8,6,1476,2,false
U-c2b14a,A-cb6cc6,S-31e347,2024-05-21,feature_10,12,2820,0,false
U-6b9bc9,A-cb6cc6,S-3476e2,2024-08-25,feature_10,9,2583,0,false
U-ea5a67,A-cb6cc6,S-3476e2,2024-11-10,feature_1,11,2123,1,false
U-493df6,A-cb6cc6,S-3476e2,2024-12-21,feature_33,14,4060,1,false
U-d897f7,A-cb6cc6,S-3476e2,2024-07-24,feature_37,12,660,0,false
U-0b5bb9,A-cb6cc6,S-3476e2,2024-01-05,feature_34,9,2160,1,false
U-6efc22,A-cb6cc6,S-3476e2,2024-08-10,feature_36,9,927,1,false
U-88341d,A-cb6cc6,S-3476e2,2024-06-04,feature_31,8,4424,0,false
U-66c1c8,A-cb6cc6,S-9828eb,2024-02-04,feature_32,7,3598,0,false
U-a9c09d,A-cb6cc6,S-9828eb,2023-10-23,feature_1,11,2310,0,false
U-466c0a,A-cb6cc6,S-9828eb,2024-07-02,feature_30,10,2450,4,false
U-5fe3d7,A-cb6cc6,S-bfdb45,2024-10-08,feature_21,8,1696,0,false
U-7e5494,A-cb6cc6,S-bfdb45,2024-07-30,feature_2,6,114,1,false
U-74838a,A-cb6cc6,S-ce695e,2023-08-03,feature_27,7,105,0,false
U-303757,A-cb6cc6,S-ce695e,2024-10-02,feature_8,7,2044,0,false
U-5ae069,A-cb6cc6,S-ce695e,2024-03-17,feature_34,3,1062,5,false
U-bd379c,A-cbbe12,S-26191b,2023-11-22,feature_36,10,4110,1,false
U-817b65,A-cbbe12,S-26191b,2023-08-09,feature_18,9,2151,0,false
U-1adc8d,A-cbbe12,S-26191b,2024-03-03,feature_3,9,549,0,false
U-fe0b5a,A-cbbe12,S-26191b,2023-09-28,feature_38,9,4761,0,false
U-9949c6,A-cbbe12,S-3d0e64,2023-10-14,feature_14,8,2256,0,false
U-cb08c5,A-cbbe12,S-3d0e64,2024-04-23,feature_23,10,870,0,false
U-aa354c,A-cbbe12,S-7b01d4,2024-12-02,feature_21,5,2945,0,false
U-f0d5f9,A-cbbe12,S-7b01d4,2024-06-24,feature_35,7,1995,1,false
U-f67a70,A-cbbe12,S-8bf576,2023-08-30,feature_23,7,497,0,false
U-2214be,A-cbbe12,S-8bf576,2024-12-02,feature_35,11,3806,0,false
U-5b3d2e,A-cbbe12,S-a4fd17,2023-07-30,feature_24,5,970,0,false
U-edfa77,A-cbbe12,S-a4fd17,2024-06-11,feature_14,6,2724,0,false
U-b62843,A-cbbe12,S-a4fd17,2024-07-08,feature_36,7,3661,1,false
U-c90282,A-cbbe12,S-be828b,2024-06-27,feature_23,4,1540,3,false
U-fba0af,A-cbbe12,S-be828b,2024-09-03,feature_1,5,2570,0,false
U-ee68ff,A-cbbe12,S-be828b,2024-07-05,feature_6,8,1864,0,false
U-7c6703,A-cbd1a3,S-ae9ce7,2024-12-21,feature_40,13,897,0,false
U-077cf1,A-cbd1a3,S-dc77b7,2024-11-29,feature_14,11,3696,0,false
U-d77a1c,A-cbd1a3,S-ec7c12,2024-12-21,feature_13,8,1328,0,false
U-947ad8,A-cc102e,S-01b2dc,2024-10-16,feature_26,9,711,2,false
U-0494c4,A-cc102e,S-01b2dc,2024-11-29,feature_2,11,5951,2,false
U-746780,A-cc102e,S-01b2dc,2024-05-15,feature_35,10,1080,2,false
U-3aad25,A-cc102e,S-0e0ec8,2024-12-28,feature_13,14,5922,0,false
U-7bd1cd,A-cc102e,S-2dc99d,2024-06-28,feature_14,14,2912,0,false
U-ef7656,A-cc102e,S-9f38a5,2024-12-04,feature_9,7,1127,0,false
U-5de1bf,A-cc102e,S-a88ffd,2024-06-06,feature_12,8,4592,0,false
U-c71ac4,A-cc102e,S-a88ffd,2024-07-05,feature_32,6,3174,0,false
U-13ef7b,A-cc102e,S-a88ffd,2024-09-05,feature_34,6,3030,0,false
U-6c9b20,A-cc102e,S-a88ffd,2024-05-11,feature_13,9,4329,0,false
U-368606,A-cc102e,S-c0352b,2024-12-22,feature_19,11,3245,0,true
U-f5e059,A-cc102e,S-d8a52e,2024-08-07,feature_8,9,1953,2,false
U-891825,A-cc102e,S-d8a52e,2024-11-14,feature_33,9,4275,5,false
U-b77399,A-cc1d8d,S-c25e9d,2024-12-15,feature_25,11,5753,0,false
U-fb1b6a,A-cc8c8f,S-0e43ad,2024-07-24,feature_16,6,1902,0,false
U-7bb0a2,A-cc8c8f,S-0e43ad,2024-08-20,feature_12,12,5748,2,false
U-8212d3,A-cc8c8f,S-497428,2024-08-16,feature_15,10,1730,0,false
U-b10aad,A-cc8c8f,S-526874,2024-06-30,feature_19,14,3710,0,false
U-7121f3,A-cc8c8f,S-526874,2024-06-22,feature_27,6,204,0,true
U-b319de,A-cc8c8f,S-a2b83d,2024-11-07,feature_27,14,7686,1,false
U-8b44c8,A-cc8c8f,S-bc7cab,2024-11-05,feature_17,9,297,1,false
U-551fd0,A-cc8c8f,S-bc7cab,2024-11-21,feature_7,6,102,2,false
U-c04daf,A-cc98bc,S-0e057d,2024-10-02,feature_38,12,5376,0,false
U-62df4c,A-cc98bc,S-0e057d,2024-01-30,feature_12,14,5810,0,false
U-22c973,A-cc98bc,S-0e057d,2024-11-18,feature_4,12,396,0,false
U-2beb99,A-cc98bc,S-30008c,2024-10-12,feature_38,13,624,0,false
U-5c8ee1,A-cc98bc,S-30008c,2024-01-05,feature_31,13,741,1,false
U-24869e,A-cc98bc,S-30008c,2023-07-23,feature_1,6,3600,4,false
U-cd3442,A-cc98bc,S-30008c,2023-10-30,feature_26,14,5880,0,false
U-9f7332,A-cc98bc,S-576519,2023-07-29,feature_35,9,2817,3,false
U-cd3216,A-cc98bc,S-576519,2024-03-04,feature_20,11,3102,1,false
U-1f20b7,A-cc98bc,S-576519,2024-02-25,feature_21,12,3420,0,false
U-c88c5e,A-cc98bc,S-576519,2024-10-08,feature_33,9,3879,0,false
U-f489e6,A-cc98bc,S-712e04,2024-12-02,feature_20,8,3112,0,false
U-7c7351,A-cc98bc,S-712e04,2023-12-31,feature_16,14,8260,1,false
U-5872b3,A-cc98bc,S-712e04,2024-12-24,feature_8,8,1712,2,false
U-848215,A-cc98bc,S-712e04,2024-12-03,feature_13,9,1458,0,false
U-a11d6b,A-cc98bc,S-712e04,2024-11-18,feature_33,5,675,0,false
U-c61df3,A-cc98bc,S-712e04,2023-09-23,feature_40,11,3267,0,false
U-8fec18,A-cc98bc,S-712e04,2023-07-08,feature_5,15,2370,1,false
U-7366d0,A-cc98bc,S-8ba974,2023-07-02,feature_12,13,1040,0,false
U-860e30,A-cc98bc,S-8ba974,2023-11-25,feature_39,13,7319,0,false
U-f77b0b,A-cc98bc,S-a1426b,2024-12-03,feature_30,3,267,0,false
U-5e95e3,A-cc98bc,S-a1426b,2023-09-05,feature_38,12,636,0,false
U-5c151e,A-cc98bc,S-a1426b,2023-06-02,feature_27,5,2810,0,false
U-e49b3c,A-cc98bc,S-b9d674,2024-10-08,feature_25,16,912,0,false
U-2c6683,A-cc98bc,S-b9d674,2023-11-24,feature_10,8,2704,0,false
U-fc7562,A-cc98bc,S-b9d674,2024-02-16,feature_8,19,7923,2,false
U-b8baeb,A-cc98bc,S-b9d674,2023-07-03,feature_4,11,3630,0,false
U-134479,A-cc98bc,S-c249fb,2023-07-08,feature_16,7,4116,0,false
U-56c97c,A-cc98bc,S-c249fb,2024-01-31,feature_17,14,2842,0,true
U-afd577,A-cc98bc,S-c249fb,2024-01-05,feature_34,4,1900,0,false
U-7c8297,A-cc98bc,S-d64a4e,2023-06-23,feature_34,14,6482,0,false
U-d61ef7,A-cc98bc,S-d64a4e,2024-01-15,feature_5,10,2270,0,false
U-f84a83,A-cc98bc,S-d64a4e,2023-12-21,feature_13,7,4004,0,false
U-1014a8,A-cc98bc,S-e23fd8,2024-08-09,feature_1,11,4796,1,false
U-551d15,A-cc98bc,S-e23fd8,2024-05-30,feature_5,16,3824,1,false
U-473242,A-cc98bc,S-e23fd8,2023-10-22,feature_27,10,3800,0,false
U-a99779,A-cc98bc,S-e23fd8,2023-12-25,feature_35,9,2376,0,false
U-5a4f34,A-cc98bc,S-e23fd8,2023-07-30,feature_12,9,1503,0,true
U-d3a501,A-ccabf0,S-163e9d,2024-01-19,feature_12,8,888,0,false
U-4fc307,A-ccabf0,S-477a57,2024-05-01,feature_38,10,1230,1,false
U-7df836,A-ccabf0,S-5a3412,2024-07-09,feature_15,11,1210,3,false
U-ae85ad,A-ccabf0,S-9b08ae,2023-12-14,feature_33,11,297,2,false
U-6844d3,A-ccabf0,S-9b08ae,2024-03-18,feature_17,7,2331,0,false
U-ce8c85,A-ccabf0,S-9b08ae,2024-11-06,feature_4,5,1830,0,false
U-7da909,A-ccabf0,S-9b08ae,2024-06-29,feature_19,8,3920,3,true
U-d23c55,A-ccabf0,S-9b08ae,2023-12-18,feature_9,8,1176,0,false
U-a2b187,A-ccabf0,S-aef80b,2024-10-20,feature_1,13,6708,0,false
U-3be4e7,A-ccabf0,S-aef80b,2024-02-15,feature_20,8,3464,3,false
U-8e3ef0,A-ccabf0,S-aef80b,2024-08-21,feature_7,15,3885,0,true
U-6b3f97,A-ccabf0,S-aef80b,2024-07-15,feature_35,12,1140,0,false
U-aa2d1b,A-ccabf0,S-aef80b,2024-09-10,feature_21,14,7644,2,false
U-a3f10f,A-ccabf0,S-c1f160,2024-03-23,feature_15,9,4788,2,false
U-f1d5ab,A-ccabf0,S-c1f160,2024-06-03,feature_8,10,1820,0,false
U-b24c36,A-ccabf0,S-cd79c0,2023-12-17,feature_18,11,5544,0,false
U-491e69,A-ccabf0,S-cd79c0,2024-05-07,feature_28,7,1211,0,true
U-86ca1c,A-ccabf0,S-cd79c0,2023-12-24,feature_22,10,3060,0,false
U-08fe50,A-ccabf0,S-cd79c0,2024-03-21,feature_36,10,3580,0,false
U-b22092,A-ccabf0,S-d449e1,2024-03-07,feature_24,10,5960,0,false
U-c82384,A-ccabf0,S-d449e1,2023-11-25,feature_2,12,5568,0,false
U-aed15f,A-ccabf0,S-d449e1,2024-07-20,feature_29,7,3766,0,false
U-fb4a9c,A-ccabf0,S-d449e1,2023-12-12,feature_19,13,1170,0,false
U-21d51c,A-ccabf0,S-fc155b,2024-10-30,feature_11,7,105,0,false
U-025af8,A-ccabf0,S-fc155b,2024-07-11,feature_32,15,4965,0,false
U-5f67e9,A-ccabf0,S-fc155b,2024-05-06,feature_16,14,5362,0,false
U-db38d9,A-ccb686,S-2e1ceb,2024-04-04,feature_9,10,3510,0,false
U-7b5a31,A-ccb686,S-2e1ceb,2024-09-09,feature_12,8,1224,2,false
U-5806fc,A-ccb686,S-2e1ceb,2024-12-28,feature_15,8,3120,3,false
U-e027a5,A-ccb686,S-2e1ceb,2024-04-19,feature_14,15,8655,0,true
U-43c3ce,A-ccb686,S-2e1ceb,2024-11-13,feature_38,13,1352,0,false
U-97936b,A-ccb686,S-36f6ec,2024-04-05,feature_6,14,7070,0,false
U-8d33bf,A-ccb686,S-36f6ec,2024-04-10,feature_17,11,3498,0,false
U-e0e851,A-ccb686,S-36f6ec,2024-11-19,feature_36,9,1377,0,true
U-c6a7da,A-ccb686,S-3c4cae,2024-05-21,feature_30,15,5475,0,false
U-d8666f,A-ccb686,S-3c4cae,2024-12-24,feature_37,8,3192,0,false
U-80dd8c,A-ccb686,S-3c4cae,2024-02-09,feature_2,4,904,0,false
U-ade563,A-ccb686,S-3c4cae,2024-07-05,feature_26,7,4018,2,false
U-0bbd20,A-ccb686,S-3c4cae,2024-04-01,feature_27,12,888,0,false
U-d2fb29,A-ccb686,S-3c4cae,2024-12-18,feature_10,8,4632,1,false
U-9ce08e,A-ccb686,S-71fc3d,2024-02-10,feature_26,13,2340,0,false
U-1daedc,A-ccb686,S-71fc3d,2024-03-11,feature_34,11,3960,2,false
U-45db93,A-ccb686,S-71fc3d,2024-12-22,feature_25,12,4488,2,true
U-b2915b,A-ccb686,S-71fc3d,2024-10-02,feature_26,15,885,0,false
U-78abb8,A-ccb686,S-71fc3d,2024-08-27,feature_39,11,1793,0,false
U-bcbd27,A-ccb686,S-8f7c91,2024-09-29,feature_16,18,9288,3,false
U-5c3084,A-ccb686,S-8f7c91,2024-02-02,feature_19,8,976,0,false
U-9f1c3a,A-ccb686,S-8f7c91,2024-08-13,feature_40,11,913,0,false
U-1a9852,A-ccb686,S-8f7c91,2024-10-25,feature_38,5,720,3,false
U-1872af,A-ccb686,S-8fcce1,2024-11-21,feature_28,12,6444,4,false
U-b52cac,A-ccb686,S-8fcce1,2024-04-13,feature_16,19,8645,0,false
U-7288b5,A-ccb686,S-8fcce1,2024-09-05,feature_34,15,900,0,false
U-78767e,A-ccb686,S-951de6,2024-08-14,feature_4,8,1056,0,false
U-5bf472,A-ccb686,S-951de6,2024-06-16,feature_32,7,728,0,false
U-bcb86f,A-ccb686,S-951de6,2024-05-18,feature_10,11,2277,3,false
U-0376b5,A-ccb686,S-951de6,2024-10-09,feature_36,11,5401,0,false
U-bd7480,A-ccb686,S-af5a51,2024-12-05,feature_38,13,390,0,false
U-98d80c,A-ccb686,S-af5a51,2024-09-24,feature_10,9,90,1,false
U-57a164,A-ccb686,S-b8097b,2024-05-22,feature_21,8,2368,3,false
U-a8a0aa,A-ccb686,S-b8097b,2024-12-16,feature_31,9,594,0,false
U-58f9f0,A-ccb686,S-b8097b,2024-04-05,feature_28,7,3346,1,false
U-383392,A-ccb686,S-b8097b,2024-12-22,feature_35,9,3213,0,false
U-9e2e34,A-ccb686,S-b8097b,2024-04-25,feature_3,8,2192,0,false
U-d60449,A-ccb686,S-c4aa5f,2024-06-25,feature_25,6,912,1,false
U-d6f802,A-ccb686,S-c4aa5f,2024-12-20,feature_30,12,2832,0,true
U-58c7be,A-ccb686,S-c4aa5f,2024-04-26,feature_13,12,4608,3,false
U-6dbdd3,A-ccb686,S-f4a92a,2024-11-04,feature_5,4,1256,0,false
U-2cf617,A-ccb686,S-f4a92a,2024-12-19,feature_23,13,3900,0,false
U-0f6c8c,A-ccc747,S-934bd4,2024-06-23,feature_22,10,3640,2,false
U-81fedd,A-ccc747,S-934bd4,2024-07-31,feature_20,8,3664,0,false
U-fb4065,A-ccc747,S-94d88f,2024-11-14,feature_11,13,5226,1,false
U-691ec6,A-ccc747,S-aa3a36,2024-08-28,feature_29,11,3047,0,false
U-501336,A-ccc747,S-de7a48,2024-12-08,feature_17,7,665,0,false
U-ee6764,A-ccc747,S-de7a48,2024-05-19,feature_38,9,2691,0,false
U-fc65d2,A-ccc747,S-f49f24,2024-08-15,feature_24,14,6412,0,false
U-f443b8,A-cd458b,S-03a939,2024-11-20,feature_38,9,630,0,false
U-6a028d,A-cd458b,S-1b4693,2024-07-28,feature_9,13,4030,0,false
U-ed5201,A-cd458b,S-1b4693,2024-09-10,feature_23,8,3512,0,false
U-afab1f,A-cd458b,S-1b4693,2024-08-20,feature_11,12,1884,0,false
U-6d7e2a,A-cd458b,S-2416eb,2024-08-02,feature_31,6,1272,0,false
U-c18a25,A-cd458b,S-3673f2,2024-09-06,feature_38,12,1476,1,false
U-a7c89a,A-cd458b,S-3673f2,2024-08-25,feature_36,9,2061,0,false
U-e580fe,A-cd458b,S-3673f2,2024-08-06,feature_19,9,2871,0,false
U-45bc05,A-cd458b,S-52404a,2024-12-09,feature_32,10,3260,2,false
U-ca13d7,A-cd458b,S-5d532c,2024-10-18,feature_30,10,3960,1,false
U-3bba1f,A-cd458b,S-5d532c,2024-10-25,feature_30,8,592,2,false
U-43ba37,A-cd458b,S-8966c9,2024-08-08,feature_22,5,2755,0,false
U-16bf74,A-cd458b,S-a69559,2024-11-03,feature_17,8,4296,0,false
U-1d786b,A-cd458b,S-ab3ad8,2024-11-26,feature_35,9,477,2,false
U-9b7143,A-cd458b,S-ab3ad8,2024-09-26,feature_31,12,3300,0,false
U-07e367,A-cd458b,S-b53850,2024-07-12,feature_35,6,2016,0,false
U-480dca,A-cd458b,S-b53850,2024-11-21,feature_1,10,140,0,false
U-dda535,A-cd458b,S-b71b3a,2024-12-25,feature_23,13,5031,0,false
U-62a6d5,A-cd458b,S-e6c900,2024-12-31,feature_15,7,4165,1,false
U-f88680,A-cd458b,S-e6c900,2024-11-27,feature_4,10,1520,0,false
U-061aa8,A-cd458b,S-e6c900,2024-12-22,feature_12,10,1790,0,false
U-7477e9,A-cdf020,S-3ee7c3,2024-08-07,feature_27,8,1336,0,false
U-570bdb,A-cdf020,S-644316,2024-08-22,feature_40,7,2905,1,false
U-e6ec50,A-cdf020,S-644316,2024-05-12,feature_36,10,3160,0,false
U-96ed88,A-cdf020,S-91cd9b,2024-04-08,feature_23,6,1116,0,false
U-b56086,A-cdf020,S-91cd9b,2023-12-25,feature_14,6,300,0,false
U-d2d2c9,A-cdf020,S-91cd9b,2023-12-13,feature_37,13,4446,0,false
U-33d6fd,A-cdf020,S-91cd9b,2024-03-19,feature_31,11,6072,0,false
U-9dec75,A-cdf020,S-991d05,2024-04-06,feature_4,10,4480,0,false
U-a99272,A-cdf020,S-991d05,2024-08-07,feature_2,12,1452,0,false
U-e17b9f,A-cdf020,S-991d05,2024-02-13,feature_26,5,2355,6,false
U-ac3532,A-cdf020,S-991d05,2024-05-26,feature_19,14,1134,0,false
U-e4edd1,A-cdf020,S-991d05,2024-11-25,feature_13,5,455,0,false
U-5e0daf,A-cdf020,S-991d05,2024-09-13,feature_20,9,3978,0,false
U-6af318,A-cdf020,S-bdf8bf,2024-09-04,feature_19,11,6446,0,false
U-f99308,A-cdf020,S-bdf8bf,2024-10-13,feature_30,12,2820,0,false
U-ff4b5a,A-cdf020,S-d031a4,2024-03-20,feature_1,12,3756,0,true
U-57b14b,A-cdf020,S-d031a4,2024-07-12,feature_17,12,6576,0,false
U-3be4a9,A-cdf020,S-f28cde,2024-11-10,feature_20,12,1896,1,false
U-260255,A-cdf020,S-f28cde,2024-11-01,feature_36,7,2331,0,false
U-8e784e,A-cdf020,S-f482de,2024-11-04,feature_2,9,3744,0,false
U-42e27e,A-cdf020,S-f482de,2024-06-06,feature_12,11,3377,0,false
U-ea14a0,A-ce550d,S-16dc40,2024-11-13,feature_37,6,2262,0,false
U-7b505b,A-ce550d,S-6055d4,2024-12-11,feature_24,9,1548,1,false
U-b4194b,A-ce550d,S-7ac9dd,2024-11-13,feature_31,7,175,0,false
U-d72297,A-ce550d,S-c3cb12,2024-11-14,feature_8,13,6864,0,false
U-3c3c88,A-ce550d,S-c3cb12,2024-11-17,feature_40,8,4072,3,false
U-9b903c,A-ce550d,S-c3cb12,2024-11-01,feature_11,9,3519,0,false
U-1d4335,A-ce550d,S-c3cb12,2024-12-23,feature_10,11,5104,2,false
U-3d06e2,A-ce550d,S-e1de58,2024-11-28,feature_14,9,3564,0,false
U-95c7a1,A-ce66f8,S-10bf4d,2023-11-12,feature_29,12,5112,0,false
U-d59df1,A-ce66f8,S-10bf4d,2024-05-08,feature_25,11,6457,0,false
U-1f9072,A-ce66f8,S-10bf4d,2024-06-06,feature_1,13,1027,3,false
U-8a4da9,A-ce66f8,S-10bf4d,2024-02-04,feature_5,13,5850,1,false
U-07b7fe,A-ce66f8,S-2aec7e,2024-12-03,feature_15,10,4520,0,false
U-f2648f,A-ce66f8,S-2aec7e,2024-11-16,feature_18,8,2904,1,false
U-db2ee0,A-ce66f8,S-2aec7e,2024-05-10,feature_14,9,2763,0,false
U-eb37e8,A-ce66f8,S-2aec7e,2024-12-31,feature_28,6,510,0,false
U-85b8be,A-ce66f8,S-2f138c,2024-03-31,feature_5,10,3330,0,true
U-789236,A-ce66f8,S-2f138c,2024-07-21,feature_4,11,4818,0,false
U-d57430,A-ce66f8,S-2f138c,2024-02-05,feature_19,12,6144,0,true
U-5beeb9,A-ce66f8,S-2f138c,2024-05-28,feature_24,11,2079,0,false
U-191dbc,A-ce66f8,S-2f138c,2024-01-25,feature_7,6,1944,0,false
U-44acf2,A-ce66f8,S-695c1e,2024-03-27,feature_28,13,5265,1,false
U-68001d,A-ce66f8,S-695c1e,2023-12-26,feature_36,8,2232,0,false
U-b59f80,A-ce66f8,S-695c1e,2024-06-14,feature_15,9,3438,2,false
U-17cbdf,A-ce66f8,S-695c1e,2024-01-07,feature_21,16,3520,0,false
U-cb4119,A-ce66f8,S-695c1e,2024-10-09,feature_36,7,651,0,false
U-d3cb9c,A-ce66f8,S-695c1e,2023-10-23,feature_7,11,3311,0,false
U-514068,A-ce66f8,S-b91501,2024-05-03,feature_27,13,481,0,false
U-720a13,A-ce66f8,S-b91501,2024-04-01,feature_23,16,7008,0,true
U-d710cf,A-ce66f8,S-b91501,2024-10-19,feature_10,8,160,0,false
U-f9497e,A-ce66f8,S-b91501,2024-01-06,feature_4,9,2835,0,false
U-08737d,A-ce66f8,S-bdd2e4,2024-09-16,feature_15,4,112,0,false
U-ac9c47,A-ce66f8,S-bdd2e4,2024-01-04,feature_39,12,2388,3,false
U-18f637,A-ce66f8,S-bdd2e4,2023-12-30,feature_17,14,1484,1,false
U-fcd7d4,A-ce66f8,S-bdd2e4,2024-11-27,feature_10,7,1771,0,false
U-1077f1,A-ce66f8,S-bdd2e4,2024-12-01,feature_4,14,1764,0,false
U-47c8ec,A-cea1f0,S-691d69,2024-12-15,feature_32,8,1512,0,false
U-92e344,A-cea1f0,S-691d69,2024-12-20,feature_7,9,1323,0,false
U-c46825,A-cea1f0,S-691d69,2024-10-06,feature_22,13,7514,0,true
U-6b19cf,A-cea1f0,S-7be132,2024-08-25,feature_5,7,1162,0,false
U-e47f3f,A-cea1f0,S-7be132,2024-06-17,feature_21,7,1127,0,true
U-e7eacd,A-cea1f0,S-7be132,2024-07-10,feature_8,8,824,0,false
U-50fdd8,A-cea1f0,S-7be132,2024-10-22,feature_24,8,1264,0,true
U-525cc4,A-cea1f0,S-8ebe58,2024-06-25,feature_20,12,6468,0,false
U-8008ab,A-cea1f0,S-8ebe58,2024-12-04,feature_8,10,4330,0,false
U-a7f1e0,A-cea1f0,S-8ebe58,2024-12-23,feature_21,9,261,0,false
U-c668ba,A-cea1f0,S-8ebe58,2024-07-22,feature_17,16,7280,0,false
U-000c08,A-cea1f0,S-9925b9,2024-11-03,feature_14,13,3796,0,false
U-327294,A-cea1f0,S-9925b9,2024-12-14,feature_39,14,1624,0,false
U-ad42b6,A-cea1f0,S-9925b9,2024-07-24,feature_16,12,4956,2,false
U-a7e783,A-cea1f0,S-dbd6b9,2024-10-31,feature_16,13,3562,0,false
U-30a95e,A-cea1f0,S-dbd6b9,2024-08-30,feature_1,14,7406,1,false
U-bd4a1a,A-cea1f0,S-e5efce,2024-09-01,feature_6,9,3375,0,false
U-65dc36,A-ced9aa,S-86673a,2024-12-02,feature_14,5,405,0,false
U-a54e38,A-ced9aa,S-90c2a9,2024-12-06,feature_4,10,4660,1,false
U-da073c,A-ced9aa,S-90c2a9,2024-10-18,feature_34,11,4917,2,false
U-bb46d2,A-ced9aa,S-c4a98e,2024-10-20,feature_20,9,153,0,false
U-fc51ef,A-d26ab4,S-15a897,2024-11-09,feature_7,16,224,0,false
U-b9d9d4,A-d26ab4,S-1a0f22,2024-12-09,feature_16,11,2112,0,false
U-54fc62,A-d26ab4,S-c288ef,2024-11-08,feature_12,9,1017,0,false
U-8db07f,A-d27f50,S-26da35,2024-10-13,feature_29,10,5360,1,false
U-d9307c,A-d27f50,S-26da35,2024-11-29,feature_27,8,1352,0,false
U-622fc2,A-d27f50,S-87ebe6,2024-11-26,feature_25,7,903,0,false
U-95f562,A-d27f50,S-87ebe6,2024-09-15,feature_11,7,3304,1,false
U-86106d,A-d27f50,S-a918f3,2024-11-21,feature_2,12,4152,0,false
U-3bbc14,A-d27f50,S-b6d200,2024-12-19,feature_7,3,147,0,false
U-3a83ec,A-d27f50,S-dcd084,2024-10-17,feature_27,10,2490,1,false
U-8c9bfd,A-d27f50,S-e2f1fd,2024-12-08,feature_31,7,3829,0,false
U-b5bc33,A-d3c88e,S-5ca0fe,2024-12-12,feature_39,10,3240,0,false
U-234aa1,A-d3c88e,S-5ca0fe,2024-12-01,feature_33,9,3789,0,false
U-550204,A-d3c88e,S-5ca0fe,2024-11-28,feature_37,9,3105,1,false
U-562f8d,A-d3c88e,S-9d78e2,2024-11-30,feature_6,6,2688,2,false
U-ba697e,A-d3c88e,S-b5d3cc,2024-12-21,feature_11,10,3690,0,false
U-13afb7,A-d3c88e,S-b5d3cc,2024-11-11,feature_9,8,208,2,false
U-ee32d7,A-d40bf7,S-31afc4,2024-11-10,feature_6,9,2862,0,false
U-1466ef,A-d40bf7,S-31afc4,2024-11-21,feature_22,9,486,0,false
U-519697,A-d40bf7,S-4d5623,2024-11-15,feature_15,12,4068,0,true
U-a8c22a,A-d40bf7,S-4d5623,2024-11-11,feature_24,7,3031,0,true
U-942643,A-d42431,S-0a6b6b,2024-12-03,feature_26,5,2150,0,false
U-9888fc,A-d42431,S-19cb09,2024-11-14,feature_26,10,100,1,false
U-855574,A-d42431,S-19cb09,2024-12-06,feature_13,7,4088,0,false
U-7d6691,A-d42431,S-48ce17,2024-09-30,feature_12,10,1930,1,false
U-5298bc,A-d42431,S-5cce27,2024-09-23,feature_23,11,374,0,false
U-a3ba31,A-d42431,S-5f5b36,2024-08-15,feature_40,11,77,4,false
U-160f00,A-d42431,S-61e53d,2024-10-01,feature_15,12,2484,1,false
U-cf1a72,A-d42431,S-61e53d,2024-11-08,feature_12,7,2653,2,false
U-bbbe87,A-d42431,S-620b62,2024-07-27,feature_16,14,7000,1,true
U-1bd529,A-d42431,S-7b7be8,2024-11-25,feature_12,6,2694,0,false
U-d9ff7a,A-d49cc5,S-101201,2024-08-05,feature_7,11,6226,0,false
U-b5cbee,A-d49cc5,S-34553e,2024-12-28,feature_26,8,1504,1,false
U-aae6bb,A-d49cc5,S-34553e,2024-03-22,feature_32,11,715,0,false
U-89bf9d,A-d49cc5,S-34553e,2024-11-06,feature_7,15,8175,2,false
U-cca89b,A-d49cc5,S-8317da,2024-10-24,feature_19,10,5910,0,true
U-409951,A-d49cc5,S-8317da,2024-03-17,feature_31,10,2770,3,false
U-5a3776,A-d49cc5,S-8317da,2024-10-23,feature_10,9,1485,0,false
U-5cc1a3,A-d49cc5,S-aea1bf,2024-05-23,feature_8,13,5278,0,false
U-f28610,A-d49cc5,S-aea1bf,2024-04-20,feature_4,11,2563,1,false
U-ef07b6,A-d49cc5,S-bc736c,2024-11-23,feature_13,19,7163,0,false
U-e3aad1,A-d49cc5,S-d09309,2024-06-21,feature_24,10,5810,1,false
U-9a8333,A-d4ac0e,S-180859,2024-12-26,feature_39,10,2840,0,false
U-e79f52,A-d4ac0e,S-375190,2024-09-23,feature_39,8,1392,1,false
U-21050c,A-d4ac0e,S-37ed34,2024-11-24,feature_25,9,1044,0,false
U-cfdcc4,A-d4ac0e,S-37ed34,2024-11-24,feature_1,8,3424,0,false
U-01ff08,A-d4ac0e,S-3909f9,2024-12-04,feature_35,12,4800,0,false
U-dfa86f,A-d4ac0e,S-44d025,2024-06-02,feature_37,8,1896,3,false
U-12ddc9,A-d4ac0e,S-44d025,2024-11-01,feature_25,10,5120,1,false
U-1c98ae,A-d4ac0e,S-4fd9ba,2024-11-19,feature_35,8,3392,0,false
U-63f190,A-d4ac0e,S-4fd9ba,2024-10-20,feature_3,12,7068,0,true
U-c34edd,A-d4ac0e,S-93622a,2024-10-08,feature_25,16,2064,0,false
U-4abf69,A-d4ac0e,S-93622a,2024-06-04,feature_28,10,740,0,false
U-68df3b,A-d4ac0e,S-9626f8,2024-06-02,feature_33,7,2212,0,false
U-35f976,A-d4ac0e,S-a113a2,2024-05-27,feature_12,5,1145,0,false
U-26a617,A-d4ac0e,S-a113a2,2024-05-17,feature_31,10,2840,2,false
U-377ab5,A-d4ac0e,S-a113a2,2024-07-20,feature_36,12,5532,1,false
U-bdbe0d,A-d4ac0e,S-b76ba6,2024-07-11,feature_7,8,2984,3,false
U-4fcbbb,A-d4ac0e,S-b76ba6,2024-11-15,feature_16,6,2376,0,false
U-a5d9de,A-d4ac0e,S-b76ba6,2024-07-17,feature_13,7,2583,1,false
U-a16d42,A-d4ac0e,S-b76ba6,2024-08-12,feature_31,11,4466,0,false
U-8dc5b9,A-d4ac0e,S-c693b6,2024-10-20,feature_19,12,624,0,true
U-8439ff,A-d4ac0e,S-c693b6,2024-10-02,feature_10,7,1239,0,false
U-300e03,A-d4ac0e,S-c9199e,2024-08-29,feature_1,7,420,0,false
U-d846bd,A-d4ac0e,S-c9199e,2024-05-29,feature_11,4,1992,1,false
U-8d421c,A-d4ac0e,S-c9199e,2024-05-18,feature_29,19,1691,1,false
U-8881c4,A-d4ac0e,S-f27134,2024-06-29,feature_13,11,6116,0,true
U-a083ad,A-d4e0d4,S-1b8454,2024-11-07,feature_23,8,3176,1,false
U-b056bb,A-d4e0d4,S-cbf8e8,2024-12-04,feature_27,5,320,0,false
U-f90710,A-d535f6,S-202695,2024-12-21,feature_23,8,1952,0,false
U-99cdb5,A-d535f6,S-8d516f,2024-09-26,feature_35,9,1683,2,false
U-edcb6c,A-d535f6,S-d538f6,2024-12-25,feature_33,9,3645,0,false
U-11634c,A-d535f6,S-d538f6,2024-10-12,feature_20,12,3024,0,false
U-1b5d29,A-d5a319,S-13a948,2023-08-25,feature_6,7,2324,0,false
U-989691,A-d5a319,S-13a948,2023-08-29,feature_2,9,1926,0,false
U-4878f9,A-d5a319,S-13a948,2023-12-19,feature_9,9,4743,0,false
U-75b58f,A-d5a319,S-165850,2024-12-11,feature_17,13,4446,0,false
U-3a42a2,A-d5a319,S-165850,2024-02-10,feature_29,11,2585,0,false
U-24c4b9,A-d5a319,S-3f82bc,2024-01-05,feature_30,9,1116,2,false
U-b73979,A-d5a319,S-3f82bc,2024-10-25,feature_32,7,322,1,false
U-0a0146,A-d5a319,S-46b63b,2024-06-27,feature_36,8,2792,1,false
U-1539e7,A-d5a319,S-46b63b,2024-09-24,feature_39,10,3450,0,true
U-a1e7a9,A-d5a319,S-46b63b,2023-11-20,feature_18,6,2532,0,false
U-d25dcc,A-d5a319,S-477317,2024-07-16,feature_21,11,3553,2,false
U-c4d8c7,A-d5a319,S-477317,2024-10-01,feature_8,13,6136,1,false
U-0ccbfc,A-d5a319,S-477317,2024-12-05,feature_25,8,1136,0,false
U-fb29b6,A-d5a319,S-4d260c,2023-08-07,feature_7,8,2656,0,false
U-c47a71,A-d5a319,S-4d260c,2023-09-09,feature_22,5,945,0,false
U-971d8b,A-d5a319,S-4d260c,2023-11-09,feature_25,10,4820,1,false
U-a60eb1,A-d5a319,S-4d260c,2024-10-27,feature_5,10,1710,6,false
U-d30067,A-d5a319,S-4d260c,2024-11-19,feature_26,10,3260,0,false
U-15addf,A-d5a319,S-7052a5,2023-08-20,feature_29,13,3601,0,true
U-1b9a8b,A-d5a319,S-7052a5,2024-06-20,feature_4,12,6684,0,false
U-69fdb1,A-d5a319,S-7052a5,2023-08-10,feature_23,12,360,2,false
U-6b60ba,A-d5a319,S-7052a5,2023-08-23,feature_3,6,930,0,false
U-274787,A-d5a319,S-71466f,2023-10-07,feature_19,10,2870,0,false
U-e06ecd,A-d5a319,S-71466f,2023-09-24,feature_29,9,990,2,false
U-bb345a,A-d5a319,S-9f479f,2023-11-03,feature_22,8,544,3,false
U-d5528b,A-d5a319,S-9f479f,2024-05-07,feature_17,9,5238,0,false
U-39779d,A-d5a319,S-9f479f,2024-04-21,feature_37,8,592,1,false
U-03eebd,A-d5a319,S-9f479f,2024-08-30,feature_33,10,4990,1,false
U-dfb0cf,A-d5a319,S-c787e2,2024-08-22,feature_6,12,3312,0,true
U-01f4fd,A-d5a319,S-c787e2,2024-12-07,feature_11,7,2184,0,false
U-34a7bc,A-d5a319,S-c787e2,2024-09-18,feature_31,12,5424,2,false
U-c527f2,A-d5a319,S-e66253,2023-08-30,feature_26,6,2022,0,false
U-699542,A-d5a319,S-e66253,2024-12-09,feature_3,10,3460,0,false
U-b7122e,A-d5a319,S-e66253,2023-10-26,feature_38,12,2856,0,false
U-c5c336,A-d5a319,S-e66253,2024-10-19,feature_31,9,4671,2,false
U-acfff0,A-d5a319,S-f0fe0a,2024-12-20,feature_16,11,3476,1,false
U-6cedc5,A-d5a319,S-f0fe0a,2024-10-09,feature_16,15,7800,2,false
U-ff8007,A-d5a319,S-f0fe0a,2023-07-29,feature_17,12,6840,0,false
U-3c51ed,A-d5a319,S-f0fe0a,2024-10-24,feature_3,14,7868,1,false
U-ac6927,A-d62e02,S-19f80d,2024-10-18,feature_31,12,3480,2,false
U-7b20e1,A-d62e02,S-85022b,2024-10-10,feature_27,9,4086,0,false
U-26314a,A-d62e02,S-90d405,2024-10-11,feature_37,13,7397,4,false
U-6ee707,A-d62e02,S-90d405,2024-10-18,feature_40,10,3820,1,true
U-7b2c1f,A-d62e02,S-99271f,2024-12-13,feature_2,18,2340,0,false
U-01f3c1,A-d62e02,S-d71fe9,2024-12-03,feature_10,13,7709,0,false
U-49f09e,A-d62e02,S-d71fe9,2024-11-27,feature_22,17,8245,0,false
U-43ecd4,A-d62e02,S-d71fe9,2024-12-22,feature_12,7,2849,1,false
U-2c5ca2,A-d77f4c,S-0d4d11,2024-10-15,feature_11,11,1386,1,false
U-98611f,A-d77f4c,S-0d4d11,2024-05-14,feature_24,6,1218,0,false
U-05bd76,A-d77f4c,S-0d4d11,2024-04-05,feature_38,8,208,0,false
U-48f44f,A-d77f4c,S-0d4d11,2024-04-11,feature_15,9,4617,1,true
U-ed3f28,A-d77f4c,S-0d4d11,2024-08-27,feature_5,9,1809,1,false
U-9f14f6,A-d77f4c,S-1877a6,2024-02-11,feature_15,6,2790,0,false
U-be4d77,A-d77f4c,S-1877a6,2024-11-29,feature_25,17,2346,2,false
U-86887c,A-d77f4c,S-3473af,2024-01-08,feature_14,8,648,0,false
U-f16ab0,A-d77f4c,S-3473af,2024-02-12,feature_33,6,1494,0,false
U-e9edf7,A-d77f4c,S-3473af,2024-08-14,feature_23,11,1265,0,false
U-9cee56,A-d77f4c,S-3473af,2024-09-18,feature_15,6,1146,0,false
U-c4fd29,A-d77f4c,S-3473af,2024-06-28,feature_25,9,2664,0,false
U-4104a8,A-d77f4c,S-5798f3,2024-09-23,feature_27,8,3088,0,false
U-e04bbd,A-d77f4c,S-5798f3,2024-09-02,feature_18,13,5317,0,false
U-60ef2b,A-d77f4c,S-5bc71c,2024-04-09,feature_40,10,3920,2,false
U-e10f4b,A-d77f4c,S-702fe2,2024-01-22,feature_8,15,8880,0,false
U-b445f2,A-d77f4c,S-851bbe,2024-01-17,feature_24,11,5621,0,false
U-5cf1b7,A-d77f4c,S-b805b2,2023-12-13,feature_31,7,1414,0,false
U-b54c2d,A-d77f4c,S-c97604,2024-07-24,feature_24,17,4216,2,false
U-5f4a49,A-d77f4c,S-c97604,2024-03-31,feature_7,5,2095,3,false
U-154daa,A-d77f4c,S-cf6ec1,2024-03-20,feature_12,11,6215,0,false
U-29fd78,A-d77f4c,S-cf6ec1,2024-01-02,feature_25,11,3344,0,false
U-9141ee,A-d77f4c,S-d82234,2024-03-01,feature_39,5,135,1,true
U-9e2f39,A-d77f4c,S-d82234,2024-02-04,feature_13,8,48,3,false
U-50ddaf,A-d77f4c,S-d82234,2023-10-30,feature_30,11,3663,0,false
U-82b926,A-d77f4c,S-da0fb6,2024-09-26,feature_3,10,2610,1,false
U-497528,A-d77f4c,S-da0fb6,2024-04-16,feature_31,13,2561,0,false
U-d17182,A-d77f4c,S-e32b16,2024-01-12,feature_32,6,2586,0,true
U-835ad0,A-d77f4c,S-e32b16,2024-08-26,feature_12,14,3290,2,false
U-f992fa,A-d77f4c,S-e32b16,2023-11-01,feature_27,15,4230,3,false
U-96804d,A-d77f4c,S-e32b16,2023-11-05,feature_8,13,2119,1,false
U-979a95,A-d77f4c,S-e32b16,2024-11-06,feature_18,8,2624,0,false
U-891e06,A-d77f4c,S-e81358,2024-12-16,feature_36,3,963,0,true
U-c343b7,A-d792a6,S-0b2ac3,2024-12-18,feature_7,12,420,2,false
U-4912d5,A-d792a6,S-0b2ac3,2024-08-31,feature_22,3,741,2,false
U-f6f6a9,A-d792a6,S-0b2ac3,2023-08-12,feature_32,12,3168,2,true
U-567a5c,A-d792a6,S-16cf6a,2024-03-07,feature_31,14,1540,0,true
U-40506c,A-d792a6,S-16cf6a,2024-10-16,feature_28,14,5642,3,false
U-89bf49,A-d792a6,S-16cf6a,2023-10-31,feature_33,8,472,0,false
U-2f5eca,A-d792a6,S-16cf6a,2024-06-16,feature_30,16,9488,0,false
U-0ae049,A-d792a6,S-16cf6a,2023-08-27,feature_24,6,816,0,false
U-466495,A-d792a6,S-16cf6a,2024-04-26,feature_17,11,4158,0,false
U-dd098e,A-d792a6,S-276555,2024-12-31,feature_21,5,250,1,false
U-76b5b9,A-d792a6,S-276555,2024-05-02,feature_11,6,2220,0,false
U-0cd944,A-d792a6,S-28d401,2023-12-04,feature_24,10,2310,2,false
U-349b0b,A-d792a6,S-28d401,2023-06-07,feature_27,9,4041,1,false
U-e5f2df,A-d792a6,S-28d401,2024-06-24,feature_31,13,3705,0,false
U-03797b,A-d792a6,S-28d401,2024-07-14,feature_26,13,1508,0,false
U-88a2d7,A-d792a6,S-2fcf09,2023-11-04,feature_4,6,1188,0,false
U-5918cb,A-d792a6,S-2fcf09,2023-06-16,feature_14,9,1323,1,false
U-4f0577,A-d792a6,S-2fcf09,2024-06-02,feature_34,9,3636,2,false
U-e8dedc,A-d792a6,S-2fcf09,2023-10-13,feature_10,9,1827,1,false
U-464d40,A-d792a6,S-2fcf09,2023-06-06,feature_24,10,5140,0,true
U-01a684,A-d792a6,S-3f08d7,2024-08-17,feature_14,13,5993,1,false
U-0093d6,A-d792a6,S-3f08d7,2024-01-24,feature_39,13,3042,4,false
U-4215d4,A-d792a6,S-3f08d7,2023-09-16,feature_16,10,1610,0,false
U-bfd97d,A-d792a6,S-3f08d7,2024-09-22,feature_16,15,5295,0,false
U-7ddde5,A-d792a6,S-3f08d7,2024-03-27,feature_5,9,4626,1,false
U-128550,A-d792a6,S-45c47e,2024-12-19,feature_12,16,3232,0,false
U-66e066,A-d792a6,S-45c47e,2024-01-27,feature_16,9,423,1,true
U-63c048,A-d792a6,S-45c47e,2024-06-02,feature_39,11,4455,0,true
U-007969,A-d792a6,S-45c47e,2024-10-24,feature_10,10,2910,0,false
U-fb21cf,A-d792a6,S-47ce2d,2024-04-15,feature_37,4,1876,0,false
U-f441e8,A-d792a6,S-47ce2d,2023-11-30,feature_38,7,2135,0,false
U-1201a7,A-d792a6,S-47ce2d,2024-11-25,feature_9,8,560,0,false
U-8484fc,A-d792a6,S-47ce2d,2023-02-24,feature_4,9,2079,0,false
U-5d9517,A-d792a6,S-47ce2d,2024-04-19,feature_33,6,882,0,false
U-0c770a,A-d792a6,S-535bd1,2024-10-30,feature_10,9,2178,1,false
U-e47400,A-d792a6,S-535bd1,2023-08-27,feature_14,11,4279,0,false
U-b32094,A-d792a6,S-535bd1,2024-08-01,feature_28,10,2120,0,false
U-d4afdb,A-d792a6,S-535bd1,2024-04-24,feature_17,8,2128,2,false
U-55d3fc,A-d792a6,S-535bd1,2024-01-24,feature_11,14,8092,3,false
U-dcf54a,A-d792a6,S-6b6cd7,2023-08-23,feature_29,12,1836,0,false
U-5a486c,A-d792a6,S-6b6cd7,2024-09-28,feature_20,10,4240,0,false
U-2b03cd,A-d792a6,S-6b6cd7,2024-01-20,feature_20,12,3312,0,true
U-d804ba,A-d792a6,S-761a0f,2023-11-01,feature_2,8,872,0,false
U-bf4a77,A-d792a6,S-761a0f,2023-06-09,feature_20,13,2119,0,false
U-d78499,A-d792a6,S-761a0f,2023-05-15,feature_39,11,539,0,false
U-879070,A-d792a6,S-761a0f,2024-08-18,feature_7,13,3302,0,false
U-1c0b4d,A-d792a6,S-78c894,2024-03-06,feature_32,6,1956,0,false
U-c7040b,A-d792a6,S-78c894,2023-04-10,feature_27,7,2114,0,false
U-0ff057,A-d792a6,S-78c894,2024-07-29,feature_4,13,7566,0,false
U-e6393b,A-d792a6,S-78c894,2024-12-09,feature_20,8,3384,0,false
U-80ae0b,A-d792a6,S-78c894,2024-02-16,feature_16,9,3294,0,false
U-feb301,A-d792a6,S-a6f0f1,2023-07-28,feature_3,10,760,0,false
U-58c5a6,A-d792a6,S-a6f0f1,2024-10-08,feature_9,10,3280,1,false
U-760540,A-d792a6,S-a6f0f1,2023-10-16,feature_31,6,1914,0,false
U-4c0440,A-d792a6,S-a6f0f1,2024-01-19,feature_19,12,2544,0,false
U-4cfc62,A-d792a6,S-bc0806,2023-07-17,feature_13,11,4026,0,false
U-204212,A-d792a6,S-bc0806,2024-03-08,feature_8,13,7605,0,false
U-0adddf,A-d792a6,S-bc0806,2024-06-03,feature_5,14,5446,0,false
U-1ebf58,A-d792a6,S-bc0806,2023-03-02,feature_31,14,4172,0,false
U-efa80a,A-d792a6,S-ea3c2c,2024-06-25,feature_27,9,3357,0,true
U-c70491,A-d792a6,S-ea3c2c,2024-08-01,feature_35,9,666,0,false
U-b177e3,A-d792a6,S-ea3c2c,2024-09-16,feature_4,14,4102,5,false
U-7763b5,A-d792a6,S-ea3c2c,2023-05-16,feature_13,7,2849,0,false
U-7e0f71,A-d792a6,S-ea3c2c,2023-12-15,feature_14,7,2884,2,false
U-740d40,A-d792a6,S-ea3c2c,2023-06-01,feature_37,7,2856,0,false
U-071a67,A-d82ef9,S-006908,2024-11-26,feature_30,13,403,1,false
U-265bfd,A-d82ef9,S-02af5d,2024-12-10,feature_22,13,7072,0,false
U-bcbd5a,A-d82ef9,S-02af5d,2024-08-30,feature_40,7,245,0,false
U-d12f02,A-d82ef9,S-04d260,2024-07-28,feature_18,15,7275,0,false
U-c8a676,A-d82ef9,S-04d260,2024-09-04,feature_22,10,4300,1,false
U-be2edd,A-d82ef9,S-1d3a93,2024-07-28,feature_2,9,4095,0,false
U-8b747d,A-d82ef9,S-1d3a93,2024-12-29,feature_24,8,112,0,false
U-ef1088,A-d82ef9,S-20952f,2024-11-06,feature_14,9,3888,3,false
U-c3dd05,A-d82ef9,S-20952f,2024-09-06,feature_40,11,1298,1,true
U-25eb7d,A-d82ef9,S-20952f,2024-07-29,feature_34,10,4160,0,false
U-c6c5b4,A-d82ef9,S-25b756,2024-09-17,feature_10,11,4961,0,false
U-fdbf0d,A-d82ef9,S-25b756,2024-11-22,feature_40,14,2478,0,true
U-e23894,A-d82ef9,S-3edc14,2024-07-17,feature_38,7,2240,0,false
U-01549f,A-d82ef9,S-3edc14,2024-09-25,feature_20,6,3066,1,true
U-57ac73,A-d82ef9,S-3edc14,2024-08-14,feature_23,10,1720,0,false
U-d34d12,A-d82ef9,S-4ed997,2024-08-24,feature_12,10,4140,2,false
U-86acfc,A-d82ef9,S-4ed997,2024-12-07,feature_31,5,2210,0,false
U-8d8149,A-d82ef9,S-5aff5f,2024-11-06,feature_37,9,612,2,false
U-abd34a,A-d82ef9,S-631547,2024-09-03,feature_25,17,7259,0,false
U-fb501d,A-d82ef9,S-631547,2024-09-05,feature_37,8,344,0,false
U-0dd735,A-d82ef9,S-84e146,2024-11-09,feature_20,12,2724,0,false
U-c50d54,A-d82ef9,S-c3ecd8,2024-07-31,feature_39,6,1248,1,false
U-3e9e53,A-d82ef9,S-e53224,2024-08-23,feature_12,15,1965,0,false
U-938dd7,A-d922bf,S-0a83cc,2024-04-04,feature_10,10,140,0,false
U-73b24a,A-d922bf,S-0a83cc,2024-02-08,feature_17,12,2232,0,false
U-fd0e20,A-d922bf,S-8b4074,2024-06-26,feature_5,11,726,0,false
U-ce42d1,A-d922bf,S-8b4074,2024-07-01,feature_21,11,1419,0,false
U-801bb4,A-d922bf,S-8b4074,2024-01-03,feature_32,13,7761,0,false
U-56f449,A-d922bf,S-8b4074,2024-06-26,feature_21,8,1744,0,false
U-c36590,A-d922bf,S-8cfa7f,2024-12-04,feature_16,7,378,1,false
U-b1cf48,A-d922bf,S-8cfa7f,2024-05-11,feature_21,5,2630,0,false
U-618dc5,A-d922bf,S-8cfa7f,2024-10-19,feature_38,6,846,0,false
U-bdbafa,A-d922bf,S-956036,2024-12-21,feature_10,9,3339,0,false
U-50d11c,A-d922bf,S-956036,2024-10-13,feature_5,13,6214,2,false
U-8a3036,A-d922bf,S-956036,2023-10-30,feature_31,9,900,0,false
U-3b9804,A-d922bf,S-956036,2024-09-29,feature_33,11,3784,0,false
U-b814f8,A-d922bf,S-956036,2024-09-06,feature_12,10,840,0,false
U-cc696c,A-d922bf,S-956036,2024-02-10,feature_5,16,2448,1,false
U-26e8a9,A-d922bf,S-992c2a,2024-03-19,feature_29,8,3016,0,false
U-d43903,A-d922bf,S-992c2a,2024-09-10,feature_35,10,4130,0,false
U-027aa5,A-d922bf,S-992c2a,2024-02-13,feature_16,13,910,1,false
U-1da73f,A-d922bf,S-992c2a,2024-12-16,feature_1,5,390,2,false
U-1ad1e0,A-d922bf,S-a61485,2024-07-25,feature_5,7,1855,0,false
U-4ca61a,A-d922bf,S-a61485,2024-03-11,feature_36,9,1269,0,true
U-9e0d88,A-d922bf,S-a61485,2024-09-09,feature_32,9,3546,0,false
U-6cd949,A-d922bf,S-a61485,2024-04-14,feature_15,9,4518,2,false
U-d175ff,A-db5e9e,S-984f8b,2024-12-20,feature_30,11,1925,0,false
U-23fda9,A-db5e9e,S-d2b5db,2024-12-27,feature_11,11,4609,0,true
U-63aa22,A-dbc825,S-2186ea,2024-10-26,feature_24,7,1071,2,false
U-baad8f,A-dbc825,S-249448,2024-08-27,feature_22,17,6579,0,false
U-ccd9b6,A-dbc825,S-249448,2024-08-05,feature_38,13,5486,0,false
U-ac4937,A-dbc825,S-249448,2024-03-16,feature_1,13,3653,3,false
U-10b786,A-dbc825,S-5de583,2024-10-10,feature_35,13,1547,0,false
U-7b9993,A-dbc825,S-5de583,2024-12-15,feature_27,8,4736,0,false
U-225592,A-dbc825,S-5de583,2024-05-03,feature_4,12,696,0,false
U-eb6e9f,A-dbc825,S-5de583,2024-08-04,feature_20,13,5746,1,false
U-b065db,A-dbc825,S-68e134,2024-05-16,feature_1,9,3015,0,false
U-f65906,A-dbc825,S-68e134,2024-08-01,feature_2,9,2682,0,true
U-7ecea0,A-dbc825,S-72e73f,2024-05-18,feature_32,9,2106,1,false
U-ac8c09,A-dbc825,S-7c633c,2024-07-14,feature_21,16,112,0,false
U-79dfe8,A-dbc825,S-7c633c,2024-08-23,feature_33,13,5967,0,false
U-2a04f7,A-dbc825,S-7c633c,2024-04-28,feature_9,9,2340,0,false
U-b943c2,A-dbc825,S-83d49e,2024-09-22,feature_11,8,552,0,false
U-101e7f,A-dbc825,S-83d49e,2024-10-22,feature_33,10,1720,0,false
U-e3936b,A-dbc825,S-83d49e,2024-08-10,feature_28,11,3487,0,false
U-da769d,A-dbc825,S-a22ca2,2024-01-21,feature_34,13,650,4,false
U-47c459,A-dbc825,S-a22ca2,2024-07-30,feature_35,8,4200,3,false
U-737812,A-dbc825,S-a22ca2,2024-10-26,feature_18,8,544,0,false
U-92b9bf,A-dbc825,S-b73fdf,2024-12-30,feature_15,9,3960,2,false
U-1f96a4,A-dbc825,S-b8fcc5,2024-03-18,feature_12,10,3200,0,false
U-c0ab25,A-dbc825,S-b8fcc5,2024-11-15,feature_12,10,4240,2,true
U-d77660,A-dbc825,S-b8fcc5,2024-09-20,feature_2,9,1017,0,false
U-1a42b4,A-dbc825,S-b95b76,2024-07-13,feature_9,8,4264,0,false
U-bc957c,A-dbc825,S-bb8429,2024-07-07,feature_26,11,4532,1,false
U-e08a50,A-dbc825,S-bb8429,2024-01-26,feature_26,5,800,0,false
U-a52194,A-dbc825,S-cd6bb6,2024-04-23,feature_28,6,1464,0,false
U-14be93,A-dbc825,S-cd6bb6,2024-11-20,feature_27,11,2420,0,true
U-efe0d4,A-dbc825,S-cd6bb6,2024-11-26,feature_26,17,1853,0,false
U-a87b6a,A-dbc825,S-cd6bb6,2024-02-08,feature_28,7,3612,0,false
U-710b5b,A-dbc825,S-cd6bb6,2024-10-13,feature_3,5,2245,1,false
U-0eae06,A-dbc825,S-cd6bb6,2024-12-13,feature_37,20,2380,2,false
U-504d66,A-dbc825,S-edf4e0,2024-09-27,feature_28,8,848,0,false
U-7a2544,A-dbc825,S-edf4e0,2024-04-16,feature_8,12,984,0,false
U-dea4f8,A-dcc2f0,S-27ab7f,2024-05-11,feature_2,13,6240,0,false
U-f50dcc,A-dcc2f0,S-27ab7f,2024-01-26,feature_38,15,840,0,false
U-24142f,A-dcc2f0,S-2d62ad,2024-09-30,feature_7,7,2100,1,false
U-50eb2c,A-dcc2f0,S-2d62ad,2024-07-13,feature_31,11,2783,0,false
U-9883e6,A-dcc2f0,S-2d62ad,2024-10-30,feature_38,13,7111,1,true
U-6aa2cf,A-dcc2f0,S-3b5031,2024-02-07,feature_20,7,539,2,false
U-82c3c7,A-dcc2f0,S-3b5031,2024-02-08,feature_4,14,4900,1,false
U-a43808,A-dcc2f0,S-3b5031,2024-09-06,feature_28,6,3438,0,false
U-0c1b4b,A-dcc2f0,S-3b5031,2024-03-07,feature_32,8,1000,0,false
U-ecddf7,A-dcc2f0,S-3d0e5c,2023-12-02,feature_1,10,910,0,true
U-f481ba,A-dcc2f0,S-3d0e5c,2024-08-01,feature_3,14,6650,0,false
U-f720d0,A-dcc2f0,S-3d0e5c,2023-11-04,feature_30,10,1630,0,false
U-8605e5,A-dcc2f0,S-3d0e5c,2024-02-16,feature_10,15,4125,0,false
U-1e36e8,A-dcc2f0,S-67b7bf,2024-01-29,feature_8,7,3108,0,false
U-458c1e,A-dcc2f0,S-67b7bf,2024-04-23,feature_16,15,6390,0,false
U-2949bd,A-dcc2f0,S-67b7bf,2024-01-02,feature_35,13,2015,3,false
U-af6102,A-dcc2f0,S-69a2d8,2024-05-25,feature_12,9,3537,0,true
U-037efd,A-dcc2f0,S-9780e9,2023-12-26,feature_34,13,4511,0,false
U-765907,A-dcc2f0,S-9780e9,2024-03-30,feature_36,4,1872,0,false
U-983f71,A-dcc2f0,S-9780e9,2024-02-04,feature_39,8,224,0,false
U-2ffde3,A-dcc2f0,S-9780e9,2024-11-13,feature_31,8,2728,0,false
U-7fef58,A-dcc2f0,S-983266,2024-08-07,feature_10,8,4152,0,false
U-57c571,A-dcc2f0,S-983266,2024-03-27,feature_24,11,1540,1,false
U-c8e01f,A-dcc2f0,S-983266,2024-10-28,feature_3,17,2244,0,false
U-988616,A-dcc2f0,S-983266,2024-06-25,feature_19,8,4456,4,false
U-5d8cad,A-dcc2f0,S-983266,2024-04-04,feature_36,10,2360,0,false
U-9a7c4d,A-dcc2f0,S-983266,2024-08-08,feature_38,16,1056,0,true
U-e18abc,A-dcc2f0,S-983266,2024-02-20,feature_10,8,3584,1,false
U-589cea,A-dcc2f0,S-983266,2024-10-22,feature_29,9,1989,1,false
U-9356ca,A-dcc2f0,S-983266,2024-04-24,feature_28,6,1362,1,false
U-a39c76,A-dcc2f0,S-a30f36,2024-01-17,feature_15,16,144,0,true
U-91ff99,A-dcc2f0,S-a30f36,2024-09-08,feature_8,10,4120,0,false
U-cdd669,A-dcc2f0,S-af7a2c,2024-05-17,feature_32,12,660,0,false
U-2c2241,A-dcc2f0,S-b2409c,2024-01-22,feature_38,11,5082,0,false
U-9ac448,A-dcc2f0,S-b2409c,2023-11-15,feature_5,14,7154,0,false
U-ef606e,A-dcc2f0,S-b2409c,2023-11-24,feature_7,18,7812,1,false
U-a10580,A-dcc2f0,S-b2409c,2024-02-01,feature_28,8,2232,1,false
U-dd8876,A-dcc2f0,S-b2409c,2024-06-21,feature_26,12,6876,1,false
U-604e1d,A-dcc2f0,S-b2409c,2024-08-14,feature_30,14,4592,0,false
U-412f39,A-dcc2f0,S-c1d6cf,2024-07-19,feature_8,12,6792,1,false
U-21d249,A-dcc2f0,S-c1d6cf,2024-05-19,feature_20,12,5400,0,false
U-a7c4e3,A-dcc2f0,S-c1d6cf,2024-10-19,feature_34,9,3141,0,false
U-980e92,A-dcc2f0,S-c1d6cf,2024-03-24,feature_19,13,5343,0,false
U-609815,A-dcc2f0,S-c87692,2023-11-20,feature_2,11,825,1,false
U-f30c64,A-dcc2f0,S-c87692,2024-10-02,feature_24,13,7696,0,false
U-b1bd5a,A-dcc2f0,S-ff1b11,2024-07-11,feature_23,9,2178,1,false
U-511373,A-dcc2f0,S-ff1b11,2024-12-26,feature_18,9,3330,0,false
U-11f433,A-dcc2f0,S-ff1b11,2024-01-29,feature_31,13,3445,0,false
U-f71451,A-dcc2f0,S-ff1b11,2024-05-08,feature_40,11,4521,1,false
U-1fca67,A-dcc3f1,S-1b0848,2024-11-29,feature_36,17,1224,0,false
U-12050b,A-dcc3f1,S-3dc066,2024-08-21,feature_27,10,4340,0,true
U-05617b,A-dcc3f1,S-3dc066,2024-04-19,feature_27,10,780,3,false
U-f574d6,A-dcc3f1,S-3dc066,2024-01-09,feature_9,14,392,0,false
U-570341,A-dcc3f1,S-4904cd,2024-06-13,feature_37,13,403,0,false
U-526ccc,A-dcc3f1,S-4904cd,2024-11-02,feature_29,15,4035,0,false
U-d9b59a,A-dcc3f1,S-4904cd,2024-10-21,feature_35,10,2240,1,false
U-fc60eb,A-dcc3f1,S-4d9635,2024-11-04,feature_4,8,3632,6,false
U-49e01d,A-dcc3f1,S-97a010,2024-07-02,feature_7,7,805,2,false
U-5b949b,A-dcc3f1,S-97a010,2024-12-12,feature_32,14,1456,0,false
U-1af9f4,A-dcc3f1,S-97a010,2024-06-25,feature_22,12,3372,0,false
U-2fddec,A-dcc3f1,S-97a010,2024-07-05,feature_34,14,1638,4,false
U-99e5bb,A-dcc3f1,S-a45a12,2024-09-19,feature_18,11,5786,0,false
U-161c18,A-dcc3f1,S-a45a12,2024-05-08,feature_15,14,8274,0,false
U-fdd234,A-dcc3f1,S-b834a9,2024-12-24,feature_21,10,230,0,false
U-ed271a,A-dcc3f1,S-b834a9,2024-08-19,feature_1,8,1136,0,true
U-62d6bb,A-dcc3f1,S-b834a9,2024-05-09,feature_19,14,1162,0,false
U-f7e073,A-dcc3f1,S-c9e261,2024-06-10,feature_31,11,3355,0,false
U-b333eb,A-dcc3f1,S-c9e261,2024-03-27,feature_37,12,4392,0,false
U-dfbe17,A-dcc3f1,S-c9e261,2024-11-22,feature_23,10,1370,0,false
U-074146,A-de24d5,S-482962,2024-11-22,feature_12,12,5412,0,false
U-8b66f0,A-de24d5,S-8cb02e,2024-11-13,feature_33,8,3712,0,true
U-36fefe,A-de24d5,S-972512,2024-11-07,feature_33,12,888,0,false
U-27abf9,A-de58ca,S-054897,2024-05-01,feature_19,13,390,1,false
U-8f7235,A-de58ca,S-054897,2023-06-14,feature_11,8,2872,1,false
U-5261cd,A-de58ca,S-054897,2024-08-28,feature_31,8,2464,0,false
U-36b969,A-de58ca,S-08e560,2023-10-06,feature_37,14,6692,0,false
U-583f35,A-de58ca,S-08e560,2023-12-12,feature_13,10,1590,2,false
U-4949f4,A-de58ca,S-08e560,2024-05-03,feature_37,6,2178,0,false
U-d783e1,A-de58ca,S-08e560,2024-08-06,feature_29,7,1673,0,false
U-44bf85,A-de58ca,S-08e560,2023-11-15,feature_4,15,4095,1,false
U-836218,A-de58ca,S-0e0578,2024-06-01,feature_31,10,5240,0,false
U-29cebf,A-de58ca,S-0e0578,2023-11-30,feature_2,14,6034,1,false
U-db1a01,A-de58ca,S-0e0578,2024-12-21,feature_12,18,9504,3,false
U-983092,A-de58ca,S-23ba41,2023-09-28,feature_34,6,1362,3,true
U-817115,A-de58ca,S-23ba41,2024-01-17,feature_8,14,742,0,false
U-963074,A-de58ca,S-23ba41,2024-11-12,feature_27,8,96,0,false
U-3cf3e2,A-de58ca,S-23ba41,2024-10-28,feature_14,5,230,0,false
U-83b5d3,A-de58ca,S-4ea564,2023-07-26,feature_29,8,3832,1,false
U-8e477d,A-de58ca,S-4ea564,2024-04-02,feature_4,12,2916,1,false
U-621454,A-de58ca,S-4ea564,2024-09-10,feature_32,9,819,0,false
U-ad66f4,A-de58ca,S-4ea564,2024-10-14,feature_1,11,66,2,false
U-d3f0a4,A-de58ca,S-4ea564,2023-05-24,feature_38,11,3608,0,false
U-295c2e,A-de58ca,S-4ea564,2023-08-06,feature_34,11,6204,3,false
U-a5c2aa,A-de58ca,S-69b3ac,2023-05-03,feature_23,10,1150,0,true
U-4a600d,A-de58ca,S-6e780e,2023-11-30,feature_15,17,4930,0,false
U-c624ac,A-de58ca,S-6e780e,2023-10-09,feature_21,11,3773,0,false
U-d0cd9e,A-de58ca,S-6e780e,2023-10-03,feature_27,8,768,1,true
U-9cc381,A-de58ca,S-6e780e,2024-03-30,feature_18,11,4983,0,false
U-c94d18,A-de58ca,S-7dab19,2024-07-09,feature_11,5,2160,0,false
U-b0f9f9,A-de58ca,S-7dab19,2024-07-12,feature_20,8,2984,0,true
U-26b760,A-de58ca,S-7dab19,2024-02-02,feature_9,12,696,0,false
U-093baa,A-de58ca,S-7dab19,2023-11-19,feature_18,6,540,2,false
U-92e6f4,A-de58ca,S-7dab19,2023-07-08,feature_6,11,4510,0,false
U-c7c7f5,A-de58ca,S-be3ff6,2023-11-18,feature_21,9,4896,0,true
U-cd38f4,A-de58ca,S-c64b73,2024-06-12,feature_40,8,40,0,false
U-df22ba,A-de58ca,S-c64b73,2023-12-18,feature_27,8,1688,1,false
U-a2f089,A-de58ca,S-c64b73,2023-12-06,feature_36,10,2740,0,false
U-fff6d0,A-de58ca,S-ec8b34,2023-06-24,feature_13,10,4010,0,true
U-1b2d9a,A-de58ca,S-ec8b34,2023-10-15,feature_19,10,3730,1,false
U-e93639,A-de58ca,S-ec8b34,2024-01-21,feature_40,10,5160,0,false
U-880dd5,A-dec005,S-59f6b6,2024-12-02,feature_19,13,6149,0,false
U-b4c845,A-dec005,S-59f6b6,2024-06-06,feature_20,13,6721,2,false
U-7acf95,A-dec005,S-59f6b6,2023-10-28,feature_25,11,2673,0,true
U-c8d5b1,A-dec005,S-59f6b6,2024-01-21,feature_20,13,6864,1,false
U-ad5622,A-dec005,S-8fd696,2024-04-07,feature_38,7,3129,2,true
U-81fffe,A-dec005,S-8fd696,2024-10-21,feature_21,8,2264,1,false
U-0b6d02,A-dec005,S-8fd696,2024-09-01,feature_40,10,4350,0,false
U-e6e37a,A-dec005,S-8fd696,2024-01-13,feature_35,10,2800,1,true
U-2d1b78,A-dec005,S-9210e7,2024-01-17,feature_9,6,3366,0,false
U-2aedbb,A-dec005,S-9210e7,2024-04-14,feature_1,8,4368,1,false
U-f3fc50,A-dec005,S-9210e7,2023-11-04,feature_19,10,2850,0,false
U-a331ad,A-dec005,S-9210e7,2024-01-24,feature_3,11,1375,0,false
U-cd97fa,A-dec005,S-9210e7,2024-10-14,feature_21,13,5031,0,false
U-04c110,A-dec005,S-9210e7,2024-10-22,feature_36,7,4186,0,true
U-6c1392,A-dec005,S-9210e7,2024-06-27,feature_36,10,1290,3,false
U-f627b3,A-dec005,S-c26c22,2024-07-02,feature_10,7,2443,4,false
U-049032,A-dec005,S-c26c22,2023-11-30,feature_34,11,561,0,false
U-0238fe,A-dec005,S-c26c22,2024-08-31,feature_23,11,4554,0,false
U-359221,A-dec005,S-c26c22,2024-03-22,feature_19,10,1100,2,false
U-5bfeef,A-dec005,S-c26c22,2024-02-12,feature_23,10,4120,0,false
U-2e2464,A-dec005,S-c26c22,2024-09-09,feature_25,9,4023,3,false
U-8a52f4,A-dec005,S-c27134,2024-11-15,feature_28,14,3416,1,false
U-e069af,A-dec005,S-c27134,2024-03-15,feature_24,12,5172,0,false
U-6ccb18,A-dec005,S-cde2c6,2024-04-29,feature_28,9,4518,1,false
U-b2f7e7,A-dec005,S-cde2c6,2024-04-11,feature_5,11,3289,1,false
U-f50459,A-dec005,S-cde2c6,2024-12-01,feature_40,17,731,0,false
U-e12a5c,A-dec005,S-d3e724,2023-11-30,feature_29,7,2191,0,false
U-46c7df,A-dec005,S-d3e724,2024-05-14,feature_22,7,3402,0,false
U-7d46d0,A-dec005,S-d3e724,2024-05-24,feature_39,11,1518,0,false
U-af2f40,A-dec005,S-d55d8a,2024-06-22,feature_26,5,445,0,false
U-876cba,A-dec005,S-d55d8a,2023-12-08,feature_11,10,1080,0,false
U-e744d8,A-dec005,S-f677d3,2024-09-03,feature_28,8,1968,5,true
U-7796e8,A-dec005,S-f677d3,2024-08-06,feature_27,3,738,0,false
U-b3f11c,A-dec005,S-f8a794,2024-11-07,feature_33,10,4720,1,false
U-9fcf53,A-dec005,S-f8a794,2024-08-08,feature_17,20,1260,3,false
U-826a01,A-dec005,S-f8a794,2024-10-18,feature_9,7,2016,1,false
U-4a5023,A-df10db,S-3cc163,2023-12-02,feature_29,7,1400,0,false
U-8ff20c,A-df10db,S-3cc163,2024-07-28,feature_9,14,2030,3,false
U-990f5f,A-df10db,S-3cc163,2024-05-25,feature_3,10,5890,0,false
U-ed762f,A-df10db,S-52699f,2024-09-17,feature_5,16,7696,0,false
U-c8b43e,A-df10db,S-52699f,2024-05-29,feature_32,12,6780,0,false
U-db6315,A-df10db,S-52699f,2024-12-08,feature_17,14,6188,2,false
U-f04580,A-df10db,S-52699f,2023-12-23,feature_14,7,763,0,false
U-cdc41c,A-df10db,S-5b4149,2024-09-15,feature_18,11,1892,1,false
U-2c9a14,A-df10db,S-5b4149,2024-03-02,feature_12,8,1176,0,false
U-9fc7e1,A-df10db,S-5e8d9f,2024-11-20,feature_10,14,5222,3,false
U-ab6d23,A-df10db,S-5e8d9f,2024-09-26,feature_26,15,5685,1,false
U-1ca6c4,A-df10db,S-5e8d9f,2024-10-10,feature_18,6,894,6,false
U-3daaf1,A-df10db,S-5e8d9f,2024-08-02,feature_28,12,6696,0,false
U-c5f7cd,A-df10db,S-5e8d9f,2024-08-31,feature_10,12,5400,0,false
U-128357,A-df10db,S-5e8d9f,2023-09-18,feature_17,14,462,1,false
U-6ccf83,A-df10db,S-611bf8,2024-07-30,feature_2,14,8302,0,false
U-c67960,A-df10db,S-611bf8,2024-09-05,feature_17,5,1765,1,false
U-e13622,A-df10db,S-611bf8,2024-10-09,feature_22,9,1143,1,false
U-2ff109,A-df10db,S-611bf8,2024-02-11,feature_26,11,6336,0,true
U-36d283,A-df10db,S-611bf8,2024-07-25,feature_31,19,912,0,false
U-d00ca5,A-df10db,S-65d722,2024-07-13,feature_29,11,2222,0,false
U-24343c,A-df10db,S-a525b3,2023-09-15,feature_40,14,6692,0,false
U-6bdd6f,A-df10db,S-a525b3,2024-07-11,feature_12,10,5210,0,false
U-16b10e,A-df10db,S-a525b3,2024-10-29,feature_37,11,4983,0,false
U-277009,A-df10db,S-a525b3,2023-09-23,feature_37,8,4744,0,false
U-121b2b,A-df10db,S-a525b3,2024-05-19,feature_40,14,5516,0,false
U-afe069,A-df10db,S-bbd26a,2024-07-25,feature_30,9,4536,0,false
U-4c83e3,A-df10db,S-bbd26a,2024-01-02,feature_32,5,2960,1,false
U-2d6696,A-df10db,S-bbff6f,2024-06-15,feature_32,15,7875,0,false
U-f29f65,A-df10db,S-bbff6f,2023-11-30,feature_37,14,6328,0,false
U-29ba13,A-df10db,S-bbff6f,2024-12-24,feature_1,14,8036,0,false
U-d524ce,A-df10db,S-bbff6f,2024-11-19,feature_8,11,957,2,false
U-23a78c,A-df10db,S-bbff6f,2024-07-04,feature_36,5,555,0,true
U-c814c6,A-df10db,S-ea389c,2024-01-05,feature_19,6,3456,0,false
U-3ad7df,A-df10db,S-ea389c,2023-10-16,feature_34,11,2376,0,false
U-81b9eb,A-df10db,S-ea389c,2024-01-18,feature_5,11,3619,1,false
U-37fd31,A-df10db,S-ea389c,2023-09-29,feature_33,14,3374,1,false
U-0ce20e,A-df10db,S-fa7c1a,2023-11-13,feature_18,5,2015,3,false
U-ce3ec0,A-df10db,S-fa7c1a,2024-12-02,feature_29,6,3546,1,false
U-c58442,A-df10db,S-fa7c1a,2023-11-16,feature_11,14,616,3,false
U-3e52c6,A-df1e44,S-012b26,2024-11-06,feature_28,12,6144,0,false
U-86e1e7,A-df1e44,S-012b26,2024-11-07,feature_3,11,3586,0,false
U-5e63b6,A-df1e44,S-2756ac,2024-08-26,feature_38,11,5137,0,false
U-b5f512,A-df1e44,S-2c9cea,2024-12-06,feature_16,11,3872,1,false
U-ee9027,A-df1e44,S-2c9cea,2024-05-04,feature_20,5,1280,0,false
U-5e005e,A-df1e44,S-2c9cea,2024-07-24,feature_38,6,2478,2,false
U-0bf3da,A-df1e44,S-4d5ab5,2024-11-01,feature_35,6,126,0,false
U-870aae,A-df1e44,S-4d5ab5,2024-12-09,feature_27,12,2460,0,false
U-ca7671,A-df1e44,S-6a0399,2024-11-24,feature_40,7,1911,0,true
U-576adf,A-df1e44,S-6a0399,2024-04-04,feature_35,11,1947,0,false
U-c8a66e,A-df1e44,S-6a0399,2024-05-25,feature_39,11,5390,0,false
U-968bc9,A-df1e44,S-70ae65,2024-08-24,feature_18,11,638,0,false
U-3c0bc2,A-df1e44,S-70ae65,2024-06-07,feature_12,10,1320,0,false
U-604e62,A-df1e44,S-ecb8d5,2024-09-03,feature_2,8,2976,1,true
U-86406f,A-df1e44,S-ff109c,2024-07-20,feature_12,10,2480,0,false
U-774a53,A-df1e44,S-ff109c,2024-06-20,feature_33,8,2784,1,false
U-0039dc,A-dfbd31,S-163e64,2024-03-29,feature_29,10,3740,0,false
U-f81033,A-dfbd31,S-163e64,2024-02-15,feature_26,10,4070,0,true
U-be054d,A-dfbd31,S-163e64,2024-03-04,feature_7,11,4279,0,false
U-ef07e5,A-dfbd31,S-163e64,2024-04-08,feature_1,11,5742,0,true
U-655901,A-dfbd31,S-1cebf9,2023-12-17,feature_31,11,2574,2,false
U-a986e9,A-dfbd31,S-23a6c5,2024-09-23,feature_18,8,440,0,false
U-65dd97,A-dfbd31,S-2dbf26,2024-09-27,feature_33,18,5238,1,false
U-dfd59b,A-dfbd31,S-2dbf26,2024-06-05,feature_8,18,7956,0,false
U-510e6c,A-dfbd31,S-2dbf26,2024-07-23,feature_8,11,2376,0,true
U-1749fc,A-dfbd31,S-2dbf26,2024-08-16,feature_4,9,4131,0,false
U-992685,A-dfbd31,S-373c6e,2024-01-18,feature_33,15,5610,1,false
U-b8099d,A-dfbd31,S-373c6e,2024-09-03,feature_21,17,5474,0,false
U-8eb49f,A-dfbd31,S-5f8ad0,2024-03-01,feature_29,10,1910,0,false
U-a5c4af,A-dfbd31,S-5f8ad0,2024-02-08,feature_23,6,2694,0,false
U-6cf11c,A-dfbd31,S-5f8ad0,2024-10-24,feature_35,9,5382,2,false
U-d3c23e,A-dfbd31,S-5f8ad0,2024-03-04,feature_28,7,1484,0,false
U-d062fc,A-dfbd31,S-704195,2024-10-03,feature_21,6,2382,0,false
U-03e9d0,A-dfbd31,S-704195,2024-01-30,feature_9,8,2872,0,false
U-922ad3,A-dfbd31,S-74bda1,2024-09-27,feature_40,16,944,3,true
U-13ce5b,A-dfbd31,S-8b0950,2024-09-10,feature_9,8,824,0,true
U-1fa2b6,A-dfbd31,S-91c435,2024-04-01,feature_7,7,3878,0,false
U-974989,A-dfbd31,S-91c435,2024-08-22,feature_18,18,324,0,false
U-cf7627,A-dfbd31,S-ca74fe,2024-01-10,feature_23,13,7332,0,false
U-29f031,A-dfbd31,S-ca74fe,2024-01-13,feature_26,13,3328,0,false
U-9caf55,A-dfbd31,S-e8eb5c,2024-10-10,feature_33,9,5013,0,false
U-4e04e4,A-dfbd31,S-efe3f6,2024-12-14,feature_35,7,1953,0,false
U-875a87,A-dfbd31,S-efe3f6,2024-12-03,feature_17,9,3735,0,false
U-fe8589,A-dfbd31,S-efe3f6,2024-08-02,feature_18,7,903,0,false
U-52be21,A-dfbd31,S-f690b4,2024-09-04,feature_9,8,4104,1,false
U-ccdd45,A-e08cd3,S-02be35,2024-10-15,feature_36,11,1694,0,false
U-5ffe31,A-e08cd3,S-02be35,2024-10-25,feature_33,9,5022,0,false
U-4d6d7e,A-e08cd3,S-16f4a2,2024-12-08,feature_34,9,927,0,false
U-d037c2,A-e08cd3,S-36f84f,2024-12-30,feature_3,8,1384,1,false
U-500472,A-e08cd3,S-384681,2024-12-20,feature_11,11,5203,0,false
U-a70b3a,A-e08cd3,S-4a08bd,2024-10-23,feature_20,7,2086,1,false
U-ec4124,A-e08cd3,S-ac3a32,2024-12-01,feature_18,11,286,0,false
U-ef2376,A-e08cd3,S-dc6dfd,2024-12-16,feature_1,6,672,0,true
U-98f208,A-e1462e,S-079321,2023-06-07,feature_4,12,4584,3,false
U-daa8b7,A-e1462e,S-079321,2024-04-18,feature_24,9,1323,0,true
U-aca2bc,A-e1462e,S-079321,2024-08-10,feature_29,8,2864,2,false
U-f59d77,A-e1462e,S-079321,2023-04-29,feature_34,4,1360,2,false
U-70d3a4,A-e1462e,S-079321,2024-06-23,feature_19,7,3675,0,false
U-1726af,A-e1462e,S-079321,2023-11-05,feature_37,13,2535,2,true
U-a9ad16,A-e1462e,S-1898b3,2024-07-08,feature_34,10,4770,0,false
U-4c36da,A-e1462e,S-1898b3,2024-06-02,feature_15,10,2860,3,false
U-c92fb2,A-e1462e,S-302119,2024-09-24,feature_40,11,2497,0,false
U-90ec4a,A-e1462e,S-302119,2024-11-10,feature_28,5,910,0,false
U-39f24e,A-e1462e,S-302119,2024-04-07,feature_13,4,1756,0,false
U-effd84,A-e1462e,S-302119,2023-08-26,feature_15,6,2430,0,false
U-3383a2,A-e1462e,S-4a8fda,2024-04-01,feature_40,13,1183,0,false
U-bec7f1,A-e1462e,S-4a8fda,2024-02-04,feature_20,8,4512,0,false
U-079eb2,A-e1462e,S-4a8fda,2023-08-09,feature_21,7,994,1,false
U-4baf63,A-e1462e,S-4a8fda,2023-08-06,feature_9,15,5055,0,false
U-d91fda,A-e1462e,S-83f2e5,2024-02-17,feature_35,10,3010,0,false
U-a7734c,A-e1462e,S-83f2e5,2024-02-09,feature_39,16,6688,0,false
U-d961bd,A-e1462e,S-83f2e5,2023-12-12,feature_14,10,320,0,false
U-d8bb25,A-e1462e,S-83f2e5,2024-04-29,feature_36,14,2506,2,false
U-bcf2d6,A-e1462e,S-83f2e5,2023-11-15,feature_8,6,2082,0,false
U-fd353a,A-e1462e,S-83f2e5,2024-10-15,feature_9,10,570,0,false
U-864b5d,A-e1462e,S-b9c6ce,2024-10-07,feature_38,11,1936,1,false
U-52bb09,A-e1462e,S-b9c6ce,2024-05-04,feature_6,10,2440,0,true
U-021d14,A-e1462e,S-b9c6ce,2024-03-27,feature_35,11,5522,0,true
U-f4f749,A-e1462e,S-b9c6ce,2024-02-06,feature_35,5,2230,0,false
U-5a2bd0,A-e1462e,S-b9c6ce,2024-07-23,feature_34,9,396,0,false
U-94b825,A-e1462e,S-c58b17,2024-08-20,feature_11,11,517,0,false
U-b2b446,A-e1462e,S-c58b17,2023-08-11,feature_10,11,3047,1,false
U-a267b8,A-e19ff6,S-367dee,2024-05-31,feature_16,13,6435,0,false
U-1c20ec,A-e19ff6,S-367dee,2024-10-11,feature_5,16,8624,0,false
U-de54e1,A-e19ff6,S-4047a8,2023-09-19,feature_24,7,1960,3,false
U-76577d,A-e19ff6,S-4047a8,2024-08-10,feature_34,6,342,0,false
U-d59386,A-e19ff6,S-4047a8,2024-09-03,feature_29,5,950,0,false
U-3aa1fd,A-e19ff6,S-4047a8,2023-10-27,feature_32,8,3816,0,false
U-9ee10f,A-e19ff6,S-4047a8,2024-02-12,feature_32,12,2268,0,false
U-46bfbd,A-e19ff6,S-46a7eb,2023-12-10,feature_33,10,4900,0,false
U-e10929,A-e19ff6,S-46a7eb,2024-08-25,feature_25,7,420,0,false
U-0facdb,A-e19ff6,S-46a7eb,2024-05-16,feature_10,15,3465,0,false
U-61ceba,A-e19ff6,S-46a7eb,2023-08-25,feature_21,14,378,0,false
U-fa7f1b,A-e19ff6,S-46a7eb,2023-08-17,feature_39,12,5424,0,false
U-8c190d,A-e19ff6,S-56886a,2024-05-10,feature_17,14,1904,0,false
U-a07d7b,A-e19ff6,S-56886a,2023-12-23,feature_20,10,3430,1,false
U-53360c,A-e19ff6,S-56886a,2024-08-20,feature_33,13,6656,0,false
U-e49bde,A-e19ff6,S-a5d1e3,2024-11-30,feature_3,13,4953,0,false
U-123e83,A-e19ff6,S-a5d1e3,2023-08-28,feature_26,11,1771,0,false
U-da63ed,A-e19ff6,S-a5d1e3,2024-07-07,feature_33,8,3320,0,false
U-fb53e3,A-e19ff6,S-a5d1e3,2024-01-17,feature_25,17,3485,0,false
U-61639f,A-e19ff6,S-a5d949,2023-09-21,feature_24,9,513,0,false
U-012484,A-e19ff6,S-a5d949,2024-07-26,feature_29,7,581,2,false
U-da69c0,A-e19ff6,S-a5d949,2024-08-06,feature_12,12,2664,1,false
U-214c62,A-e19ff6,S-a5d949,2024-02-29,feature_24,11,4950,1,false
U-12fa8c,A-e19ff6,S-b17d04,2023-12-15,feature_20,6,3096,2,false
U-737916,A-e19ff6,S-b559da,2024-06-13,feature_39,4,2356,0,false
U-8f0108,A-e19ff6,S-bb82ac,2024-02-23,feature_23,8,3648,0,false
U-a56d43,A-e19ff6,S-bb82ac,2024-08-29,feature_20,10,5880,1,false
U-818514,A-e19ff6,S-f40318,2024-11-28,feature_9,9,3861,0,false
U-b8a096,A-e19ff6,S-f40318,2024-12-16,feature_40,10,4540,0,false
U-b139c4,A-e19ff6,S-f40318,2023-11-05,feature_11,9,3600,2,false
U-2a0f44,A-e19ff6,S-f40318,2023-09-28,feature_25,10,4580,1,false
U-18138f,A-e19ff6,S-fcbe5a,2023-11-28,feature_19,14,7378,0,false
U-ebe8f5,A-e19ff6,S-fcbe5a,2023-10-26,feature_20,14,7826,0,false
U-ef64a0,A-e1b9cd,S-0891f1,2024-02-29,feature_22,9,648,5,false
U-cb2587,A-e1b9cd,S-0891f1,2024-09-03,feature_6,11,6138,0,false
U-88fe04,A-e1b9cd,S-0891f1,2024-01-06,feature_32,13,4199,0,false
U-30af6c,A-e1b9cd,S-0891f1,2023-10-02,feature_34,9,5049,0,false
U-524312,A-e1b9cd,S-0891f1,2024-09-24,feature_36,13,4901,0,false
U-31abbf,A-e1b9cd,S-0891f1,2024-03-12,feature_31,12,816,1,false
U-70347c,A-e1b9cd,S-0891f1,2024-03-28,feature_37,8,2208,5,false
U-a29143,A-e1b9cd,S-20f505,2024-09-04,feature_15,7,448,1,true
U-7c4728,A-e1b9cd,S-20f505,2023-09-16,feature_34,16,336,1,false
U-3d0948,A-e1b9cd,S-20f505,2024-08-24,feature_12,10,2920,0,false
U-29312a,A-e1b9cd,S-20f505,2024-02-28,feature_3,6,834,0,false
U-1d4e6e,A-e1b9cd,S-21d7be,2023-06-25,feature_34,14,8036,0,true
U-d82096,A-e1b9cd,S-302856,2023-05-17,feature_26,12,876,1,false
U-f826b1,A-e1b9cd,S-302856,2024-09-26,feature_24,9,4572,1,false
U-61cf90,A-e1b9cd,S-302856,2023-04-14,feature_5,15,8985,3,false
U-99dfcc,A-e1b9cd,S-302856,2024-09-06,feature_14,10,800,0,false
U-8fee3b,A-e1b9cd,S-302856,2023-04-17,feature_31,7,1043,1,true
U-3af478,A-e1b9cd,S-302856,2024-11-25,feature_2,5,2175,0,false
U-b84f14,A-e1b9cd,S-302856,2023-09-26,feature_28,12,1020,0,false
U-53ae6c,A-e1b9cd,S-302856,2023-09-24,feature_23,15,5550,0,false
U-2da1d4,A-e1b9cd,S-30fa6f,2023-09-05,feature_22,9,765,0,false
U-d0f2ac,A-e1b9cd,S-30fa6f,2024-03-13,feature_1,9,2799,0,false
U-b673c4,A-e1b9cd,S-4eb120,2023-12-23,feature_16,6,3588,1,false
U-835c75,A-e1b9cd,S-4eb120,2024-08-27,feature_10,9,2358,0,false
U-8fa6e0,A-e1b9cd,S-4eb120,2024-02-26,feature_32,10,4890,1,false
U-f59547,A-e1b9cd,S-4eb120,2024-08-09,feature_38,6,834,1,false
U-62ed09,A-e1b9cd,S-4eb120,2023-08-21,feature_18,10,4770,1,true
U-9b1ea3,A-e1b9cd,S-4eb120,2024-02-02,feature_5,16,6736,1,false
U-91d7bb,A-e1b9cd,S-4eb120,2023-10-24,feature_1,15,4140,0,true
U-000a76,A-e1b9cd,S-66a625,2023-09-03,feature_37,7,3325,2,false
U-9b81ce,A-e1b9cd,S-66a625,2023-05-13,feature_15,14,3360,0,false
U-fdc106,A-e1b9cd,S-66a625,2023-09-21,feature_17,11,4345,0,false
U-3a01e8,A-e1b9cd,S-66a625,2023-11-21,feature_1,18,3852,0,false
U-0b7bdf,A-e1b9cd,S-66a625,2024-07-21,feature_5,12,2988,2,false
U-a64d23,A-e1b9cd,S-66a625,2023-09-10,feature_37,9,2547,0,false
U-e9e4a2,A-e1b9cd,S-6c1ca6,2024-06-03,feature_33,6,552,0,false
U-0dbfd0,A-e1b9cd,S-6c1ca6,2023-07-01,feature_40,4,1952,0,false
U-721299,A-e1b9cd,S-6c1ca6,2024-09-20,feature_36,8,2520,1,false
U-e752e6,A-e1b9cd,S-6c1ca6,2023-07-28,feature_36,17,3825,0,false
U-a21e68,A-e1b9cd,S-6c1ca6,2023-11-02,feature_34,13,546,0,false
U-4a39a1,A-e1b9cd,S-6c1ca6,2024-05-19,feature_14,14,1890,0,false
U-8a97e1,A-e1b9cd,S-81b6ee,2023-05-23,feature_29,7,1715,0,false
U-a16215,A-e1b9cd,S-81b6ee,2024-05-28,feature_20,13,1898,0,false
U-a1cc5e,A-e1b9cd,S-a14f63,2024-03-02,feature_17,9,4896,0,false
U-26c22c,A-e1b9cd,S-a14f63,2023-10-14,feature_7,4,1312,0,false
U-741211,A-e1b9cd,S-a14f63,2023-05-26,feature_4,8,1872,0,true
U-5ac541,A-e1b9cd,S-a14f63,2024-04-12,feature_26,11,2057,0,false
U-4cca7e,A-e1b9cd,S-a14f63,2024-02-04,feature_15,15,3405,2,true
U-832beb,A-e1b9cd,S-a14f63,2023-12-09,feature_33,10,1070,0,false
U-d68f80,A-e1b9cd,S-a97ab5,2023-04-18,feature_11,13,559,2,false
U-54190a,A-e1b9cd,S-a97ab5,2024-11-20,feature_30,6,2520,0,false
U-0660ea,A-e1b9cd,S-a97ab5,2023-05-31,feature_18,16,5024,1,false
U-0c097d,A-e1b9cd,S-a97ab5,2024-08-05,feature_29,8,3720,0,false
U-47cbc9,A-e1b9cd,S-a97ab5,2024-06-30,feature_11,5,1280,0,true
U-91b95c,A-e1b9cd,S-a97ab5,2024-02-19,feature_7,9,1458,1,true
U-8d5550,A-e1b9cd,S-a97ab5,2023-05-11,feature_29,13,4810,0,false
U-efd4a0,A-e1b9cd,S-a97ab5,2024-09-02,feature_32,11,5588,0,false
U-f14b10,A-e1b9cd,S-aef0c5,2024-04-09,feature_13,9,5274,0,false
U-707c8d,A-e1b9cd,S-aef0c5,2023-10-06,feature_31,10,130,0,false
U-773f32,A-e1b9cd,S-aef0c5,2024-12-12,feature_38,13,572,0,false
U-963bf8,A-e1b9cd,S-b04b73,2024-06-21,feature_12,14,6986,1,false
U-763cd3,A-e1b9cd,S-b04b73,2023-06-24,feature_14,10,3430,0,false
U-847979,A-e1b9cd,S-b04b73,2024-06-10,feature_3,9,4257,0,false
U-9536f0,A-e1b9cd,S-d76f8b,2024-04-26,feature_1,13,1742,2,false
U-c02c44,A-e1b9cd,S-d76f8b,2024-03-06,feature_34,18,5364,1,false
U-cf8900,A-e1b9cd,S-d76f8b,2024-06-24,feature_29,10,4290,3,false
U-64e4a6,A-e1b9cd,S-d76f8b,2024-11-16,feature_13,12,6852,0,false
U-a47769,A-e1b9cd,S-d76f8b,2023-04-30,feature_15,14,2674,0,false
U-fa51b4,A-e1b9cd,S-ed2593,2024-07-13,feature_30,12,2448,0,false
U-1f3518,A-e1b9cd,S-ed2593,2024-03-19,feature_24,10,3650,0,false
U-a4935a,A-e1b9cd,S-ed2593,2023-09-04,feature_38,11,4037,0,false
U-703053,A-e1b9cd,S-ed2593,2023-10-28,feature_22,9,1935,1,false
U-48705d,A-e1b9cd,S-ed2593,2024-07-28,feature_34,12,5112,0,false
U-1f45a1,A-e2cd1b,S-02a3aa,2024-12-25,feature_33,4,1940,0,false
U-8b15aa,A-e2cd1b,S-02a3aa,2024-08-01,feature_28,11,2145,0,false
U-ae4b88,A-e2cd1b,S-02a3aa,2024-11-18,feature_33,15,7680,3,false
U-6798f4,A-e2cd1b,S-02a3aa,2024-03-26,feature_3,6,1170,2,false
U-4de472,A-e2cd1b,S-02a3aa,2024-10-04,feature_16,7,2184,1,false
U-a459b0,A-e2cd1b,S-3d6648,2024-10-25,feature_11,13,5629,0,false
U-102b8a,A-e2cd1b,S-3e24ed,2024-05-28,feature_19,7,301,0,true
U-d83164,A-e2cd1b,S-3e24ed,2024-02-22,feature_39,8,1408,0,false
U-e6a350,A-e2cd1b,S-3e24ed,2024-12-13,feature_29,10,3140,0,true
U-7a3a75,A-e2cd1b,S-3e24ed,2024-02-25,feature_17,14,6146,0,false
U-f8abe5,A-e2cd1b,S-3e24ed,2024-05-23,feature_6,15,2295,0,false
U-f43b6d,A-e2cd1b,S-3f18be,2024-04-20,feature_8,7,1743,2,false
U-555500,A-e2cd1b,S-42218c,2024-06-15,feature_14,11,5731,0,false
U-2a1da6,A-e2cd1b,S-42218c,2024-05-22,feature_3,12,5640,0,true
U-883021,A-e2cd1b,S-462547,2024-06-30,feature_35,11,2629,0,false
U-8d0f7a,A-e2cd1b,S-462547,2024-07-16,feature_7,13,4914,0,false
U-1b971e,A-e2cd1b,S-462547,2024-10-28,feature_15,8,2920,0,false
U-f4c957,A-e2cd1b,S-462547,2024-03-23,feature_28,7,3465,3,false
U-75368b,A-e2cd1b,S-462547,2024-02-22,feature_6,8,4616,0,false
U-e8df97,A-e2cd1b,S-465825,2024-08-19,feature_5,10,150,0,false
U-34beae,A-e2cd1b,S-465825,2024-08-21,feature_37,7,2695,0,true
U-7d58c2,A-e2cd1b,S-465825,2024-12-15,feature_1,3,126,0,false
U-257cc6,A-e2cd1b,S-e090ae,2024-08-12,feature_7,9,2088,0,false
U-9896d1,A-e2cd1b,S-e090ae,2024-09-12,feature_4,8,4736,0,false
U-0d1ed9,A-e351e1,S-0509b8,2024-10-26,feature_20,9,2718,1,false
U-41f2fa,A-e351e1,S-0509b8,2024-12-13,feature_23,17,9826,0,false
U-df849c,A-e351e1,S-0509b8,2024-10-16,feature_2,13,2028,0,false
U-957def,A-e351e1,S-0509b8,2024-10-02,feature_35,11,1848,1,false
U-6ba315,A-e351e1,S-808668,2024-12-14,feature_39,12,4128,1,false
U-2ad67a,A-e351e1,S-dfe952,2024-11-15,feature_40,7,3108,0,false
U-f95a49,A-e36807,S-003647,2024-12-29,feature_32,12,2256,0,false
U-2f1399,A-e36807,S-36f26c,2024-11-10,feature_30,6,2976,0,false
U-eb7f12,A-e36807,S-36f26c,2024-10-10,feature_13,14,6888,0,false
U-8f850b,A-e36807,S-6f43f7,2024-11-25,feature_36,11,2112,0,false
U-55dedc,A-e36807,S-6f43f7,2024-10-31,feature_13,10,3710,0,false
U-4e5261,A-e36807,S-de5d6e,2024-10-16,feature_18,4,2356,1,false
U-729257,A-e36807,S-de5d6e,2024-11-17,feature_15,9,3978,0,false
U-30dbd2,A-e36807,S-de5d6e,2024-10-23,feature_37,8,1304,0,false
U-e7f8f7,A-e36807,S-de5d6e,2024-06-01,feature_35,10,4300,1,false
U-69a77d,A-e36807,S-ef00f5,2024-12-16,feature_25,5,2440,0,false
U-2bdc8a,A-e36807,S-ef00f5,2024-08-23,feature_30,8,1920,1,true
U-cf5966,A-e36807,S-ef00f5,2024-10-22,feature_34,10,5980,0,false
U-fac3ac,A-e36807,S-ef00f5,2024-09-29,feature_40,6,384,2,false
U-b34abf,A-e36807,S-ef00f5,2024-07-02,feature_24,7,2345,0,false
U-0903ed,A-e36807,S-fd3d2d,2024-06-13,feature_35,11,4543,0,false
U-2ebf8b,A-e3bd71,S-1319ac,2023-12-13,feature_37,6,2202,0,false
U-be4d51,A-e3bd71,S-1319ac,2024-05-06,feature_8,13,6968,2,false
U-aba175,A-e3bd71,S-1319ac,2023-05-29,feature_9,8,4328,1,false
U-5332ba,A-e3bd71,S-1319ac,2023-06-09,feature_28,10,2150,0,false
U-99d48b,A-e3bd71,S-1319ac,2024-07-08,feature_14,10,3170,0,false
U-1de562,A-e3bd71,S-50815c,2024-11-29,feature_18,8,3480,0,false
U-11873d,A-e3bd71,S-50815c,2024-09-21,feature_2,8,952,0,false
U-924b0a,A-e3bd71,S-50815c,2023-05-14,feature_2,12,5856,2,false
U-97c671,A-e3bd71,S-50815c,2024-03-10,feature_5,12,5160,0,false
U-4e53dd,A-e3bd71,S-50815c,2024-11-07,feature_14,9,3060,0,false
U-10c175,A-e3bd71,S-50815c,2023-04-15,feature_37,14,4774,0,false
U-d3f7ad,A-e3bd71,S-50815c,2023-09-17,feature_20,14,5656,0,false
U-a146b9,A-e3bd71,S-58c146,2023-12-22,feature_34,13,3744,0,false
U-075a20,A-e3bd71,S-58c146,2024-02-27,feature_21,12,6552,0,true
U-31e998,A-e3bd71,S-58c146,2024-10-01,feature_37,12,2724,0,false
U-e0808a,A-e3bd71,S-58c146,2024-08-05,feature_3,10,5830,1,false
U-f274b6,A-e3bd71,S-58c146,2024-08-11,feature_18,12,4920,0,false
U-b4d107,A-e3bd71,S-752e61,2024-01-25,feature_19,12,5316,0,false
U-d59c83,A-e3bd71,S-752e61,2024-03-12,feature_3,10,1730,0,false
U-d307c4,A-e3bd71,S-752e61,2023-11-02,feature_11,8,72,0,false
U-c1ca6d,A-e3bd71,S-752e61,2024-11-05,feature_36,14,2954,2,false
U-bb3553,A-e3bd71,S-752e61,2023-06-10,feature_3,15,4410,0,false
U-2b7121,A-e3bd71,S-752e61,2023-10-28,feature_19,8,4472,0,false
U-1067c9,A-e3bd71,S-88c79e,2023-11-16,feature_8,8,4456,0,false
U-56ce92,A-e3bd71,S-88c79e,2023-10-20,feature_19,10,320,2,false
U-7a962e,A-e3bd71,S-a09141,2024-10-31,feature_7,5,1130,0,false
U-075da1,A-e3bd71,S-a09141,2024-11-12,feature_4,7,252,1,false
U-24da68,A-e3bd71,S-a09141,2023-07-23,feature_40,12,1728,0,false
U-e39685,A-e3bd71,S-a09141,2024-03-17,feature_2,3,120,0,false
U-79337a,A-e3bd71,S-a09141,2023-09-07,feature_15,7,1974,0,false
U-2be0c1,A-e3bd71,S-a9ec8b,2024-12-20,feature_23,11,5907,0,false
U-cf6f99,A-e3bd71,S-a9ec8b,2024-05-18,feature_15,12,3492,0,false
U-60b1cd,A-e3bd71,S-a9ec8b,2024-01-31,feature_18,7,4144,1,false
U-cd2b24,A-e3bd71,S-a9ec8b,2024-01-02,feature_15,10,250,0,false
U-dd44a5,A-e3bd71,S-a9ec8b,2024-11-01,feature_13,13,7124,1,false
U-3a3e90,A-e3bd71,S-a9ec8b,2024-11-14,feature_28,11,2673,1,false
U-635d12,A-e3bd71,S-a9ec8b,2024-06-12,feature_6,12,5472,0,false
U-e04b73,A-e3bd71,S-add36b,2024-11-22,feature_39,10,3030,0,false
U-52403c,A-e3bd71,S-add36b,2024-10-16,feature_23,13,2769,0,false
U-055475,A-e3bd71,S-add36b,2023-07-10,feature_31,19,2888,0,false
U-64ebfa,A-e3bd71,S-de6767,2023-11-18,feature_33,12,5256,0,false
U-f7d7c6,A-e3bd71,S-de6767,2024-06-24,feature_16,7,2198,0,false
U-08dae2,A-e3bd71,S-de6767,2024-01-21,feature_24,9,3717,0,false
U-226e0e,A-e3bd71,S-de6767,2024-10-10,feature_11,7,2723,1,false
U-6de5a2,A-e3bd71,S-de6767,2023-06-30,feature_2,19,3705,0,true
U-a94cf6,A-e3bd71,S-eccbe0,2023-05-31,feature_32,16,464,1,false
U-d76a02,A-e3bd71,S-eccbe0,2024-09-19,feature_36,8,592,0,false
U-506237,A-e3bd71,S-eccbe0,2024-04-26,feature_9,13,390,0,false
U-226ffe,A-e3bd71,S-eccbe0,2023-07-12,feature_3,8,2512,0,false
U-393eba,A-e3bd71,S-eccbe0,2023-05-13,feature_7,10,1060,0,false
U-699aa2,A-e3bd71,S-feba2a,2024-05-06,feature_6,12,5292,0,false
U-7a7958,A-e3bd71,S-feba2a,2023-07-17,feature_27,13,3900,0,false
U-ceb579,A-e3bd71,S-feba2a,2024-07-22,feature_25,10,550,4,false
U-d98a57,A-e40f45,S-09223a,2024-06-29,feature_15,5,680,1,false
U-48f5c2,A-e40f45,S-09223a,2024-12-15,feature_28,6,1914,0,true
U-c2b1e1,A-e40f45,S-17f71d,2024-11-13,feature_12,6,552,0,false
U-87fcda,A-e40f45,S-17f71d,2024-12-14,feature_6,14,5222,0,false
U-98461d,A-e40f45,S-17f71d,2024-10-07,feature_32,4,1052,0,false
U-81bf88,A-e40f45,S-17f71d,2024-10-21,feature_31,7,1778,0,true
U-ab35cd,A-e40f45,S-326691,2024-11-21,feature_29,7,1456,0,false
U-339e0d,A-e40f45,S-326691,2024-11-12,feature_34,8,2832,0,false
U-e6aa44,A-e40f45,S-ad39ef,2024-08-04,feature_2,11,1430,1,false
U-13054f,A-e40f45,S-ad39ef,2024-07-25,feature_40,11,6336,0,false
U-a532b8,A-e40f45,S-e4ba87,2024-09-28,feature_9,4,1932,1,false
U-9af340,A-e40f45,S-e9e03c,2024-12-20,feature_4,14,280,0,false
U-252cae,A-e40f45,S-e9e03c,2024-12-16,feature_11,13,6552,0,true
U-d92ed9,A-e40f45,S-e9e03c,2024-06-16,feature_26,8,3408,0,false
U-bd3773,A-e4144b,S-35c8a3,2024-12-03,feature_3,6,54,1,false
U-77addd,A-e4144b,S-bb47b9,2024-12-23,feature_31,13,7085,2,false
U-9de860,A-e4144b,S-d425c9,2024-12-10,feature_34,11,341,1,false
U-5aef7d,A-e4144b,S-d518e8,2024-11-16,feature_25,9,4077,2,false
U-f2fd95,A-e4144b,S-d518e8,2024-11-27,feature_32,7,77,0,false
U-a358b4,A-e43bf7,S-12e3ff,2023-11-03,feature_18,7,1652,0,false
U-1d3c10,A-e43bf7,S-12e3ff,2023-11-16,feature_11,8,1856,0,false
U-78aada,A-e43bf7,S-507731,2024-07-21,feature_7,10,5100,2,false
U-39d81b,A-e43bf7,S-507731,2024-01-03,feature_3,14,7868,1,false
U-c2fa46,A-e43bf7,S-507731,2024-04-21,feature_29,8,2040,0,false
U-bcd896,A-e43bf7,S-507731,2023-06-13,feature_19,3,330,2,false
U-a009fe,A-e43bf7,S-507731,2023-05-21,feature_4,4,1040,2,false
U-489666,A-e43bf7,S-863c87,2024-10-28,feature_12,8,3864,1,false
U-adf994,A-e43bf7,S-863c87,2023-08-05,feature_28,9,4581,0,false
U-4cdfb0,A-e43bf7,S-863c87,2023-11-27,feature_39,4,368,2,false
U-e91805,A-e43bf7,S-863c87,2024-12-08,feature_20,8,664,0,false
U-979df9,A-e43bf7,S-863c87,2023-06-06,feature_35,9,3780,1,false
U-43d3ee,A-e43bf7,S-863c87,2023-12-06,feature_35,11,143,2,false
U-d00bfb,A-e43bf7,S-863c87,2024-06-04,feature_19,9,3717,0,false
U-11d5d8,A-e43bf7,S-9e2819,2023-08-16,feature_38,17,1802,0,false
U-05d1fd,A-e43bf7,S-9e2819,2024-11-10,feature_20,13,221,0,true
U-25794d,A-e43bf7,S-9e2819,2023-11-11,feature_17,10,3110,2,false
U-393e0e,A-e43bf7,S-ed4e09,2024-05-26,feature_4,8,512,5,false
U-257aa4,A-e43bf7,S-ed4e09,2023-09-12,feature_37,4,1728,2,false
U-2691aa,A-e43bf7,S-ed4e09,2023-08-21,feature_36,12,6528,0,false
U-47029f,A-e43bf7,S-ed4e09,2024-03-08,feature_10,7,1610,0,false
U-67bee7,A-e43bf7,S-ee2669,2023-08-12,feature_6,4,416,0,false
U-879979,A-e43bf7,S-ee2669,2024-09-25,feature_28,7,896,0,true
U-e807f7,A-e43bf7,S-ee2669,2023-08-26,feature_19,7,1043,0,false
U-5dfe2f,A-e43bf7,S-ee2669,2024-11-02,feature_11,9,4671,0,false
U-07029c,A-e43bf7,S-f2537d,2024-05-25,feature_13,12,816,1,false
U-c40e75,A-e43bf7,S-f2537d,2024-01-07,feature_3,10,4050,0,false
U-9e78c4,A-e43bf7,S-f2537d,2024-05-27,feature_32,19,3667,0,false
U-77ee53,A-e43bf7,S-f2537d,2024-03-30,feature_21,11,957,3,false
U-9ee469,A-e4bf56,S-69fb37,2024-12-20,feature_10,6,1374,0,false
U-d5ceed,A-e4bf56,S-69fb37,2024-11-21,feature_39,11,4345,0,true
U-553004,A-e4bf56,S-aeec81,2024-11-28,feature_32,8,536,0,false
U-a10a6f,A-e4bf56,S-bba658,2024-12-23,feature_16,12,4152,0,false
U-532f3b,A-e51ec7,S-2852dd,2024-02-20,feature_31,18,3726,0,false
U-802f6a,A-e51ec7,S-2852dd,2024-03-12,feature_19,11,1177,2,false
U-29892a,A-e51ec7,S-7730b1,2024-10-04,feature_35,12,2304,0,false
U-04de68,A-e51ec7,S-7730b1,2024-05-20,feature_7,7,1267,1,false
U-8925f5,A-e51ec7,S-7730b1,2024-11-21,feature_6,7,350,0,false
U-b74960,A-e51ec7,S-916cca,2024-02-19,feature_34,9,3168,0,false
U-4b57fd,A-e51ec7,S-916cca,2024-09-08,feature_30,6,798,0,true
U-a294bf,A-e51ec7,S-916cca,2024-01-16,feature_29,5,1395,0,false
U-7d641b,A-e51ec7,S-916cca,2024-01-31,feature_3,7,385,0,false
U-57db2b,A-e51ec7,S-916cca,2023-12-13,feature_24,14,8232,0,false
U-c05c5e,A-e51ec7,S-a3455c,2024-02-09,feature_18,12,6396,0,false
U-f00feb,A-e51ec7,S-a3455c,2024-09-09,feature_38,9,2295,2,false
U-89e61f,A-e51ec7,S-a3455c,2024-05-17,feature_3,10,4490,0,false
U-2cf369,A-e51ec7,S-a5cf6d,2024-05-08,feature_34,9,4455,0,false
U-50ed41,A-e51ec7,S-a5cf6d,2024-04-07,feature_35,13,6071,1,false
U-4c01ec,A-e51ec7,S-a5cf6d,2023-12-11,feature_3,8,4648,3,false
U-1e0e0e,A-e51ec7,S-a5cf6d,2024-08-11,feature_6,10,5540,0,false
U-56cc17,A-e51ec7,S-d5d8ef,2024-01-03,feature_3,7,1141,0,false
U-3855ff,A-e51ec7,S-f71bb0,2024-03-31,feature_36,13,5915,0,false
U-c6ca3e,A-e51ec7,S-f71bb0,2024-05-21,feature_22,11,6446,0,false
U-c30686,A-e51ec7,S-f71bb0,2023-12-06,feature_6,12,288,0,true
U-acec14,A-e51ec7,S-f80ef5,2024-12-05,feature_15,14,7420,0,false
U-fc5f2f,A-e5d6ab,S-0a28cd,2024-09-05,feature_14,7,3234,0,false
U-78a5ee,A-e5d6ab,S-0a28cd,2024-12-02,feature_9,9,2178,1,false
U-5bd201,A-e5d6ab,S-0a28cd,2024-01-02,feature_3,9,243,0,false
U-f49df1,A-e5d6ab,S-0a28cd,2024-10-16,feature_9,8,2496,1,true
U-c0e095,A-e5d6ab,S-12125f,2023-05-31,feature_34,6,3144,2,false
U-586eff,A-e5d6ab,S-12125f,2024-07-31,feature_37,10,2090,1,false
U-331f67,A-e5d6ab,S-12125f,2024-10-22,feature_27,8,1648,0,false
U-22d2b1,A-e5d6ab,S-12125f,2024-04-07,feature_21,6,2112,2,true
U-9f8696,A-e5d6ab,S-12125f,2024-10-18,feature_10,16,7104,1,false
U-a9a4b3,A-e5d6ab,S-47cf94,2024-03-20,feature_35,5,605,1,false
U-502608,A-e5d6ab,S-531e3a,2024-11-26,feature_38,12,1464,4,true
U-f5770f,A-e5d6ab,S-531e3a,2024-10-21,feature_35,10,2180,0,false
U-ee4474,A-e5d6ab,S-5677fb,2024-08-31,feature_10,14,3346,2,true
U-4ebe22,A-e5d6ab,S-5677fb,2023-10-16,feature_26,12,3312,0,false
U-70dec9,A-e5d6ab,S-5677fb,2024-05-03,feature_31,7,826,0,false
U-4bb0d5,A-e5d6ab,S-7b211a,2023-07-28,feature_20,12,3360,0,false
U-954e1e,A-e5d6ab,S-7b211a,2024-02-13,feature_4,10,1180,0,false
U-a8161a,A-e5d6ab,S-7b211a,2024-01-08,feature_11,7,2814,0,false
U-6571b1,A-e5d6ab,S-7b211a,2024-05-06,feature_16,9,828,0,false
U-a4f462,A-e5d6ab,S-a01d87,2024-03-28,feature_34,14,6944,1,false
U-e3fcab,A-e5d6ab,S-a01d87,2023-08-08,feature_39,11,1672,0,false
U-c8ca6f,A-e5d6ab,S-a01d87,2024-05-06,feature_21,11,5621,1,false
U-57dabd,A-e5d6ab,S-a01d87,2024-10-07,feature_37,5,710,0,false
U-f753ce,A-e5d6ab,S-b41269,2024-11-19,feature_18,6,2346,0,false
U-53af97,A-e5d6ab,S-b57dcd,2024-10-02,feature_5,10,5540,1,false
U-63c6a3,A-e5d6ab,S-b57dcd,2023-07-06,feature_1,8,2008,0,false
U-bd64af,A-e5d6ab,S-b57dcd,2024-06-21,feature_7,9,2421,1,false
U-a90314,A-e5d6ab,S-b57dcd,2023-07-14,feature_23,13,715,0,false
U-b5718f,A-e5d6ab,S-b57dcd,2024-11-19,feature_7,9,1953,0,false
U-87442c,A-e5d6ab,S-e1dc0b,2023-08-03,feature_10,8,1552,0,true
U-c25240,A-e5d6ab,S-e1dc0b,2023-10-10,feature_32,5,195,1,false
U-a10327,A-e5d6ab,S-e1dc0b,2024-01-31,feature_8,15,4920,0,false
U-b28aed,A-e60f9d,S-02ec76,2024-10-28,feature_36,10,240,0,false
U-3590f8,A-e60f9d,S-02ec76,2024-10-15,feature_26,9,1242,0,false
U-0a5188,A-e60f9d,S-089366,2024-10-26,feature_39,15,2475,0,false
U-3e0717,A-e60f9d,S-1bd2ec,2024-10-29,feature_5,13,6305,0,true
U-aafd61,A-e60f9d,S-1bd2ec,2024-09-19,feature_33,11,1859,0,false
U-dbfffa,A-e60f9d,S-656302,2024-09-23,feature_13,9,2142,0,false
U-b8c868,A-e60f9d,S-656302,2024-09-27,feature_22,12,3780,0,false
U-5321a4,A-e60f9d,S-9b2c95,2024-10-24,feature_8,15,8475,0,false
U-2fc107,A-e61e98,S-05b245,2024-12-27,feature_11,6,1590,2,false
U-8020ee,A-e61e98,S-05b245,2024-09-16,feature_18,6,870,1,true
U-70dafd,A-e61e98,S-05b245,2024-06-23,feature_28,12,1032,0,false
U-ce4c93,A-e61e98,S-05b245,2024-09-16,feature_17,12,2988,0,false
U-67d4ef,A-e61e98,S-07e821,2023-12-01,feature_2,4,96,0,false
U-973c05,A-e61e98,S-07e821,2024-10-25,feature_26,8,832,0,false
U-704b66,A-e61e98,S-07e821,2024-01-31,feature_11,6,2658,0,false
U-3402eb,A-e61e98,S-1d4aa3,2023-11-19,feature_25,6,978,3,true
U-957568,A-e61e98,S-1d4aa3,2024-09-14,feature_12,5,410,0,false
U-20a761,A-e61e98,S-4d2392,2024-05-30,feature_35,8,2688,0,false
U-b224c1,A-e61e98,S-4d2392,2024-02-20,feature_25,12,228,0,false
U-cf31f6,A-e61e98,S-4d2392,2024-09-15,feature_24,6,2616,0,false
U-2429d3,A-e61e98,S-5178de,2024-09-05,feature_6,12,3228,0,false
U-12ab32,A-e61e98,S-5178de,2024-05-29,feature_23,8,776,0,false
U-d0cadb,A-e61e98,S-5178de,2024-07-08,feature_24,11,429,3,false
U-9df10e,A-e61e98,S-5178de,2024-07-30,feature_19,5,2560,0,false
U-436bbb,A-e61e98,S-5178de,2024-06-20,feature_12,18,8280,0,false
U-b749e1,A-e61e98,S-6b7487,2024-04-20,feature_10,14,6062,4,false
U-6aaaeb,A-e61e98,S-6b7487,2024-07-28,feature_12,9,2529,0,false
U-23cf49,A-e61e98,S-6b7487,2024-12-14,feature_28,4,656,1,false
U-c04ed2,A-e61e98,S-6b7487,2024-09-02,feature_6,8,744,0,false
U-08d4ea,A-e61e98,S-6b7487,2024-08-08,feature_21,6,1812,3,false
U-1dd2d3,A-e61e98,S-6b7487,2023-12-19,feature_40,8,1448,1,false
U-e6d527,A-e61e98,S-927235,2024-08-11,feature_13,13,2080,1,false
U-286510,A-e61e98,S-f4e0a6,2024-09-20,feature_1,9,1710,1,false
U-01ad30,A-e61e98,S-f4e0a6,2023-12-18,feature_10,10,1570,0,false
U-b255e8,A-e61e98,S-f4e0a6,2023-11-18,feature_10,9,4392,0,false
U-90228b,A-e61e98,S-f4e0a6,2024-07-08,feature_38,6,102,0,false
U-c08e41,A-e61e98,S-f4e0a6,2024-06-09,feature_40,13,4498,0,false
U-2423d5,A-e61e98,S-f4e0a6,2024-07-29,feature_7,5,2150,0,false
U-6816b8,A-e61e98,S-f4e0a6,2024-07-08,feature_18,8,2264,0,true
U-05a83f,A-e61e98,S-febd10,2024-09-13,feature_39,12,6312,0,false
U-491552,A-e61e98,S-febd10,2024-08-12,feature_27,13,377,0,false
U-6aa4c5,A-e61e98,S-febd10,2024-08-09,feature_22,11,4169,0,false
U-9c5a94,A-e693b6,S-0027d3,2024-08-09,feature_24,8,4072,0,false
U-e930e8,A-e693b6,S-0027d3,2024-12-31,feature_23,4,1680,0,false
U-078e68,A-e693b6,S-370135,2024-06-26,feature_9,14,7336,0,false
U-cb8e5a,A-e693b6,S-370135,2023-10-31,feature_36,14,3346,0,false
U-2664d2,A-e693b6,S-770d98,2023-12-26,feature_20,18,7200,1,true
U-a0b955,A-e693b6,S-770d98,2024-05-27,feature_8,7,1134,3,false
U-2d2200,A-e693b6,S-770d98,2024-12-27,feature_39,9,4041,0,false
U-bedc5e,A-e693b6,S-86a4e3,2024-05-17,feature_3,12,912,0,false
U-f86bd8,A-e693b6,S-86a4e3,2024-03-05,feature_21,9,2961,0,false
U-3f4db0,A-e693b6,S-86a4e3,2024-03-20,feature_17,14,2240,0,false
U-0349b0,A-e693b6,S-86a4e3,2024-04-13,feature_13,10,4420,0,false
U-b20448,A-e693b6,S-8b3e35,2024-01-02,feature_11,11,1936,0,false
U-59eead,A-e693b6,S-8b3e35,2024-05-13,feature_10,13,3978,2,false
U-c69fa1,A-e693b6,S-8b3e35,2024-05-17,feature_24,9,585,0,false
U-411064,A-e693b6,S-8b3e35,2023-09-20,feature_31,13,4485,1,false
U-366f5b,A-e693b6,S-8b3e35,2024-05-13,feature_5,9,2637,1,false
U-c00eba,A-e693b6,S-8b3e35,2023-11-28,feature_25,12,7116,0,false
U-a53c39,A-e693b6,S-8ca9f0,2024-03-02,feature_37,13,2964,0,false
U-ac2ce7,A-e693b6,S-8ca9f0,2024-05-22,feature_20,7,1064,3,false
U-5a2a2b,A-e693b6,S-8ca9f0,2023-10-13,feature_37,14,3388,0,false
U-bf579b,A-e693b6,S-8ca9f0,2023-11-09,feature_10,12,252,0,false
U-fc1399,A-e693b6,S-8ca9f0,2023-12-24,feature_2,6,1488,0,false
U-132f5d,A-e693b6,S-8ca9f0,2023-09-05,feature_18,12,7140,0,false
U-ec6371,A-e693b6,S-8ca9f0,2024-03-27,feature_36,12,420,1,false
U-24e3b8,A-e693b6,S-8ca9f0,2024-12-28,feature_12,17,374,0,false
U-b6fa9e,A-e693b6,S-96a469,2024-01-05,feature_4,11,5742,0,false
U-8db3a7,A-e693b6,S-96a469,2024-07-17,feature_37,8,1096,0,true
U-eaf15e,A-e693b6,S-9daaad,2024-05-05,feature_17,14,6902,0,false
U-6b715a,A-e693b6,S-9daaad,2024-01-14,feature_7,9,1800,0,false
U-b7d97f,A-e693b6,S-9daaad,2024-04-23,feature_6,14,5222,0,false
U-939842,A-e693b6,S-9daaad,2024-06-05,feature_35,12,3564,0,false
U-7d73f6,A-e693b6,S-9daaad,2024-04-21,feature_31,15,4875,0,false
U-bca61f,A-e693b6,S-9daaad,2024-09-09,feature_30,7,749,0,false
U-00fcc3,A-e693b6,S-a07c46,2024-05-09,feature_4,9,3573,0,false
U-867dbc,A-e693b6,S-a07c46,2023-09-25,feature_30,6,1866,0,false
U-9e71de,A-e693b6,S-a07c46,2024-11-10,feature_14,13,1469,2,false
U-07c274,A-e693b6,S-ac1f01,2023-11-06,feature_36,13,6058,1,false
U-5c232e,A-e693b6,S-ac1f01,2024-03-12,feature_11,12,1512,0,false
U-f5df8a,A-e693b6,S-ba8f61,2024-07-01,feature_5,9,2484,0,false
U-f20420,A-e693b6,S-ba8f61,2024-03-11,feature_21,13,3835,0,false
U-e28564,A-e693b6,S-ba8f61,2024-08-20,feature_7,8,760,1,false
U-d4f92b,A-e693b6,S-be0fc9,2023-08-26,feature_1,4,312,0,false
U-3e993c,A-e693b6,S-be0fc9,2024-01-18,feature_8,9,4833,0,false
U-0b871b,A-e6afc1,S-02b3a1,2024-06-08,feature_37,11,198,0,false
U-f47ec1,A-e6afc1,S-02b3a1,2023-09-11,feature_29,10,2610,0,false
U-f1ddab,A-e6afc1,S-02b3a1,2023-11-02,feature_6,8,656,2,false
U-fe86c7,A-e6afc1,S-02b3a1,2023-10-26,feature_2,9,4122,0,false
U-8ed51a,A-e6afc1,S-02b3a1,2023-08-27,feature_33,7,2982,0,false
U-5a14bb,A-e6afc1,S-111683,2024-12-16,feature_12,11,4807,0,false
U-5eae23,A-e6afc1,S-111683,2024-02-10,feature_16,5,2245,3,false
U-d413c7,A-e6afc1,S-111683,2024-08-25,feature_10,17,7871,0,false
U-1e02f8,A-e6afc1,S-35752e,2023-10-20,feature_36,13,975,0,false
U-c3ad85,A-e6afc1,S-35752e,2024-03-12,feature_26,13,767,1,false
U-85c1ce,A-e6afc1,S-35752e,2024-04-22,feature_1,13,2444,0,false
U-d7ec7b,A-e6afc1,S-35752e,2023-08-16,feature_22,6,3384,0,false
U-1be82e,A-e6afc1,S-35752e,2023-10-04,feature_11,11,308,0,false
U-024475,A-e6afc1,S-8d122e,2024-01-04,feature_11,10,3250,0,false
U-3fe923,A-e6afc1,S-8d122e,2023-10-18,feature_28,9,4806,0,false
U-3cbdc8,A-e6afc1,S-8d122e,2023-11-29,feature_3,13,650,0,false
U-01d53e,A-e6afc1,S-8d122e,2023-07-05,feature_37,12,4512,0,false
U-126016,A-e6afc1,S-8d122e,2023-07-01,feature_22,16,2416,1,false
U-fca323,A-e6afc1,S-8d122e,2024-05-12,feature_17,8,632,1,false
U-fa488b,A-e6afc1,S-8d122e,2024-11-13,feature_6,7,1449,0,false
U-1f6e62,A-e6afc1,S-8d122e,2023-11-21,feature_20,15,2505,0,false
U-1f1f3f,A-e6afc1,S-8f8c47,2024-08-26,feature_33,6,150,2,false
U-363a8e,A-e6afc1,S-8f8c47,2024-10-11,feature_21,6,84,0,false
U-816d06,A-e6afc1,S-8f8c47,2023-08-21,feature_30,11,5478,0,false
U-70f4c5,A-e6afc1,S-8f8c47,2023-12-01,feature_25,9,468,2,false
U-7cce33,A-e6afc1,S-8f8c47,2023-11-24,feature_36,6,1860,0,false
U-74f75f,A-e6afc1,S-98dd7d,2024-03-27,feature_21,10,6000,0,true
U-8a12af,A-e6afc1,S-98dd7d,2023-12-06,feature_14,10,5950,0,false
U-44c063,A-e6afc1,S-98dd7d,2024-01-10,feature_10,10,5800,0,false
U-58a880,A-e6afc1,S-9dfce0,2024-09-14,feature_30,4,80,0,false
U-2f2c6d,A-e6afc1,S-9dfce0,2024-08-07,feature_34,8,3232,0,false
U-4a3062,A-e6afc1,S-9dfce0,2024-07-06,feature_10,5,2430,0,false
U-8d9bb5,A-e6afc1,S-9dfce0,2023-11-28,feature_36,8,456,0,false
U-07cb26,A-e6afc1,S-9dfce0,2023-07-22,feature_23,9,1602,0,false
U-550717,A-e6afc1,S-9dfce0,2024-05-02,feature_2,10,480,0,false
U-9eeb59,A-e6afc1,S-aaed3e,2024-08-26,feature_8,6,1620,0,false
U-e9dcd7,A-e6afc1,S-aaed3e,2024-03-15,feature_21,6,3042,0,false
U-a64312,A-e6afc1,S-aaed3e,2024-09-24,feature_37,10,3520,4,false
U-823dc7,A-e6afc1,S-aaed3e,2024-09-23,feature_34,9,4671,1,false
U-59f0f4,A-e6afc1,S-aaed3e,2024-03-01,feature_33,6,960,1,false
U-24a5c0,A-e6afc1,S-aaed3e,2023-09-10,feature_3,12,5664,0,false
U-74e85c,A-e6afc1,S-aaed3e,2023-08-05,feature_34,13,5785,2,false
U-ce0752,A-e6afc1,S-d85c2f,2024-10-19,feature_20,7,4109,0,true
U-c2231b,A-e6afc1,S-d85c2f,2024-10-16,feature_31,10,2110,0,true
U-c6137a,A-e6afc1,S-d85c2f,2024-03-12,feature_20,16,3920,1,false
U-e950e0,A-e6afc1,S-d85c2f,2024-01-30,feature_22,9,2115,0,false
U-8b2b22,A-e6afc1,S-de473d,2023-08-21,feature_31,8,1928,0,false
U-cda584,A-e6afc1,S-de473d,2023-10-19,feature_26,5,1890,0,false
U-648980,A-e6afc1,S-de473d,2023-12-05,feature_38,11,3850,1,false
U-7a1ef7,A-e6afc1,S-e66964,2024-01-24,feature_28,9,4788,0,false
U-5df10e,A-e6afc1,S-e66964,2024-03-11,feature_7,7,3717,0,false
U-620adb,A-e6afc1,S-e66964,2023-11-18,feature_27,9,1152,1,false
U-d0e5f3,A-e6afc1,S-e66964,2023-07-14,feature_12,9,4266,0,true
U-34ec7e,A-e6afc1,S-e66964,2023-08-19,feature_11,13,5629,2,false
U-56820c,A-e6afc1,S-e66964,2023-12-01,feature_29,5,2780,0,false
U-ef11f1,A-e7a1e2,S-0dd555,2024-11-09,feature_22,9,459,0,false
U-9a3104,A-e7a1e2,S-0dd555,2024-08-13,feature_9,13,7241,0,false
U-e433b0,A-e7a1e2,S-0dd555,2024-08-04,feature_7,12,4116,0,false
U-595a6a,A-e7a1e2,S-183073,2024-10-30,feature_25,4,1228,0,false
U-bfb4a8,A-e7a1e2,S-381c99,2024-08-23,feature_33,6,3540,0,false
U-d9a3ab,A-e7a1e2,S-462bd2,2024-12-12,feature_18,12,5280,0,false
U-828a07,A-e7a1e2,S-50e517,2024-10-14,feature_24,9,990,0,false
U-6c97ac,A-e7a1e2,S-a0f5ac,2024-12-02,feature_29,14,7812,0,false
U-0d834a,A-e7a1e2,S-a0f5ac,2024-11-03,feature_19,14,1078,2,false
U-5b120d,A-e7a1e2,S-b5e9e7,2024-09-18,feature_38,9,711,0,false
U-e7d7aa,A-e7a1e2,S-b5e9e7,2024-11-30,feature_1,17,1955,0,false
U-f62d77,A-e7a1e2,S-d5eae3,2024-12-21,feature_34,5,1065,0,false
U-41a977,A-e7a1e2,S-d5eae3,2024-08-09,feature_13,11,1155,0,false
U-06e642,A-e7a1e2,S-d5eae3,2024-08-03,feature_13,11,4554,0,false
U-adea6b,A-e7a1e2,S-d6cffe,2024-11-10,feature_26,10,1230,0,false
U-56869a,A-e7a1e2,S-f81687,2024-08-19,feature_2,8,3272,1,false
U-3d2bdd,A-e7a1e2,S-f81687,2024-12-10,feature_9,13,3861,2,false
U-79e6ec,A-e7beab,S-05be05,2023-10-30,feature_22,10,5640,0,false
U-3fd9dd,A-e7beab,S-05be05,2024-07-26,feature_6,11,3641,1,false
U-46cfd8,A-e7beab,S-05be05,2024-03-02,feature_3,8,144,0,false
U-736710,A-e7beab,S-363c29,2023-11-22,feature_12,14,4886,2,false
U-ac1b4e,A-e7beab,S-363c29,2023-12-27,feature_17,13,5447,0,false
U-002438,A-e7beab,S-518472,2024-06-03,feature_28,4,1500,0,false
U-c7a9cb,A-e7beab,S-518472,2024-03-30,feature_5,18,1512,0,false
U-52ba6b,A-e7beab,S-6ba608,2024-03-30,feature_20,13,442,0,false
U-11d71c,A-e7beab,S-6ba608,2023-11-30,feature_17,9,4878,1,false
U-b7141c,A-e7beab,S-6ba608,2024-04-29,feature_3,10,4330,0,false
U-df645b,A-e7beab,S-6ba608,2024-07-29,feature_12,9,5022,0,false
U-e20922,A-e7beab,S-6ba608,2024-10-10,feature_14,11,5544,0,false
U-6b8c4f,A-e7beab,S-8ff318,2023-12-04,feature_7,10,5060,0,false
U-fa3a77,A-e7beab,S-8ff318,2024-05-11,feature_9,10,940,0,false
U-642f55,A-e7beab,S-b8a3b6,2024-02-24,feature_22,17,7344,0,false
U-91a696,A-e7beab,S-b8a3b6,2023-12-25,feature_2,10,950,1,false
U-e03d20,A-e7beab,S-dc28c6,2024-05-02,feature_27,8,448,0,false
U-cecdcd,A-e7beab,S-dc28c6,2024-10-13,feature_33,6,2550,0,false
U-e69d6a,A-e7beab,S-dc28c6,2024-05-05,feature_9,12,4572,0,false
U-d89692,A-e83938,S-467016,2024-10-16,feature_10,9,1215,1,false
U-9bde40,A-e83938,S-467016,2024-02-13,feature_17,12,6180,0,false
U-c23eb9,A-e83938,S-467016,2024-02-15,feature_39,9,4518,0,true
U-2ab3cd,A-e83938,S-467016,2024-09-13,feature_12,8,2096,0,false
U-f6795f,A-e83938,S-467016,2024-04-27,feature_33,10,5000,2,false
U-8e343f,A-e83938,S-4d8633,2024-02-20,feature_36,5,1910,0,false
U-7378f6,A-e83938,S-4d8633,2024-06-02,feature_11,11,4873,4,false
U-531d9d,A-e83938,S-92d873,2024-12-15,feature_22,9,3411,0,false
U-6e0c58,A-e83938,S-92d873,2024-08-06,feature_3,5,2835,0,false
U-712c1a,A-e83938,S-92d873,2024-02-12,feature_31,9,1197,0,false
U-f031e1,A-e83938,S-9b1f0e,2024-04-13,feature_38,9,2781,0,false
U-d24bfb,A-e83938,S-9b1f0e,2024-07-10,feature_4,11,6512,0,false
U-f58870,A-e83938,S-af41f0,2024-07-24,feature_26,8,3544,1,false
U-7027cc,A-e83938,S-caca4f,2024-10-20,feature_10,6,2670,0,false
U-d31d7d,A-e83938,S-caca4f,2024-08-01,feature_32,11,979,0,false
U-e8d96c,A-e888d1,S-0a01c5,2024-06-02,feature_30,10,1200,2,false
U-959802,A-e888d1,S-0a01c5,2023-09-21,feature_1,6,1956,0,false
U-cbce72,A-e888d1,S-0a01c5,2024-10-07,feature_17,7,931,3,false
U-fb5822,A-e888d1,S-2dbf11,2023-10-14,feature_15,11,1738,2,false
U-b5e135,A-e888d1,S-2dbf11,2023-12-05,feature_16,9,2538,2,false
U-745739,A-e888d1,S-2dbf11,2024-09-03,feature_26,12,2532,0,false
U-78dbb2,A-e888d1,S-2dbf11,2024-04-14,feature_23,11,4576,0,false
U-959260,A-e888d1,S-534c28,2023-05-14,feature_28,13,663,1,false
U-75ad8e,A-e888d1,S-534c28,2024-08-09,feature_14,8,344,0,false
U-04d214,A-e888d1,S-534c28,2024-01-02,feature_5,12,5484,0,false
U-03f69f,A-e888d1,S-534c28,2024-01-16,feature_1,15,2880,1,false
U-88cc06,A-e888d1,S-56c23b,2024-09-01,feature_12,9,4347,0,false
U-a48989,A-e888d1,S-56c23b,2024-11-28,feature_15,11,1419,0,false
U-f09605,A-e888d1,S-56c23b,2023-08-06,feature_18,10,2960,2,true
U-917104,A-e888d1,S-56c23b,2023-08-31,feature_13,9,4086,1,false
U-86c48a,A-e888d1,S-56c23b,2024-05-09,feature_25,6,3018,2,false
U-a57a8f,A-e888d1,S-56c23b,2024-09-06,feature_6,16,4368,0,false
U-642e82,A-e888d1,S-56c23b,2023-07-31,feature_12,11,726,0,false
U-d65ea3,A-e888d1,S-56c23b,2024-05-21,feature_35,9,2124,0,false
U-fa8f40,A-e888d1,S-65b963,2024-08-12,feature_6,9,2124,2,false
U-89a009,A-e888d1,S-65b963,2024-12-19,feature_9,11,5115,0,false
U-653ff3,A-e888d1,S-65b963,2024-10-27,feature_3,14,6300,1,false
U-05e687,A-e888d1,S-65b963,2024-04-22,feature_13,9,1008,0,false
U-e37894,A-e888d1,S-6ca9be,2024-10-20,feature_29,9,4050,0,false
U-feaaaa,A-e888d1,S-6ca9be,2023-06-27,feature_11,9,4419,0,false
U-89676d,A-e888d1,S-6ca9be,2024-09-07,feature_7,11,3718,0,false
U-e6d28b,A-e888d1,S-80c296,2024-02-09,feature_16,3,1485,1,false
U-9b18e4,A-e888d1,S-80c296,2024-06-11,feature_9,14,5908,4,false
U-9989fa,A-e888d1,S-a94f54,2024-05-23,feature_36,13,6994,0,false
U-dc726c,A-e888d1,S-a94f54,2024-07-10,feature_25,12,756,0,false
U-1f3c2e,A-e888d1,S-a94f54,2024-12-12,feature_4,12,5460,0,false
U-3b4888,A-e888d1,S-a94f54,2023-07-05,feature_29,9,1233,0,false
U-f8ecd6,A-e888d1,S-a94f54,2024-02-16,feature_2,11,4587,1,false
U-ebc661,A-e888d1,S-a94f54,2024-06-07,feature_40,13,1469,0,true
U-a81e7c,A-e888d1,S-c24467,2024-05-11,feature_27,11,4774,0,false
U-82f50d,A-e888d1,S-f243c1,2023-11-05,feature_21,3,645,0,false
U-8a343d,A-e888d1,S-f243c1,2023-07-19,feature_12,13,338,0,false
U-5f6ebd,A-e888d1,S-f243c1,2024-08-07,feature_25,8,3784,0,false
U-0052d0,A-e888d1,S-f243c1,2023-11-19,feature_1,9,2637,0,false
U-ab3a89,A-e888d1,S-f243c1,2024-05-13,feature_26,9,2259,2,false
U-8cf843,A-e888d1,S-f243c1,2023-06-04,feature_30,13,7514,3,false
U-6c7c27,A-e89151,S-374511,2024-01-09,feature_1,9,4077,2,true
U-f6ba25,A-e89151,S-374511,2024-03-25,feature_39,7,2716,2,false
U-e956cb,A-e89151,S-374511,2024-02-21,feature_34,15,555,0,false
U-99874d,A-e89151,S-374511,2024-11-20,feature_15,5,1885,1,false
U-0948f4,A-e89151,S-374511,2024-05-10,feature_7,16,6080,0,false
U-08de3e,A-e89151,S-374511,2024-12-30,feature_6,8,2016,0,true
U-8aa77e,A-e89151,S-55aafd,2023-12-14,feature_1,10,4140,0,false
U-30c114,A-e89151,S-55aafd,2023-12-02,feature_25,16,2144,0,false
U-2d4102,A-e89151,S-55aafd,2024-09-03,feature_1,13,3900,0,false
U-702702,A-e89151,S-5cb87c,2024-12-09,feature_2,10,2010,2,true
U-ab057c,A-e89151,S-5cb87c,2024-12-29,feature_6,10,2680,0,false
U-a00938,A-e89151,S-5cb87c,2024-05-03,feature_27,11,1991,1,true
U-04b563,A-e89151,S-7e8699,2024-02-28,feature_9,11,1760,1,false
U-57cd2c,A-e89151,S-7e8699,2023-11-26,feature_32,12,3744,0,true
U-dde8f6,A-e89151,S-7e8699,2024-12-29,feature_17,13,5434,0,false
U-60ef00,A-e89151,S-7e8699,2024-05-10,feature_32,14,5600,0,false
U-c9ee82,A-e89151,S-a68b52,2024-12-18,feature_18,12,6696,0,false
U-78bdfc,A-e89151,S-a68b52,2024-02-07,feature_15,10,4060,0,false
U-d6aa15,A-e89151,S-a7ce33,2023-11-23,feature_28,8,3408,0,true
U-d0b8b5,A-e89151,S-a84e7f,2023-12-16,feature_30,19,1330,0,false
U-b08dd2,A-e89151,S-cbe349,2024-10-24,feature_2,8,3008,0,false
U-837e2d,A-e89151,S-cbe349,2024-09-20,feature_9,7,4081,0,true
U-013b48,A-e89151,S-cbe349,2024-08-20,feature_14,8,4504,0,false
U-0ffa21,A-e89151,S-ffe125,2024-06-11,feature_36,13,4472,0,false
U-516600,A-e89151,S-ffe125,2024-10-12,feature_35,13,6318,0,false
U-031f15,A-e98302,S-008f3c,2024-07-17,feature_6,6,1950,0,true
U-01c867,A-e98302,S-10a1b5,2024-11-09,feature_19,11,3641,0,false
U-8fbd1e,A-e98302,S-10a1b5,2024-04-18,feature_17,12,5964,0,false
U-5b2975,A-e98302,S-10a1b5,2024-09-08,feature_5,6,1800,0,false
U-2705fd,A-e98302,S-10a1b5,2024-12-12,feature_33,5,700,4,false
U-bd6084,A-e98302,S-6f1051,2024-05-01,feature_1,8,2160,0,false
U-4003d6,A-e98302,S-6f1051,2024-08-30,feature_29,10,370,1,false
U-2e1285,A-e98302,S-6f1051,2024-05-12,feature_21,7,3038,2,false
U-1b3cab,A-e98302,S-6f1051,2024-07-08,feature_31,5,1540,0,false
U-f14ee6,A-e98302,S-b07043,2024-07-19,feature_40,3,393,0,false
U-9a1455,A-e98302,S-b07043,2024-03-17,feature_30,10,5300,0,false
U-d164ac,A-e98302,S-b07043,2024-03-18,feature_21,7,35,0,false
U-1d3270,A-e98302,S-b07043,2024-07-29,feature_15,5,1145,0,false
U-b2c691,A-e98302,S-b409d1,2024-07-08,feature_18,8,3408,3,false
U-5cf155,A-e98302,S-e3dff3,2024-08-25,feature_24,10,5560,0,false
U-7a2630,A-e98302,S-e3dff3,2024-10-23,feature_32,14,7910,0,false
U-a66f10,A-e98302,S-e3dff3,2024-04-04,feature_40,14,4872,0,false
U-f18663,A-e98302,S-e3dff3,2024-04-18,feature_39,7,1379,1,false
U-4050e1,A-eafc6e,S-3e5a20,2023-12-25,feature_21,9,1035,0,false
U-690261,A-eafc6e,S-3e5a20,2024-02-11,feature_29,11,1595,0,false
U-46623b,A-eafc6e,S-3e5a20,2024-03-01,feature_1,7,1736,2,false
U-85fa8b,A-eafc6e,S-672f1b,2024-03-05,feature_28,7,399,0,false
U-117624,A-eafc6e,S-672f1b,2023-09-09,feature_40,10,3730,0,false
U-f40213,A-eafc6e,S-672f1b,2023-09-18,feature_29,11,506,0,false
U-05cc96,A-eafc6e,S-779baa,2024-11-06,feature_23,11,5918,0,false
U-bcc178,A-eafc6e,S-779baa,2024-03-09,feature_24,6,2586,1,false
U-a864cb,A-eafc6e,S-779baa,2024-11-30,feature_24,10,2370,0,false
U-fa1172,A-eafc6e,S-802cc6,2024-06-17,feature_18,9,198,1,true
U-b4d7bc,A-eafc6e,S-802cc6,2024-09-25,feature_20,12,6300,1,false
U-70f134,A-eafc6e,S-802cc6,2024-01-18,feature_32,12,6660,0,false
U-fea4fb,A-eafc6e,S-909b7f,2023-11-24,feature_14,2,614,0,false
U-2e2845,A-eafc6e,S-909b7f,2024-04-23,feature_33,12,1992,0,false
U-7e1322,A-eafc6e,S-9225ac,2024-01-30,feature_37,16,9360,0,false
U-14267a,A-eafc6e,S-9225ac,2024-03-11,feature_36,15,2805,0,true
U-61899f,A-eafc6e,S-9225ac,2024-07-12,feature_8,4,1108,0,false
U-249748,A-eafc6e,S-a1d6ad,2024-02-11,feature_14,7,805,0,false
U-db72e2,A-eafc6e,S-a1d6ad,2023-10-08,feature_17,8,2256,0,false
U-21d564,A-eafc6e,S-a1d6ad,2024-01-19,feature_40,9,3519,0,false
U-d1b916,A-eafc6e,S-a1d6ad,2024-09-21,feature_2,9,1008,3,false
U-a69374,A-eb1312,S-29ccb8,2024-10-23,feature_34,12,3072,0,false
U-0fa309,A-eb1312,S-29ccb8,2024-12-18,feature_39,9,1008,0,false
U-1a8217,A-eb1312,S-4e4ab7,2024-11-26,feature_15,13,1781,0,false
U-93e940,A-eb1312,S-4e4ab7,2024-11-02,feature_34,15,6060,0,false
U-a4d340,A-eb1312,S-65e38d,2024-10-13,feature_38,16,1440,0,false
U-05e8c1,A-eb1312,S-8bbfcd,2024-10-23,feature_39,17,5627,1,false
U-c65bb0,A-eb1312,S-a0ba0c,2024-10-31,feature_18,12,3096,1,false
U-b41c51,A-eb1312,S-e6b450,2024-11-03,feature_14,6,1452,0,false
U-208fa4,A-eb1312,S-e6b450,2024-11-30,feature_31,13,2652,1,false
U-2ca399,A-eb1312,S-f4dc54,2024-12-02,feature_13,6,2298,1,false
U-8b2b7e,A-eb2fdc,S-06c096,2024-11-13,feature_33,10,2740,0,false
U-4d2844,A-eb2fdc,S-06c096,2024-04-26,feature_28,8,2288,0,false
U-c8cd85,A-eb2fdc,S-06c096,2024-03-19,feature_17,15,2880,0,false
U-89391c,A-eb2fdc,S-1976bb,2024-03-19,feature_4,4,1492,2,false
U-8db4a8,A-eb2fdc,S-37d427,2024-08-19,feature_32,12,6408,0,false
U-8a69a4,A-eb2fdc,S-9686c6,2024-09-28,feature_15,9,495,1,false
U-07ed30,A-eb2fdc,S-9686c6,2024-07-12,feature_7,13,156,0,false
U-4a1fe1,A-eb2fdc,S-9686c6,2024-03-03,feature_4,7,1820,0,false
U-e73349,A-eb2fdc,S-9686c6,2024-09-28,feature_24,11,5379,1,false
U-9fb8f7,A-eb2fdc,S-982ee2,2024-11-15,feature_28,5,1995,0,false
U-08fec8,A-eb2fdc,S-982ee2,2024-10-23,feature_19,8,2800,0,true
U-424ad5,A-eb2fdc,S-c67b80,2024-11-29,feature_39,8,4784,0,false
U-87e921,A-eb2fdc,S-c67b80,2024-04-16,feature_11,4,2052,2,false
U-ca9d11,A-eb2fdc,S-d0913e,2024-07-19,feature_33,6,708,0,false
U-035f7d,A-eb2fdc,S-e44044,2024-09-19,feature_29,7,4151,0,false
U-eb62a6,A-eb2fdc,S-e44044,2024-05-29,feature_4,9,2394,0,false
U-b4b8c8,A-eb2fdc,S-e44044,2024-11-19,feature_18,14,1260,0,false
U-3e2788,A-eb2fdc,S-e44044,2024-11-22,feature_29,16,8000,0,false
U-ca3261,A-eb2fdc,S-e9bcb2,2024-10-05,feature_34,21,1617,2,false
U-a0daa7,A-eb2fdc,S-ff5ff8,2024-09-28,feature_4,13,5707,0,false
U-3ebdfb,A-eb2fdc,S-ff5ff8,2024-07-23,feature_16,13,4329,0,false
U-b307f2,A-eb2fdc,S-ff5ff8,2024-06-11,feature_14,9,1035,0,false
U-b0a0fa,A-eb7c38,S-075ffc,2024-10-06,feature_32,10,6000,0,false
U-571128,A-eb7c38,S-14d515,2024-11-04,feature_24,9,3735,0,false
U-4705e2,A-eb7c38,S-381988,2024-09-16,feature_32,13,715,0,false
U-d7bf5f,A-eb7c38,S-381988,2024-11-02,feature_24,10,1330,1,false
U-1eea0a,A-eb7c38,S-381988,2024-11-10,feature_2,7,1974,0,false
U-aff7d3,A-eb7c38,S-381988,2024-10-07,feature_1,7,1876,1,false
U-275ecc,A-eb7c38,S-44c5dd,2024-07-20,feature_34,9,1494,2,false
U-cfa2d2,A-eb7c38,S-44c5dd,2024-07-21,feature_39,9,3906,1,false
U-1e02a2,A-eb7c38,S-44c5dd,2024-10-03,feature_31,12,336,0,false
U-74c3d0,A-eb7c38,S-4c9c01,2024-10-29,feature_35,10,1510,0,false
U-7596b3,A-eb7c38,S-4c9c01,2024-08-08,feature_18,12,1536,0,false
U-7c5c2b,A-eb7c38,S-4e00a0,2024-08-02,feature_7,11,4939,0,false
U-5a0cc1,A-eb7c38,S-4ff3ae,2024-05-16,feature_28,12,4248,0,false
U-1c8e77,A-eb7c38,S-615915,2024-08-02,feature_25,12,1800,0,false
U-55855b,A-eb7c38,S-615915,2024-09-10,feature_29,5,2685,0,false
U-d73582,A-eb7c38,S-6bab8f,2024-04-20,feature_33,7,217,0,false
U-ae5b57,A-eb7c38,S-6bab8f,2024-07-03,feature_3,10,5660,0,false
U-619050,A-eb7c38,S-6bab8f,2024-05-04,feature_1,9,1008,0,false
U-62581f,A-eb7c38,S-7151d9,2024-04-22,feature_3,9,144,0,false
U-d17cea,A-eb7c38,S-7151d9,2024-06-11,feature_1,12,5976,1,true
U-fbe742,A-eb7c38,S-7151d9,2024-06-14,feature_17,5,2385,0,false
U-0e78ca,A-eb7c38,S-8048cc,2024-04-18,feature_25,12,408,0,true
U-b9184c,A-eb7c38,S-8048cc,2024-06-04,feature_34,9,4203,1,false
U-b9298e,A-eb7c38,S-8789b0,2024-06-05,feature_25,11,1397,0,false
U-b5002a,A-eb7c38,S-8789b0,2024-08-16,feature_33,10,4630,0,true
U-de5194,A-eb7c38,S-8789b0,2024-10-29,feature_15,12,6408,2,false
U-8d23a4,A-eb7c38,S-8789b0,2024-07-12,feature_33,14,1848,0,false
U-ea0550,A-eb7c38,S-a76521,2024-09-24,feature_11,10,1310,0,false
U-ef0fb4,A-eb7c38,S-a76521,2024-07-09,feature_21,12,1452,0,false
U-9b5644,A-eb7c38,S-a916cb,2024-12-15,feature_21,8,1128,0,false
U-1f3a36,A-eb7fac,S-0b7de7,2024-08-15,feature_7,8,1016,0,false
U-32a3b2,A-eb7fac,S-0b7de7,2024-06-10,feature_13,8,944,3,true
U-11e79d,A-eb7fac,S-28a2b2,2024-03-13,feature_15,9,3501,0,false
U-1a4810,A-eb7fac,S-28a2b2,2024-05-20,feature_19,18,8046,0,false
U-e3a441,A-eb7fac,S-30c045,2024-05-10,feature_18,6,2136,0,true
U-cf7c45,A-eb7fac,S-30c045,2024-02-17,feature_15,17,4709,0,false
U-20a7c6,A-eb7fac,S-30c045,2024-06-27,feature_9,11,5852,0,false
U-088bb8,A-eb7fac,S-3a1a06,2024-02-09,feature_35,8,1296,2,false
U-ebe126,A-eb7fac,S-3a1a06,2024-04-05,feature_33,6,1662,3,false
U-d946f1,A-eb7fac,S-3a1a06,2024-07-08,feature_22,11,5005,0,false
U-fd52eb,A-eb7fac,S-3a1a06,2024-10-07,feature_28,13,3029,0,false
U-0f6bd5,A-eb7fac,S-4ef4fd,2024-05-04,feature_25,11,3036,0,false
U-6b2e7a,A-eb7fac,S-4ef4fd,2024-08-09,feature_28,9,2403,0,false
U-eff0ea,A-eb7fac,S-4ef4fd,2024-11-12,feature_31,8,1568,0,false
U-daf9a0,A-eb7fac,S-4ef4fd,2024-08-25,feature_25,17,3995,0,false
U-1c6070,A-eb7fac,S-4ef4fd,2024-02-08,feature_16,11,1650,2,false
U-82eeeb,A-eb7fac,S-4ef4fd,2024-03-11,feature_22,9,3852,0,true
U-c54d7d,A-eb7fac,S-4ef4fd,2024-07-12,feature_28,12,2736,0,false
U-4c35e1,A-eb7fac,S-9464f8,2024-10-16,feature_14,3,1710,0,false
U-d6b912,A-eb7fac,S-9464f8,2024-08-28,feature_7,10,1040,1,false
U-850fba,A-eb7fac,S-9464f8,2024-06-27,feature_18,7,3703,3,false
U-6cd7f7,A-eb7fac,S-9464f8,2024-07-17,feature_11,10,5000,0,false
U-782e04,A-eb7fac,S-dfa4c8,2024-11-17,feature_29,14,7210,0,false
U-c0a48b,A-eb7fac,S-dfa4c8,2024-11-13,feature_33,6,3108,0,false
U-59a395,A-eb7fac,S-dfa4c8,2024-06-08,feature_21,14,5642,1,false
U-79b262,A-eb7fac,S-dfa4c8,2024-12-19,feature_26,10,5320,0,false
U-49a3a0,A-ed510f,S-046595,2024-10-07,feature_6,6,1164,0,false
U-26b356,A-ed510f,S-046595,2023-04-25,feature_19,10,4630,1,false
U-259acb,A-ed510f,S-046595,2023-07-13,feature_30,12,6060,1,false
U-63b192,A-ed510f,S-046595,2024-06-05,feature_40,12,2664,2,false
U-28e45e,A-ed510f,S-046595,2024-10-04,feature_10,15,2145,0,false
U-48105d,A-ed510f,S-046595,2023-06-07,feature_11,6,2790,0,true
U-be1a35,A-ed510f,S-046595,2024-08-13,feature_28,8,2272,0,false
U-098fec,A-ed510f,S-1ad0ca,2024-05-14,feature_39,8,216,0,false
U-65a44f,A-ed510f,S-1ad0ca,2024-03-09,feature_9,10,5730,0,false
U-77d9aa,A-ed510f,S-1ad0ca,2023-08-08,feature_39,11,5665,3,false
U-362f6e,A-ed510f,S-1ad0ca,2023-12-19,feature_30,6,738,1,false
U-9574ea,A-ed510f,S-1ad0ca,2024-05-26,feature_12,7,3094,4,false
U-a040d5,A-ed510f,S-2b2fa8,2024-02-24,feature_36,9,3744,0,false
U-78967a,A-ed510f,S-2b2fa8,2023-07-16,feature_33,14,3948,1,false
U-8b1a2c,A-ed510f,S-2b2fa8,2023-08-31,feature_3,12,5040,0,true
U-56c04c,A-ed510f,S-2b2fa8,2023-11-25,feature_4,14,6146,0,false
U-b66fb9,A-ed510f,S-2b2fa8,2023-09-03,feature_1,11,737,0,false
U-0d471a,A-ed510f,S-2b2fa8,2023-03-21,feature_15,14,5166,0,false
U-954d99,A-ed510f,S-2b2fa8,2024-12-02,feature_32,11,2838,3,false
U-2f52b5,A-ed510f,S-2b2fa8,2023-12-10,feature_33,4,1328,0,false
U-72b9de,A-ed510f,S-38bf32,2023-05-26,feature_30,10,3430,0,true
U-bf5f68,A-ed510f,S-38bf32,2023-05-25,feature_26,13,6123,2,false
U-6a533c,A-ed510f,S-38bf32,2024-08-05,feature_19,7,294,0,false
U-803340,A-ed510f,S-38bf32,2023-04-09,feature_4,8,1808,3,false
U-8f0b93,A-ed510f,S-38bf32,2024-12-17,feature_30,7,819,0,false
U-389a1f,A-ed510f,S-38bf32,2024-09-07,feature_30,11,5742,0,false
U-a0dba6,A-ed510f,S-38bf32,2024-02-08,feature_11,13,7163,0,false
U-5637ef,A-ed510f,S-3d4f7a,2024-04-16,feature_8,8,4600,0,false
U-c069e7,A-ed510f,S-3d4f7a,2024-10-14,feature_32,9,1485,0,false
U-3c9331,A-ed510f,S-3d4f7a,2024-06-18,feature_33,10,5200,0,false
U-66e099,A-ed510f,S-4f81c2,2024-04-18,feature_17,9,2898,0,false
U-0c31e2,A-ed510f,S-4f81c2,2023-12-03,feature_12,11,4004,0,false
U-dce272,A-ed510f,S-4f81c2,2023-07-03,feature_33,13,2925,0,false
U-963e4c,A-ed510f,S-709b46,2023-03-22,feature_35,10,1480,0,false
U-ff3418,A-ed510f,S-709b46,2023-12-22,feature_33,12,4704,4,true
U-85b62f,A-ed510f,S-709b46,2024-12-08,feature_36,10,70,0,false
U-0423bb,A-ed510f,S-709b46,2024-11-04,feature_38,13,4303,0,false
U-1935dd,A-ed510f,S-90525e,2023-04-24,feature_2,8,2480,0,false
U-5381c6,A-ed510f,S-90525e,2024-01-24,feature_3,10,1630,2,false
U-ea7cf3,A-ed510f,S-90525e,2024-06-23,feature_27,12,528,0,false
U-327fa4,A-ed510f,S-f8ee6e,2024-10-11,feature_10,11,110,0,true
U-ec7435,A-ed510f,S-f8ee6e,2023-05-25,feature_32,11,6358,1,false
U-7a55d2,A-ed510f,S-f8ee6e,2024-06-17,feature_22,8,1312,0,false
U-b64f64,A-ed510f,S-f8ee6e,2024-09-12,feature_33,13,7566,0,false
U-dc24b1,A-ed510f,S-f8ee6e,2023-08-17,feature_40,9,2394,0,false
U-9a3999,A-ed510f,S-fd12a3,2024-04-13,feature_13,8,1176,0,false
U-b5a120,A-ed510f,S-fd12a3,2024-10-19,feature_35,12,6156,0,false
U-da5bd4,A-ee42db,S-056775,2024-06-24,feature_4,9,4851,0,false
U-c763d0,A-ee42db,S-056775,2024-10-05,feature_1,9,4140,0,false
U-0f9811,A-ee42db,S-056775,2024-05-10,feature_8,13,416,0,false
U-543406,A-ee42db,S-056775,2023-06-05,feature_36,8,4256,3,false
U-eb2369,A-ee42db,S-056775,2023-05-14,feature_31,12,4272,0,false
U-82bddc,A-ee42db,S-0921a1,2023-05-12,feature_33,8,264,0,false
U-01f413,A-ee42db,S-0921a1,2023-09-18,feature_39,7,3661,1,false
U-dc2fb8,A-ee42db,S-0921a1,2024-08-06,feature_21,8,2032,1,false
U-179002,A-ee42db,S-0921a1,2023-09-06,feature_6,6,1380,1,true
U-fadd5a,A-ee42db,S-0921a1,2023-05-13,feature_5,6,3102,0,false
U-2d510f,A-ee42db,S-0921a1,2024-04-23,feature_6,7,630,0,false
U-5962c9,A-ee42db,S-0921a1,2024-03-11,feature_32,7,812,0,false
U-ef63a1,A-ee42db,S-0921a1,2024-12-26,feature_4,12,4224,0,false
U-710803,A-ee42db,S-2e84f2,2024-02-24,feature_1,5,1780,0,true
U-1058fe,A-ee42db,S-2e84f2,2024-12-19,feature_7,15,8235,2,false
U-a1876e,A-ee42db,S-2e84f2,2023-07-16,feature_30,11,5379,0,false
U-c3e4d9,A-ee42db,S-3196e2,2024-06-04,feature_27,13,5525,0,false
U-65d237,A-ee42db,S-3196e2,2024-09-22,feature_40,8,1352,0,true
U-a298eb,A-ee42db,S-3196e2,2023-09-06,feature_9,9,4698,0,false
U-c6d2b4,A-ee42db,S-3c9a70,2023-05-13,feature_4,11,2002,1,false
U-644889,A-ee42db,S-3c9a70,2024-01-24,feature_32,11,2376,0,false
U-080990,A-ee42db,S-950c4e,2023-07-16,feature_23,7,2716,0,false
U-6cc516,A-ee42db,S-950c4e,2024-04-21,feature_16,7,1547,0,false
U-b8bceb,A-ee42db,S-950c4e,2023-09-21,feature_25,14,1512,4,false
U-59bdf5,A-ee42db,S-b15cde,2023-07-12,feature_9,13,1664,0,true
U-b0bded,A-ee42db,S-b15cde,2024-05-10,feature_14,10,2930,3,false
U-9097a4,A-ee42db,S-b15cde,2024-07-17,feature_13,9,747,1,false
U-941ec5,A-ee42db,S-b15cde,2024-08-23,feature_14,7,630,0,false
U-dca70f,A-ee42db,S-b28ec2,2023-12-26,feature_26,10,4320,1,false
U-06d1b3,A-ee42db,S-b28ec2,2023-05-04,feature_33,10,3040,2,false
U-aac7dd,A-ee42db,S-b28ec2,2023-11-27,feature_22,13,7033,0,false
U-94732f,A-ee42db,S-b28ec2,2024-03-23,feature_24,7,1554,0,false
U-81b9bd,A-ee42db,S-b81ed3,2024-10-22,feature_32,10,5340,0,true
U-44e64d,A-ee42db,S-b81ed3,2024-11-19,feature_29,13,468,0,false
U-c858fe,A-ee42db,S-cd5968,2023-11-08,feature_36,9,3303,0,false
U-97fc9e,A-ee42db,S-cfb246,2023-11-19,feature_17,9,3384,0,false
U-e0f2a6,A-ee42db,S-cfb246,2023-07-06,feature_11,8,208,1,false
U-a31ed2,A-ee42db,S-cfb246,2024-11-11,feature_8,13,7488,0,false
U-c8ccc5,A-ee42db,S-d914d8,2024-12-21,feature_5,6,498,0,false
U-7608c7,A-ee42db,S-d914d8,2024-01-12,feature_33,8,1808,3,false
U-9e164f,A-ee42db,S-d914d8,2024-10-17,feature_23,8,472,0,false
U-ec1616,A-ee42db,S-d914d8,2024-05-23,feature_2,2,818,1,true
U-0bf3f6,A-ee42db,S-d914d8,2024-12-11,feature_26,8,1480,1,false
U-1a7887,A-ee42db,S-d914d8,2023-11-25,feature_19,9,297,0,false
U-a3f18f,A-ee42db,S-d914d8,2023-08-13,feature_8,15,7620,0,false
U-098405,A-ee42db,S-d914d8,2024-10-25,feature_1,12,4524,1,false
U-3ea8f2,A-ee42db,S-d914d8,2024-10-11,feature_15,14,3304,3,false
U-b0bfd0,A-ef84cf,S-1ffdd8,2024-11-10,feature_36,14,1050,0,false
U-556fae,A-ef84cf,S-1ffdd8,2024-12-21,feature_25,10,3640,0,false
U-21c7b4,A-ef84cf,S-62fb8e,2024-07-26,feature_19,8,776,0,false
U-32a63f,A-ef84cf,S-62fb8e,2024-12-31,feature_30,17,340,0,false
U-0f3930,A-ef84cf,S-62fb8e,2024-10-15,feature_28,9,4833,3,false
U-5ad335,A-ef84cf,S-62fb8e,2024-09-21,feature_8,15,5895,0,false
U-76d4cd,A-ef84cf,S-763d33,2024-05-08,feature_1,11,6347,0,false
U-296054,A-ef84cf,S-763d33,2024-06-23,feature_22,10,3640,0,true
U-cfb848,A-ef84cf,S-9333c5,2024-08-11,feature_24,15,5580,1,false
U-c3e8b3,A-ef84cf,S-d5ac8c,2024-08-06,feature_12,7,252,0,false
U-70300f,A-ef84cf,S-d5ac8c,2024-04-29,feature_30,9,783,0,false
U-e452b2,A-f03140,S-151fce,2024-01-10,feature_13,11,6358,0,false
U-7f928f,A-f03140,S-151fce,2023-12-28,feature_21,13,2990,1,false
U-2c6cc7,A-f03140,S-151fce,2024-07-20,feature_40,10,5620,0,false
U-e5b220,A-f03140,S-33472f,2024-10-26,feature_14,7,693,0,false
U-1eeb29,A-f03140,S-40d87e,2024-11-14,feature_21,12,6108,1,false
U-0d09e5,A-f03140,S-40d87e,2024-02-13,feature_32,11,1848,0,false
U-89545c,A-f03140,S-40d87e,2024-12-30,feature_9,12,3480,1,false
U-61a3ed,A-f03140,S-40d87e,2024-04-27,feature_37,14,868,1,false
U-cfdb1e,A-f03140,S-40d87e,2024-06-13,feature_16,14,5292,0,false
U-6acd46,A-f03140,S-40d87e,2024-09-25,feature_34,16,8256,0,true
U-2fc512,A-f03140,S-40d87e,2023-12-20,feature_5,5,1725,1,false
U-10ed36,A-f03140,S-477506,2024-04-10,feature_18,6,3540,0,false
U-568884,A-f03140,S-477506,2024-12-26,feature_35,9,4617,0,false
U-8e2577,A-f03140,S-477506,2024-05-12,feature_15,10,730,2,false
U-e184f9,A-f03140,S-477506,2023-12-16,feature_13,19,9671,0,false
U-886181,A-f03140,S-5b9330,2024-02-21,feature_10,14,5460,3,false
U-dc16d9,A-f03140,S-5b9330,2024-01-16,feature_18,11,2640,0,true
U-dfbe28,A-f03140,S-81d580,2024-01-26,feature_19,7,4081,0,false
U-1af7d9,A-f03140,S-d111f5,2023-12-26,feature_39,10,1460,3,false
U-a234b5,A-f03140,S-d111f5,2024-04-20,feature_31,10,410,0,false
U-39b9a6,A-f03140,S-d111f5,2024-06-01,feature_22,8,968,0,true
U-20e5cf,A-f03140,S-d111f5,2024-04-01,feature_37,9,1656,0,false
U-cba997,A-f03140,S-d111f5,2024-10-30,feature_33,12,5340,0,false
U-6196af,A-f03140,S-d111f5,2024-09-05,feature_29,11,3091,0,false
U-d0de87,A-f03140,S-d111f5,2024-02-19,feature_6,11,4675,0,false
U-b77694,A-f03140,S-f9092a,2024-07-13,feature_13,7,3626,0,false
U-2ae2cc,A-f03140,S-ff4a47,2024-11-23,feature_18,15,4905,0,false
U-c75d7e,A-f03140,S-ff4a47,2023-12-24,feature_13,16,6496,1,false
U-ea3028,A-f03140,S-ffd1ee,2024-07-27,feature_24,17,9384,0,false
U-faa0e8,A-f03140,S-ffd1ee,2024-05-07,feature_10,12,1476,0,true
U-47569e,A-f03140,S-ffd1ee,2023-12-15,feature_18,16,688,1,false
U-b18e43,A-f03140,S-ffd1ee,2024-10-11,feature_29,10,3780,0,false
U-5275c3,A-f03140,S-ffd1ee,2023-12-26,feature_18,6,1386,0,false
U-3a2668,A-f17767,S-0b8b0c,2024-01-06,feature_31,13,3757,0,true
U-e0878c,A-f17767,S-0b8b0c,2024-01-05,feature_32,7,3857,0,false
U-fde243,A-f17767,S-0b8b0c,2024-05-29,feature_28,15,8265,0,false
U-58af2d,A-f17767,S-0b8b0c,2023-12-26,feature_30,11,2453,0,false
U-20fe10,A-f17767,S-0b8b0c,2023-05-31,feature_1,12,252,0,false
U-19e9dd,A-f17767,S-0b8b0c,2024-08-05,feature_40,17,1156,0,false
U-12239d,A-f17767,S-0b8b0c,2024-02-09,feature_22,10,2620,0,false
U-1bffed,A-f17767,S-3ad7c4,2023-08-02,feature_9,11,2508,0,false
U-82f3c6,A-f17767,S-3ad7c4,2024-02-18,feature_4,7,2275,0,false
U-a3767c,A-f17767,S-50334b,2024-12-25,feature_22,12,600,2,false
U-7133c2,A-f17767,S-50334b,2023-05-20,feature_10,10,2720,1,false
U-27e64a,A-f17767,S-50334b,2023-10-08,feature_35,12,2760,0,false
U-0d9317,A-f17767,S-50334b,2024-07-09,feature_31,15,1035,0,true
U-ff221f,A-f17767,S-50334b,2023-05-20,feature_38,7,196,0,false
U-22892c,A-f17767,S-50334b,2024-04-26,feature_5,11,1089,2,false
U-48301b,A-f17767,S-50334b,2023-04-07,feature_24,3,1509,1,false
U-37830e,A-f17767,S-59dc4b,2023-07-17,feature_28,11,5874,0,false
U-8ad987,A-f17767,S-59dc4b,2024-05-10,feature_12,8,4720,0,false
U-64243d,A-f17767,S-59dc4b,2023-06-14,feature_40,15,7170,3,false
U-36a85d,A-f17767,S-59dc4b,2024-07-18,feature_15,8,4208,0,false
U-fc4c08,A-f17767,S-59dc4b,2023-08-29,feature_33,13,7774,3,false
U-b6e6a2,A-f17767,S-64d203,2023-04-19,feature_33,11,6138,6,false
U-2ef9c1,A-f17767,S-64d203,2023-03-22,feature_16,7,1603,0,false
U-b865fb,A-f17767,S-64d203,2024-02-03,feature_10,12,3876,0,false
U-00185e,A-f17767,S-64d203,2023-03-18,feature_34,10,4550,3,false
U-d524e4,A-f17767,S-778307,2024-08-08,feature_9,9,2394,0,false
U-32ad9b,A-f17767,S-778307,2023-10-07,feature_22,7,3094,1,false
U-1dde4f,A-f17767,S-778307,2023-04-16,feature_26,8,2320,2,false
U-38b42e,A-f17767,S-778307,2024-03-27,feature_29,12,3060,0,false
U-d4885f,A-f17767,S-778307,2024-12-14,feature_1,9,3654,0,true
U-8c8724,A-f17767,S-7de656,2023-10-09,feature_29,10,2980,0,false
U-6383c6,A-f17767,S-7de656,2023-06-13,feature_10,8,56,2,false
U-a544aa,A-f17767,S-7de656,2024-09-17,feature_35,12,2640,0,false
U-0fd9f9,A-f17767,S-7de656,2024-05-30,feature_30,13,3029,1,false
U-49a789,A-f17767,S-7de656,2024-12-05,feature_36,10,5700,0,false
U-c1d709,A-f17767,S-91b63c,2024-09-14,feature_22,10,4150,0,false
U-0d350d,A-f17767,S-91b63c,2024-04-07,feature_22,9,2430,0,false
U-5c6f8b,A-f17767,S-91b63c,2023-10-05,feature_20,11,5247,0,false
U-714cc8,A-f17767,S-91b63c,2023-07-07,feature_12,13,5031,0,false
U-e56e4b,A-f17767,S-91b63c,2023-12-29,feature_25,6,3048,0,false
U-952f3a,A-f17767,S-91b63c,2024-01-31,feature_28,9,1269,0,false
U-610aae,A-f17767,S-93ab2d,2024-06-01,feature_20,12,4584,1,false
U-aa00d0,A-f17767,S-93ab2d,2023-08-28,feature_18,13,5967,0,false
U-dc313a,A-f17767,S-93ab2d,2023-03-11,feature_25,8,736,0,false
U-7a232e,A-f17767,S-93ab2d,2024-08-08,feature_11,10,4170,1,false
U-5d8b20,A-f17767,S-93ab2d,2023-04-14,feature_28,6,2970,1,false
U-76f23f,A-f17767,S-93ab2d,2023-12-03,feature_34,11,2376,0,false
U-0fa383,A-f17767,S-93ab2d,2024-01-30,feature_36,6,3054,0,false
U-632b84,A-f17767,S-93ab2d,2023-07-14,feature_14,14,4928,0,false
U-20b8fb,A-f17767,S-b479cd,2024-03-28,feature_25,9,3402,1,false
U-261d7a,A-f17767,S-b479cd,2024-05-07,feature_15,8,1840,1,false
U-d1946b,A-f17767,S-b479cd,2024-07-01,feature_34,9,342,0,false
U-340b02,A-f17767,S-b479cd,2024-01-27,feature_29,16,1584,0,false
U-29dd5d,A-f17767,S-b479cd,2023-03-14,feature_29,8,992,1,false
U-554590,A-f17767,S-d61866,2023-11-18,feature_23,13,2145,0,false
U-04cb48,A-f17767,S-d61866,2024-02-17,feature_37,6,672,0,false
U-a0e3c5,A-f17767,S-d61866,2023-04-23,feature_27,6,1458,0,false
U-ad23f3,A-f17767,S-d61866,2023-04-24,feature_23,12,5508,0,false
U-8c04d7,A-f17767,S-d61866,2023-11-13,feature_3,11,792,0,false
U-18d67a,A-f17767,S-f8357e,2024-03-09,feature_22,7,4074,0,false
U-40803b,A-f17767,S-f8357e,2023-07-29,feature_17,13,3718,2,true
U-6a252d,A-f17767,S-f8357e,2023-10-27,feature_28,10,3910,0,false
U-d310ea,A-f17767,S-f8357e,2024-04-09,feature_2,10,2530,0,false
U-ff4adc,A-f17767,S-f8357e,2024-12-10,feature_13,9,135,0,false
U-4b23ae,A-f17767,S-f8357e,2024-10-27,feature_16,11,3267,2,false
U-fb5b27,A-f17767,S-f8357e,2024-07-15,feature_34,7,3332,0,false
U-6965c2,A-f17767,S-f8357e,2024-06-21,feature_3,16,272,1,false
U-431fd3,A-f19409,S-07abdd,2024-08-16,feature_12,13,6162,0,false
U-53acc0,A-f19409,S-07abdd,2023-11-06,feature_18,5,2925,0,true
U-da3436,A-f19409,S-07abdd,2023-06-05,feature_4,16,8368,1,false
U-87099f,A-f19409,S-07abdd,2024-11-15,feature_28,8,1328,0,false
U-fba281,A-f19409,S-07abdd,2023-07-18,feature_1,13,7280,0,false
U-85a04c,A-f19409,S-07abdd,2023-12-28,feature_38,16,4416,0,true
U-f9c567,A-f19409,S-07abdd,2023-10-13,feature_13,10,5290,0,true
U-19672e,A-f19409,S-2e55e6,2024-07-23,feature_29,6,1026,1,false
U-2b58da,A-f19409,S-2e55e6,2023-06-19,feature_22,15,7245,1,false
U-c91d1f,A-f19409,S-2e55e6,2024-12-27,feature_29,13,7423,0,false
U-4e7a90,A-f19409,S-2e55e6,2023-07-08,feature_18,6,3132,0,false
U-a083c7,A-f19409,S-2e55e6,2024-04-20,feature_8,10,2410,0,false
U-ba5ebb,A-f19409,S-2fd379,2023-10-09,feature_16,7,3864,2,false
U-386525,A-f19409,S-2fd379,2024-04-06,feature_5,7,189,0,false
U-23fb62,A-f19409,S-2fd379,2024-01-09,feature_28,17,8058,0,false
U-183f43,A-f19409,S-2fd379,2023-07-18,feature_26,11,3839,0,false
U-882bb4,A-f19409,S-2fd379,2023-09-30,feature_32,12,1164,0,false
U-54486f,A-f19409,S-34f2f9,2024-12-27,feature_9,9,1197,0,false
U-c878da,A-f19409,S-34f2f9,2024-03-27,feature_38,15,7170,0,false
U-69f25a,A-f19409,S-34f2f9,2023-07-31,feature_34,15,1545,0,false
U-836de6,A-f19409,S-34f2f9,2024-06-12,feature_18,12,5712,0,false
U-e65f00,A-f19409,S-34f2f9,2023-08-18,feature_38,9,288,3,false
U-f86e1f,A-f19409,S-34f2f9,2023-09-02,feature_20,7,3248,0,false
U-7c9664,A-f19409,S-34f2f9,2024-04-06,feature_30,18,432,1,true
U-e82f89,A-f19409,S-34f2f9,2024-04-11,feature_31,14,5586,1,false
U-c61d97,A-f19409,S-4984e3,2024-11-17,feature_16,15,1650,0,false
U-f51c05,A-f19409,S-4984e3,2024-01-04,feature_31,11,3333,0,false
U-fe5c65,A-f19409,S-4984e3,2024-01-17,feature_10,8,576,0,true
U-178d31,A-f19409,S-70a554,2023-10-05,feature_24,12,2040,3,false
U-210349,A-f19409,S-70a554,2024-01-08,feature_37,11,3179,0,true
U-c1cb4b,A-f19409,S-70a554,2024-03-28,feature_16,8,1448,0,false
U-427b35,A-f19409,S-85796b,2024-11-04,feature_6,10,5740,1,false
U-980afe,A-f19409,S-85796b,2024-05-03,feature_26,13,5512,0,false
U-05a3d7,A-f19409,S-85796b,2023-06-12,feature_1,4,172,0,true
U-6bc255,A-f19409,S-85796b,2024-09-05,feature_12,15,6330,2,false
U-5dfe57,A-f19409,S-85796b,2023-05-14,feature_12,13,4082,0,false
U-024c31,A-f19409,S-85796b,2023-07-20,feature_32,14,7280,0,true
U-eb008b,A-f19409,S-85796b,2023-05-12,feature_25,7,497,0,false
U-2e255d,A-f19409,S-8ca516,2024-05-29,feature_38,11,3322,1,false
U-c735e3,A-f19409,S-8ca516,2024-08-17,feature_36,10,5350,2,true
U-8bce1d,A-f19409,S-8ca516,2024-08-26,feature_23,6,1740,0,false
U-9c6799,A-f19409,S-8fd98a,2024-07-30,feature_33,5,510,0,false
U-c0224b,A-f19409,S-8fd98a,2024-11-06,feature_10,13,1313,3,false
U-44d9fc,A-f19409,S-8fd98a,2023-05-13,feature_8,13,1534,1,false
U-c3faa9,A-f19409,S-8fd98a,2024-07-24,feature_35,7,1211,0,false
U-847256,A-f19409,S-8fd98a,2023-09-01,feature_24,7,3416,0,false
U-78833c,A-f19409,S-8fd98a,2024-06-24,feature_22,13,2535,0,false
U-672509,A-f19409,S-8fd98a,2023-06-06,feature_9,10,2870,0,true
U-601367,A-f19409,S-cdf835,2024-06-27,feature_13,10,1760,0,false
U-993d1f,A-f19409,S-cdf835,2024-11-27,feature_38,7,1323,0,false
U-f5070f,A-f19409,S-cdf835,2024-10-25,feature_23,9,4878,3,false
U-e90524,A-f19409,S-cdf835,2024-06-13,feature_12,13,3224,0,true
U-6ed5a8,A-f19409,S-d80516,2024-10-30,feature_40,14,8078,0,true
U-8a3b30,A-f19409,S-d80516,2023-09-13,feature_3,13,1781,1,false
U-8b160a,A-f19409,S-f9e5e9,2024-10-28,feature_19,5,2520,2,false
U-6762ad,A-f19409,S-f9e5e9,2023-06-25,feature_20,7,1974,0,false
U-a52297,A-f19409,S-f9e5e9,2024-09-25,feature_24,10,3360,0,false
U-b0b081,A-f19409,S-f9e5e9,2024-07-15,feature_34,11,2024,1,false
U-5787c4,A-f19b24,S-31ac79,2024-05-20,feature_30,11,5511,1,false
U-c410c3,A-f19b24,S-31ac79,2024-10-13,feature_29,12,6084,4,false
U-83a398,A-f19b24,S-496c1e,2024-11-02,feature_23,11,6402,0,false
U-73a34f,A-f19b24,S-f093d0,2024-10-10,feature_28,5,2335,0,false
U-d0b6e8,A-f19b24,S-f093d0,2024-11-03,feature_39,9,4662,2,false
U-3c9255,A-f1f639,S-07c2c2,2023-07-31,feature_25,7,2415,0,false
U-f9a427,A-f1f639,S-07c2c2,2023-08-23,feature_39,10,2530,0,false
U-9d01dc,A-f1f639,S-07c2c2,2024-12-20,feature_8,17,5202,0,false
U-45a705,A-f1f639,S-343bab,2024-12-17,feature_36,6,1068,0,false
U-76fc5c,A-f1f639,S-ab212b,2024-09-28,feature_3,6,2658,0,false
U-d328d2,A-f1f639,S-ab212b,2023-10-25,feature_27,15,8070,1,true
U-8641f6,A-f1f639,S-f52fd6,2024-10-19,feature_36,8,3480,0,false
U-2f70ab,A-f1f639,S-f52fd6,2024-06-01,feature_30,12,804,0,false
U-a44e52,A-f1f639,S-f52fd6,2023-10-30,feature_20,16,3776,3,false
U-f3252f,A-f25509,S-3632aa,2024-08-11,feature_30,10,2160,0,false
U-4e8651,A-f25509,S-7c24f6,2024-12-07,feature_23,14,8064,0,false
U-1a2c74,A-f25509,S-7c24f6,2024-09-06,feature_31,11,1452,2,false
U-72c680,A-f25509,S-864b0c,2024-07-13,feature_31,14,1596,0,true
U-2947ea,A-f25509,S-a3a1c1,2024-12-28,feature_13,13,2262,2,false
U-738c37,A-f25509,S-a3a1c1,2024-06-22,feature_19,8,4552,1,false
U-3d3a2d,A-f3ff05,S-180b6c,2024-09-13,feature_7,10,4310,0,false
U-4f3b0c,A-f3ff05,S-44c9ae,2024-11-19,feature_9,12,2460,0,true
U-aca32b,A-f3ff05,S-44c9ae,2024-09-27,feature_37,12,2724,3,false
U-3f091a,A-f3ff05,S-515485,2024-10-19,feature_11,9,720,0,false
U-f5390d,A-f3ff05,S-5aacfa,2024-09-02,feature_14,9,1638,1,false
U-3db268,A-f3ff05,S-5c3f50,2024-10-10,feature_37,9,1584,0,false
U-2d8571,A-f3ff05,S-5c3f50,2024-09-11,feature_9,10,4040,0,false
U-dd06e1,A-f3ff05,S-628884,2024-10-02,feature_34,7,714,0,false
U-8871cd,A-f3ff05,S-628884,2024-09-21,feature_26,13,5538,4,true
U-de9519,A-f3ff05,S-9f13f8,2024-10-01,feature_30,7,2905,1,false
U-3422b1,A-f3ff05,S-c64e87,2024-12-31,feature_39,12,5100,1,false
U-a11bd9,A-f3ff05,S-ce61e0,2024-09-23,feature_33,6,3168,0,false
U-8fcf19,A-f3ff05,S-ce61e0,2024-09-14,feature_11,8,4424,0,false
U-9a2326,A-f44180,S-029c20,2024-01-23,feature_28,12,3948,0,true
U-1e57e9,A-f44180,S-029c20,2024-02-07,feature_28,7,3094,0,false
U-f6e65c,A-f44180,S-029c20,2023-07-25,feature_24,10,2620,0,false
U-d1d5d1,A-f44180,S-0d6ea4,2024-07-16,feature_35,13,6695,2,false
U-5a2b67,A-f44180,S-0d6ea4,2024-02-02,feature_33,7,2233,0,false
U-59aab6,A-f44180,S-0d6ea4,2024-10-09,feature_36,7,812,1,false
U-dc2c8c,A-f44180,S-0d6ea4,2023-11-25,feature_26,14,8120,1,false
U-9d7b60,A-f44180,S-0d6ea4,2023-09-13,feature_37,10,5970,0,false
U-9214c2,A-f44180,S-0d6ea4,2024-12-08,feature_16,15,2970,0,false
U-2b9497,A-f44180,S-49d73e,2023-06-15,feature_8,10,5340,2,false
U-615b73,A-f44180,S-7da02b,2023-11-27,feature_22,15,5295,1,false
U-925985,A-f44180,S-7da02b,2024-10-29,feature_22,13,754,1,false
U-ae792b,A-f44180,S-7da02b,2023-09-07,feature_16,9,2628,0,true
U-58a2fd,A-f44180,S-7da02b,2023-12-29,feature_19,9,3177,0,false
U-dff2dd,A-f44180,S-83dc0a,2024-08-05,feature_36,9,1476,1,true
U-180066,A-f44180,S-83dc0a,2023-10-03,feature_14,7,2471,0,false
U-4a55cf,A-f44180,S-83dc0a,2024-03-27,feature_35,15,1425,0,false
U-44b478,A-f44180,S-beff12,2023-05-06,feature_37,10,5950,0,false
U-2c74bb,A-f44180,S-beff12,2024-08-24,feature_7,7,1960,1,false
U-d975d6,A-f44180,S-beff12,2024-12-15,feature_7,4,92,0,false
U-faac62,A-f44180,S-de705a,2023-06-25,feature_22,12,3744,0,true
U-eb3510,A-f44180,S-de705a,2024-07-04,feature_23,7,441,0,false
U-08209a,A-f44180,S-de705a,2024-08-23,feature_6,10,1840,0,false
U-0414af,A-f44180,S-de705a,2023-11-15,feature_7,8,312,0,false
U-e826d9,A-f44180,S-de705a,2023-12-25,feature_14,10,4040,0,false
U-3138ff,A-f44180,S-e22519,2023-12-05,feature_26,8,1720,0,false
U-c07c5c,A-f44180,S-e22519,2023-03-29,feature_1,13,2665,0,false
U-791928,A-f44180,S-e22519,2024-02-13,feature_5,8,504,1,true
U-0cff49,A-f44180,S-e22519,2023-10-04,feature_14,15,8355,0,false
U-01c62e,A-f44180,S-e22519,2023-12-05,feature_12,9,4176,0,false
U-973e3b,A-f44180,S-e22519,2023-10-15,feature_16,11,5544,0,false
U-9d0a26,A-f44180,S-e22519,2024-10-03,feature_10,12,492,0,false
U-da4aaa,A-f44180,S-f42cc4,2024-12-03,feature_16,11,4862,2,false
U-bb8e45,A-f44180,S-f42cc4,2023-12-06,feature_5,10,1890,2,false
U-c60a78,A-f44180,S-f42cc4,2024-11-10,feature_37,9,5040,0,false
U-03fe0e,A-f44180,S-f42cc4,2024-03-16,feature_13,9,1143,1,true
U-a39c2e,A-f44180,S-f42cc4,2023-10-12,feature_26,10,1610,0,true
U-b2a23e,A-f44180,S-f5c7b2,2024-05-12,feature_36,7,1288,0,false
U-ce85a2,A-f44180,S-f72b84,2023-04-29,feature_5,23,12696,0,false
U-92a37d,A-f44180,S-f72b84,2023-09-19,feature_30,3,1437,0,true
U-3b53ab,A-f44180,S-f72b84,2024-04-26,feature_33,8,3432,0,false
U-0772ea,A-f44180,S-f72b84,2024-10-26,feature_20,9,2322,0,false
U-b40a3c,A-f44180,S-f72b84,2024-04-07,feature_20,10,650,0,false
U-39f86b,A-f44180,S-f72b84,2024-07-12,feature_26,8,3664,0,false
U-6bf864,A-f446b6,S-127844,2024-11-21,feature_27,9,1791,1,false
U-5a7738,A-f446b6,S-127844,2024-07-26,feature_40,9,3735,0,false
U-f5bdf7,A-f446b6,S-127844,2024-06-18,feature_5,10,5090,0,false
U-1edcc0,A-f446b6,S-127844,2024-06-20,feature_11,6,2820,1,false
U-2d1a88,A-f446b6,S-19b415,2023-09-21,feature_19,8,3344,1,false
U-97f303,A-f446b6,S-19b415,2024-03-04,feature_10,13,7020,0,false
U-0a877e,A-f446b6,S-3ab534,2023-08-15,feature_8,13,3848,0,false
U-440562,A-f446b6,S-3ab534,2024-03-18,feature_13,8,3224,0,true
U-ec5d03,A-f446b6,S-3ab534,2024-03-17,feature_31,4,800,2,false
U-f892aa,A-f446b6,S-54a3ed,2024-07-28,feature_4,5,1780,5,false
U-4f3ea2,A-f446b6,S-54a3ed,2024-03-24,feature_2,18,8892,0,false
U-784938,A-f446b6,S-54a3ed,2024-12-14,feature_34,15,8730,0,false
U-a737b0,A-f446b6,S-54a3ed,2023-12-28,feature_31,11,4202,0,false
U-8ee5d5,A-f446b6,S-57800a,2023-10-04,feature_13,11,4653,0,false
U-cc74a2,A-f446b6,S-57800a,2024-07-25,feature_31,6,954,0,false
U-193419,A-f446b6,S-57800a,2023-10-02,feature_31,9,1413,0,false
U-4f83ab,A-f446b6,S-998ec2,2024-07-16,feature_9,13,6006,2,false
U-6181fc,A-f446b6,S-998ec2,2024-05-20,feature_16,10,3760,0,false
U-1db56c,A-f446b6,S-998ec2,2024-01-28,feature_23,12,4236,0,false
U-311ff2,A-f446b6,S-998ec2,2024-01-12,feature_37,8,304,0,false
U-7cd023,A-f446b6,S-998ec2,2023-12-31,feature_25,9,3537,3,true
U-872b12,A-f446b6,S-998ec2,2023-07-02,feature_24,10,170,0,false
U-da2de3,A-f446b6,S-e4b8fd,2023-08-28,feature_23,8,2400,1,false
U-4c4695,A-f446b6,S-e4b8fd,2024-02-20,feature_33,10,280,0,false
U-8ad2f4,A-f446b6,S-e4b8fd,2024-05-27,feature_29,5,315,1,false
U-da3274,A-f446b6,S-e4b8fd,2023-07-25,feature_22,15,1920,0,true
U-bdcf6c,A-f446b6,S-f53776,2023-12-04,feature_32,12,6660,0,false
U-d2c1f9,A-f446b6,S-f53776,2024-11-19,feature_24,9,2889,0,false
U-3b2b2e,A-f446b6,S-f53776,2024-05-17,feature_27,13,5694,3,false
U-9e2232,A-f446b6,S-f53776,2024-07-03,feature_36,7,2625,0,false
U-dc0085,A-f446b6,S-f53776,2024-05-14,feature_12,2,1036,2,false
U-ab5ef1,A-f446b6,S-f7b2fc,2024-10-04,feature_39,12,876,4,false
U-3df3b8,A-f446b6,S-f7b2fc,2024-11-15,feature_11,9,1863,0,false
U-a4e0e7,A-f446b6,S-f7b2fc,2023-08-17,feature_20,12,5676,1,false
U-4ada4e,A-f45426,S-2126cd,2024-09-29,feature_26,11,4070,0,false
U-3f08c5,A-f45426,S-2126cd,2024-12-16,feature_18,7,497,0,false
U-dd708f,A-f45426,S-2126cd,2024-09-07,feature_33,8,392,0,false
U-df7ac1,A-f45426,S-4b26c5,2024-09-21,feature_8,8,4176,0,false
U-878da5,A-f45426,S-4b26c5,2024-12-22,feature_8,6,1644,1,false
U-ec99fc,A-f45426,S-70275b,2024-11-26,feature_11,11,4807,0,false
U-044a86,A-f45426,S-79bb4c,2024-09-20,feature_39,13,3614,2,false
U-2e4ef5,A-f45426,S-79bb4c,2024-12-10,feature_12,17,9537,0,false
U-6fb1cb,A-f45426,S-79bb4c,2024-10-19,feature_36,13,91,0,false
U-070a84,A-f45426,S-a79d1f,2024-11-03,feature_34,10,140,1,false
U-8ea8fd,A-f45426,S-a79d1f,2024-09-20,feature_26,10,490,0,false
U-7689c8,A-f45426,S-a79d1f,2024-12-25,feature_14,13,7657,0,false
U-4b2149,A-f45426,S-b488bc,2024-10-08,feature_34,14,5796,0,false
U-5b7d0d,A-f45426,S-b488bc,2024-12-26,feature_32,10,4750,5,false
U-7ec30e,A-f45426,S-d31de5,2024-12-23,feature_28,6,888,0,false
U-7dab66,A-f45426,S-d31de5,2024-10-07,feature_4,7,1281,0,false
U-73ecf7,A-f45426,S-e60306,2024-10-28,feature_32,9,666,0,false
U-3e0473,A-f51f16,S-03a97f,2024-09-04,feature_35,13,7202,2,false
U-4e0b1d,A-f51f16,S-03a97f,2024-04-25,feature_20,10,1070,1,false
U-ab9f5d,A-f51f16,S-109e0c,2024-10-26,feature_34,10,4190,0,false
U-0ff0e9,A-f51f16,S-109e0c,2024-09-15,feature_2,9,1602,0,false
U-a83505,A-f51f16,S-35c7c8,2024-02-22,feature_2,13,4745,3,false
U-66992c,A-f51f16,S-35c7c8,2024-03-29,feature_17,8,2656,0,false
U-c45c9e,A-f51f16,S-35c7c8,2024-06-29,feature_13,10,4780,0,false
U-33e382,A-f51f16,S-35c7c8,2024-10-25,feature_4,8,1584,0,false
U-fb34f1,A-f51f16,S-b120fb,2024-06-17,feature_5,9,3960,0,false
U-53fb90,A-f51f16,S-b120fb,2024-12-08,feature_10,8,2464,1,false
U-25b1ec,A-f51f16,S-b120fb,2024-11-11,feature_30,12,5844,5,false
U-35013f,A-f51f16,S-b120fb,2024-04-08,feature_15,10,3350,0,false
U-d9ed60,A-f51f16,S-b120fb,2024-08-17,feature_32,9,3780,1,false
U-39e7b8,A-f51f16,S-b94bce,2024-03-10,feature_17,9,3033,1,false
U-5eea9b,A-f51f16,S-e90e70,2024-06-02,feature_36,10,790,0,false
U-73424b,A-f51f16,S-e90e70,2024-07-15,feature_25,8,3736,0,false
U-5e1149,A-f5641b,S-33200e,2024-12-03,feature_28,9,1710,0,false
U-fd30f2,A-f5641b,S-33200e,2024-05-18,feature_3,9,3492,0,false
U-a42608,A-f5641b,S-7dd478,2024-11-06,feature_21,18,9126,0,false
U-e668ce,A-f5641b,S-7dd478,2024-11-08,feature_17,17,4658,0,false
U-c494d9,A-f5641b,S-812c7c,2024-08-18,feature_18,8,3352,2,false
U-58f219,A-f5641b,S-82989b,2024-07-28,feature_29,11,5412,1,false
U-544a1f,A-f5641b,S-966a44,2024-04-25,feature_16,11,4917,1,false
U-d826bd,A-f5641b,S-c97464,2024-12-11,feature_35,11,3718,1,false
U-78313e,A-f5641b,S-c97464,2024-07-03,feature_6,8,3752,0,false
U-09002f,A-f5641b,S-fc44ed,2024-07-10,feature_7,11,3058,2,true
U-f61a4d,A-f6b2fb,S-04ab7e,2024-07-16,feature_38,9,441,0,false
U-1536de,A-f6b2fb,S-04ab7e,2024-12-24,feature_17,10,5830,0,false
U-e3e81c,A-f6b2fb,S-1b6221,2024-08-10,feature_38,11,4114,0,false
U-19e8fe,A-f6b2fb,S-59778a,2024-07-09,feature_14,11,4653,7,false
U-64f998,A-f6b2fb,S-710a78,2024-09-19,feature_1,14,168,0,false
U-94a9d3,A-f6b2fb,S-710a78,2024-10-14,feature_23,4,664,0,false
U-46a886,A-f6b2fb,S-721fea,2024-09-13,feature_4,5,195,0,false
U-e9e0dc,A-f6b2fb,S-8ba96c,2024-09-04,feature_19,7,3213,1,false
U-9eb2e7,A-f6b2fb,S-8ba96c,2024-08-19,feature_13,14,2030,1,false
U-70788c,A-f6b2fb,S-99aaa4,2024-12-17,feature_36,6,1338,0,false
U-645f2b,A-f6b2fb,S-ada718,2024-10-28,feature_3,5,1215,2,false
U-1fcd94,A-f6b2fb,S-ada718,2024-10-30,feature_12,11,5115,0,false
U-57f207,A-f6b2fb,S-b7d291,2024-06-29,feature_28,6,2856,0,false
U-958eb2,A-f92792,S-1dceca,2024-08-02,feature_22,13,2613,1,false
U-aa5e21,A-f92792,S-3a79ac,2024-08-09,feature_40,19,1463,0,false
U-0c6b28,A-f92792,S-456829,2024-12-27,feature_15,11,792,1,false
U-9bee0f,A-f92792,S-64dcb7,2024-11-06,feature_18,11,2838,0,true
U-162ece,A-f92792,S-6d09f2,2024-12-02,feature_8,11,990,2,false
U-a1482f,A-f92792,S-ab37ae,2024-09-07,feature_14,8,3056,0,false
U-92d719,A-f92792,S-cb38be,2024-12-07,feature_35,11,3003,0,false
U-757a9e,A-f92792,S-d49a8f,2024-10-25,feature_11,10,3210,2,false
U-41c238,A-f92792,S-d49a8f,2024-10-23,feature_5,7,2548,0,false
U-dcd3e6,A-f97b9a,S-1ad713,2023-12-25,feature_5,8,4720,3,false
U-79be77,A-f97b9a,S-1ad713,2024-01-13,feature_29,9,2025,1,false
U-181542,A-f97b9a,S-1ad713,2024-11-22,feature_17,8,1456,0,false
U-10e37a,A-f97b9a,S-1ad713,2024-09-12,feature_21,13,6981,0,false
U-7f9bc8,A-f97b9a,S-1ad713,2024-04-19,feature_39,14,7952,0,true
U-fbcd8a,A-f97b9a,S-4cff80,2024-11-21,feature_18,9,4455,0,false
U-d0093a,A-f97b9a,S-4cff80,2023-10-25,feature_17,7,2492,0,false
U-c5d4ee,A-f97b9a,S-4cff80,2024-10-09,feature_7,12,204,0,false
U-09e1c6,A-f97b9a,S-4cff80,2024-03-02,feature_39,9,1539,0,false
U-6cd3a3,A-f97b9a,S-4cff80,2024-03-02,feature_20,13,7319,4,false
U-ecf34d,A-f97b9a,S-4cff80,2024-05-04,feature_23,11,4103,0,false
U-9f2ca5,A-f97b9a,S-4cff80,2023-09-29,feature_25,11,6116,0,false
U-b5467b,A-f97b9a,S-4cff80,2024-03-30,feature_9,11,3113,0,false
U-40c70e,A-f97b9a,S-4cff80,2024-05-06,feature_30,12,2088,0,false
U-364fd2,A-f97b9a,S-4d8612,2024-04-25,feature_37,4,1448,0,false
U-c83650,A-f97b9a,S-4d8612,2024-09-10,feature_14,8,2544,3,false
U-beedcc,A-f97b9a,S-4d8612,2024-02-05,feature_36,7,2821,0,false
U-787ad4,A-f97b9a,S-4d8612,2023-10-10,feature_11,12,684,0,true
U-a8f767,A-f97b9a,S-4d8612,2023-11-13,feature_40,10,380,0,false
U-f74603,A-f97b9a,S-4d8612,2024-03-09,feature_33,9,3924,0,false
U-a298c1,A-f97b9a,S-5a1d20,2024-05-28,feature_17,12,576,0,false
U-e741d9,A-f97b9a,S-5a1d20,2024-03-09,feature_8,6,564,1,false
U-86145a,A-f97b9a,S-5a1d20,2024-03-30,feature_19,9,4077,1,false
U-71f1a0,A-f97b9a,S-5a1d20,2024-08-07,feature_24,10,3480,0,false
U-3d581f,A-f97b9a,S-5a1d20,2024-04-03,feature_36,13,7293,0,false
U-95bc36,A-f97b9a,S-6a8046,2023-12-12,feature_2,15,7605,5,false
U-69f918,A-f97b9a,S-6a8046,2023-12-11,feature_11,10,1900,2,true
U-23d898,A-f97b9a,S-78ba09,2024-11-20,feature_35,11,5775,0,false
U-0beff5,A-f97b9a,S-865af3,2023-10-26,feature_23,4,928,0,true
U-c7de59,A-f97b9a,S-865af3,2024-01-27,feature_8,8,4072,0,false
U-dd89ce,A-f97b9a,S-865af3,2024-08-10,feature_11,10,2950,0,false
U-8862d2,A-f97b9a,S-865af3,2024-04-28,feature_17,7,287,0,false
U-03ef1e,A-f97b9a,S-b38152,2024-12-29,feature_35,8,2952,0,false
U-d91447,A-f97b9a,S-b38152,2024-03-29,feature_35,5,1420,0,false
U-11640b,A-f97b9a,S-b38152,2024-12-09,feature_10,11,5093,1,false
U-9b45b8,A-f97b9a,S-b38152,2024-07-13,feature_25,6,1098,0,true
U-0f79c2,A-f97b9a,S-d8f67e,2024-03-07,feature_23,7,217,0,false
U-ad4cc9,A-f97b9a,S-d8f67e,2024-10-17,feature_37,15,2400,3,false
U-16a682,A-f97b9a,S-d8f67e,2024-02-23,feature_15,15,3120,3,true
U-eba379,A-f97b9a,S-d8f67e,2024-03-29,feature_7,15,7065,0,false
U-c8f0ea,A-f97b9a,S-d8f67e,2024-07-28,feature_35,9,531,0,false
U-24f5e6,A-f97b9a,S-f33b5f,2024-12-05,feature_33,5,1600,0,false
U-66cf27,A-f97b9a,S-f33b5f,2023-09-19,feature_30,8,4760,0,false
U-f95151,A-f97b9a,S-f33b5f,2024-05-23,feature_9,13,2236,0,false
U-6ca00d,A-f97b9a,S-f83811,2024-10-31,feature_31,9,648,0,false
U-59fe7a,A-f9cc74,S-017e33,2024-11-06,feature_29,12,1188,0,false
U-acc3cd,A-f9cc74,S-19950d,2024-12-31,feature_21,8,4720,2,false
U-0693be,A-f9cc74,S-7d43e0,2024-12-22,feature_14,5,290,0,false
U-f3126a,A-f9cc74,S-c76699,2024-11-05,feature_2,12,1116,0,true
U-b3defe,A-f9cc74,S-d90352,2024-10-23,feature_18,8,4744,0,false
U-e70b39,A-fa2041,S-48c5be,2024-10-06,feature_21,15,7290,1,false
U-b838d5,A-fa2041,S-48c5be,2024-06-26,feature_31,9,1062,0,false
U-385505,A-fa2041,S-4b9b13,2024-11-15,feature_9,9,306,2,false
U-a2df90,A-fa2041,S-4e0220,2024-10-18,feature_22,9,3906,0,false
U-3d4d72,A-fa2041,S-52280f,2024-10-30,feature_9,10,300,0,false
U-52dc9b,A-fa2041,S-6d0817,2024-06-14,feature_36,10,4080,3,false
U-8f7738,A-fa2041,S-6d0817,2024-07-28,feature_40,7,1687,0,false
U-9646f7,A-fa2041,S-826424,2024-12-14,feature_29,12,1008,0,false
U-024e12,A-fa2041,S-826424,2024-07-23,feature_30,3,696,0,false
U-7077ae,A-fa2041,S-c158df,2024-07-10,feature_12,11,4994,2,false
U-39e929,A-fa2041,S-dd8371,2024-12-20,feature_7,10,2700,0,false
U-825ab1,A-fa2041,S-dd8371,2024-10-25,feature_33,8,1104,1,false
U-464b3e,A-fa2041,S-dd8371,2024-12-20,feature_13,9,432,1,false
U-f78fe9,A-fa2041,S-e66f1a,2024-07-15,feature_10,5,295,0,true
U-2500f2,A-fa2041,S-e66f1a,2024-06-18,feature_13,5,980,2,false
U-01e064,A-fa2041,S-f14c84,2024-12-26,feature_37,14,4130,0,false
U-5b1873,A-fa3095,S-17e05f,2023-11-02,feature_28,10,5770,3,false
U-15bbd9,A-fa3095,S-2923fc,2023-11-06,feature_39,10,3900,0,false
U-c97166,A-fa3095,S-2923fc,2024-09-11,feature_14,11,3124,0,false
U-146d41,A-fa3095,S-2923fc,2024-11-17,feature_3,14,3192,0,false
U-e01529,A-fa3095,S-2923fc,2024-12-11,feature_10,9,4257,0,false
U-a19605,A-fa3095,S-2923fc,2024-09-11,feature_1,10,1200,2,false
U-efa4c0,A-fa3095,S-2a928c,2024-02-15,feature_1,8,912,0,true
U-b2082d,A-fa3095,S-2a928c,2024-12-11,feature_39,13,1209,0,false
U-2b220b,A-fa3095,S-2a928c,2024-09-25,feature_1,12,1956,2,false
U-542407,A-fa3095,S-2a928c,2024-11-19,feature_11,11,6446,1,false
U-91a1e1,A-fa3095,S-2a928c,2024-08-04,feature_6,12,900,0,false
U-100c9a,A-fa3095,S-33db08,2024-08-31,feature_35,12,5568,0,false
U-f2d603,A-fa3095,S-33db08,2023-10-22,feature_37,12,7104,0,false
U-5f9e06,A-fa3095,S-33db08,2024-01-17,feature_34,4,1176,2,false
U-a8cfd0,A-fa3095,S-33db08,2024-11-16,feature_21,11,6083,0,false
U-5f9460,A-fa3095,S-33db08,2024-06-08,feature_26,11,3872,0,false
U-e87533,A-fa3095,S-457294,2023-10-22,feature_7,4,116,0,false
U-8262bd,A-fa3095,S-457294,2024-01-26,feature_22,13,3653,0,true
U-e6bd97,A-fa3095,S-615487,2023-12-25,feature_37,7,2583,0,false
U-b10226,A-fa3095,S-6c4770,2024-10-12,feature_20,10,4240,0,false
U-e20a2b,A-fa3095,S-6c4770,2024-03-27,feature_23,8,1432,2,false
U-9c0395,A-fa3095,S-6c4770,2023-10-20,feature_30,8,3816,0,false
U-b484bd,A-fa3095,S-6c4770,2024-12-15,feature_1,6,3546,2,false
U-d349b6,A-fa3095,S-7bb339,2024-09-12,feature_17,11,3223,1,false
U-1368e6,A-fa3095,S-8932ce,2024-11-28,feature_5,9,5157,3,false
U-909838,A-fa3095,S-99c1c7,2024-03-19,feature_13,7,3815,0,false
U-031564,A-fa3095,S-99c1c7,2024-03-07,feature_31,13,4238,0,false
U-a93891,A-fa3095,S-d7461b,2024-09-16,feature_22,12,6528,1,false
U-6fe694,A-fa3095,S-d7461b,2024-08-29,feature_30,7,2037,0,false
U-410a0d,A-fa3095,S-d7461b,2024-11-05,feature_1,13,2860,0,false
U-18a244,A-fa3095,S-d7461b,2024-05-27,feature_14,12,4452,0,true
U-e889be,A-faa28c,S-04ec2f,2024-07-02,feature_32,9,774,2,false
U-d82ae3,A-faa28c,S-04ec2f,2024-06-15,feature_8,6,2340,0,false
U-ecb2b0,A-faa28c,S-084f4a,2024-12-02,feature_40,13,845,1,false
U-ae26b5,A-faa28c,S-084f4a,2024-03-01,feature_34,9,873,0,false
U-38d229,A-faa28c,S-084f4a,2024-04-02,feature_37,10,510,2,false
U-50a28e,A-faa28c,S-08a3d4,2024-03-06,feature_40,14,7658,0,false
U-b3ea0c,A-faa28c,S-08a3d4,2024-12-28,feature_31,15,1830,0,false
U-0f5af1,A-faa28c,S-08a3d4,2024-04-02,feature_31,10,5440,1,true
U-49efd8,A-faa28c,S-08a3d4,2024-07-17,feature_24,12,6132,0,false
U-3057ad,A-faa28c,S-0fc72f,2024-03-23,feature_2,15,8805,0,false
U-9b5bc7,A-faa28c,S-1b8300,2024-03-01,feature_25,9,1017,0,false
U-0f1ee9,A-faa28c,S-92dbcc,2024-03-02,feature_28,10,3080,0,false
U-b399c4,A-faa28c,S-92dbcc,2024-06-08,feature_16,7,2989,0,false
U-a08a68,A-faa28c,S-92dbcc,2024-04-08,feature_7,13,5343,2,false
U-7687b0,A-faa28c,S-b63db8,2024-10-13,feature_9,6,204,0,false
U-0299b4,A-faa28c,S-b63db8,2024-12-07,feature_22,10,1100,0,false
U-ee9dd2,A-faa28c,S-b63db8,2024-06-18,feature_24,8,3448,1,false
U-2f04b4,A-faa28c,S-d9821f,2024-04-17,feature_18,11,4543,0,false
U-ba723c,A-faa28c,S-d9821f,2024-02-08,feature_37,11,5401,0,false
U-b5f0f4,A-faa28c,S-d9821f,2024-10-25,feature_2,14,4074,0,false
U-ac502f,A-faa28c,S-de9ce0,2024-08-09,feature_25,13,4914,0,false
U-68b8d8,A-faa28c,S-de9ce0,2024-03-10,feature_27,12,4404,2,false
U-482e6f,A-faa28c,S-de9ce0,2024-02-10,feature_8,14,4816,0,false
U-c1f587,A-faa28c,S-f4097a,2024-08-26,feature_34,8,2392,0,false
U-c5f37a,A-faa28c,S-f4097a,2024-02-09,feature_40,9,2367,0,false
U-1772ec,A-faa28c,S-f4097a,2024-11-21,feature_10,6,1230,6,false
U-020ba5,A-faa28c,S-f554b0,2024-10-24,feature_33,16,4112,0,false
U-136e75,A-faa28c,S-f554b0,2024-02-11,feature_19,8,1072,0,false
U-ba6699,A-faa28c,S-f5c472,2024-10-17,feature_13,10,1750,0,true
U-0322df,A-faa28c,S-f5c472,2024-02-28,feature_18,7,630,0,false
U-9be1c2,A-faa28c,S-f75ac4,2024-05-12,feature_1,9,1665,0,false
U-be635c,A-fabe19,S-20152a,2024-12-25,feature_26,9,5004,0,false
U-5e05e1,A-fabe19,S-c25d2f,2024-12-10,feature_21,7,1309,0,false
U-b35d90,A-fabe19,S-e0a4c5,2024-12-19,feature_39,11,5478,1,false
U-441f08,A-fabe19,S-e0a4c5,2024-12-10,feature_33,15,8160,0,false
U-3ebfa7,A-fce879,S-b998a9,2024-10-08,feature_37,18,4698,0,false
U-7c9a67,A-fce879,S-ba67a5,2024-10-28,feature_2,14,5838,0,false
U-c358d8,A-fce879,S-c14eeb,2024-11-30,feature_14,16,3840,1,false
U-02c0a9,A-fd7ad3,S-4f43fd,2024-11-16,feature_38,10,3120,1,false
U-fc1c78,A-fd7ad3,S-4f43fd,2024-11-20,feature_25,11,3212,0,true
U-6f4284,A-fd7ad3,S-80af53,2024-11-25,feature_4,6,2172,2,false
U-f3ae3d,A-fd7ad3,S-f78a1a,2024-11-20,feature_33,10,900,0,false
U-e86968,A-fd9422,S-641794,2024-09-12,feature_11,15,7830,0,false
U-bacee9,A-fd9422,S-a57b2c,2024-07-05,feature_14,11,5005,0,false
U-4bf4bf,A-fd9422,S-a7a9c3,2024-12-17,feature_25,6,852,2,true
U-e50e24,A-fd9422,S-a7a9c3,2024-06-18,feature_28,9,2214,1,false
U-d4db8d,A-fd9422,S-aaf1d0,2024-11-11,feature_23,8,2392,0,true
U-fa94c4,A-fd9422,S-aaf1d0,2024-11-30,feature_1,10,3190,0,false
U-d1629c,A-fd9422,S-b03125,2024-05-21,feature_10,10,2480,2,false
U-963ed9,A-fd9422,S-b03125,2024-12-07,feature_33,14,4424,0,false
U-de56c1,A-fd9422,S-b03125,2024-08-23,feature_35,8,4008,0,false
U-f81267,A-fd9422,S-b03125,2024-07-19,feature_29,11,3773,0,false
U-e51e25,A-fd9422,S-b03125,2024-10-01,feature_19,7,2464,6,false
U-4112fb,A-fd9422,S-b03125,2024-09-02,feature_32,4,1616,0,false
U-619d5b,A-fd9422,S-b03125,2024-06-19,feature_5,11,3212,0,false
U-a1ee8f,A-fd9422,S-c15fcc,2024-08-09,feature_33,13,1885,0,false
U-54fdb8,A-fd9422,S-c8fedf,2024-10-22,feature_29,8,3480,0,false
U-44e8bb,A-fd9422,S-ce5fb5,2024-07-15,feature_12,3,1185,0,false
U-427f73,A-fd9422,S-ce5fb5,2024-11-27,feature_31,15,165,0,false
U-c5ba26,A-fd9422,S-f9cb96,2024-08-25,feature_25,16,4192,0,false
U-fc37ad,A-fd9422,S-f9cb96,2024-12-30,feature_4,6,3174,4,false
U-5976e0,A-fd9422,S-f9cb96,2024-12-09,feature_35,10,2050,0,false
U-ba0bca,A-fd9422,S-f9cb96,2024-09-10,feature_36,16,9168,0,false
U-60e8fe,A-fda07f,S-1630dd,2024-12-12,feature_32,13,5564,2,false
U-da5853,A-fda07f,S-2c617b,2024-12-10,feature_1,11,2816,3,false
U-89e2d6,A-fda07f,S-2d04a6,2024-10-28,feature_5,11,5544,0,false
U-d34c80,A-fda07f,S-5272ff,2024-09-16,feature_15,14,7812,0,false
U-001047,A-fda07f,S-699110,2024-12-30,feature_35,15,8535,0,false
U-0f1836,A-fda07f,S-7077ab,2024-08-26,feature_33,16,4608,0,false
U-d2b1b0,A-fda07f,S-ca0c98,2024-12-31,feature_27,11,3311,0,false
U-fbaab0,A-fda07f,S-fe77d4,2024-09-10,feature_34,15,6495,1,false
U-977026,A-fda07f,S-fe77d4,2024-09-28,feature_5,3,171,0,false
U-30af2e,A-fda07f,S-fe77d4,2024-09-12,feature_13,16,5904,0,false
U-94af8e,A-fda07f,S-fe77d4,2024-11-30,feature_5,7,3318,0,false
U-7747f0,A-fdfc91,S-104941,2024-05-31,feature_7,9,2799,5,false
U-7d70f5,A-fdfc91,S-104941,2024-05-17,feature_33,13,1339,0,false
U-7c6703,A-fdfc91,S-124207,2023-11-30,feature_32,7,483,0,false
U-93031d,A-fdfc91,S-124207,2024-04-24,feature_37,13,4082,0,false
U-1e383f,A-fdfc91,S-124207,2024-11-19,feature_11,10,1780,0,false
U-537130,A-fdfc91,S-124207,2024-09-18,feature_6,8,120,0,false
U-bc8036,A-fdfc91,S-53e028,2024-01-09,feature_36,7,2814,0,false
U-cf3a9d,A-fdfc91,S-53e028,2024-02-03,feature_30,11,4774,0,false
U-dce7ff,A-fdfc91,S-544f34,2024-04-07,feature_5,9,90,1,false
U-f907c3,A-fdfc91,S-544f34,2024-11-18,feature_28,10,5950,0,false
U-0701df,A-fdfc91,S-682d28,2024-06-09,feature_31,7,3661,1,false
U-060685,A-fdfc91,S-682d28,2024-02-02,feature_19,9,234,0,false
U-5abff8,A-fdfc91,S-682d28,2023-08-07,feature_11,13,143,0,false
U-354577,A-fdfc91,S-a3ab14,2023-12-23,feature_19,10,3550,0,false
U-9af9c3,A-fdfc91,S-a3ab14,2024-06-20,feature_29,8,2488,0,false
U-c1ca3d,A-fdfc91,S-a3ab14,2023-12-26,feature_2,16,8128,2,false
U-39b414,A-fdfc91,S-ac6f24,2024-02-22,feature_29,10,4540,0,false
U-bc77d6,A-fdfc91,S-ac6f24,2023-11-09,feature_9,6,1752,2,false
U-706d62,A-fdfc91,S-ac6f24,2023-08-11,feature_17,8,1096,4,false
U-3ff3af,A-fdfc91,S-ac6f24,2024-05-23,feature_3,10,2040,2,false
U-34cc62,A-fdfc91,S-ac6f24,2023-08-28,feature_31,3,1014,0,false
U-cd34f1,A-fdfc91,S-ae3270,2024-01-07,feature_5,15,5265,0,false
U-2103bb,A-fdfc91,S-ae3270,2024-01-06,feature_3,10,5510,0,false
U-537747,A-fdfc91,S-ae3270,2023-10-01,feature_32,9,3834,1,false
U-900532,A-fdfc91,S-ae3270,2024-08-29,feature_27,18,1854,0,false
U-ebfd07,A-fdfc91,S-ae3270,2023-08-25,feature_11,11,1001,0,false
U-ed3edb,A-fdfc91,S-ae3270,2023-09-12,feature_13,6,2634,0,false
U-dc2283,A-fdfc91,S-d933e7,2023-12-27,feature_23,15,4935,0,false
U-82f7d1,A-fdfc91,S-d933e7,2023-12-17,feature_32,10,2930,1,false
U-ebeafc,A-fdfc91,S-d933e7,2024-05-06,feature_12,10,5240,0,false
U-0a966b,A-fdfc91,S-d933e7,2023-08-15,feature_29,9,909,1,false
U-68bade,A-fdfc91,S-d933e7,2024-09-14,feature_30,15,780,0,false
U-bc106f,A-fdfc91,S-d933e7,2024-05-12,feature_27,7,4046,0,false
U-6ce0cf,A-fdfc91,S-eef92e,2024-07-13,feature_35,8,2736,0,false
U-f7a800,A-fdfc91,S-eef92e,2023-08-05,feature_20,10,1880,0,false
U-e64560,A-fdfc91,S-eef92e,2024-06-03,feature_7,6,204,0,false
U-87d33b,A-fe79a5,S-2d0d53,2024-05-04,feature_3,10,1010,0,false
U-6ccc53,A-fe79a5,S-49b0da,2024-11-30,feature_33,7,3402,1,false
U-cb9888,A-fe79a5,S-5ffb84,2024-06-02,feature_35,10,1310,0,false
U-d17a0e,A-fe79a5,S-5ffb84,2024-03-20,feature_33,7,3136,0,false
U-636d37,A-fe79a5,S-6ed77d,2024-08-12,feature_19,9,3204,0,false
U-4668a2,A-fe79a5,S-7bf6d8,2024-04-05,feature_6,11,5511,0,false
U-74757a,A-fe79a5,S-7bf6d8,2024-11-01,feature_18,6,1728,3,false
U-5b9092,A-fe79a5,S-89d7b0,2024-08-03,feature_13,12,2172,0,false
U-5b4aa6,A-fe79a5,S-90432a,2024-10-01,feature_17,15,2160,0,false
U-504fec,A-fe79a5,S-904529,2024-09-13,feature_11,14,7238,0,false
U-590f83,A-fe79a5,S-904529,2024-12-08,feature_20,8,112,1,false
U-763bcf,A-fe79a5,S-9bd0ec,2024-07-07,feature_26,9,4455,0,false
U-646f98,A-ff3c73,S-140d3a,2023-08-09,feature_15,13,7488,0,false
U-e958a4,A-ff3c73,S-140d3a,2024-12-16,feature_23,9,4491,0,false
U-7286df,A-ff3c73,S-140d3a,2023-11-24,feature_4,14,8134,0,true
U-e8df54,A-ff3c73,S-140d3a,2023-05-25,feature_35,6,384,1,false
U-dd9b2a,A-ff3c73,S-140d3a,2024-07-27,feature_6,7,2506,0,true
U-e8bb18,A-ff3c73,S-140d3a,2024-07-02,feature_32,12,6168,0,false
U-7c008b,A-ff3c73,S-531970,2024-08-13,feature_24,7,1113,0,false
U-469eb3,A-ff3c73,S-531970,2023-11-18,feature_40,7,2849,1,false
U-489d65,A-ff3c73,S-54ac93,2024-08-31,feature_3,9,2277,1,false
U-2a4e03,A-ff3c73,S-54ac93,2023-09-06,feature_5,12,936,0,false
U-7fb1e7,A-ff3c73,S-54ac93,2023-05-16,feature_1,11,1166,1,false
U-b0efd8,A-ff3c73,S-54ac93,2023-04-20,feature_9,10,4160,0,false
U-75791d,A-ff3c73,S-54ac93,2024-10-15,feature_2,8,3568,0,false
U-57fb81,A-ff3c73,S-60890c,2023-04-08,feature_31,4,24,0,false
U-57352f,A-ff3c73,S-60890c,2024-02-14,feature_13,6,942,1,false
U-161a18,A-ff3c73,S-60890c,2023-10-25,feature_36,8,4512,0,false
U-afb4b3,A-ff3c73,S-60890c,2024-12-17,feature_32,15,3975,1,false
U-c98674,A-ff3c73,S-93cf65,2023-08-23,feature_2,9,1395,0,false
U-f2ed76,A-ff3c73,S-93cf65,2024-12-28,feature_31,8,1144,0,false
U-4f46a1,A-ff3c73,S-b36569,2024-01-31,feature_24,9,3123,2,false
U-b04e68,A-ff3c73,S-b36569,2023-07-24,feature_18,14,8204,0,false
U-23c631,A-ff3c73,S-de66c3,2024-05-20,feature_2,9,4923,0,false
U-f2aebc,A-ff3c73,S-de66c3,2023-09-02,feature_7,14,7630,2,false
U-1012fe,A-ff3c73,S-de66c3,2024-06-09,feature_17,11,4477,1,false
U-2d673b,A-ff3c73,S-de66c3,2024-10-26,feature_28,14,6356,0,false
U-5187ae,A-ff3c73,S-de66c3,2023-11-26,feature_11,10,840,0,false
U-04a787,A-ff3c73,S-de66c3,2024-06-20,feature_18,20,8360,0,false
U-6a284c,A-ff3c73,S-eaac58,2023-06-27,feature_19,7,2051,0,false
U-6488cc,A-ff3c73,S-eaac58,2024-06-27,feature_32,13,7462,0,false
U-433577,A-ff3c73,S-eaac58,2023-11-27,feature_30,12,5268,0,true
U-438d26,A-ff3c73,S-eaac58,2024-03-11,feature_16,4,976,0,false
U-e42fea,A-ff3c73,S-f30a79,2024-03-12,feature_26,4,1828,2,false
U-27dd6d,A-ff3c73,S-f30a79,2024-05-02,feature_38,10,4590,1,false
U-2c01c9,A-ff3c73,S-f30a79,2024-06-19,feature_8,8,3400,0,false
U-90cbec,A-ff3c73,S-f30a79,2023-10-25,feature_6,11,825,3,false
U-75dbb0,A-ff3c73,S-f30a79,2024-11-18,feature_1,13,3406,3,true
U-cccb5a,A-ff79f2,S-13d6d1,2024-09-23,feature_28,7,1771,0,false
U-163a57,A-ff79f2,S-2ded06,2024-07-14,feature_32,10,3710,0,false
U-8e8258,A-ff79f2,S-4f0027,2024-06-26,feature_8,11,5236,1,false
U-712c55,A-ff79f2,S-4f0027,2024-05-30,feature_33,6,354,0,false
U-da9927,A-ff79f2,S-4f0027,2024-11-09,feature_27,5,2330,0,true
U-b3a48e,A-ff79f2,S-b0af8f,2024-10-13,feature_20,7,1029,0,false
U-8db613,A-ff79f2,S-b0af8f,2024-11-14,feature_4,12,4572,0,false
U-6dc7b1,A-ff79f2,S-c192eb,2024-06-27,feature_30,9,4770,0,false
U-03d238,A-ff79f2,S-c192eb,2024-11-22,feature_4,9,4374,0,false
U-a68abe,A-ff79f2,S-c192eb,2024-06-06,feature_28,10,2900,0,false
U-45cc07,A-ff79f2,S-cb100e,2024-11-19,feature_16,3,1767,1,false
U-0a443f,A-ff79f2,S-cb100e,2024-10-31,feature_21,13,3120,0,false
U-42be1a,A-ff79f2,S-d635a2,2024-09-03,feature_4,8,3248,0,true
U-f70cec,A-ffc04f,S-053142,2024-10-17,feature_6,8,1824,3,false
U-fe2bd6,A-ffc04f,S-14a95a,2024-09-22,feature_40,13,780,0,false
U-800534,A-ffc04f,S-14a95a,2024-12-05,feature_35,9,4671,0,false
U-3742d0,A-ffc04f,S-342708,2024-10-15,feature_8,11,3047,0,false
U-7d5cb1,A-ffc04f,S-342708,2024-06-18,feature_9,14,5446,1,false
U-cce3af,A-ffc04f,S-342708,2024-10-21,feature_10,10,5750,0,false
U-bd0d1e,A-ffc04f,S-6d507b,2024-07-26,feature_39,13,5967,0,false
U-1d4379,A-ffc04f,S-6d507b,2024-06-10,feature_27,5,670,0,false
U-a7d8ef,A-ffc04f,S-6d507b,2024-09-09,feature_8,17,2329,0,false
U-a475a7,A-ffc04f,S-94471b,2024-07-01,feature_25,15,2655,3,false
U-7fbe6f,A-ffc04f,S-94471b,2024-10-11,feature_4,10,3680,1,false
U-07f1ce,A-ffc04f,S-94471b,2024-11-03,feature_16,7,3724,0,false
U-a25baa,A-ffc04f,S-aaf847,2024-08-07,feature_5,12,1128,0,true
U-8b40f3,A-ffc04f,S-bd3e24,2024-08-08,feature_1,11,5093,1,false
U-4418ca,A-ffc04f,S-bd3e24,2024-08-16,feature_38,9,3339,0,false
U-e5ece8,A-ffc04f,S-bd3e24,2024-08-03,feature_30,7,665,0,false
U-c51730,A-ffc04f,S-c19e74,2024-09-15,feature_28,11,2332,1,false
U-d36627,A-ffc04f,S-c19e74,2024-10-07,feature_22,9,3402,2,false
U-5545a8,A-ffc04f,S-dcde3f,2024-08-02,feature_27,6,846,0,false
U-d0d30d,A-ffc04f,S-df819a,2024-07-06,feature_32,11,2035,1,false
U-021a90,A-ffc04f,S-df819a,2024-10-22,feature_14,3,567,1,false
U-72cb82,A-ffc04f,S-df819a,2024-10-26,feature_22,7,3122,1,false
U-a301c2,A-ffc04f,S-e27a20,2024-09-18,feature_16,13,4654,0,false
U-773638,A-ffc04f,S-e27a20,2024-12-09,feature_31,8,624,4,false
U-cfb8b9,A-ffc04f,S-eea4ae,2024-08-24,feature_11,10,3440,0,false
U-8fe3a8,A-ffc04f,S-eea4ae,2024-11-27,feature_26,12,1572,0,true
U-212536,A-ffc04f,S-f1fa8b,2024-10-02,feature_3,7,3339,0,false
U-84ffc5,A-ffdfd5,S-0a5cd7,2024-05-22,feature_24,13,3692,0,true
U-1e1678,A-ffdfd5,S-2beaee,2024-10-07,feature_24,13,4290,0,false
U-a4ae91,A-ffdfd5,S-2beaee,2024-06-04,feature_33,5,420,1,false
U-24d28a,A-ffdfd5,S-2beaee,2024-09-28,feature_20,6,510,1,false
U-ca92f8,A-ffdfd5,S-425607,2024-09-13,feature_18,7,1316,0,false
U-6baf59,A-ffdfd5,S-425607,2024-05-10,feature_26,13,5343,1,false
U-5c5044,A-ffdfd5,S-425607,2024-10-02,feature_15,13,1859,0,false
U-a2d5a0,A-ffdfd5,S-7b896c,2024-10-19,feature_7,14,4354,1,false
U-3c6619,A-ffdfd5,S-7b896c,2024-10-19,feature_26,9,3312,0,false
U-6a11a4,A-ffdfd5,S-9b5be4,2024-12-21,feature_17,10,2720,0,false
U-342104,A-ffdfd5,S-9b5be4,2024-11-16,feature_6,12,5916,0,false
U-efb243,A-ffdfd5,S-b192d9,2024-08-20,feature_32,7,3430,0,false
U-d0d634,A-ffdfd5,S-b192d9,2024-05-12,feature_17,12,6804,0,false
U-e8c1e2,A-ffdfd5,S-b859e7,2024-09-10,feature_24,6,2670,0,false
U-17f344,A-ffdfd5,S-bc5755,2024-12-12,feature_13,8,2168,1,false
U-bf43c7,A-ffdfd5,S-ef7534,2024-11-15,feature_7,11,6061,2,false
U-5cb874,A-ffdfd5,S-ef7534,2024-06-11,feature_3,8,3352,0,false
U-3cf28d,A-ffdfd5,S-f7a5b9,2024-06-27,feature_21,16,2688,0,false
U-5c308d,A-ffdfd5,S-f7a5b9,2024-07-02,feature_17,12,1320,0,false
U-9f47a8,A-ffdfd5,S-f7a5b9,2024-08-29,feature_19,19,2945,0,false
U-08ea16,A-ffdfd5,S-f7a5b9,2024-08-08,feature_3,4,1332,1,false
U-2caddf,A-ffdfd5,S-f7a5b9,2024-06-23,feature_16,9,1422,0,false