pk,account_id,account_status,plan_tier,previous_plan_tier,seats,mrr_amount,arr_amount,downgrade_flag,upgrade_flag,billing_frequency,auto_renew_flag,effective_start_date,effective_end_date,current_record_flag
S-6bab8f,A-eb7c38,trial,Enterprise,,13,0,0,false,false,annual,false,2024-04-11,2024-04-12,false
S-47a04b,A-b54c01,trial,Pro,,29,0,0,false,false,annual,true,2024-10-07,2024-10-28,false
S-f14c84,A-fa2041,trial,Basic,,18,0,0,false,false,monthly,true,2024-06-11,2024-06-16,false
S-ee3466,A-7d514c,trial,Enterprise,,17,0,0,false,false,monthly,true,2024-02-13,2024-03-20,false
S-ca0eb1,A-6e08f3,trial,Enterprise,,24,0,0,false,false,monthly,true,2023-07-25,2024-02-16,false
S-efeb9b,A-1f0636,trial,Basic,,105,0,0,false,false,annual,true,2024-02-27,2024-02-28,false
S-62fb8e,A-ef84cf,trial,Enterprise,,8,0,0,false,false,monthly,true,2024-03-12,2024-05-22,false
S-6c877e,A-712533,trial,Enterprise,,18,0,0,false,false,monthly,true,2023-08-13,2023-11-09,false
S-6643a2,A-331424,trial,Pro,,11,0,0,false,false,monthly,true,2024-01-04,2024-01-24,false
S-641794,A-fd9422,trial,Pro,,58,0,0,false,false,annual,true,2024-05-08,2024-05-09,false
S-f639fb,A-9f2731,trial,Pro,,27,0,0,false,false,monthly,true,2024-10-12,2024-10-22,false
S-332e0d,A-3b5cd1,trial,Pro,,13,0,0,false,false,monthly,true,2023-09-30,2023-10-07,false
S-8a4156,A-5a184f,trial,Pro,,19,0,0,false,false,annual,true,2023-08-31,2023-09-03,false
S-5901a1,A-7dacce,trial,Pro,,12,0,0,false,false,annual,true,2024-09-10,2024-09-10,false
S-2940a5,A-b2225d,trial,Enterprise,,47,0,0,false,false,annual,false,2024-04-02,2024-05-13,false
S-4bfe7b,A-9b9fe9,trial,Basic,,11,0,0,false,false,monthly,true,2023-10-16,2023-11-20,false
S-37a280,A-40906c,trial,Basic,,92,0,0,false,false,monthly,true,2024-05-28,2024-06-06,false
S-aa3a36,A-ccc747,trial,Enterprise,,16,0,0,false,false,monthly,false,2024-05-13,2024-06-24,false
S-3ae2dd,A-f45426,trial,Basic,,57,0,0,false,false,annual,true,2024-08-05,2024-08-09,false
S-2dbf26,A-dfbd31,trial,Pro,,14,0,0,false,false,annual,true,2023-12-10,2023-12-31,false
S-8f4f5b,A-7f6b86,trial,Pro,,45,0,0,false,false,annual,true,2023-08-30,2023-10-15,false
S-5c2991,A-94c3cd,trial,Enterprise,,32,0,0,false,false,annual,true,2024-01-06,2024-07-19,false
S-ce90ba,A-812c5b,trial,Pro,,55,0,0,false,false,monthly,true,2024-04-03,2024-05-19,false
S-b60208,A-9174e0,trial,Enterprise,,37,0,0,false,false,annual,true,2024-12-06,2024-12-07,false
S-f2710b,A-309e54,trial,Enterprise,,46,0,0,false,false,annual,true,2024-12-13,2024-12-14,false
S-5a500d,A-592832,trial,Basic,,30,0,0,false,false,annual,true,2024-09-26,2024-09-26,false
S-f5efe4,A-313be3,trial,Enterprise,,47,0,0,false,false,annual,true,2023-11-25,2023-12-11,false
S-dfd629,A-7da956,trial,Basic,,26,0,0,false,false,annual,true,2024-06-15,2024-06-30,false
S-4cdee1,A-8b25f2,trial,Enterprise,,20,0,0,false,false,monthly,true,2024-02-19,2024-03-23,false
S-639754,A-034368,trial,Basic,,19,0,0,false,false,monthly,true,2023-12-14,2024-06-21,false
S-6c4770,A-fa3095,trial,Enterprise,,70,0,0,false,false,monthly,true,2023-09-18,2023-12-06,false
S-e76e80,A-832ec2,trial,Basic,,25,0,0,false,false,monthly,true,2024-01-02,2024-02-02,false
S-f7234f,A-5f7781,trial,Pro,,85,0,0,false,false,monthly,false,2024-08-27,2024-09-07,false
S-15a897,A-d26ab4,trial,Enterprise,,9,0,0,false,false,annual,false,2024-11-08,2024-11-13,false
S-93622a,A-d4ac0e,trial,Basic,,156,0,0,false,false,monthly,true,2024-05-10,2024-05-19,false
S-4d260c,A-d5a319,trial,Pro,,15,0,0,false,false,annual,true,2023-06-27,2023-09-25,false
S-3872fd,A-956988,trial,Pro,,2,0,0,false,false,monthly,false,2024-12-01,2024-12-02,false
S-04d260,A-d82ef9,trial,Pro,,26,0,0,false,false,annual,false,2024-07-14,2024-07-21,false
S-d1ef4d,A-3a5ad8,trial,Enterprise,,9,0,0,false,false,annual,true,2023-12-18,2024-01-01,false
S-7553fb,A-54d94a,trial,Enterprise,,52,0,0,false,false,monthly,false,2023-11-29,2023-12-16,false
S-ba69a4,A-0158bb,trial,Basic,,25,0,0,false,false,monthly,true,2024-05-30,2024-06-28,false
S-26191b,A-cbbe12,trial,Pro,,40,0,0,false,false,annual,true,2023-07-21,2023-08-09,false
S-ae4310,A-5790f4,trial,Pro,,20,0,0,false,false,monthly,true,2024-12-22,2024-12-23,false
S-f6f308,A-3793ee,trial,Enterprise,,49,0,0,false,false,annual,true,2023-11-20,2023-11-23,false
S-487d18,A-0354fe,trial,Enterprise,,34,0,0,false,false,annual,true,2024-11-03,2024-11-03,false
S-25ec8c,A-6965e1,trial,Pro,,16,0,0,false,false,monthly,false,2024-12-05,2024-12-06,false
S-13939b,A-86902e,trial,Pro,,34,0,0,false,false,monthly,true,2023-07-21,2023-07-30,false
S-4d8612,A-f97b9a,trial,Enterprise,,16,0,0,false,false,monthly,false,2023-09-10,2023-12-24,false
S-28489e,A-fd7ad3,trial,Basic,,12,0,0,false,false,annual,true,2024-11-02,2024-11-02,false
S-8e169f,A-0dbdc6,trial,Pro,,30,0,0,false,false,annual,true,2023-06-14,2023-11-04,false
S-f50b14,A-625d0b,trial,Basic,,9,0,0,false,false,annual,true,2024-09-25,2024-10-07,false
S-c59d50,A-7a0d69,trial,Basic,,40,0,0,false,false,monthly,false,2024-07-21,2024-08-01,false
S-9b8421,A-6a4e2d,trial,Pro,,56,0,0,false,false,annual,false,2023-05-29,2023-07-09,false
S-7d9605,A-fb186e,trial,Basic,,33,0,0,false,false,annual,false,2024-11-16,2024-12-22,false
S-d9eb73,A-32fb14,trial,Basic,,26,0,0,false,false,annual,true,2023-07-18,2023-09-12,false
S-9a0b2f,A-756192,trial,Pro,,19,0,0,false,false,monthly,true,2023-09-17,2023-10-27,false
S-877508,A-b3fe05,trial,Pro,,11,0,0,false,false,annual,true,2024-06-06,2024-08-04,false
S-eb9911,A-ab438f,trial,Basic,,28,0,0,false,false,annual,true,2024-10-18,2024-10-20,false
S-2756ac,A-df1e44,trial,Enterprise,,39,0,0,false,false,monthly,true,2024-03-08,2024-04-09,false
S-21b68e,A-4f18f0,trial,Enterprise,,25,0,0,false,false,monthly,true,2024-04-25,2024-04-28,false
S-ad3ef7,A-35083d,trial,Enterprise,,19,0,0,false,false,annual,true,2023-06-03,2023-08-10,false
S-39b850,A-297a2d,trial,Basic,,27,0,0,false,false,annual,true,2023-08-15,2023-08-30,false
S-f7e37f,A-794a0b,trial,Pro,,23,0,0,false,false,annual,true,2023-08-07,2023-12-18,false
S-2ad954,A-b9f5b1,trial,Enterprise,,42,0,0,false,false,monthly,true,2023-03-12,2023-10-31,false
S-e6cfc1,A-1e6fc3,trial,Basic,,1,0,0,false,false,annual,true,2024-01-11,2024-04-01,false
S-f16bb2,A-0f6450,trial,Enterprise,,28,0,0,false,false,monthly,true,2024-12-27,2024-12-27,false
S-3981c7,A-c16b88,trial,Pro,,27,0,0,false,false,annual,true,2024-03-08,2024-03-09,false
S-57019e,A-ad296b,trial,Pro,,38,0,0,false,false,annual,true,2024-07-23,2024-07-25,false
S-343642,A-3cc791,trial,Basic,,25,0,0,false,false,annual,false,2024-01-31,2024-03-26,false
S-8c118d,A-b179bf,trial,Pro,,43,0,0,false,false,monthly,true,2024-10-27,2024-11-15,false
S-bfdb45,A-cb6cc6,trial,Enterprise,,13,0,0,false,false,annual,true,2023-04-20,2023-08-15,false
S-929a7c,A-328bd0,trial,Basic,,28,0,0,false,false,monthly,true,2023-08-10,2023-08-24,false
S-73688c,A-d535f6,trial,Basic,,12,0,0,false,false,monthly,true,2024-09-21,2024-09-23,false
S-c26c22,A-dec005,trial,Basic,,21,0,0,false,false,annual,false,2023-10-17,2023-12-22,false
S-038c7d,A-712426,trial,Basic,,9,0,0,false,false,monthly,true,2024-11-10,2024-11-17,false
S-2abab6,A-ae052e,trial,Pro,,39,0,0,false,false,monthly,true,2024-01-22,2024-03-31,false
S-86e226,A-58b9ff,trial,Pro,,25,0,0,false,false,monthly,false,2024-06-17,2024-06-26,false
S-faee8b,A-56962b,trial,Pro,,163,0,0,false,false,monthly,false,2024-05-15,2024-08-28,false
S-fa9b43,A-10b8f2,trial,Basic,,47,0,0,false,false,annual,false,2023-02-05,2023-04-19,false
S-720c17,A-4e0e85,trial,Pro,,20,0,0,false,false,annual,true,2024-02-16,2024-02-22,false
S-1351ac,A-0cc442,trial,Enterprise,,45,0,0,false,false,monthly,true,2024-07-27,2024-08-14,false
S-a10eb2,A-3c1a3f,trial,Basic,,45,0,0,false,false,annual,false,2023-08-31,2023-12-18,false
S-5685bf,A-524364,trial,Enterprise,,108,0,0,false,false,annual,true,2024-12-31,2024-12-31,false
S-162e73,A-55f257,trial,Enterprise,,38,0,0,false,false,annual,true,2024-01-12,2024-01-18,false
S-409beb,A-7988d1,trial,Basic,,33,0,0,false,false,annual,true,2024-03-12,2024-04-29,false
S-904529,A-fe79a5,trial,Basic,,19,0,0,false,false,monthly,true,2024-03-02,2024-03-23,false
S-e57fb8,A-96e141,trial,Enterprise,,40,0,0,false,false,monthly,true,2023-10-14,2023-12-05,false
S-cf55da,A-2f6a32,trial,Basic,,19,0,0,false,false,monthly,true,2024-09-16,2024-09-25,false
S-a68f4f,A-2ebb4b,trial,Basic,,41,0,0,false,false,monthly,true,2023-06-04,2023-06-16,false
S-fe0c52,A-6f8ad2,trial,Basic,,29,0,0,false,false,monthly,false,2024-07-22,2024-08-11,false
S-4977c8,A-3be56b,trial,Enterprise,,3,0,0,false,false,annual,false,2023-11-22,2023-12-16,false
S-327e7c,A-4e960a,trial,Enterprise,,17,0,0,false,false,annual,true,2024-02-07,2024-03-11,false
S-5f30ce,A-9077b0,active,Basic,,2,38,456,false,false,monthly,true,2024-08-26,2024-11-09,false
S-2f8dbb,A-13466a,active,Basic,,2,38,456,false,false,annual,false,2023-11-18,2024-02-11,false
S-2881e0,A-42e5e1,active,Pro,,1,49,588,false,false,annual,true,2024-07-21,2024-08-01,false
S-591a64,A-c7e58b,active,Basic,,3,57,684,false,false,annual,true,2023-08-30,2023-12-16,false
S-2a6c1f,A-22f2df,active,Basic,,3,57,684,false,false,annual,true,2024-12-16,2024-12-21,false
S-b57dcd,A-e5d6ab,active,Basic,,5,95,1140,false,false,annual,true,2023-05-11,2023-08-08,false
S-65c079,A-417d2f,active,Basic,,5,95,1140,false,false,annual,true,2023-07-04,2023-07-16,false
S-07c2c2,A-f1f639,active,Basic,,5,95,1140,false,false,monthly,true,2023-07-03,2023-08-18,false
S-b9ea73,A-b30291,active,Basic,,5,95,1140,false,false,monthly,true,2024-04-09,2024-04-25,false
S-4056f6,A-86cdb4,active,Pro,,2,98,1176,false,false,annual,true,2024-10-06,2024-10-10,false
S-85caaf,A-089363,active,Pro,,2,98,1176,false,false,annual,true,2023-06-03,2023-10-03,false
S-0e1d53,A-016043,active,Basic,,6,114,1368,false,false,annual,false,2024-08-02,2024-09-11,false
S-4f5c94,A-6dee43,active,Basic,,6,114,1368,false,false,annual,true,2023-10-22,2023-10-31,false
S-c10f0c,A-0f7d77,active,Basic,,6,114,1368,false,false,monthly,false,2024-11-11,2024-11-30,false
S-e77b1e,A-296d7c,active,Basic,,6,114,1368,false,false,annual,true,2024-01-30,2024-04-21,false
S-e48c4d,A-439b2f,active,Basic,,7,133,1596,false,false,annual,true,2024-03-09,2024-04-16,false
S-9cfabf,A-0f3e88,active,Basic,,7,133,1596,false,false,annual,true,2023-08-05,2023-09-23,false
S-a4142f,A-a8b49c,active,Basic,,7,133,1596,false,false,annual,true,2023-10-14,2023-11-10,false
S-c545c8,A-c1e51e,active,Basic,,7,133,1596,false,false,monthly,true,2024-10-20,2024-10-31,false
S-3c853b,A-22d9d2,active,Basic,,8,152,1824,false,false,monthly,true,2024-03-27,2024-04-01,false
S-a9b904,A-7641d3,active,Basic,,8,152,1824,false,false,monthly,true,2023-04-12,2023-04-24,false
S-5bc71c,A-d77f4c,active,Basic,,8,152,1824,false,false,monthly,true,2023-10-24,2023-11-10,false
S-20a297,A-34ea2f,active,Basic,,8,152,1824,false,false,monthly,true,2024-09-05,2024-09-07,false
S-b559da,A-e19ff6,active,Basic,,8,152,1824,false,false,annual,true,2023-08-09,2023-10-29,false
S-a36281,A-c45b23,active,Basic,,8,152,1824,false,false,monthly,true,2023-12-29,2024-02-01,false
S-04b127,A-a6d261,active,Basic,,9,171,2052,false,false,monthly,true,2023-12-13,2024-01-11,false
S-5bc277,A-05d3b3,active,Basic,,9,171,2052,false,false,annual,true,2023-07-12,2023-08-03,false
S-49e3e5,A-6e7827,active,Basic,,9,171,2052,false,false,monthly,true,2023-06-11,2023-08-02,false
S-92f228,A-779e4e,active,Basic,,9,171,2052,false,false,annual,true,2023-01-09,2023-01-28,false
S-c696fa,A-db5e9e,active,Basic,,9,171,2052,false,false,monthly,true,2024-11-12,2024-11-15,false
S-7bcd95,A-9123ac,active,Basic,,9,171,2052,false,false,monthly,true,2023-10-25,2023-12-23,false
S-8b64df,A-92a333,active,Basic,,9,171,2052,false,false,annual,true,2023-08-04,2023-08-15,false
S-c2eeba,A-65aeb5,active,Basic,,9,171,2052,false,false,monthly,false,2024-02-02,2024-03-22,false
S-4eabfc,A-751bd4,active,Basic,,10,190,2280,false,false,monthly,true,2024-09-18,2024-10-29,false
S-ab3ad8,A-cd458b,active,Basic,,10,190,2280,false,false,annual,true,2024-07-12,2024-07-25,false
S-b5a1a0,A-474ad4,active,Basic,,10,190,2280,false,false,annual,true,2023-12-04,2023-12-10,false
S-e6678a,A-54ecc2,active,Pro,,4,196,2352,false,false,annual,false,2023-08-16,2023-09-13,false
S-f6bb38,A-b2af2e,active,Basic,,11,209,2508,false,false,monthly,false,2024-08-26,2024-08-27,false
S-b29d83,A-51ec1b,active,Basic,,11,209,2508,false,false,annual,true,2024-02-10,2024-04-01,false
S-0c9600,A-2b9d3e,active,Basic,,11,209,2508,false,false,annual,true,2023-09-06,2023-11-21,false
S-ae20d8,A-9289f6,active,Basic,,12,228,2736,false,false,annual,true,2023-07-04,2023-07-08,false
S-d635a2,A-ff79f2,active,Basic,,12,228,2736,false,false,annual,true,2024-05-29,2024-07-28,false
S-48d2b5,A-9c18c4,active,Basic,,12,228,2736,false,false,monthly,true,2023-08-09,2023-08-29,false
S-87d801,A-443b7c,active,Pro,,5,245,2940,false,false,monthly,true,2024-09-16,2024-09-25,false
S-2e017b,A-432483,active,Pro,,5,245,2940,false,false,annual,true,2023-04-02,2023-04-11,false
S-911b0a,A-8ed5dd,active,Pro,,5,245,2940,false,false,annual,true,2023-08-08,2023-11-09,false
S-fc86d6,A-038089,active,Pro,,5,245,2940,false,false,annual,true,2024-06-27,2024-07-23,false
S-0e0ec8,A-cc102e,active,Basic,,13,247,2964,false,false,annual,true,2024-05-06,2024-05-09,false
S-52699f,A-df10db,active,Basic,,14,266,3192,false,false,monthly,true,2023-08-25,2023-09-08,false
S-6bbf29,A-a09355,active,Basic,,14,266,3192,false,false,annual,true,2024-08-22,2024-09-02,false
S-0ff481,A-6c093d,active,Basic,,15,285,3420,false,false,annual,false,2023-04-30,2023-08-25,false
S-c83dfd,A-249769,active,Basic,,15,285,3420,false,false,monthly,true,2024-06-08,2024-06-10,false
S-c87692,A-dcc2f0,active,Basic,,15,285,3420,false,false,annual,true,2023-10-02,2023-11-22,false
S-23281c,A-69fad4,active,Basic,,15,285,3420,false,false,monthly,true,2023-07-24,2023-09-04,false
S-a68d25,A-31ab9a,active,Basic,,15,285,3420,false,false,monthly,true,2024-03-23,2024-04-01,false
S-da0a69,A-49b828,active,Pro,,6,294,3528,false,false,monthly,true,2023-05-11,2023-05-16,false
S-d26ee3,A-1f559b,active,Basic,,16,304,3648,false,false,monthly,true,2023-12-12,2023-12-21,false
S-80af85,A-2edab2,active,Basic,,17,323,3876,false,false,annual,true,2023-11-22,2023-11-28,false
S-4236fa,A-4437e4,active,Basic,,17,323,3876,false,false,monthly,true,2023-11-17,2023-11-20,false
S-6fa5cd,A-342303,active,Basic,,17,323,3876,false,false,monthly,true,2024-05-03,2024-07-10,false
S-3e54f5,A-157070,active,Basic,,17,323,3876,false,false,annual,true,2023-12-12,2024-01-26,false
S-d35d49,A-bc87bc,active,Basic,,18,342,4104,false,false,annual,true,2024-09-11,2024-11-06,false
S-1cb993,A-84ebe4,active,Basic,,18,342,4104,false,false,annual,true,2023-05-10,2023-06-22,false
S-e477e9,A-c16101,active,Pro,,7,343,4116,false,false,monthly,true,2024-09-06,2024-09-14,false
S-dda23d,A-1b707d,active,Pro,,7,343,4116,false,false,annual,false,2023-11-14,2023-11-18,false
S-6676fa,A-7df7a7,active,Pro,,7,343,4116,false,false,monthly,true,2023-02-05,2023-03-03,false
S-3ad221,A-6f50ae,active,Basic,,19,361,4332,false,false,monthly,true,2023-11-11,2023-11-27,false
S-22014f,A-0be015,active,Basic,,19,361,4332,false,false,annual,true,2024-10-21,2024-11-03,false
S-951c06,A-0532a9,active,Basic,,19,361,4332,false,false,annual,true,2024-09-26,2024-10-02,false
S-24631a,A-4d1e75,active,Basic,,20,380,4560,false,false,monthly,true,2024-09-07,2024-09-14,false
S-f77847,A-186a44,active,Basic,,20,380,4560,false,false,annual,true,2023-08-23,2023-11-01,false
S-d0af44,A-4e44e8,active,Basic,,20,380,4560,false,false,annual,false,2024-08-23,2024-08-23,false
S-2e965d,A-00cac8,active,Pro,,8,392,4704,false,false,monthly,true,2023-09-16,2023-12-26,false
S-2bc644,A-2d4502,active,Pro,,8,392,4704,false,false,annual,true,2024-04-30,2024-07-14,false
S-9a8f71,A-a7bd4b,active,Pro,,8,392,4704,false,false,annual,true,2023-03-19,2023-06-13,false
S-2fed82,A-5b4ebb,active,Basic,,21,399,4788,false,false,monthly,true,2024-07-11,2024-07-13,false
S-a45a12,A-dcc3f1,active,Basic,,21,399,4788,false,false,monthly,true,2023-12-27,2024-01-17,false
S-0d2fb8,A-43a9e3,active,Basic,,22,418,5016,false,false,annual,false,2023-09-20,2023-11-06,false
S-6522e4,A-9f0b68,active,Basic,,22,418,5016,false,false,annual,false,2024-05-17,2024-06-14,false
S-0a6b6b,A-d42431,active,Basic,,22,418,5016,false,false,monthly,true,2024-06-11,2024-07-08,false
S-6e0006,A-5b051a,active,Basic,,22,418,5016,false,false,monthly,true,2024-09-18,2024-10-21,false
S-3d46f8,A-3932db,active,Basic,,23,437,5244,false,false,monthly,true,2023-12-10,2024-02-15,false
S-374be8,A-b7ef83,active,Basic,,23,437,5244,false,false,annual,false,2024-06-12,2024-06-20,false
S-7ce677,A-2e4581,active,Pro,,9,441,5292,false,false,monthly,true,2024-10-20,2024-10-25,false
S-ffce65,A-9ee962,active,Pro,,9,441,5292,false,false,annual,true,2023-06-23,2023-07-09,false
S-132103,A-a2485e,active,Pro,,9,441,5292,false,false,monthly,true,2024-08-08,2024-08-11,false
S-b84a07,A-7c4956,active,Pro,,9,441,5292,false,false,annual,true,2023-06-05,2023-06-05,false
S-227856,A-310452,active,Pro,,9,441,5292,false,false,annual,true,2024-12-26,2024-12-28,false
S-11d378,A-f51f16,active,Basic,,24,456,5472,false,false,monthly,true,2024-02-18,2024-02-23,false
S-90a2c8,A-44dc83,active,Basic,,24,456,5472,false,false,annual,true,2024-06-17,2024-09-24,false
S-7e5af5,A-1d5444,active,Basic,,24,456,5472,false,false,annual,true,2024-03-19,2024-04-04,false
S-43f9f8,A-712f1c,active,Basic,,24,456,5472,false,false,monthly,true,2024-01-03,2024-01-21,false
S-9925b9,A-cea1f0,active,Basic,,25,475,5700,false,false,annual,false,2024-06-01,2024-06-09,false
S-c87441,A-b07b56,active,Basic,,25,475,5700,false,false,annual,true,2024-11-16,2024-11-19,false
S-6ef81d,A-0b0d6d,active,Basic,,25,475,5700,false,false,annual,true,2024-12-30,2024-12-30,false
S-db56d2,A-c1dfe1,active,Basic,,26,494,5928,false,false,monthly,false,2023-10-26,2023-12-17,false
S-d604ec,A-67be94,active,Basic,,26,494,5928,false,false,monthly,true,2023-08-29,2023-09-17,false
S-7a36ee,A-b11cd0,active,Basic,,26,494,5928,false,false,monthly,true,2023-02-16,2023-04-01,false
S-151fce,A-f03140,active,Basic,,27,513,6156,false,false,annual,false,2023-12-11,2024-02-06,false
S-f421c8,A-9badbd,active,Basic,,28,532,6384,false,false,annual,true,2024-06-29,2024-07-01,false
S-fc2bf2,A-f3ff05,active,Basic,,28,532,6384,false,false,monthly,true,2024-08-01,2024-08-02,false
S-f7a5b9,A-ffdfd5,active,Pro,,11,539,6468,false,false,annual,true,2024-04-24,2024-06-11,false
S-022a1e,A-c42f1f,active,Pro,,11,539,6468,false,false,annual,true,2024-07-28,2024-10-13,false
S-36b46e,A-202b67,active,Pro,,11,539,6468,false,false,monthly,true,2024-03-27,2024-05-18,false
S-104941,A-fdfc91,active,Basic,,29,551,6612,false,false,monthly,true,2023-07-30,2023-08-31,false
S-10bf4d,A-ce66f8,active,Basic,,29,551,6612,false,false,monthly,true,2023-08-24,2024-05-16,false
S-19b415,A-f446b6,active,Basic,,30,570,6840,false,false,annual,true,2023-05-28,2023-09-06,false
S-bd02dd,A-eb7fac,active,Pro,,12,588,7056,false,false,monthly,true,2023-12-26,2024-01-21,false
S-86455a,A-1b9609,active,Pro,,12,588,7056,false,false,monthly,true,2023-12-01,2023-12-02,false
S-daf6b3,A-8bde0c,active,Pro,,12,588,7056,false,false,monthly,true,2024-11-04,2024-11-13,false
S-036362,A-c37601,active,Pro,,12,588,7056,false,false,annual,true,2024-11-01,2024-11-02,false
S-5f2554,A-81edc3,active,Pro,,12,588,7056,false,false,monthly,false,2023-11-07,2023-11-13,false
S-9e6f0c,A-c70870,active,Basic,,31,589,7068,false,false,monthly,true,2024-11-11,2024-11-14,false
S-90e2d7,A-8ae3fc,active,Basic,,31,589,7068,false,false,annual,true,2024-07-17,2024-08-06,false
S-907e70,A-993085,active,Basic,,31,589,7068,false,false,monthly,true,2023-08-05,2023-08-09,false
S-cfb108,A-c608c8,active,Enterprise,,3,597,7164,false,false,annual,true,2023-06-30,2023-10-15,false
S-c59502,A-bf7919,active,Enterprise,,3,597,7164,false,false,monthly,true,2024-12-07,2024-12-10,false
S-c935b8,A-684255,active,Basic,,32,608,7296,false,false,annual,true,2024-04-14,2024-05-23,false
S-dfe952,A-e351e1,active,Basic,,33,627,7524,false,false,monthly,true,2024-09-27,2024-10-01,false
S-c14eeb,A-fce879,active,Basic,,33,627,7524,false,false,monthly,true,2024-09-28,2024-10-18,false
S-a805a5,A-2789e3,active,Basic,,33,627,7524,false,false,monthly,true,2024-09-18,2024-10-03,false
S-cc30c5,A-b78bf8,active,Basic,,33,627,7524,false,false,monthly,true,2024-11-17,2024-11-17,false
S-95cf94,A-1ac5e0,active,Basic,,33,627,7524,false,false,annual,true,2024-10-24,2024-11-15,false
S-b41494,A-b7724f,active,Basic,,33,627,7524,false,false,monthly,true,2023-06-03,2024-06-20,false
S-0efb82,A-94f8c9,active,Pro,,13,637,7644,false,false,monthly,true,2024-04-05,2024-04-11,false
S-b15cde,A-ee42db,active,Pro,,13,637,7644,false,false,monthly,true,2023-05-01,2023-06-30,false
S-f7fa56,A-c16cf7,active,Pro,,13,637,7644,false,false,monthly,true,2024-10-18,2024-10-21,false
S-f971ab,A-4bfa33,active,Pro,,13,637,7644,false,false,annual,true,2024-12-10,2024-12-12,false
S-a54381,A-149a69,active,Basic,,34,646,7752,false,false,monthly,false,2024-12-05,2024-12-14,false
S-f1cc81,A-7f8241,active,Basic,,34,646,7752,false,false,annual,true,2023-03-27,2023-05-22,false
S-1be7c5,A-80eeb6,active,Basic,,34,646,7752,false,false,monthly,true,2023-07-15,2023-08-02,false
S-c65c8b,A-bc4d48,active,Basic,,35,665,7980,false,false,annual,false,2024-06-26,2024-06-29,false
S-e82bdc,A-4c38bc,active,Basic,,36,684,8208,false,false,annual,true,2024-03-17,2024-04-03,false
S-7de656,A-f17767,active,Pro,,14,686,8232,false,false,annual,true,2023-02-15,2023-03-22,false
S-f4a92a,A-ccb686,active,Pro,,14,686,8232,false,false,annual,false,2024-02-02,2024-02-28,false
S-74e211,A-3d957b,active,Pro,,14,686,8232,false,false,monthly,false,2024-07-15,2024-07-30,false
S-bbe998,A-08e34e,active,Pro,,14,686,8232,false,false,annual,true,2024-07-01,2024-07-02,false
S-d8165b,A-89ee83,active,Basic,,38,722,8664,false,false,annual,true,2024-10-18,2024-10-25,false
S-3e0c24,A-271f46,active,Basic,,38,722,8664,false,false,annual,true,2023-03-29,2023-07-01,false
S-c64b73,A-de58ca,active,Pro,,15,735,8820,false,false,annual,true,2023-04-20,2023-05-07,false
S-565c4b,A-7920cc,active,Basic,,39,741,8892,false,false,annual,true,2023-11-27,2023-11-30,false
S-dc8c2f,A-8b0451,active,Basic,,41,779,9348,false,false,monthly,true,2024-09-21,2024-10-05,false
S-80af39,A-7f29a7,active,Basic,,41,779,9348,false,false,monthly,true,2024-09-26,2024-10-06,false
S-61a87e,A-91e948,active,Basic,,41,779,9348,false,false,monthly,true,2023-08-14,2023-11-07,false
S-453f00,A-45ce7a,active,Pro,,16,784,9408,false,false,monthly,true,2023-08-18,2024-02-20,false
S-6904e6,A-39b19f,active,Pro,,16,784,9408,false,false,monthly,true,2023-02-23,2023-02-28,false
S-4781b1,A-558c72,active,Pro,,16,784,9408,false,false,monthly,true,2023-06-12,2023-12-17,false
S-87e8d3,A-8145a0,active,Enterprise,,4,796,9552,false,false,monthly,true,2023-08-07,2023-09-29,false
S-80c24c,A-139c3b,active,Pro,,17,833,9996,false,false,monthly,true,2024-11-26,2024-11-27,false
S-e4df5d,A-65c341,active,Pro,,17,833,9996,false,false,annual,true,2024-02-15,2024-02-26,false
S-b37d03,A-019782,active,Pro,,17,833,9996,false,false,annual,true,2023-06-08,2023-08-16,false
S-3e453b,A-883b7d,active,Pro,,17,833,9996,false,false,annual,false,2024-04-21,2024-04-24,false
S-dc90ef,A-bcf87c,active,Pro,,17,833,9996,false,false,annual,true,2024-07-22,2024-08-14,false
S-461988,A-02cd81,active,Basic,,44,836,10032,false,false,annual,false,2024-03-28,2024-03-31,false
S-3e24ed,A-e2cd1b,active,Basic,,44,836,10032,false,false,monthly,true,2024-02-22,2024-04-29,false
S-4dfd17,A-bcbe98,active,Basic,,46,874,10488,false,false,monthly,true,2024-07-29,2024-08-09,false
S-77befa,A-7e0a10,active,Basic,,46,874,10488,false,false,monthly,false,2023-11-29,2023-12-07,false
S-b409d1,A-e98302,active,Pro,,18,882,10584,false,false,annual,true,2024-01-21,2024-02-01,false
S-edeacd,A-59f724,active,Pro,,18,882,10584,false,false,annual,true,2024-01-01,2024-01-29,false
S-482e5b,A-427b69,active,Pro,,18,882,10584,false,false,annual,true,2024-09-07,2024-09-15,false
S-7af0d5,A-c4ea60,active,Basic,,48,912,10944,false,false,annual,false,2023-04-11,2023-05-29,false
S-775dd1,A-378b99,active,Pro,,19,931,11172,false,false,monthly,true,2024-09-10,2024-09-19,false
S-c455ec,A-856b1e,active,Pro,,19,931,11172,false,false,monthly,true,2023-11-02,2023-12-17,false
S-4d2392,A-e61e98,active,Pro,,19,931,11172,false,false,monthly,false,2023-11-05,2023-11-09,false
S-9a6596,A-503d5a,active,Basic,,49,931,11172,false,false,monthly,true,2023-10-21,2023-11-07,false
S-e781ba,A-53f4e3,active,Pro,,19,931,11172,false,false,monthly,false,2024-06-17,2024-09-18,false
S-16dfaf,A-8e47ca,active,Pro,,19,931,11172,false,false,annual,true,2024-02-27,2024-03-05,false
S-50aaaa,A-af0cd2,active,Pro,,19,931,11172,false,false,monthly,true,2023-01-12,2023-04-13,false
S-101201,A-d49cc5,active,Basic,,50,950,11400,false,false,annual,true,2024-02-13,2024-03-26,false
S-6def60,A-1e1b80,active,Basic,,50,950,11400,false,false,monthly,true,2023-10-11,2023-11-02,false
S-78554e,A-2922b6,active,Basic,,51,969,11628,false,false,monthly,true,2024-12-05,2024-12-11,false
S-da198f,A-b07346,active,Basic,,51,969,11628,false,false,annual,true,2024-11-06,2024-11-21,false
S-482962,A-de24d5,active,Pro,,20,980,11760,false,false,annual,true,2024-11-06,2024-11-15,false
S-495e57,A-bbc346,active,Pro,,20,980,11760,false,false,annual,true,2024-08-31,2024-08-31,false
S-2ebd06,A-32728c,active,Pro,,20,980,11760,false,false,monthly,true,2023-04-04,2023-05-21,false
S-207191,A-726cfa,active,Pro,,20,980,11760,false,false,annual,true,2023-07-15,2023-08-10,false
S-15cfa1,A-054577,active,Pro,,20,980,11760,false,false,annual,true,2024-05-03,2024-05-08,false
S-c2b710,A-88c6ca,active,Enterprise,,5,995,11940,false,false,monthly,true,2024-11-01,2024-11-19,false
S-2f9bef,A-cc1d8d,active,Enterprise,,5,995,11940,false,false,annual,true,2024-12-08,2024-12-10,false
S-c657b6,A-7c5768,active,Enterprise,,5,995,11940,false,false,annual,true,2024-03-05,2024-05-05,false
S-868325,A-ac85cd,active,Basic,,53,1007,12084,false,false,monthly,true,2024-08-02,2024-08-16,false
S-e133a5,A-4a4c2d,active,Basic,,54,1026,12312,false,false,monthly,true,2023-07-03,2023-07-04,false
S-6ca9be,A-e888d1,active,Basic,,54,1026,12312,false,false,annual,true,2023-05-11,2023-07-05,false
S-b8caad,A-ac14bb,active,Pro,,21,1029,12348,false,false,annual,false,2023-09-27,2023-10-28,false
S-68a558,A-a1bbb6,active,Pro,,21,1029,12348,false,false,monthly,true,2023-04-17,2023-05-10,false
S-ad32a8,A-6843f2,active,Pro,,21,1029,12348,false,false,monthly,true,2024-12-11,2024-12-12,false
S-60890c,A-ff3c73,active,Pro,,21,1029,12348,false,false,monthly,false,2023-04-06,2023-04-08,false
S-86a4e3,A-e693b6,active,Basic,,55,1045,12540,false,false,annual,true,2023-08-01,2023-09-23,false
S-b48787,A-02fac6,active,Pro,,22,1078,12936,false,false,annual,true,2023-10-21,2023-11-20,false
S-7179fd,A-bcf664,active,Basic,,59,1121,13452,false,false,monthly,true,2023-06-16,2023-08-11,false
S-da9f05,A-151c9a,active,Pro,,23,1127,13524,false,false,annual,true,2023-05-08,2023-07-14,false
S-721fea,A-f6b2fb,active,Pro,,23,1127,13524,false,false,monthly,true,2024-05-23,2024-06-12,false
S-c796c1,A-aa9511,active,Pro,,23,1127,13524,false,false,monthly,true,2023-10-11,2023-10-25,false
S-61c27e,A-158f4e,active,Basic,,61,1159,13908,false,false,monthly,true,2023-06-02,2023-06-19,false
S-a7360b,A-00bed1,active,Basic,,61,1159,13908,false,false,annual,true,2023-11-16,2024-04-06,false
S-da7f1f,A-1f0ac7,active,Pro,,24,1176,14112,false,false,monthly,false,2023-12-04,2024-02-15,false
S-2d21b9,A-b7b7b7,active,Pro,,24,1176,14112,false,false,annual,true,2024-07-12,2024-07-29,false
S-58239c,A-87aa7b,active,Pro,,24,1176,14112,false,false,monthly,true,2024-05-22,2024-05-25,false
S-ea5984,A-977ca0,active,Enterprise,,6,1194,14328,false,false,annual,true,2023-02-20,2023-03-20,false
S-50e9f3,A-adc1f3,active,Enterprise,,6,1194,14328,false,false,annual,true,2024-08-10,2024-08-28,false
S-81cd46,A-ced9aa,active,Enterprise,,6,1194,14328,false,false,annual,true,2024-10-11,2024-11-07,false
S-ed7a72,A-533452,active,Pro,,25,1225,14700,false,false,monthly,true,2024-11-21,2024-11-23,false
S-549340,A-eb1312,active,Pro,,25,1225,14700,false,false,monthly,true,2024-09-18,2024-10-08,false
S-2a9676,A-92a3af,active,Pro,,25,1225,14700,false,false,annual,true,2024-07-23,2024-07-24,false
S-e740b4,A-5c9849,active,Basic,,65,1235,14820,false,false,monthly,true,2024-11-10,2024-11-11,false
S-a81bcd,A-09540c,active,Basic,,67,1273,15276,false,false,annual,false,2024-04-11,2024-05-28,false
S-5698bd,A-52dd88,active,Pro,,26,1274,15288,false,false,monthly,false,2023-03-26,2023-10-10,false
S-456829,A-f92792,active,Pro,,26,1274,15288,false,false,annual,false,2024-07-07,2024-08-01,false
S-dcc1a5,A-029f69,active,Pro,,26,1274,15288,false,false,annual,false,2024-05-09,2024-05-24,false
S-94c40b,A-7c6b6b,active,Pro,,26,1274,15288,false,false,annual,true,2024-12-06,2024-12-10,false
S-672f1b,A-eafc6e,active,Pro,,27,1323,15876,false,false,monthly,true,2023-08-08,2023-11-15,false
S-c899a3,A-2446e3,active,Pro,,27,1323,15876,false,false,monthly,true,2024-01-21,2024-04-18,false
S-a0d68d,A-c58f49,active,Basic,,70,1330,15960,false,false,monthly,true,2024-08-10,2024-09-13,false
S-aba835,A-5b1bcd,active,Basic,,73,1387,16644,false,false,annual,true,2023-09-23,2023-10-15,false
S-debbee,A-3a7284,active,Basic,,73,1387,16644,false,false,annual,true,2024-11-28,2024-11-28,false
S-3ae8d8,A-396e5f,active,Enterprise,,7,1393,16716,false,false,monthly,true,2024-10-02,2024-10-05,false
S-e0a991,A-9affe6,active,Enterprise,,7,1393,16716,false,false,monthly,true,2023-04-06,2023-06-06,false
S-09950d,A-5f2961,active,Enterprise,,7,1393,16716,false,false,annual,true,2024-11-27,2024-12-02,false
S-624857,A-69b156,active,Enterprise,,7,1393,16716,false,false,monthly,true,2023-12-27,2024-01-16,false
S-d224a1,A-42b791,active,Pro,,29,1421,17052,false,false,monthly,true,2024-06-11,2024-10-08,false
S-c65456,A-a33200,active,Pro,,29,1421,17052,false,false,annual,true,2024-09-26,2024-09-27,false
S-02ec76,A-e60f9d,active,Pro,,29,1421,17052,false,false,monthly,true,2024-09-17,2024-10-11,false
S-6895d0,A-5a92e7,active,Pro,,29,1421,17052,false,false,monthly,false,2024-06-13,2024-06-14,false
S-eef0cd,A-600734,active,Pro,,29,1421,17052,false,false,annual,true,2024-01-13,2024-02-17,false
S-f093d0,A-f19b24,active,Pro,,29,1421,17052,false,false,monthly,true,2024-03-17,2024-08-20,false
S-fd8bb6,A-337bc1,active,Pro,,30,1470,17640,false,false,monthly,true,2023-08-02,2023-11-11,false
S-ed32c7,A-37f969,active,Pro,,30,1470,17640,false,false,annual,false,2023-10-24,2023-11-02,false
S-c67b80,A-eb2fdc,active,Pro,,31,1519,18228,false,false,monthly,false,2024-02-24,2024-04-06,false
S-bdf8bf,A-cdf020,active,Pro,,31,1519,18228,false,false,monthly,true,2023-12-01,2024-01-25,false
S-81fe83,A-b48f73,active,Basic,,80,1520,18240,false,false,monthly,true,2024-11-15,2024-11-23,false
S-92795b,A-e36807,active,Basic,,81,1539,18468,false,false,monthly,false,2024-06-01,2024-06-20,false
S-cdf625,A-c222ab,active,Pro,,32,1568,18816,false,false,monthly,true,2024-08-24,2024-08-27,false
S-21b034,A-90a8c8,active,Pro,,32,1568,18816,false,false,annual,true,2024-08-25,2024-09-17,false
S-0b7eba,A-7f4db3,active,Enterprise,,8,1592,19104,false,false,monthly,false,2023-03-11,2023-03-28,false
S-12ca50,A-425e76,active,Enterprise,,8,1592,19104,false,false,monthly,true,2023-06-21,2023-06-26,false
S-a4d121,A-118d55,active,Enterprise,,8,1592,19104,false,false,monthly,true,2024-10-26,2024-11-13,false
S-a84e7f,A-e89151,active,Enterprise,,8,1592,19104,false,false,annual,true,2023-11-14,2024-02-16,false
S-36f8c0,A-19b2c8,active,Pro,,33,1617,19404,false,false,annual,true,2023-06-19,2023-07-12,false
S-a54fb2,A-8ae05d,active,Basic,,86,1634,19608,false,false,annual,false,2024-06-01,2024-06-09,false
S-5bb58e,A-5a215a,active,Basic,,87,1653,19836,false,false,annual,false,2024-01-31,2024-02-05,false
S-91ab2e,A-c62e55,active,Pro,,34,1666,19992,false,false,annual,false,2023-11-15,2024-01-15,false
S-f553b5,A-6da850,active,Pro,,34,1666,19992,false,false,monthly,true,2023-10-08,2023-12-04,false
S-9dda85,A-462d45,active,Basic,,89,1691,20292,false,false,annual,false,2024-01-16,2024-02-13,false
S-94aaef,A-098560,active,Pro,,35,1715,20580,false,false,annual,false,2023-12-10,2024-02-24,false
S-76767f,A-068fc6,active,Pro,,35,1715,20580,false,false,monthly,true,2023-10-28,2024-01-02,false
S-e0f238,A-463db0,active,Pro,,35,1715,20580,false,false,annual,true,2024-12-09,2024-12-12,false
S-765a5f,A-c9bb3e,active,Pro,,35,1715,20580,false,false,annual,true,2024-04-01,2024-04-25,false
S-d0f5fb,A-39868b,active,Enterprise,,9,1791,21492,false,false,annual,false,2024-04-25,2024-06-02,false
S-f5c7b2,A-f44180,active,Enterprise,,9,1791,21492,false,false,annual,true,2023-03-25,2023-04-10,false
S-009027,A-1b7577,active,Enterprise,,9,1791,21492,false,false,annual,true,2024-10-28,2024-11-02,false
S-f97537,A-0aaf6e,active,Pro,,37,1813,21756,false,false,monthly,false,2024-06-16,2024-07-16,false
S-47ce2d,A-d792a6,active,Pro,,37,1813,21756,false,false,monthly,true,2023-02-06,2023-02-17,false
S-9d7fa9,A-a865bd,active,Pro,,38,1862,22344,false,false,monthly,true,2024-01-17,2024-04-11,false
S-c86492,A-c43359,active,Pro,,38,1862,22344,false,false,annual,true,2024-11-18,2024-11-25,false
S-5c4ef1,A-922109,active,Pro,,38,1862,22344,false,false,annual,true,2024-03-23,2024-04-06,false
S-113e86,A-96bbc6,active,Pro,,39,1911,22932,false,false,monthly,true,2024-05-23,2024-05-28,false
S-30fa6f,A-e1b9cd,active,Pro,,40,1960,23520,false,false,monthly,true,2023-03-21,2023-05-24,false
S-feb4b0,A-a45270,active,Enterprise,,10,1990,23880,false,false,annual,true,2024-07-12,2024-07-18,false
S-7b647e,A-d62e02,active,Enterprise,,10,1990,23880,false,false,monthly,true,2024-09-03,2024-10-02,false
S-ccd045,A-96215d,active,Enterprise,,10,1990,23880,false,false,monthly,true,2024-08-17,2024-09-12,false
S-5d434f,A-82861f,active,Pro,,41,2009,24108,false,false,monthly,true,2024-05-18,2024-05-25,false
S-82df6c,A-ac9111,active,Pro,,41,2009,24108,false,false,annual,true,2023-09-06,2023-10-04,false
S-41b844,A-94d3da,active,Pro,,41,2009,24108,false,false,monthly,false,2023-06-03,2023-06-04,false
S-7f7e38,A-bb1486,active,Pro,,42,2058,24696,false,false,monthly,true,2024-11-13,2024-11-17,false
S-709b46,A-ed510f,active,Pro,,42,2058,24696,false,false,annual,false,2023-03-09,2023-04-19,false
S-88bc66,A-544d0a,active,Pro,,43,2107,25284,false,false,monthly,false,2024-05-24,2024-06-22,false
S-17f71d,A-e40f45,active,Pro,,44,2156,25872,false,false,monthly,true,2024-05-15,2024-05-17,false
S-d80516,A-f19409,active,Pro,,44,2156,25872,false,false,annual,true,2023-04-22,2023-08-09,false
S-9c85b0,A-78f02b,active,Enterprise,,11,2189,26268,false,false,annual,true,2024-11-19,2024-11-26,false
S-9d8525,A-cab532,active,Enterprise,,11,2189,26268,false,false,monthly,false,2023-04-21,2023-05-27,false
S-da4a98,A-d4e0d4,active,Basic,,117,2223,26676,false,false,monthly,true,2024-10-18,2024-10-23,false
S-2d0c1f,A-241e75,active,Pro,,46,2254,27048,false,false,annual,true,2024-07-11,2024-08-07,false
S-0ed7be,A-95b24a,active,Pro,,47,2303,27636,false,false,monthly,false,2023-07-14,2023-07-18,false
S-a74462,A-7c83a1,active,Pro,,48,2352,28224,false,false,annual,true,2024-05-14,2024-05-16,false
S-af4e84,A-798a3f,active,Enterprise,,12,2388,28656,false,false,annual,false,2023-12-25,2023-12-26,false
S-ed857b,A-ad64c6,active,Enterprise,,12,2388,28656,false,false,monthly,false,2024-03-07,2024-06-15,false
S-f9469c,A-781cc0,active,Enterprise,,12,2388,28656,false,false,monthly,true,2024-09-04,2024-09-07,false
S-e97b9f,A-a0ca4e,active,Enterprise,,12,2388,28656,false,false,annual,true,2024-03-16,2024-05-06,false
S-f57b2b,A-20736a,active,Pro,,50,2450,29400,false,false,annual,true,2024-05-09,2024-08-07,false
S-e2799b,A-4c56c9,active,Enterprise,,13,2587,31044,false,false,monthly,false,2024-05-13,2024-05-21,false
S-6d507b,A-ffc04f,active,Enterprise,,13,2587,31044,false,false,annual,true,2024-06-08,2024-07-31,false
S-788739,A-700ade,active,Enterprise,,13,2587,31044,false,false,monthly,true,2024-11-07,2024-11-11,false
S-a4b1af,A-17939a,active,Enterprise,,13,2587,31044,false,false,monthly,true,2024-12-26,2024-12-27,false
S-f41a31,A-659280,active,Enterprise,,13,2587,31044,false,false,monthly,false,2023-11-25,2023-11-28,false
S-627cfa,A-9bfc9f,active,Pro,,53,2597,31164,false,false,monthly,true,2023-09-19,2023-10-16,false
S-371662,A-bad8c1,active,Pro,,54,2646,31752,false,false,monthly,true,2023-06-12,2023-09-16,false
S-0ec1d3,A-86fc1d,active,Pro,,56,2744,32928,false,false,annual,true,2024-08-08,2024-08-16,false
S-390955,A-98a59a,active,Pro,,56,2744,32928,false,false,monthly,true,2023-09-02,2023-09-27,false
S-eabdce,A-9208f0,active,Enterprise,,14,2786,33432,false,false,annual,true,2023-05-15,2023-07-11,false
S-91e96a,A-970c97,active,Enterprise,,14,2786,33432,false,false,monthly,false,2024-03-06,2024-03-23,false
S-183073,A-e7a1e2,active,Enterprise,,14,2786,33432,false,false,monthly,true,2024-07-19,2024-08-09,false
S-39539d,A-2bc93d,active,Enterprise,,14,2786,33432,false,false,annual,true,2023-07-19,2023-07-29,false
S-e09e04,A-fda07f,active,Enterprise,,14,2786,33432,false,false,annual,true,2024-08-24,2024-09-12,false
S-330989,A-671f31,active,Pro,,59,2891,34692,false,false,annual,true,2024-11-27,2024-11-27,false
S-302119,A-e1462e,active,Enterprise,,15,2985,35820,false,false,monthly,true,2023-04-03,2023-07-23,false
S-d30894,A-71615e,active,Enterprise,,15,2985,35820,false,false,annual,true,2024-06-27,2024-07-04,false
S-4d2011,A-751c58,active,Enterprise,,15,2985,35820,false,false,annual,false,2024-07-29,2024-08-24,false
S-023f3c,A-b9eed8,active,Enterprise,,15,2985,35820,false,false,annual,false,2024-03-16,2024-05-07,false
S-dd5a4c,A-716841,active,Basic,,161,3059,36708,false,false,annual,true,2024-05-13,2024-05-14,false
S-872bdd,A-d3c88e,active,Enterprise,,16,3184,38208,false,false,annual,true,2024-10-23,2024-10-27,false
S-134753,A-e83938,active,Enterprise,,16,3184,38208,false,false,monthly,true,2024-02-08,2024-04-25,false
S-26a630,A-5247b3,active,Enterprise,,16,3184,38208,false,false,monthly,true,2024-03-23,2024-04-17,false
S-cd79c0,A-ccabf0,active,Enterprise,,16,3184,38208,false,false,monthly,true,2023-11-07,2023-11-18,false
S-20d02a,A-40a557,active,Enterprise,,16,3184,38208,false,false,annual,true,2024-01-11,2024-02-12,false
S-c62bb7,A-0a62f5,active,Enterprise,,16,3184,38208,false,false,monthly,true,2024-09-16,2024-10-23,false
S-1cff77,A-5a3eb9,active,Pro,,65,3185,38220,false,false,annual,true,2023-09-20,2023-09-21,false
S-dc6dfd,A-e08cd3,active,Pro,,67,3283,39396,false,false,monthly,true,2024-09-30,2024-10-01,false
S-979365,A-bb2f49,active,Pro,,68,3332,39984,false,false,monthly,true,2023-06-29,2023-07-26,false
S-d48577,A-7cfe77,active,Pro,,69,3381,40572,false,false,annual,true,2024-07-30,2024-08-10,false
S-03340d,A-4ef964,active,Enterprise,,17,3383,40596,false,false,annual,false,2024-04-01,2024-05-01,false
S-b4212b,A-10b8da,active,Enterprise,,17,3383,40596,false,false,monthly,true,2023-05-12,2023-06-09,false
S-ed2bb5,A-e4bf56,active,Enterprise,,17,3383,40596,false,false,monthly,true,2024-11-17,2024-11-26,false
S-4305f1,A-afa505,active,Pro,,70,3430,41160,false,false,monthly,true,2024-01-08,2024-02-10,false
S-18f80d,A-484819,active,Enterprise,,18,3582,42984,false,false,annual,true,2023-02-23,2023-05-27,false
S-2176da,A-cbd1a3,active,Enterprise,,18,3582,42984,false,false,monthly,true,2024-11-26,2024-11-27,false
S-82ffca,A-508199,active,Enterprise,,19,3781,45372,false,false,annual,false,2024-01-30,2024-02-08,false
S-a346d6,A-0a282f,active,Enterprise,,19,3781,45372,false,false,annual,true,2024-08-31,2024-09-28,false
S-bdac36,A-443f6f,active,Enterprise,,19,3781,45372,false,false,monthly,false,2024-12-08,2024-12-10,false
S-1d15a7,A-1e50e0,active,Enterprise,,19,3781,45372,false,false,monthly,true,2023-03-23,2023-04-25,false
S-249448,A-dbc825,active,Enterprise,,19,3781,45372,false,false,annual,true,2024-01-19,2024-01-26,false
S-c9d475,A-1986ca,active,Enterprise,,20,3980,47760,false,false,annual,false,2023-07-06,2023-11-16,false
S-3ef584,A-72799b,active,Enterprise,,20,3980,47760,false,false,annual,true,2023-11-17,2023-11-18,false
S-6d4050,A-854864,active,Enterprise,,20,3980,47760,false,false,monthly,true,2024-12-09,2024-12-15,false
S-78da0b,A-b20d99,active,Enterprise,,20,3980,47760,false,false,monthly,true,2024-01-26,2024-01-30,false
S-3012fa,A-902ef7,active,Pro,,83,4067,48804,false,false,annual,true,2024-09-05,2024-09-30,false
S-fd2307,A-bbe56f,active,Enterprise,,21,4179,50148,false,false,annual,true,2023-08-29,2023-09-06,false
S-c95ecc,A-bb1eaa,active,Enterprise,,21,4179,50148,false,false,monthly,true,2024-06-30,2024-07-14,false
S-363c29,A-e7beab,active,Enterprise,,21,4179,50148,false,false,annual,true,2023-10-23,2023-12-15,false
S-a0f3f7,A-c37cab,active,Enterprise,,21,4179,50148,false,false,annual,true,2024-07-30,2024-08-01,false
S-cf12f4,A-4814a3,active,Pro,,87,4263,51156,false,false,monthly,true,2024-09-27,2024-10-05,false
S-e57a7d,A-3f9cc0,active,Enterprise,,22,4378,52536,false,false,annual,false,2024-06-23,2024-06-24,false
S-11eef4,A-5c046d,active,Pro,,93,4557,54684,false,false,annual,true,2024-07-23,2024-08-18,false
S-b420be,A-0e966d,active,Enterprise,,23,4577,54924,false,false,annual,true,2024-06-30,2024-08-17,false
S-07aba0,A-3b37d9,active,Enterprise,,23,4577,54924,false,false,annual,true,2023-04-11,2023-07-10,false
S-342037,A-bb3bd4,active,Enterprise,,23,4577,54924,false,false,annual,true,2024-04-05,2024-05-06,false
S-f1826f,A-4c6f11,active,Enterprise,,24,4776,57312,false,false,monthly,true,2024-03-30,2024-05-10,false
S-97efb2,A-410e86,active,Enterprise,,24,4776,57312,false,false,annual,true,2024-11-16,2024-11-29,false
S-021297,A-5ed98d,active,Enterprise,,24,4776,57312,false,false,annual,true,2024-06-28,2024-07-18,false
S-a5cf6d,A-e51ec7,active,Enterprise,,25,4975,59700,false,false,monthly,true,2023-11-27,2024-03-22,false
S-ed55d2,A-039727,active,Enterprise,,25,4975,59700,false,false,annual,true,2024-11-07,2024-11-10,false
S-0ae33f,A-075038,active,Pro,,103,5047,60564,false,false,annual,true,2023-07-14,2023-11-08,false
S-b3cae6,A-6a7c9d,active,Enterprise,,26,5174,62088,false,false,monthly,true,2024-11-12,2024-11-29,false
S-82848e,A-bece89,active,Enterprise,,26,5174,62088,false,false,annual,true,2024-01-18,2024-02-08,false
S-cff5a2,A-ba6516,active,Enterprise,,27,5373,64476,false,false,monthly,true,2024-01-10,2024-01-30,false
S-0e43ad,A-cc8c8f,active,Enterprise,,28,5572,66864,false,false,annual,true,2024-06-21,2024-07-16,false
S-42af3d,A-40de06,active,Enterprise,,28,5572,66864,false,false,annual,true,2023-06-03,2023-06-23,false
S-4f21c1,A-9f9299,active,Enterprise,,28,5572,66864,false,false,annual,true,2023-11-24,2023-11-27,false
S-2de449,A-702032,active,Enterprise,,28,5572,66864,false,false,annual,true,2024-04-24,2024-07-07,false
S-a87c2f,A-4ae22a,active,Enterprise,,28,5572,66864,false,false,annual,false,2024-05-28,2024-07-24,false
S-3c3a3e,A-0baac2,active,Enterprise,,29,5771,69252,false,false,annual,true,2024-06-02,2024-10-14,false
S-fe0bc0,A-692f18,active,Enterprise,,29,5771,69252,false,false,monthly,true,2024-03-29,2024-04-05,false
S-5d729e,A-4a267b,active,Enterprise,,29,5771,69252,false,false,monthly,true,2024-05-09,2024-06-17,false
S-7d43e0,A-f9cc74,active,Enterprise,,30,5970,71640,false,false,monthly,true,2024-10-12,2024-10-28,false
S-956036,A-d922bf,active,Enterprise,,30,5970,71640,false,false,annual,true,2023-10-29,2023-11-21,false
S-59f0a6,A-104f1a,active,Pro,,123,6027,72324,false,false,monthly,false,2024-09-02,2024-09-05,false
S-648397,A-5fe118,active,Pro,,123,6027,72324,false,false,monthly,true,2024-12-02,2024-12-04,false
S-36ee88,A-fabe19,active,Enterprise,,31,6169,74028,false,false,monthly,true,2024-11-23,2024-11-24,false
S-966a44,A-f5641b,active,Enterprise,,31,6169,74028,false,false,monthly,true,2024-04-21,2024-05-23,false
S-a09141,A-e3bd71,active,Enterprise,,31,6169,74028,false,false,annual,false,2023-04-03,2024-01-11,false
S-85de7a,A-940b8b,active,Enterprise,,32,6368,76416,false,false,annual,true,2024-04-01,2024-04-29,false
S-3632aa,A-f25509,active,Enterprise,,32,6368,76416,false,false,monthly,true,2024-05-28,2024-06-16,false
S-576519,A-cc98bc,active,Enterprise,,32,6368,76416,false,false,monthly,true,2023-05-27,2023-06-05,false
S-eff39c,A-118f1c,active,Enterprise,,32,6368,76416,false,false,annual,true,2024-10-31,2024-11-11,false
S-22365f,A-05f0e5,active,Enterprise,,32,6368,76416,false,false,annual,true,2023-06-11,2023-06-30,false
S-af4059,A-acb7f7,active,Enterprise,,32,6368,76416,false,false,annual,true,2024-01-07,2024-02-16,false
S-432401,A-c7ffc2,active,Pro,,132,6468,77616,false,false,monthly,true,2023-05-25,2023-07-19,false
S-255846,A-9a532a,active,Enterprise,,33,6567,78804,false,false,monthly,true,2024-08-28,2024-09-21,false
S-f30081,A-cb5333,active,Enterprise,,33,6567,78804,false,false,annual,true,2024-04-01,2024-04-09,false
S-d64e41,A-354f12,active,Enterprise,,34,6766,81192,false,false,annual,true,2024-05-28,2024-08-01,false
S-e1de58,A-ce550d,active,Enterprise,,35,6965,83580,false,false,annual,true,2024-10-28,2024-11-01,false
S-8921cb,A-50bb9f,active,Enterprise,,35,6965,83580,false,false,monthly,true,2024-07-22,2024-08-09,false
S-ad8908,A-18793f,active,Pro,,148,7252,87024,false,false,annual,false,2024-12-19,2024-12-19,false
S-c021c2,A-bd4708,active,Enterprise,,37,7363,88356,false,false,annual,true,2024-07-24,2024-08-28,false
S-61e86c,A-39ddf4,active,Enterprise,,40,7960,95520,false,false,annual,true,2024-12-07,2024-12-10,false
S-0638dc,A-9779ad,active,Enterprise,,40,7960,95520,false,false,annual,true,2024-04-07,2024-05-09,false
S-72cf21,A-855a48,active,Enterprise,,40,7960,95520,false,false,annual,false,2024-01-30,2024-02-27,false
S-503afa,A-4e631b,active,Enterprise,,40,7960,95520,false,false,monthly,false,2024-03-18,2024-05-13,false
S-bb47b9,A-e4144b,active,Enterprise,,41,8159,97908,false,false,monthly,true,2024-11-10,2024-11-11,false
S-ee30bb,A-526d93,active,Enterprise,,43,8557,102684,false,false,monthly,false,2024-04-19,2024-04-24,false
S-a959a3,A-ad3abd,active,Enterprise,,44,8756,105072,false,false,monthly,false,2023-03-18,2023-04-20,false
S-12e3ff,A-e43bf7,active,Enterprise,,44,8756,105072,false,false,monthly,false,2023-05-21,2023-07-05,false
S-f84a6f,A-d27f50,active,Enterprise,,44,8756,105072,false,false,monthly,true,2024-07-22,2024-08-06,false
S-4b005c,A-50f3f7,active,Enterprise,,45,8955,107460,false,false,annual,true,2024-01-05,2024-02-02,false
S-e71203,A-117171,active,Enterprise,,45,8955,107460,false,false,monthly,true,2024-10-02,2024-10-20,false
S-e11518,A-3ce5b8,active,Pro,,189,9261,111132,false,false,annual,true,2023-12-15,2024-02-17,false
S-084f4a,A-faa28c,active,Enterprise,,48,9552,114624,false,false,monthly,false,2024-02-05,2024-02-11,false
S-fb6734,A-bd4513,active,Enterprise,,50,9950,119400,false,false,annual,true,2024-11-12,2024-11-14,false
S-98dd7d,A-e6afc1,active,Enterprise,,51,10149,121788,false,false,annual,true,2023-05-24,2023-05-31,false
S-f9d635,A-a1b80b,active,Enterprise,,52,10348,124176,false,false,monthly,false,2024-03-11,2024-03-28,false
S-2d807a,A-34d880,active,Enterprise,,53,10547,126564,false,false,monthly,true,2024-04-18,2024-04-21,false
S-3401bf,A-1619f8,active,Enterprise,,55,10945,131340,false,false,annual,true,2024-06-09,2024-06-10,false
S-70d15d,A-8adedc,active,Enterprise,,57,11343,136116,false,false,monthly,true,2024-02-22,2024-03-16,false
S-4d5623,A-d40bf7,active,Enterprise,,59,11741,140892,false,false,annual,true,2024-11-09,2024-11-17,false
S-86fd71,A-0651a4,active,Enterprise,,60,11940,143280,false,false,annual,true,2024-10-27,2024-11-02,false
S-5fea89,A-2e3bad,active,Enterprise,,61,12139,145668,false,false,monthly,true,2023-08-19,2024-01-06,false
S-9fa49b,A-1f7acb,active,Enterprise,,64,12736,152832,false,false,annual,false,2023-09-01,2023-10-14,false
S-a5a40b,A-180abf,active,Enterprise,,64,12736,152832,false,false,annual,false,2023-09-16,2024-01-17,false
S-c913f8,A-82d8a6,active,Enterprise,,68,13532,162384,false,false,monthly,true,2024-12-03,2024-12-11,false
S-2cec4e,A-76fa4d,active,Enterprise,,69,13731,164772,false,false,monthly,true,2024-11-26,2024-11-27,false
S-b9fe85,A-2d1036,active,Enterprise,,69,13731,164772,false,false,monthly,true,2024-07-03,2024-07-13,false
S-a67bb7,A-09316c,active,Enterprise,,70,13930,167160,false,false,monthly,true,2024-09-19,2024-09-22,false
S-0cb4fe,A-560d27,active,Enterprise,,71,14129,169548,false,false,monthly,true,2024-05-31,2024-06-01,false
S-e912e6,A-a8d89d,active,Enterprise,,78,15522,186264,false,false,monthly,true,2023-12-12,2024-04-12,false
S-6f75be,A-65a46c,active,Enterprise,,78,15522,186264,false,false,monthly,true,2024-03-05,2024-03-07,false
S-f429e0,A-b44e3e,active,Enterprise,,79,15721,188652,false,false,annual,true,2024-02-28,2024-04-15,false
S-5ab139,A-30b4ca,active,Enterprise,,86,17114,205368,false,false,annual,true,2024-05-24,2024-05-27,false
S-b465a7,A-66224b,active,Enterprise,,92,18308,219696,false,false,monthly,true,2024-10-20,2024-11-13,false
S-0f3df6,A-68f37c,active,Enterprise,,121,24079,288948,false,false,annual,true,2023-07-24,2023-08-13,false
S-d859b7,A-66224b,trial,Enterprise,Basic,92,0,0,false,true,annual,true,2024-12-30,2999-12-31,true
S-17bedf,A-4437e4,active,Basic,Basic,3,0,0,false,false,monthly,true,2023-11-20,2024-02-06,false
S-1eba7d,A-4e0e85,trial,Enterprise,Basic,39,0,0,false,true,annual,true,2024-12-14,2999-12-31,true
S-26836c,A-4437e4,trial,Basic,Basic,9,0,0,false,false,monthly,true,2023-11-20,2023-11-20,false
S-207046,A-94d3da,trial,Pro,Basic,41,0,0,false,true,annual,true,2024-03-03,2024-08-04,false
S-969f4c,A-b11cd0,trial,Basic,Basic,26,0,0,false,false,monthly,true,2023-10-10,2023-12-30,false
S-54ac93,A-ff3c73,trial,Enterprise,Basic,25,0,0,false,true,annual,true,2023-10-14,2024-06-13,false
S-5895f0,A-bcf664,trial,Basic,Basic,8,0,0,false,false,annual,true,2023-10-05,2023-11-20,false
S-3e5d57,A-503d5a,trial,Basic,Basic,25,0,0,false,false,annual,true,2024-01-24,2024-03-07,false
S-48a54e,A-b2225d,trial,Basic,Basic,47,0,0,false,false,monthly,true,2024-10-29,2024-11-03,false
S-8c3cc8,A-b2225d,trial,Basic,Basic,47,0,0,false,false,monthly,true,2024-10-17,2024-10-29,false
S-593787,A-9ee962,trial,Basic,Basic,9,0,0,false,false,monthly,true,2023-11-22,2024-05-21,false
S-7bf6d8,A-fe79a5,trial,Basic,Basic,9,0,0,false,false,annual,true,2024-03-23,2024-04-12,false
S-65731a2,A-684255,churned,Basic,Basic,9,0,0,false,false,annual,true,2024-12-26,2999-12-31,true
S-155934,A-4a4c2d,trial,Pro,Basic,54,0,0,false,true,annual,true,2024-04-16,2024-07-08,false
S-5ffb84,A-fe79a5,trial,Enterprise,Basic,9,0,0,false,true,monthly,true,2024-04-12,2024-05-22,false
S-06e837,A-7c4956,trial,Basic,Basic,9,0,0,false,false,annual,true,2023-12-17,2023-12-28,false
S-42d724,A-7a0d69,trial,Pro,Basic,4,0,0,false,true,annual,true,2024-08-01,2024-08-20,false
S-b81ed3,A-ee42db,trial,Pro,Basic,13,0,0,false,true,annual,true,2024-02-10,2024-02-20,false
S-f4059b,A-c70870,trial,Pro,Basic,43,0,0,false,true,annual,true,2024-12-15,2024-12-29,false
S-fe3b71,A-44dc83,trial,Enterprise,Basic,37,0,0,false,true,monthly,true,2024-09-24,2024-11-26,false
S-f243c1,A-e888d1,trial,Pro,Basic,14,0,0,false,true,annual,true,2024-03-12,2024-05-25,false
S-db94ad,A-313be3,trial,Enterprise,Basic,47,0,0,false,true,annual,true,2024-11-14,2024-12-03,false
S-f965de,A-ab438f,trial,Pro,Basic,64,0,0,false,true,monthly,true,2024-10-20,2024-10-23,false
S-44483e,A-bbc346,trial,Enterprise,Basic,19,0,0,false,true,monthly,true,2024-09-30,2024-10-03,false
S-39c024,A-7df7a7,trial,Pro,Basic,29,0,0,false,true,annual,true,2023-06-10,2023-06-26,false
S-53361d,A-1ac5e0,trial,Enterprise,Basic,33,0,0,false,true,monthly,false,2024-12-30,2999-12-31,true
S-ad1e4a,A-d3c88e,trial,Basic,Basic,16,0,0,false,false,monthly,true,2024-11-01,2024-11-02,false
S-992c2a,A-d922bf,trial,Enterprise,Basic,26,0,0,false,true,monthly,true,2024-08-11,2024-08-12,false
S-029c20,A-f44180,trial,Basic,Basic,10,0,0,false,false,annual,false,2024-12-13,2999-12-31,true
S-2fe253,A-1f0636,trial,Pro,Basic,105,0,0,false,true,annual,true,2024-02-28,2024-03-17,false
S-510999,A-7da956,trial,Enterprise,Basic,13,0,0,false,true,monthly,true,2024-06-30,2024-07-20,false
S-ade2d5,A-bcbe98,trial,Enterprise,Basic,46,0,0,false,true,monthly,false,2024-09-22,2024-10-24,false
S-f75ac4,A-faa28c,trial,Enterprise,Basic,48,0,0,false,true,annual,true,2024-02-17,2024-02-23,false
S-a99771,A-3c1a3f,trial,Basic,Basic,25,0,0,false,false,annual,true,2023-12-18,2023-12-23,false
S-2e79e8,A-cb5333,trial,Pro,Basic,33,0,0,false,true,monthly,true,2024-05-16,2024-06-02,false
S-263c1e,A-a8b49c,trial,Pro,Basic,16,0,0,false,true,monthly,true,2023-12-26,2024-02-16,false
S-865af3,A-f97b9a,trial,Pro,Basic,16,0,0,false,true,annual,false,2024-11-07,2024-11-30,false
S-615a8a,A-bf7919,trial,Enterprise,Basic,11,0,0,false,true,annual,false,2024-12-31,2999-12-31,true
S-66106d,A-186a44,trial,Enterprise,Basic,20,0,0,false,true,monthly,false,2024-11-02,2024-11-14,false
S-d19797,A-fd7ad3,active,Basic,Basic,1,19,228,false,false,monthly,true,2024-11-10,2024-11-14,false
S-bbc0f7,A-b7724f,active,Basic,Basic,1,19,228,false,false,annual,true,2024-09-15,2024-09-15,false
S-79ba6e,A-fd7ad3,active,Enterprise,Basic,24,19,228,false,true,annual,true,2024-11-14,2024-11-17,false
S-71c55a,A-296d7c,active,Basic,Basic,2,38,456,false,false,annual,false,2024-06-08,2024-07-19,false
S-ab37ae,A-f92792,active,Basic,Basic,6,38,456,false,false,monthly,true,2024-09-11,2024-09-17,false
S-4bfab2,A-544d0a,active,Basic,Basic,2,38,456,false,false,monthly,true,2024-12-07,2024-12-19,false
S-c01d79,A-296d7c,active,Basic,Basic,24,38,456,false,false,monthly,true,2024-07-19,2024-08-17,false
S-ce61e0,A-f3ff05,active,Basic,Basic,2,38,456,false,false,monthly,true,2024-08-02,2024-08-03,false
S-09c1df,A-b7724f,active,Pro,Basic,1,49,588,false,true,annual,true,2024-09-15,2024-09-20,false
S-561d54,A-0a282f,active,Pro,Basic,1,49,588,false,true,annual,true,2024-11-10,2024-12-20,false
S-0f7a92,A-700ade,active,Pro,Basic,1,49,588,false,true,monthly,false,2024-12-23,2024-12-29,false
S-367dee,A-e19ff6,active,Pro,Basic,1,49,588,false,true,annual,true,2024-06-29,2024-07-01,false
S-ca1c21,A-f92792,active,Basic,Basic,9,57,684,false,false,annual,false,2024-12-02,2024-12-08,false
S-52385a,A-0aaf6e,active,Basic,Basic,3,57,684,false,false,monthly,true,2024-11-13,2024-12-07,false
S-2b58a7,A-7c5768,active,Basic,Basic,3,57,684,false,false,monthly,true,2024-07-07,2024-09-21,false
S-381c99,A-e7a1e2,active,Basic,Basic,3,57,684,false,false,monthly,true,2024-11-03,2024-11-22,false
S-50a388,A-089363,active,Pro,Basic,34,57,684,false,true,annual,true,2024-06-18,2024-06-26,false
S-4704e5,A-6dee43,active,Basic,Basic,3,57,684,false,false,monthly,true,2024-03-15,2024-04-05,false
S-12125f,A-e5d6ab,active,Basic,Basic,3,57,684,false,false,monthly,true,2023-08-08,2023-09-16,false
S-8e9e9b,A-4e44e8,active,Basic,Basic,3,57,684,false,false,annual,false,2024-09-06,2024-09-15,false
S-e1dc0b,A-e5d6ab,active,Pro,Basic,17,57,684,false,true,monthly,true,2023-09-16,2023-10-02,false
S-c58d66,A-42b791,active,Basic,Basic,3,57,684,false,false,monthly,true,2024-11-06,2024-11-07,false
S-3cc163,A-df10db,active,Basic,Basic,68,57,684,false,false,annual,false,2024-07-02,2024-09-08,false
S-6d09f2,A-f92792,active,Basic,Basic,3,57,684,false,false,monthly,true,2024-11-24,2024-12-02,false
S-f78a1a,A-fd7ad3,active,Basic,Basic,3,57,684,false,false,annual,true,2024-11-02,2024-11-07,false
S-e25e6e,A-5a92e7,active,Basic,Basic,4,76,912,false,false,monthly,true,2024-12-07,2024-12-11,false
S-acb7af,A-8adedc,active,Enterprise,Basic,4,76,912,false,true,annual,true,2024-05-23,2024-05-23,false
S-35c7c8,A-f51f16,active,Basic,Basic,4,76,912,false,false,monthly,true,2024-02-23,2024-03-14,false
S-535bd1,A-d792a6,active,Pro,Basic,9,76,912,false,true,monthly,false,2023-03-18,2023-04-04,false
S-dd3b36,A-1b7577,active,Basic,Basic,4,76,912,false,false,monthly,true,2024-11-26,2024-11-28,false
S-4c9107,A-9208f0,active,Basic,Basic,4,76,912,false,false,annual,true,2023-09-19,2023-09-23,false
S-a9fb74,A-c45b23,active,Pro,Basic,5,95,1140,false,true,annual,true,2024-08-04,2024-09-07,false
S-2aa395,A-c45b23,active,Basic,Basic,5,95,1140,false,false,monthly,false,2024-07-31,2024-08-04,false
S-44c5dd,A-eb7c38,active,Basic,Basic,5,95,1140,false,false,annual,false,2024-10-21,2024-10-28,false
S-4ff3ae,A-eb7c38,active,Basic,Basic,5,95,1140,false,false,annual,true,2024-07-29,2024-08-27,false
S-381988,A-eb7c38,active,Pro,Basic,7,95,1140,false,true,annual,false,2024-08-27,2024-09-02,false
S-37e3ad,A-b30291,active,Basic,Basic,5,95,1140,false,false,monthly,true,2024-04-25,2024-05-08,false
S-8ec197,A-7c4956,active,Basic,Basic,51,95,1140,false,false,monthly,true,2023-11-02,2023-12-17,false
S-feea3a,A-82d8a6,active,Basic,Basic,5,95,1140,false,false,monthly,true,2024-12-17,2024-12-18,false
S-28d401,A-d792a6,active,Basic,Basic,5,95,1140,false,false,annual,true,2023-09-03,2023-10-13,false
S-c25e9d,A-cc1d8d,active,Basic,Basic,5,95,1140,false,false,monthly,false,2024-12-17,2024-12-20,false
S-f36088,A-8adedc,active,Enterprise,Basic,43,95,1140,false,true,annual,true,2024-05-24,2024-06-08,false
S-1f5841,A-b30291,active,Basic,Basic,5,95,1140,false,false,annual,true,2024-05-08,2024-06-04,false
S-0b059f,A-7c4956,active,Basic,Basic,5,95,1140,false,false,monthly,false,2023-07-10,2023-11-02,false
S-15a058,A-9208f0,active,Pro,Basic,2,98,1176,false,true,monthly,true,2023-09-29,2024-03-20,false
S-c1f160,A-ccabf0,active,Pro,Basic,2,98,1176,false,true,annual,true,2024-07-14,2024-09-09,false
S-9b1f0e,A-e83938,active,Pro,Basic,2,98,1176,false,true,annual,true,2024-07-16,2024-07-17,false
S-13dfe7,A-956988,active,Pro,Basic,2,98,1176,false,true,annual,true,2024-12-15,2024-12-15,false
S-f12a54,A-f3ff05,active,Pro,Basic,2,98,1176,false,true,monthly,true,2024-11-24,2024-11-26,false
S-c8a3f6,A-4e44e8,active,Basic,Basic,6,114,1368,false,false,monthly,false,2024-09-04,2024-09-06,false
S-42aaf0,A-6da850,active,Basic,Basic,6,114,1368,false,false,annual,true,2024-12-31,2999-12-31,true
S-270e94,A-22f2df,active,Basic,Basic,6,114,1368,false,false,annual,true,2024-12-21,2024-12-21,false
S-51673a,A-5a92e7,active,Pro,Basic,9,114,1368,false,true,monthly,true,2024-12-17,2999-12-31,true
S-4a8ce0,A-5a184f,active,Basic,Basic,6,114,1368,false,false,monthly,true,2024-01-21,2024-04-14,false
S-42aaf02,A-6da850,churned,Basic,Basic,6,114,1368,false,false,annual,true,2024-12-31,2024-12-31,false
S-304196,A-bcf664,active,Basic,Basic,6,114,1368,false,false,monthly,true,2024-09-02,2024-11-11,false
S-6c1ca5,A-977ca0,active,Basic,Basic,6,114,1368,false,false,monthly,true,2024-01-07,2024-02-02,false
S-650c13,A-692f18,active,Basic,Basic,6,114,1368,false,false,monthly,true,2024-08-06,2024-08-20,false
S-1c643d,A-5a92e7,active,Basic,Basic,6,114,1368,false,false,monthly,true,2024-12-11,2024-12-17,false
S-708924,A-7a0d69,active,Basic,Basic,22,114,1368,false,false,annual,true,2024-09-12,2024-09-16,false
S-9fa738,A-977ca0,active,Basic,Basic,10,114,1368,false,false,monthly,false,2024-02-02,2024-03-19,false
S-f967c2,A-029f69,active,Basic,Basic,7,133,1596,false,false,monthly,true,2024-12-10,2024-12-14,false
S-0b3f0c,A-3be56b,active,Enterprise,Basic,3,133,1596,false,true,monthly,true,2024-06-12,2024-08-21,false
S-3cc641,A-3be56b,active,Basic,Basic,7,133,1596,false,false,monthly,false,2024-05-14,2024-06-12,false
S-882f1d,A-249769,active,Basic,Basic,7,133,1596,false,false,annual,true,2024-11-21,2999-12-31,true
S-270a4e,A-6c093d,active,Basic,Basic,7,133,1596,false,false,monthly,true,2024-01-17,2024-03-08,false
S-94cfff,A-439b2f,active,Pro,Basic,22,133,1596,false,true,annual,true,2024-04-16,2024-05-16,false
S-5b4149,A-df10db,active,Basic,Basic,7,133,1596,false,false,annual,true,2023-10-23,2023-12-05,false
S-389426,A-922109,active,Pro,Basic,3,147,1764,false,true,monthly,true,2024-07-04,2024-07-15,false
S-b0e621,A-ced9aa,active,Pro,Basic,3,147,1764,false,true,monthly,true,2024-11-23,2024-12-01,false
S-6f0169,A-86cdb4,active,Pro,Basic,3,147,1764,false,true,monthly,true,2024-10-23,2024-11-01,false
S-4793bb,A-0f7d77,active,Pro,Basic,3,147,1764,false,true,annual,false,2024-12-08,2024-12-21,false
S-1d3af2,A-c42f1f,active,Basic,Basic,8,152,1824,false,false,monthly,true,2024-11-19,2024-11-22,false
S-e4a862,A-3ce5b8,active,Enterprise,Basic,8,152,1824,false,true,annual,true,2024-10-03,2999-12-31,true
S-1ffdd8,A-ef84cf,active,Basic,Basic,8,152,1824,false,false,monthly,true,2024-08-08,2999-12-31,true
S-31cec4,A-34ea2f,active,Basic,Basic,8,152,1824,false,false,monthly,true,2024-10-28,2024-11-09,false
S-c46499,A-00cac8,active,Basic,Basic,8,152,1824,false,false,annual,true,2024-03-03,2024-04-04,false
S-39e396,A-443b7c,active,Basic,Basic,8,152,1824,false,false,annual,true,2024-11-29,2024-12-26,false
S-4d1ba6,A-00cac8,active,Enterprise,Basic,9,152,1824,false,true,annual,false,2024-04-04,2024-08-04,false
S-a8ae52,A-fda07f,active,Enterprise,Basic,26,152,1824,false,true,annual,false,2024-10-10,2024-10-28,false
S-b2f3f3,A-bc87bc,active,Basic,Basic,8,152,1824,false,false,monthly,true,2024-12-15,2999-12-31,true
S-0d4d11,A-d77f4c,active,Basic,Basic,41,152,1824,false,false,monthly,true,2023-11-10,2024-02-29,false
S-1e83a6,A-443b7c,active,Basic,Basic,8,152,1824,false,false,annual,true,2024-12-29,2999-12-31,true
S-b12284,A-0158bb,active,Basic,Basic,9,171,2052,false,false,annual,false,2024-06-29,2024-10-23,false
S-faf395,A-a6d261,active,Basic,Basic,9,171,2052,false,false,annual,true,2024-07-08,2024-07-16,false
S-094e82,A-9ee962,active,Basic,Basic,9,171,2052,false,false,monthly,true,2024-05-25,2024-06-06,false
S-f26ae0,A-92a333,active,Basic,Basic,9,171,2052,false,false,monthly,true,2024-07-04,2999-12-31,true
S-b488bc,A-f45426,active,Pro,Basic,11,171,2052,false,true,monthly,true,2024-11-15,2024-11-22,false
S-4fc62f,A-6c093d,active,Enterprise,Basic,7,171,2052,false,true,annual,true,2024-12-12,2999-12-31,true
S-6aa20b,A-a6d261,active,Enterprise,Basic,9,171,2052,false,true,monthly,true,2024-01-11,2024-01-14,false
S-8789b0,A-eb7c38,active,Basic,Basic,9,171,2052,false,false,monthly,false,2024-04-23,2024-05-24,false
S-f4376f,A-9ee962,active,Basic,Basic,9,171,2052,false,false,annual,false,2024-05-21,2024-05-25,false
S-83b45d,A-5a92e7,active,Pro,Basic,5,171,2052,false,true,annual,true,2024-06-27,2024-07-08,false
S-d471c6,A-a6d261,active,Basic,Basic,9,171,2052,false,false,monthly,true,2024-07-16,2024-09-18,false
S-a3e1e3,A-05d3b3,active,Enterprise,Basic,9,171,2052,false,true,monthly,true,2024-09-26,2024-10-01,false
S-3fe1c3,A-0158bb,active,Enterprise,Basic,20,171,2052,false,true,monthly,true,2024-10-23,2024-12-10,false
S-a69559,A-cd458b,active,Basic,Basic,10,190,2280,false,false,monthly,false,2024-08-25,2024-09-18,false
S-fc8463,A-4e44e8,active,Basic,Basic,10,190,2280,false,false,annual,true,2024-10-16,2024-10-26,false
S-d56a2c,A-751bd4,active,Pro,Basic,35,190,2280,false,true,annual,true,2024-10-29,2999-12-31,true
S-1bdc35,A-bcf87c,active,Basic,Basic,10,190,2280,false,false,monthly,true,2024-10-28,2024-11-09,false
S-e052d8,A-4e44e8,active,Pro,Basic,25,190,2280,false,true,annual,true,2024-10-26,2024-11-03,false
S-1224ea,A-474ad4,active,Pro,Basic,8,190,2280,false,true,monthly,true,2023-12-10,2023-12-20,false
S-ba672b,A-1b9609,active,Pro,Basic,4,196,2352,false,true,annual,false,2024-05-01,2024-06-16,false
S-522aef,A-f3ff05,active,Pro,Basic,4,196,2352,false,true,annual,true,2024-08-22,2024-09-11,false
S-63606e,A-7a0d69,active,Pro,Basic,4,196,2352,false,true,monthly,true,2024-09-28,2024-10-12,false
S-6f04a4,A-417d2f,active,Pro,Basic,4,196,2352,false,true,monthly,true,2024-09-14,2024-09-21,false
S-36069b,A-940b8b,active,Enterprise,Basic,1,199,2388,false,true,annual,true,2024-06-26,2024-09-10,false
S-cb8a5c,A-1e6fc3,active,Enterprise,Basic,1,199,2388,false,true,annual,true,2024-12-17,2999-12-31,true
S-ea3d54,A-439b2f,active,Enterprise,Basic,1,199,2388,false,true,monthly,false,2024-05-30,2024-07-03,false
S-1cff18,A-2789e3,active,Basic,Basic,11,209,2508,false,false,monthly,true,2024-10-03,2024-10-10,false
S-3c9178,A-17939a,active,Basic,Basic,11,209,2508,false,false,monthly,false,2024-12-29,2024-12-30,false
S-db6454,A-0f3e88,active,Basic,Basic,11,209,2508,false,false,monthly,true,2024-10-08,2024-11-07,false
S-9395a2,A-0e966d,active,Basic,Basic,11,209,2508,false,false,monthly,true,2024-09-05,2024-09-06,false
S-ada98e,A-2789e3,active,Basic,Basic,11,209,2508,false,false,annual,true,2024-10-21,2024-10-22,false
S-61efc1,A-05d3b3,active,Pro,Basic,9,209,2508,false,true,monthly,false,2023-11-27,2024-01-29,false
S-162d54,A-922109,active,Basic,Basic,11,209,2508,false,false,monthly,true,2024-11-08,2024-11-13,false
S-d365af,A-4e44e8,active,Basic,Basic,11,209,2508,false,false,annual,true,2024-09-01,2024-09-04,false
S-5cff9b,A-0f3e88,active,Pro,Basic,7,209,2508,false,true,monthly,false,2024-11-07,2024-11-24,false
S-d2fae0,A-2789e3,active,Enterprise,Basic,11,209,2508,false,true,monthly,true,2024-10-10,2024-10-11,false
S-15662a,A-019782,active,Basic,Basic,11,209,2508,false,false,annual,true,2024-02-22,2024-05-16,false
S-cc964d,A-d26ab4,active,Basic,Basic,15,209,2508,false,false,annual,true,2024-11-21,2024-11-21,false
S-81a509,A-8b25f2,active,Basic,Basic,11,209,2508,false,false,annual,true,2024-09-10,2024-09-14,false
S-e0179e,A-69fad4,active,Pro,Basic,13,209,2508,false,true,monthly,true,2024-03-24,2999-12-31,true
S-d3d720,A-b7724f,active,Basic,Basic,11,209,2508,false,false,monthly,true,2024-06-20,2024-07-21,false
S-bcbe03,A-2789e3,active,Basic,Basic,11,209,2508,false,false,monthly,false,2024-10-22,2024-11-06,false
S-f8d0a2,A-a0ca4e,active,Basic,Basic,11,209,2508,false,false,annual,false,2024-05-15,2024-08-02,false
S-0e9f1e,A-7c83a1,active,Basic,Basic,12,228,2736,false,false,monthly,true,2024-11-24,2024-12-30,false
S-b1dce0,A-fd7ad3,active,Basic,Basic,12,228,2736,false,false,monthly,true,2024-11-07,2024-11-10,false
S-2d7947,A-4e960a,active,Basic,Basic,12,228,2736,false,false,annual,true,2024-06-04,2024-07-10,false
S-1a2f35,A-832ec2,active,Basic,Basic,12,228,2736,false,false,monthly,false,2024-04-07,2024-05-26,false
S-202695,A-d535f6,active,Basic,Basic,12,228,2736,false,false,monthly,true,2024-09-23,2024-09-29,false
S-dbad62,A-58b9ff,active,Basic,Basic,12,228,2736,false,false,annual,false,2024-10-16,2024-11-03,false
S-029065,A-4c56c9,active,Basic,Basic,11,228,2736,false,false,annual,true,2024-07-28,2024-08-27,false
S-95aaf8,A-781cc0,active,Basic,Basic,12,228,2736,false,false,annual,true,2024-10-30,2024-11-01,false
S-2ee7ec,A-c16101,active,Basic,Basic,12,228,2736,false,false,monthly,true,2024-10-24,2024-12-10,false
S-886184,A-7c83a1,active,Enterprise,Basic,17,228,2736,false,true,annual,true,2024-09-20,2024-09-27,false
S-beaa35,A-781cc0,active,Pro,Basic,12,228,2736,false,true,monthly,false,2024-11-01,2024-11-01,false
S-be079b,A-6da850,active,Basic,Basic,5,228,2736,false,false,monthly,false,2024-04-29,2024-06-02,false
S-f53776,A-f446b6,active,Basic,Basic,12,228,2736,false,false,monthly,true,2023-09-06,2024-01-07,false
S-a33656,A-524364,active,Basic,Basic,12,228,2736,false,false,monthly,true,2024-12-31,2024-12-31,false
S-96bb5c,A-832ec2,active,Basic,Basic,12,228,2736,false,false,monthly,false,2024-05-26,2024-07-25,false
S-e8a2fa,A-bf7919,active,Basic,Basic,10,228,2736,false,false,annual,true,2024-12-26,2024-12-31,false
S-82348a,A-4e960a,active,Basic,Basic,12,228,2736,false,false,annual,false,2024-04-02,2024-04-02,false
S-196e49,A-0b0d6d,active,Basic,Basic,12,228,2736,false,false,monthly,true,2024-12-30,2024-12-31,false
S-920d64,A-b7724f,active,Basic,Basic,12,228,2736,false,false,annual,true,2024-07-21,2024-09-15,false
S-6f398a,A-8ed5dd,active,Pro,Basic,5,245,2940,false,true,annual,true,2023-11-13,2023-12-09,false
S-76bf6c,A-1f559b,active,Pro,Basic,5,245,2940,false,true,annual,true,2023-12-21,2024-02-08,false
S-9c4bcd,A-a7bd4b,active,Pro,Basic,5,245,2940,false,true,monthly,true,2024-05-14,2024-05-31,false
S-b6aefa,A-6da850,active,Pro,Basic,5,245,2940,false,true,annual,true,2024-09-01,2024-10-09,false
S-02d46a,A-8ed5dd,active,Pro,Basic,5,245,2940,false,true,annual,true,2024-11-01,2024-11-27,false
S-2ae5d8,A-c9bb3e,active,Pro,Basic,5,245,2940,false,true,monthly,true,2024-06-08,2024-08-13,false
S-c98905,A-de24d5,active,Pro,Basic,5,245,2940,false,true,monthly,false,2024-12-28,2999-12-31,true
S-a4139f,A-c45b23,active,Pro,Basic,5,245,2940,false,true,monthly,true,2024-02-01,2024-02-13,false
S-1a20b6,A-1e6fc3,active,Pro,Basic,5,245,2940,false,true,monthly,true,2024-04-01,2024-08-28,false
S-6cf72f,A-a8d89d,active,Basic,Basic,17,247,2964,false,false,monthly,true,2024-09-24,2024-09-26,false
S-a648e7,A-3b5cd1,active,Basic,Basic,13,247,2964,false,false,annual,false,2024-01-29,2024-02-27,false
S-befdf1,A-68f37c,active,Basic,Basic,13,247,2964,false,false,monthly,true,2024-02-27,2024-03-26,false
S-e1e2bf,A-7da956,active,Basic,Basic,13,247,2964,false,false,annual,true,2024-09-24,2024-09-26,false
S-7ab956,A-53f4e3,active,Basic,Basic,13,247,2964,false,false,annual,true,2024-12-03,2024-12-05,false
S-3c5dab,A-7da956,active,Basic,Basic,13,247,2964,false,false,monthly,true,2024-08-13,2024-09-24,false
S-1dfdd0,A-712426,active,Basic,Basic,13,247,2964,false,false,monthly,true,2024-12-30,2024-12-31,false
S-adbb41,A-9289f6,active,Enterprise,Basic,24,247,2964,false,true,annual,false,2024-12-11,2024-12-17,false
S-2b7664,A-cb6cc6,active,Basic,Basic,13,247,2964,false,false,monthly,true,2023-08-22,2024-03-20,false
S-1c06f3,A-53f4e3,active,Basic,Basic,13,247,2964,false,false,annual,true,2024-11-05,2024-11-28,false
S-fcd231,A-712426,active,Enterprise,Basic,63,247,2964,false,true,annual,true,2024-12-31,2999-12-31,true
S-ea389c,A-df10db,active,Basic,Basic,14,266,3192,false,false,monthly,true,2024-09-08,2024-10-21,false
S-dbd6b9,A-cea1f0,active,Pro,Basic,8,266,3192,false,true,annual,true,2024-11-19,2024-12-22,false
S-2fd650,A-019782,active,Enterprise,Basic,15,266,3192,false,true,annual,false,2024-12-04,2999-12-31,true
S-a34e37,A-10b8da,active,Enterprise,Basic,23,266,3192,false,true,annual,true,2024-04-27,2024-05-09,false
S-74bda1,A-dfbd31,active,Basic,Basic,14,266,3192,false,false,annual,false,2024-06-17,2024-07-30,false
S-124336,A-9f0b68,active,Pro,Basic,18,266,3192,false,true,annual,true,2024-11-30,2999-12-31,true
S-7d0dea,A-69b156,active,Pro,Basic,7,266,3192,false,true,monthly,true,2024-11-16,2024-12-10,false
S-f7f6d7,A-425e76,active,Basic,Basic,14,266,3192,false,false,monthly,true,2024-05-07,2024-05-24,false
S-ee941d,A-241e75,active,Basic,Basic,14,266,3192,false,false,annual,true,2024-09-08,2024-09-29,false
S-2c64e6,A-118d55,active,Basic,Basic,15,285,3420,false,false,monthly,false,2024-12-24,2024-12-25,false
S-275d57,A-b3fe05,active,Basic,Basic,15,285,3420,false,false,monthly,true,2024-11-11,2024-12-20,false
S-3d0e5c,A-dcc2f0,active,Enterprise,Basic,19,285,3420,false,true,monthly,true,2023-11-22,2023-11-29,false
S-ed1eb5,A-726cfa,active,Basic,Basic,15,285,3420,false,false,monthly,true,2024-01-08,2024-02-29,false
S-d7c21d,A-8145a0,active,Basic,Basic,15,285,3420,false,false,monthly,true,2024-12-17,2999-12-31,true
S-be3ff6,A-de58ca,active,Pro,Basic,105,285,3420,false,true,annual,false,2023-07-17,2023-09-25,false
S-c85167,A-7a0d69,active,Basic,Basic,15,285,3420,false,false,monthly,true,2024-09-16,2024-09-28,false
S-112733,A-71615e,active,Basic,Basic,15,285,3420,false,false,annual,false,2024-10-21,2024-11-05,false
S-cfcb11,A-b3fe05,active,Basic,Basic,19,285,3420,false,false,annual,false,2024-12-20,2999-12-31,true
S-32e881,A-029f69,active,Pro,Basic,3,285,3420,false,true,monthly,true,2024-10-10,2024-11-08,false
S-9d35cf,A-249769,active,Pro,Basic,6,294,3528,false,true,annual,true,2024-10-12,2024-10-18,false
S-ff4e21,A-7a0d69,active,Pro,Basic,6,294,3528,false,true,annual,true,2024-11-22,2024-12-10,false
S-ee3fa2,A-977ca0,active,Pro,Basic,6,294,3528,false,true,annual,true,2024-03-19,2024-04-08,false
S-5e0619,A-0b0d6d,active,Pro,Basic,6,294,3528,false,true,annual,true,2024-12-31,2024-12-31,false
S-9e8b22,A-7c6b6b,active,Pro,Basic,6,294,3528,false,true,annual,true,2024-12-16,2024-12-21,false
S-695606,A-0f3e88,active,Basic,Basic,16,304,3648,false,false,monthly,true,2023-12-31,2024-01-01,false
S-395a98,A-c7e58b,active,Basic,Basic,16,304,3648,false,false,monthly,true,2024-07-29,2024-09-07,false
S-7052a5,A-d5a319,active,Basic,Basic,16,304,3648,false,false,annual,true,2023-11-15,2023-12-01,false
S-83e7bb,A-781cc0,active,Pro,Basic,16,304,3648,false,true,annual,true,2024-10-09,2024-10-17,false
S-b07043,A-e98302,active,Basic,Basic,16,304,3648,false,false,annual,true,2024-11-22,2024-12-23,false
S-a916c8,A-3cc791,active,Basic,Basic,12,304,3648,false,false,monthly,false,2024-04-26,2024-05-23,false
S-f33b5f,A-f97b9a,active,Basic,Basic,65,304,3648,false,false,annual,true,2024-08-22,2024-11-07,false
S-1bbdf0,A-781cc0,active,Basic,Basic,16,304,3648,false,false,annual,true,2024-10-08,2024-10-09,false
S-9e64bd,A-c7e58b,active,Pro,Basic,16,304,3648,false,true,monthly,true,2024-09-07,2999-12-31,true
S-4c8e19,A-659280,active,Basic,Basic,17,323,3876,false,false,monthly,false,2024-11-21,2024-11-25,false
S-a8bed8,A-9badbd,active,Basic,Basic,17,323,3876,false,false,annual,true,2024-08-28,2024-09-05,false
S-d88f58,A-4ef964,active,Basic,Basic,17,323,3876,false,false,monthly,true,2024-11-11,2024-11-15,false
S-7ded4d,A-0f3e88,active,Basic,Basic,17,323,3876,false,false,monthly,true,2024-06-18,2024-10-08,false
S-afa7a7,A-1b9609,active,Enterprise,Basic,25,323,3876,false,true,annual,true,2024-10-03,2999-12-31,true
S-9f479f,A-d5a319,active,Basic,Basic,17,323,3876,false,false,monthly,false,2023-12-01,2024-01-01,false
S-51c0d1,A-659280,active,Enterprise,Basic,62,323,3876,false,true,annual,false,2024-11-25,2024-12-26,false
S-3037ab,A-b9eed8,active,Basic,Basic,17,323,3876,false,false,annual,true,2024-08-27,2024-10-06,false
S-c7e38a,A-2edab2,active,Basic,Basic,17,323,3876,false,false,annual,true,2024-10-03,2024-11-30,false
S-d1a6c6,A-443b7c,active,Basic,Basic,17,323,3876,false,false,monthly,false,2024-12-26,2024-12-29,false
S-22778a,A-328bd0,active,Basic,Basic,18,342,4104,false,false,monthly,false,2024-02-28,2024-04-29,false
S-935e79,A-c4ea60,active,Basic,Basic,58,342,4104,false,false,annual,true,2024-02-19,2024-07-20,false
S-2632a2,A-5a3eb9,active,Basic,Basic,18,342,4104,false,false,annual,true,2024-03-15,2024-03-15,false
S-652885,A-59f724,active,Basic,Basic,18,342,4104,false,false,monthly,true,2024-12-08,2999-12-31,true
S-711528,A-a7bd4b,active,Basic,Basic,18,342,4104,false,false,monthly,true,2024-09-25,2999-12-31,true
S-8b3331,A-53f4e3,active,Basic,Basic,18,342,4104,false,false,annual,true,2024-11-28,2024-12-03,false
S-a5d949,A-e19ff6,active,Enterprise,Basic,2,342,4104,false,true,annual,false,2024-08-11,2024-08-11,false
S-ebe172,A-c4ea60,active,Basic,Basic,18,342,4104,false,false,monthly,true,2023-05-29,2024-02-19,false
S-6c9ee1,A-6da850,active,Enterprise,Basic,23,342,4104,false,true,monthly,true,2024-02-20,2024-04-12,false
S-a7ad50,A-82d8a6,active,Basic,Basic,18,342,4104,false,false,monthly,true,2024-12-18,2024-12-22,false
S-2e7b85,A-328bd0,active,Basic,Basic,18,342,4104,false,false,annual,true,2023-10-19,2023-12-15,false
S-1f3254,A-4c56c9,active,Basic,Basic,18,342,4104,false,false,annual,true,2024-12-29,2999-12-31,true
S-02b3a1,A-e6afc1,active,Basic,Basic,18,342,4104,false,false,monthly,true,2023-08-05,2023-08-27,false
S-f225d0,A-d4ac0e,active,Basic,Basic,18,342,4104,false,false,annual,true,2024-05-19,2024-06-01,false
S-44fba6,A-82d8a6,active,Enterprise,Basic,7,342,4104,false,true,annual,true,2024-12-22,2024-12-22,false
S-8f8c47,A-e6afc1,active,Pro,Basic,28,342,4104,false,true,monthly,true,2023-08-27,2023-11-16,false
S-751802,A-592832,active,Basic,Basic,18,342,4104,false,false,monthly,true,2024-11-03,2024-11-07,false
S-c5a146,A-59f724,active,Basic,Basic,18,342,4104,false,false,annual,true,2024-07-15,2024-07-23,false
S-061025,A-c45b23,active,Pro,Basic,7,343,4116,false,true,annual,true,2024-11-16,2024-12-12,false
S-a525b3,A-df10db,active,Pro,Basic,7,343,4116,false,true,monthly,false,2023-12-05,2024-05-19,false
S-5eaab82,A-0f3e88,churned,Pro,Basic,7,343,4116,false,true,monthly,false,2024-12-23,2999-12-31,true
S-91da84,A-6c093d,active,Pro,Basic,7,343,4116,false,true,annual,true,2024-03-08,2024-03-13,false
S-7fc49b,A-50bb9f,active,Pro,Basic,7,343,4116,false,true,monthly,true,2024-08-11,2024-10-26,false
S-b75a31,A-a8b49c,active,Pro,Basic,7,343,4116,false,true,annual,true,2023-11-10,2023-11-24,false
S-535e55,A-9077b0,active,Pro,Basic,7,343,4116,false,true,monthly,true,2024-12-08,2024-12-10,false
S-5eaab8,A-0f3e88,active,Pro,Basic,7,343,4116,false,true,monthly,false,2024-12-11,2024-12-23,false
S-4da04b,A-54ecc2,active,Pro,Basic,7,343,4116,false,true,annual,true,2024-09-16,2024-09-27,false
S-b555de,A-af0cd2,active,Basic,Basic,19,361,4332,false,false,monthly,true,2023-10-04,2023-10-12,false
S-f4e0a6,A-e61e98,active,Basic,Basic,19,361,4332,false,false,monthly,true,2024-08-31,2024-09-01,false
S-628884,A-f3ff05,active,Basic,Basic,19,361,4332,false,false,annual,true,2024-08-03,2024-08-22,false
S-491caf,A-6f50ae,active,Basic,Basic,19,361,4332,false,false,annual,false,2024-03-24,2024-04-05,false
S-5ae105,A-296d7c,active,Basic,Basic,19,361,4332,false,false,monthly,true,2024-04-21,2024-06-08,false
S-3c52a6,A-2f6a32,active,Basic,Basic,19,361,4332,false,false,annual,true,2024-09-25,2024-10-13,false
S-c7621b,A-ced9aa,active,Basic,Basic,19,361,4332,false,false,annual,true,2024-11-23,2024-11-23,false
S-81caea,A-3932db,active,Basic,Basic,19,361,4332,false,false,monthly,true,2024-02-15,2024-03-06,false
S-7b2efe,A-af0cd2,active,Basic,Basic,19,361,4332,false,false,monthly,false,2024-09-27,2024-10-05,false
S-c27df9,A-6f50ae,active,Pro,Basic,19,361,4332,false,true,monthly,true,2024-04-05,2024-05-01,false
S-d97fa8,A-508199,active,Basic,Basic,19,361,4332,false,false,monthly,true,2024-02-20,2024-04-26,false
S-d3613b,A-6f50ae,active,Enterprise,Basic,19,361,4332,false,true,monthly,true,2023-11-27,2024-01-05,false
S-cd6bb6,A-dbc825,active,Basic,Basic,19,361,4332,false,false,annual,true,2024-11-25,2999-12-31,true
S-e6571c,A-0be015,active,Basic,Basic,19,361,4332,false,false,annual,true,2024-11-03,2024-11-19,false
S-a0a358,A-af0cd2,active,Basic,Basic,19,361,4332,false,false,annual,true,2023-10-25,2024-05-30,false
S-f20079,A-8ae3fc,active,Basic,Basic,20,380,4560,false,false,monthly,true,2024-12-16,2999-12-31,true
S-be05fd,A-32728c,active,Enterprise,Basic,20,380,4560,false,true,monthly,true,2024-03-23,2024-04-18,false
S-70275b,A-f45426,active,Basic,Basic,20,380,4560,false,false,annual,true,2024-08-09,2024-09-14,false
S-cac22d,A-19b2c8,active,Basic,Basic,20,380,4560,false,false,annual,true,2023-08-06,2023-11-06,false
S-816354,A-186a44,active,Pro,Basic,20,380,4560,false,true,monthly,true,2024-05-20,2024-07-05,false
S-cde950,A-3be56b,active,Basic,Basic,20,380,4560,false,false,annual,false,2024-12-01,2999-12-31,true
S-b57a5e,A-17939a,active,Basic,Basic,20,380,4560,false,false,annual,true,2024-12-30,2024-12-30,false
S-8bab7f,A-72799b,active,Basic,Basic,20,380,4560,false,false,monthly,true,2024-04-21,2024-05-17,false
S-dc77b7,A-cbd1a3,active,Basic,Basic,20,380,4560,false,false,annual,true,2024-12-29,2999-12-31,true
S-208e33,A-b20d99,active,Basic,Basic,20,380,4560,false,false,monthly,true,2024-08-05,2024-09-26,false
S-ac6547,A-b20d99,active,Basic,Basic,20,380,4560,false,false,annual,true,2024-07-19,2024-08-05,false
S-94b283,A-186a44,active,Basic,Basic,20,380,4560,false,false,monthly,true,2024-10-28,2024-11-02,false
S-9efd1b,A-6a4e2d,active,Basic,Basic,20,380,4560,false,false,monthly,true,2024-04-06,2024-09-13,false
S-369495,A-b3fe05,active,Pro,Basic,8,392,4704,false,true,monthly,true,2024-10-20,2024-10-31,false
S-798707,A-6e7827,active,Pro,Basic,8,392,4704,false,true,annual,true,2023-08-02,2023-11-05,false
S-09d706,A-6e08f3,active,Pro,Basic,8,392,4704,false,true,monthly,true,2024-07-20,2024-08-11,false
S-95c2e3,A-86cdb4,active,Pro,Basic,8,392,4704,false,true,monthly,true,2024-12-19,2024-12-31,false
S-b17d04,A-e19ff6,active,Pro,Basic,8,392,4704,false,true,monthly,true,2024-03-06,2024-03-25,false
S-7eb81c,A-474ad4,active,Pro,Basic,8,392,4704,false,true,monthly,false,2024-01-15,2024-01-29,false
S-5c4b5d,A-4bfa33,active,Pro,Basic,8,392,4704,false,true,annual,true,2024-12-19,2024-12-24,false
S-2d3434,A-425e76,active,Pro,Basic,8,392,4704,false,true,annual,true,2023-07-22,2023-08-18,false
S-64dcb7,A-f92792,active,Pro,Basic,8,392,4704,false,true,annual,false,2024-12-08,2024-12-15,false
S-e5efce,A-cea1f0,active,Pro,Basic,8,392,4704,false,true,annual,false,2024-08-06,2024-10-07,false
S-611bf8,A-df10db,active,Enterprise,Basic,2,398,4776,false,true,annual,true,2023-09-08,2023-09-23,false
S-778c7e,A-544d0a,active,Enterprise,Basic,2,398,4776,false,true,annual,false,2024-12-19,2999-12-31,true
S-2cb298,A-9077b0,active,Enterprise,Basic,2,398,4776,false,true,annual,true,2024-12-20,2024-12-20,false
S-f71bb0,A-e51ec7,active,Enterprise,Basic,2,398,4776,false,true,annual,false,2024-04-18,2024-05-01,false
S-4ad7b1,A-3c1a3f,active,Enterprise,Basic,2,398,4776,false,true,monthly,true,2024-04-28,2024-05-06,false
S-c8ba3e,A-5b4ebb,active,Basic,Basic,21,399,4788,false,false,annual,true,2024-09-22,2024-10-15,false
S-59f6b6,A-dec005,active,Basic,Basic,21,399,4788,false,false,monthly,false,2024-11-10,2024-11-15,false
S-b36569,A-ff3c73,active,Basic,Basic,21,399,4788,false,false,annual,true,2024-09-23,2024-10-20,false
S-2d2a88,A-bbe56f,active,Basic,Basic,21,399,4788,false,false,annual,true,2024-04-04,2024-04-16,false
S-7c1eb9,A-d3c88e,active,Basic,Basic,21,399,4788,false,false,annual,false,2024-12-24,2024-12-28,false
S-f30a79,A-ff3c73,active,Basic,Basic,21,399,4788,false,false,annual,true,2024-10-20,2999-12-31,true
S-09223a,A-e40f45,active,Basic,Basic,21,399,4788,false,false,monthly,true,2024-06-04,2024-08-20,false
S-1e5fd7,A-ac9111,active,Basic,Basic,21,399,4788,false,false,monthly,true,2024-10-18,2024-10-30,false
S-9917a2,A-ac14bb,active,Pro,Basic,26,399,4788,false,true,annual,true,2024-02-29,2024-03-15,false
S-93cf65,A-ff3c73,active,Basic,Basic,21,399,4788,false,false,annual,true,2023-07-19,2023-10-14,false
S-140d3a,A-ff3c73,active,Basic,Basic,21,399,4788,false,false,annual,true,2023-06-26,2023-07-19,false
S-f40285,A-bb1eaa,active,Basic,Basic,21,399,4788,false,false,monthly,true,2024-07-28,2024-09-11,false
S-13ca37,A-6843f2,active,Pro,Basic,21,399,4788,false,true,monthly,true,2024-12-21,2024-12-27,false
S-1bbdb1,A-0651a4,active,Basic,Basic,54,399,4788,false,false,annual,false,2024-12-13,2024-12-13,false
S-d2863b,A-ac9111,active,Basic,Basic,21,399,4788,false,false,annual,true,2023-10-04,2023-10-09,false
S-637b20,A-ac9111,active,Enterprise,Basic,56,399,4788,false,true,monthly,true,2024-02-18,2024-03-06,false
S-8a74bb,A-ac9111,active,Enterprise,Basic,36,399,4788,false,true,monthly,true,2024-10-30,2024-11-13,false
S-61fa27,A-5a3eb9,active,Basic,Basic,21,399,4788,false,false,annual,false,2024-10-30,2024-11-09,false
S-006fed,A-ac9111,active,Basic,Basic,21,399,4788,false,false,monthly,true,2023-10-09,2024-02-18,false
S-61e53d,A-d42431,active,Basic,Basic,22,418,5016,false,false,annual,false,2024-11-15,2024-12-08,false
S-27514e,A-3f9cc0,active,Basic,Basic,22,418,5016,false,false,monthly,true,2024-07-21,2024-07-25,false
S-6bea24,A-3f9cc0,active,Basic,Basic,22,418,5016,false,false,monthly,true,2024-07-06,2024-07-21,false
S-4193dd,A-4e631b,active,Basic,Basic,22,418,5016,false,false,monthly,true,2024-10-13,2024-10-15,false
S-e7c172,A-6a4e2d,active,Basic,Basic,22,418,5016,false,false,monthly,true,2024-03-12,2024-04-06,false
S-704b48,A-a7bd4b,active,Enterprise,Basic,15,418,5016,false,true,annual,false,2023-11-15,2024-01-13,false
S-9b493e,A-5b051a,active,Basic,Basic,22,418,5016,false,false,monthly,true,2024-11-23,2024-12-29,false
S-6cd38d,A-202b67,active,Basic,Basic,22,418,5016,false,false,annual,true,2024-08-28,2024-09-04,false
S-92e1fc,A-45ce7a,active,Pro,Basic,16,418,5016,false,true,monthly,true,2024-04-13,2024-09-30,false
S-4e4b10,A-4e631b,active,Basic,Basic,22,418,5016,false,false,monthly,false,2024-08-22,2024-10-13,false
S-f5888c,A-4e631b,active,Basic,Basic,22,418,5016,false,false,annual,true,2024-12-10,2999-12-31,true
S-c1446e,A-9289f6,active,Enterprise,Basic,22,418,5016,false,true,monthly,true,2023-11-15,2023-12-06,false
S-0a70a3,A-5b051a,active,Basic,Basic,22,418,5016,false,false,annual,true,2024-10-21,2024-11-23,false
S-e768c6,A-9289f6,active,Basic,Basic,22,418,5016,false,false,annual,true,2023-07-08,2023-11-15,false
S-7d66fb,A-bb3bd4,active,Basic,Basic,23,437,5244,false,false,monthly,true,2024-08-18,2024-09-16,false
S-827bc4,A-756192,active,Basic,Basic,23,437,5244,false,false,monthly,false,2024-11-29,2024-12-12,false
S-13a013,A-8bde0c,active,Basic,Basic,23,437,5244,false,false,annual,true,2024-12-19,2024-12-19,false
S-9eb2c5,A-bb3bd4,active,Basic,Basic,23,437,5244,false,false,monthly,true,2024-09-16,2024-12-16,false
S-cb54dc,A-560d27,active,Enterprise,Basic,42,437,5244,false,true,annual,false,2024-11-17,2024-12-17,false
S-a2b83d,A-cc8c8f,active,Basic,Basic,23,437,5244,false,false,annual,true,2024-07-26,2024-10-07,false
S-5e6fc2,A-52dd88,active,Basic,Basic,23,437,5244,false,false,annual,true,2023-12-12,2023-12-15,false
S-6f6fca,A-560d27,active,Enterprise,Basic,50,437,5244,false,true,annual,true,2024-11-07,2024-11-12,false
S-a01486,A-52dd88,active,Basic,Basic,23,437,5244,false,false,annual,false,2023-12-25,2024-03-12,false
S-55d484,A-52dd88,active,Basic,Basic,23,437,5244,false,false,annual,true,2023-12-15,2023-12-25,false
S-0e9334,A-8ed5dd,active,Basic,Basic,23,437,5244,false,false,monthly,true,2024-09-07,2024-11-01,false
S-904784,A-9badbd,active,Enterprise,Basic,20,437,5244,false,true,monthly,false,2024-09-20,2024-10-15,false
S-80f65d,A-474ad4,active,Basic,Basic,23,437,5244,false,false,monthly,true,2024-01-06,2024-01-15,false
S-497428,A-cc8c8f,active,Basic,Basic,23,437,5244,false,false,monthly,true,2024-10-07,2024-11-27,false
S-12c163,A-bb3bd4,active,Enterprise,Basic,23,437,5244,false,true,annual,true,2024-12-16,2024-12-17,false
S-763d33,A-ef84cf,active,Basic,Basic,23,437,5244,false,false,annual,false,2024-07-25,2024-08-08,false
S-467d4a,A-1b7577,active,Pro,Basic,9,441,5292,false,true,annual,true,2024-11-14,2024-11-15,false
S-0f949d,A-310452,active,Pro,Basic,9,441,5292,false,true,annual,true,2024-12-29,2999-12-31,true
S-a9bfe0,A-4bfa33,active,Pro,Basic,9,441,5292,false,true,monthly,false,2024-12-12,2024-12-13,false
S-6e177f,A-3a5ad8,active,Pro,Basic,9,441,5292,false,true,monthly,true,2024-05-17,2024-09-07,false
S-eb84b1,A-05d3b3,active,Pro,Basic,9,441,5292,false,true,monthly,false,2024-08-24,2024-09-10,false
S-f74ac6,A-684255,active,Pro,Basic,9,441,5292,false,true,monthly,true,2024-07-01,2024-07-07,false
S-b479cd,A-f17767,active,Pro,Basic,9,441,5292,false,true,monthly,true,2023-07-30,2023-09-17,false
S-97df3f,A-9123ac,active,Pro,Basic,9,441,5292,false,true,annual,true,2024-06-07,2024-10-19,false
S-0f15b7,A-3a5ad8,active,Pro,Basic,9,441,5292,false,true,monthly,true,2024-04-16,2024-05-15,false
S-8eff6d,A-9b9fe9,active,Pro,Basic,9,441,5292,false,true,annual,true,2023-11-20,2023-11-28,false
S-d322a2,A-4c6f11,active,Basic,Basic,24,456,5472,false,false,monthly,true,2024-08-01,2999-12-31,true
S-f9a56a,A-0be015,active,Basic,Basic,24,456,5472,false,false,monthly,false,2024-11-19,2024-12-24,false
S-76c59f,A-0aaf6e,active,Basic,Basic,24,456,5472,false,false,annual,true,2024-08-01,2024-08-18,false
S-f1778c,A-1d5444,active,Basic,Basic,24,456,5472,false,false,monthly,true,2024-04-10,2024-04-19,false
S-7a1803,A-443b7c,active,Enterprise,Basic,11,456,5472,false,true,annual,true,2024-10-26,2024-10-27,false
S-d735d1,A-0f3e88,active,Basic,Basic,24,456,5472,false,false,monthly,true,2023-09-23,2023-12-31,false
S-b11cdb,A-05d3b3,active,Basic,Basic,24,456,5472,false,false,annual,true,2024-08-05,2024-08-24,false
S-45ab1a,A-1d5444,active,Basic,Basic,24,456,5472,false,false,annual,true,2024-04-19,2024-04-23,false
S-7f04ec,A-1b707d,active,Basic,Basic,24,456,5472,false,false,monthly,true,2024-11-08,2024-12-27,false
S-a9952f,A-0aaf6e,active,Pro,Basic,11,456,5472,false,true,monthly,true,2024-08-18,2024-11-09,false
S-7bebc1,A-054577,active,Basic,Basic,24,456,5472,false,false,annual,true,2024-08-27,2024-09-05,false
S-f869a0,A-726cfa,active,Basic,Basic,24,456,5472,false,false,monthly,true,2024-02-29,2024-03-25,false
S-47985c,A-1b707d,active,Basic,Basic,2,456,5472,false,false,annual,false,2024-12-27,2999-12-31,true
S-c3d2f9,A-1d5444,active,Basic,Basic,24,456,5472,false,false,annual,true,2024-04-04,2024-04-10,false
S-a9e864,A-44dc83,active,Basic,Basic,17,456,5472,false,false,annual,true,2024-09-24,2024-09-24,false
S-9bb9da,A-0be015,active,Pro,Basic,26,456,5472,false,true,monthly,true,2024-12-24,2024-12-31,false
S-79b038,A-b07b56,active,Basic,Basic,25,475,5700,false,false,annual,true,2024-11-29,2024-12-02,false
S-d041d2,A-054577,active,Pro,Basic,2,475,5700,false,true,monthly,true,2024-12-01,2024-12-01,false
S-388f70,A-40a557,active,Pro,Basic,18,475,5700,false,true,annual,true,2024-09-21,2024-11-03,false
S-3d5e0c,A-b07b56,active,Basic,Basic,25,475,5700,false,false,monthly,true,2024-11-26,2024-11-29,false
S-5d343c,A-9208f0,active,Basic,Basic,25,475,5700,false,false,annual,true,2023-09-23,2023-09-29,false
S-ad5d94,A-35083d,active,Basic,Basic,19,475,5700,false,false,annual,false,2023-11-30,2024-01-23,false
S-f4dc54,A-eb1312,active,Basic,Basic,25,475,5700,false,false,monthly,true,2024-12-10,2024-12-13,false
S-d8c527,A-0a62f5,active,Basic,Basic,25,475,5700,false,false,monthly,true,2024-12-21,2999-12-31,true
S-541d7a,A-4f18f0,active,Pro,Basic,24,475,5700,false,true,annual,false,2024-09-05,2024-10-04,false
S-8ebe58,A-cea1f0,active,Pro,Basic,8,475,5700,false,true,annual,true,2024-06-09,2024-06-24,false
S-19465f,A-039727,active,Basic,Basic,25,475,5700,false,false,monthly,true,2024-11-12,2024-11-12,false
S-ab0f4c,A-cd458b,active,Basic,Basic,25,475,5700,false,false,monthly,false,2024-12-06,2024-12-21,false
S-084e4f,A-054577,active,Basic,Basic,25,475,5700,false,false,annual,false,2024-11-22,2024-12-01,false
S-e6c900,A-cd458b,active,Pro,Basic,10,490,5880,false,true,annual,true,2024-09-18,2024-09-26,false
S-8c9649,A-c9bb3e,active,Pro,Basic,10,490,5880,false,true,monthly,false,2024-09-30,2024-10-26,false
S-260e48,A-7f4db3,active,Pro,Basic,10,490,5880,false,true,annual,true,2023-07-16,2023-07-24,false
S-2e8409,A-029f69,active,Pro,Basic,10,490,5880,false,true,annual,false,2024-12-14,2024-12-31,false
S-9f7b07,A-42e5e1,active,Pro,Basic,10,490,5880,false,true,annual,false,2024-11-28,2999-12-31,true
S-6fa3a3,A-139c3b,active,Pro,Basic,10,490,5880,false,true,annual,true,2024-12-30,2999-12-31,true
S-13d6d1,A-ff79f2,active,Pro,Basic,10,490,5880,false,true,monthly,false,2024-07-28,2024-09-16,false
S-28d64b,A-67be94,active,Basic,Basic,26,494,5928,false,false,monthly,true,2024-04-03,2024-06-20,false
S-de5d6e,A-e36807,active,Basic,Basic,26,494,5928,false,false,monthly,true,2024-09-25,2024-10-06,false
S-631547,A-d82ef9,active,Basic,Basic,26,494,5928,false,false,annual,false,2024-11-28,2024-11-30,false
S-7863b1,A-b11cd0,active,Basic,Basic,26,494,5928,false,false,monthly,true,2023-04-01,2023-10-10,false
S-1200b3,A-32fb14,active,Basic,Basic,26,494,5928,false,false,annual,false,2023-11-19,2023-11-20,false
S-2b0a2d,A-c1dfe1,active,Basic,Basic,26,494,5928,false,false,annual,true,2024-02-04,2024-03-04,false
S-4df118,A-86fc1d,active,Basic,Basic,26,494,5928,false,false,monthly,true,2024-10-28,2024-11-05,false
S-2f998d,A-d82ef9,active,Basic,Basic,26,494,5928,false,false,annual,false,2024-11-14,2024-11-28,false
S-856241,A-32fb14,active,Basic,Basic,26,494,5928,false,false,monthly,true,2023-09-12,2023-11-19,false
S-96ead2,A-6a4e2d,active,Basic,Basic,26,494,5928,false,false,annual,true,2024-09-13,2024-10-15,false
S-fd3d2d,A-e36807,active,Enterprise,Basic,40,494,5928,false,true,monthly,true,2024-10-06,2024-11-21,false
S-2a312e,A-034368,active,Basic,Basic,26,494,5928,false,false,monthly,true,2024-06-21,2024-10-14,false
S-5aff5f,A-d82ef9,active,Basic,Basic,26,494,5928,false,false,monthly,true,2024-11-30,2999-12-31,true
S-38c5fd,A-32fb14,active,Basic,Basic,26,494,5928,false,false,annual,true,2023-11-20,2024-03-16,false
S-c693b6,A-d4ac0e,active,Basic,Basic,27,513,6156,false,false,monthly,false,2024-08-09,2024-08-25,false
S-303f63,A-ba6516,active,Basic,Basic,27,513,6156,false,false,monthly,true,2024-04-03,2024-05-10,false
S-3e0382,A-425e76,active,Basic,Basic,27,513,6156,false,false,monthly,true,2024-05-24,2024-07-10,false
S-fa5301,A-ba6516,active,Pro,Basic,55,513,6156,false,true,monthly,false,2024-03-14,2024-03-17,false
S-ff93b5,A-ba6516,active,Basic,Basic,27,513,6156,false,false,annual,true,2024-05-10,2024-05-18,false
S-d0d19f,A-157070,active,Pro,Basic,33,513,6156,false,true,annual,true,2024-07-03,2024-07-07,false
S-9171f0,A-43a9e3,active,Basic,Basic,27,513,6156,false,false,annual,true,2024-03-26,2024-07-08,false
S-4af421,A-6c093d,active,Basic,Basic,27,513,6156,false,false,monthly,false,2024-07-08,2024-07-27,false
S-259804,A-d4ac0e,active,Basic,Basic,28,532,6384,false,false,annual,true,2024-10-01,2024-10-12,false
S-5a2a05,A-9f9299,active,Basic,Basic,28,532,6384,false,false,monthly,true,2024-04-04,2024-06-11,false
S-68dca1,A-4ae22a,active,Basic,Basic,28,532,6384,false,false,annual,true,2024-12-23,2999-12-31,true
S-a7d379,A-702032,active,Basic,Basic,28,532,6384,false,false,monthly,true,2024-11-28,2024-12-10,false
S-65731a,A-684255,active,Basic,Basic,9,532,6384,false,false,annual,true,2024-12-15,2024-12-26,false
S-6ac338,A-2b9d3e,active,Basic,Basic,28,532,6384,false,false,annual,true,2024-08-29,2024-11-08,false
S-51b3ed,A-702032,active,Basic,Basic,28,532,6384,false,false,annual,true,2024-10-28,2024-11-28,false
S-9c09cb,A-702032,active,Basic,Basic,28,532,6384,false,false,annual,true,2024-12-10,2024-12-13,false
S-049667,A-ac14bb,active,Basic,Basic,28,532,6384,false,false,annual,true,2024-07-03,2999-12-31,true
S-2ae21d,A-0f6450,active,Basic,Basic,28,532,6384,false,false,annual,true,2024-12-28,2024-12-28,false
S-f703bd,A-202b67,active,Pro,Basic,11,539,6468,false,true,monthly,true,2024-09-04,2024-10-09,false
S-5a37dc,A-cab532,active,Pro,Basic,11,539,6468,false,true,monthly,true,2024-05-12,2024-05-21,false
S-c63e51,A-cab532,active,Pro,Basic,11,539,6468,false,true,annual,true,2024-07-07,2024-07-23,false
S-47b86b,A-524364,active,Pro,Basic,11,539,6468,false,true,monthly,true,2024-12-31,2999-12-31,true
S-bdf7c2,A-c42f1f,active,Pro,Basic,11,539,6468,false,true,annual,true,2024-10-26,2024-11-13,false
S-d7163c,A-118d55,active,Pro,Basic,11,539,6468,false,true,monthly,true,2024-12-27,2024-12-30,false
S-c6d8ce,A-249769,active,Pro,Basic,11,539,6468,false,true,monthly,true,2024-06-10,2024-07-18,false
S-e9b437,A-0f7d77,active,Pro,Basic,11,539,6468,false,true,monthly,true,2024-11-30,2024-12-01,false
S-3ea3af,A-019782,active,Pro,Basic,11,539,6468,false,true,monthly,false,2024-05-16,2024-06-25,false
S-367d84,A-68f37c,active,Pro,Basic,11,539,6468,false,true,monthly,true,2023-12-31,2024-02-20,false
S-718116,A-462d45,active,Pro,Basic,11,539,6468,false,true,monthly,true,2024-05-03,2024-05-07,false
S-ccf11b,A-a0ca4e,active,Pro,Basic,11,539,6468,false,true,annual,true,2024-08-02,2024-08-12,false
S-ae3270,A-fdfc91,active,Basic,Basic,29,551,6612,false,false,annual,true,2023-09-14,2024-03-31,false
S-337c84,A-2bc93d,active,Basic,Basic,29,551,6612,false,false,annual,true,2024-09-22,2024-12-20,false
S-15582c,A-600734,active,Basic,Basic,29,551,6612,false,false,monthly,true,2024-09-05,2024-10-08,false
S-5f1d80,A-600734,active,Basic,Basic,29,551,6612,false,false,monthly,true,2024-04-17,2024-06-08,false
S-bdd2e4,A-ce66f8,active,Basic,Basic,29,551,6612,false,false,annual,true,2024-05-16,2024-05-21,false
S-f27134,A-d4ac0e,active,Basic,Basic,29,551,6612,false,false,annual,true,2024-09-17,2024-10-01,false
S-969c1d,A-5b4ebb,active,Basic,Basic,29,551,6612,false,false,monthly,true,2024-07-13,2024-08-21,false
S-31ac79,A-f19b24,active,Basic,Basic,29,551,6612,false,false,monthly,true,2024-12-01,2999-12-31,true
S-124207,A-fdfc91,active,Basic,Basic,29,551,6612,false,false,annual,true,2023-08-31,2023-09-14,false
S-d9f26e,A-b7724f,active,Basic,Basic,29,551,6612,false,false,monthly,true,2024-12-27,2999-12-31,true
S-2aec7e,A-ce66f8,active,Basic,Basic,29,551,6612,false,false,annual,true,2024-05-21,2024-07-02,false
S-4f8c90,A-32fb14,active,Basic,Basic,29,551,6612,false,false,annual,true,2024-03-18,2024-07-05,false
S-6c9763,A-f9cc74,active,Basic,Basic,30,570,6840,false,false,annual,true,2024-11-29,2024-12-05,false
S-7b896c,A-ffdfd5,active,Basic,Basic,30,570,6840,false,false,monthly,true,2024-08-18,2024-09-09,false
S-d90352,A-f9cc74,active,Enterprise,Basic,30,570,6840,false,true,annual,true,2024-12-05,2024-12-09,false
S-c3b622,A-82d8a6,active,Pro,Basic,5,570,6840,false,true,annual,true,2024-12-29,2024-12-29,false
S-b192d9,A-ffdfd5,active,Pro,Basic,14,570,6840,false,true,monthly,true,2024-09-09,2024-09-14,false
S-c2168a,A-37f969,active,Basic,Basic,30,570,6840,false,false,monthly,true,2024-08-22,2024-09-12,false
S-0a2238,A-c7ffc2,active,Basic,Basic,30,570,6840,false,false,monthly,true,2024-09-16,2024-10-27,false
S-3c9a70,A-ee42db,active,Basic,Basic,30,570,6840,false,false,monthly,true,2024-12-22,2999-12-31,true
S-c25263,A-c7ffc2,active,Basic,Basic,30,570,6840,false,false,annual,true,2023-09-22,2023-11-01,false
S-bb84b1,A-af0cd2,active,Basic,Basic,30,570,6840,false,false,annual,true,2023-10-12,2023-10-25,false
S-e92512,A-0dbdc6,active,Basic,Basic,30,570,6840,false,false,monthly,true,2024-03-13,2024-04-24,false
S-51f213,A-4e960a,active,Pro,Basic,12,588,7056,false,true,monthly,true,2024-11-24,2024-12-08,false
S-43c80c,A-118d55,active,Pro,Basic,12,588,7056,false,true,annual,true,2024-12-25,2024-12-27,false
S-f15008,A-0aaf6e,active,Pro,Basic,12,588,7056,false,true,annual,false,2024-12-07,2024-12-25,false
S-1f4c01,A-c42f1f,active,Pro,Basic,12,588,7056,false,true,monthly,false,2024-11-22,2024-12-29,false
S-63671f,A-df1e44,active,Pro,Basic,12,588,7056,false,true,annual,true,2024-06-12,2024-06-28,false
S-938952,A-df1e44,active,Pro,Basic,12,588,7056,false,true,monthly,true,2024-12-18,2999-12-31,true
S-28eb12,A-d535f6,active,Pro,Basic,12,588,7056,false,true,monthly,false,2024-11-20,2024-12-11,false
S-c8a983,A-2d4502,active,Pro,Basic,12,588,7056,false,true,annual,false,2024-12-04,2024-12-12,false
S-4695b8,A-ad64c6,active,Pro,Basic,12,588,7056,false,true,annual,true,2024-08-15,2024-09-08,false
S-491d53,A-3cc791,active,Pro,Basic,12,588,7056,false,true,monthly,true,2024-05-23,2024-06-01,false
S-ed4475,A-1f559b,active,Pro,Basic,12,588,7056,false,true,annual,true,2024-06-27,2024-07-25,false
S-ff9bde,A-8bde0c,active,Pro,Basic,12,588,7056,false,true,monthly,true,2024-12-20,2024-12-21,false
S-1c5955,A-378b99,active,Pro,Basic,12,588,7056,false,true,annual,true,2024-10-07,2024-10-14,false
S-57bdc2,A-c70870,active,Pro,Basic,31,589,7068,false,true,monthly,true,2024-11-14,2024-12-06,false
S-0c5771,A-798a3f,active,Enterprise,Basic,12,589,7068,false,true,annual,true,2024-02-24,2024-03-24,false
S-8856af,A-c70870,active,Basic,Basic,31,589,7068,false,false,annual,true,2024-12-09,2024-12-15,false
S-0d93fe,A-993085,active,Basic,Basic,31,589,7068,false,false,monthly,true,2023-08-09,2023-08-18,false
S-2ded06,A-ff79f2,active,Basic,Basic,31,589,7068,false,false,monthly,false,2024-12-25,2024-12-31,false
S-53d6be,A-993085,active,Enterprise,Basic,31,589,7068,false,true,monthly,true,2024-05-11,2024-06-28,false
S-5e5ff0,A-832ec2,active,Pro,Basic,6,589,7068,false,true,annual,true,2024-09-04,2024-11-27,false
S-d638c7,A-832ec2,active,Basic,Basic,31,589,7068,false,false,annual,true,2024-07-25,2024-09-04,false
S-084930,A-c1e51e,active,Enterprise,Basic,3,597,7164,false,true,monthly,true,2024-12-08,2024-12-11,false
S-8f9410,A-098560,active,Enterprise,Basic,3,597,7164,false,true,annual,true,2024-07-19,2024-07-29,false
S-617065,A-a45270,active,Enterprise,Basic,3,597,7164,false,true,annual,true,2024-10-01,2024-10-31,false
S-26bc22,A-59f724,active,Enterprise,Basic,3,597,7164,false,true,annual,false,2024-07-23,2024-08-24,false
S-d33d84,A-31ab9a,active,Enterprise,Basic,3,597,7164,false,true,annual,true,2024-04-01,2024-04-23,false
S-4f56f5,A-922109,active,Enterprise,Basic,3,597,7164,false,true,monthly,true,2024-11-13,2024-11-29,false
S-8442d1,A-82d8a6,active,Enterprise,Basic,21,608,7296,false,true,monthly,true,2024-12-22,2024-12-27,false
S-00866d,A-05f0e5,active,Basic,Basic,32,608,7296,false,false,annual,true,2023-10-31,2024-02-28,false
S-53ff75,A-acb7f7,active,Basic,Basic,32,608,7296,false,false,monthly,true,2024-11-26,2024-12-28,false
S-d1f7ad,A-c222ab,active,Basic,Basic,32,608,7296,false,false,annual,false,2024-10-31,2024-12-12,false
S-ff1b11,A-dcc2f0,active,Basic,Basic,32,608,7296,false,false,annual,false,2024-11-30,2999-12-31,true
S-c249fb,A-cc98bc,active,Basic,Basic,32,608,7296,false,false,monthly,true,2023-12-25,2023-12-31,false
S-a1426b,A-cc98bc,active,Basic,Basic,32,608,7296,false,false,annual,false,2023-12-31,2024-05-26,false
S-eb4b0a,A-acb7f7,active,Basic,Basic,32,608,7296,false,false,annual,true,2024-12-28,2999-12-31,true
S-05eff5,A-118f1c,active,Basic,Basic,32,608,7296,false,false,monthly,true,2024-12-23,2024-12-24,false
S-519509,A-1ac5e0,active,Basic,Basic,33,627,7524,false,false,annual,false,2024-11-15,2024-11-17,false
S-c84c8d,A-7988d1,active,Enterprise,Basic,92,627,7524,false,true,annual,true,2024-08-18,2024-08-19,false
S-0509b8,A-e351e1,active,Basic,Basic,33,627,7524,false,false,annual,true,2024-12-26,2024-12-29,false
S-3a28cc,A-80eeb6,active,Basic,Basic,33,627,7524,false,false,monthly,true,2024-02-16,2024-02-20,false
S-d4e525,A-7988d1,active,Basic,Basic,33,627,7524,false,false,annual,true,2024-07-25,2024-08-18,false
S-3196e2,A-ee42db,active,Basic,Basic,13,627,7524,false,false,annual,true,2024-01-15,2024-02-10,false
S-d6d433,A-5247b3,active,Basic,Basic,16,627,7524,false,false,annual,true,2024-06-14,2024-06-19,false
S-6102fe,A-cb5333,active,Basic,Basic,33,627,7524,false,false,monthly,false,2024-06-25,2024-07-11,false
S-3c8e09,A-e351e1,active,Basic,Basic,33,627,7524,false,false,monthly,true,2024-10-01,2024-10-01,false
S-0509b82,A-e351e1,churned,Basic,Basic,33,627,7524,false,false,annual,true,2024-12-29,2999-12-31,true
S-bc2ca5,A-7988d1,active,Basic,Basic,33,627,7524,false,false,monthly,true,2024-04-29,2024-05-18,false
S-847173,A-c1dfe1,active,Basic,Basic,33,627,7524,false,false,monthly,true,2023-12-17,2024-02-04,false
S-5163bd,A-7988d1,active,Basic,Basic,33,627,7524,false,false,annual,true,2024-05-18,2024-07-25,false
S-891ad9,A-7988d1,active,Basic,Basic,33,627,7524,false,false,monthly,true,2024-12-03,2999-12-31,true
S-cd5968,A-ee42db,active,Pro,Basic,13,637,7644,false,true,monthly,true,2023-10-21,2023-11-03,false
S-7cf7c6,A-22d9d2,active,Pro,Basic,13,637,7644,false,true,annual,true,2024-06-02,2024-06-05,false
S-9ffb31,A-a8d89d,active,Pro,Basic,13,637,7644,false,true,annual,true,2024-08-24,2024-09-17,false
S-35a9b6,A-c16cf7,active,Pro,Basic,13,637,7644,false,true,annual,false,2024-10-27,2024-11-02,false
S-a88ffd,A-cc102e,active,Pro,Basic,13,637,7644,false,true,annual,true,2024-09-06,2024-09-23,false
S-1e8c9e,A-c37cab,active,Pro,Basic,13,637,7644,false,true,monthly,true,2024-12-13,2024-12-17,false
S-ea9f08,A-b9eed8,active,Pro,Basic,13,637,7644,false,true,annual,true,2024-07-14,2024-08-01,false
S-24323f,A-cb6cc6,active,Pro,Basic,13,637,7644,false,true,monthly,false,2024-03-20,2024-05-25,false
S-6ea0ad,A-712426,active,Pro,Basic,13,637,7644,false,true,monthly,true,2024-12-15,2024-12-16,false
S-c43a91,A-0e966d,active,Pro,Basic,13,637,7644,false,true,annual,true,2024-09-06,2024-10-02,false
S-c0352b,A-cc102e,active,Pro,Basic,13,637,7644,false,true,monthly,false,2024-11-06,2024-11-19,false
S-2b8a8b,A-9f2731,active,Pro,Basic,13,637,7644,false,true,annual,true,2024-11-08,2024-11-10,false
S-5a4fb5,A-462d45,active,Pro,Basic,13,637,7644,false,true,annual,true,2024-02-13,2024-02-21,false
S-aa5f00,A-241e75,active,Pro,Basic,13,637,7644,false,true,annual,true,2024-09-29,2024-10-19,false
S-d66d63,A-6c093d,active,Pro,Basic,13,637,7644,false,true,annual,true,2023-08-25,2023-09-26,false
S-dc2418,A-35083d,active,Basic,Basic,34,646,7752,false,false,monthly,true,2024-01-23,2024-04-16,false
S-ab63e3,A-0354fe,active,Basic,Basic,34,646,7752,false,false,annual,true,2024-11-23,2024-12-10,false
S-c226ae,A-b20d99,active,Basic,Basic,34,646,7752,false,false,annual,false,2024-03-27,2024-07-19,false
S-c317f9,A-86902e,active,Basic,Basic,34,646,7752,false,false,annual,true,2023-11-24,2023-12-26,false
S-c985c4,A-7f8241,active,Basic,Basic,34,646,7752,false,false,annual,false,2023-05-22,2023-06-06,false
S-70af60,A-0354fe,active,Basic,Basic,34,646,7752,false,false,annual,true,2024-12-10,2024-12-10,false
S-59c5d7,A-c16b88,active,Basic,Basic,35,665,7980,false,false,monthly,true,2024-10-19,2024-11-25,false
S-3ca6d2,A-0e966d,active,Basic,Basic,35,665,7980,false,false,monthly,true,2024-11-11,2024-11-15,false
S-911e27,A-4c6f11,active,Basic,Basic,35,665,7980,false,false,monthly,false,2024-07-14,2024-08-01,false
S-66f0d0,A-0158bb,active,Basic,Basic,35,665,7980,false,false,monthly,true,2024-06-28,2024-06-29,false
S-d619ad,A-bc4d48,active,Pro,Basic,35,665,7980,false,true,monthly,true,2024-06-29,2024-07-04,false
S-6b9696,A-c16cf7,active,Basic,Basic,35,665,7980,false,false,annual,true,2024-12-23,2999-12-31,true
S-65dbf3,A-17939a,active,Basic,Basic,36,684,8208,false,false,monthly,true,2024-12-28,2024-12-28,false
S-9eb13e,A-4c38bc,active,Basic,Basic,36,684,8208,false,false,monthly,true,2024-04-30,2024-05-09,false
S-befdba,A-ff79f2,active,Basic,Basic,36,684,8208,false,false,annual,false,2024-11-15,2024-12-25,false
S-44046d2,A-5a184f,churned,Basic,Basic,36,684,8208,false,false,annual,true,2024-12-13,2999-12-31,true
S-60cb51,A-4c38bc,active,Basic,Basic,36,684,8208,false,false,monthly,false,2024-04-21,2024-04-30,false
S-24a63d,A-712533,active,Basic,Basic,36,684,8208,false,false,annual,true,2023-11-23,2024-01-06,false
S-44046d,A-5a184f,active,Basic,Basic,36,684,8208,false,false,annual,true,2024-11-06,2024-12-13,false
S-69937b,A-08e34e,active,Pro,Basic,14,686,8232,false,true,annual,false,2024-08-08,2024-09-01,false
S-975ee4,A-a09355,active,Pro,Basic,14,686,8232,false,true,annual,false,2024-11-18,2024-11-28,false
S-7f219a,A-08e34e,active,Pro,Basic,14,686,8232,false,true,monthly,true,2024-09-28,2024-11-06,false
S-ca74fe,A-dfbd31,active,Pro,Basic,14,686,8232,false,true,annual,false,2024-07-30,2024-08-08,false
S-63e2822,A-6a4e2d,churned,Pro,Basic,14,686,8232,false,true,annual,true,2024-11-07,2999-12-31,true
S-ce0d60,A-712426,active,Pro,Basic,14,686,8232,false,true,annual,true,2024-11-17,2024-11-17,false
S-63e282,A-6a4e2d,active,Pro,Basic,14,686,8232,false,true,annual,true,2024-10-15,2024-11-07,false
S-8d3495,A-cbd1a3,active,Basic,Basic,37,703,8436,false,false,monthly,true,2024-12-26,2024-12-29,false
S-25f647,A-425e76,active,Basic,Basic,37,703,8436,false,false,monthly,true,2024-07-10,2024-08-06,false
S-9f4914,A-417d2f,active,Basic,Basic,37,703,8436,false,false,monthly,true,2024-10-31,2024-12-09,false
S-321498,A-3a7284,active,Pro,Basic,31,703,8436,false,true,monthly,true,2024-12-25,2024-12-28,false
S-806d7b,A-cb5333,active,Basic,Basic,37,703,8436,false,false,annual,true,2024-07-29,2024-09-06,false
S-b7feb8,A-075038,active,Basic,Basic,37,703,8436,false,false,annual,false,2024-05-08,2024-07-02,false
S-aa751f,A-86fc1d,active,Basic,Basic,37,703,8436,false,false,monthly,true,2024-10-16,2024-10-28,false
S-bb82ac,A-e19ff6,active,Basic,Basic,38,722,8664,false,false,annual,true,2023-10-29,2024-03-06,false
S-cdd00a,A-4e44e8,active,Basic,Basic,38,722,8664,false,false,monthly,true,2024-08-23,2024-09-01,false
S-47e122,A-271f46,active,Basic,Basic,38,722,8664,false,false,monthly,true,2023-07-01,2024-01-12,false
S-679c73,A-271f46,active,Pro,Basic,38,722,8664,false,true,monthly,true,2024-01-12,2024-04-25,false
S-444c6a,A-95b24a,active,Basic,Basic,38,722,8664,false,false,annual,false,2023-10-07,2023-10-12,false
S-4a0cb3,A-a1b80b,active,Enterprise,Basic,22,722,8664,false,true,monthly,true,2024-05-16,2024-06-09,false
S-f9092a,A-f03140,active,Basic,Basic,38,722,8664,false,false,monthly,true,2024-07-10,2024-07-17,false
S-c3c85e,A-271f46,active,Basic,Basic,38,722,8664,false,false,monthly,true,2024-10-31,2024-11-22,false
S-c35f78,A-95b24a,active,Pro,Basic,38,722,8664,false,true,annual,true,2024-10-11,2999-12-31,true
S-8b345c,A-c43359,active,Pro,Basic,38,722,8664,false,true,monthly,true,2024-12-10,2024-12-11,false
S-09cb75,A-c43359,active,Basic,Basic,38,722,8664,false,false,annual,true,2024-11-29,2024-12-10,false
S-b3c4b8,A-c43359,active,Pro,Basic,38,722,8664,false,true,annual,true,2024-12-17,2024-12-22,false
S-738d4a,A-71615e,active,Pro,Basic,15,735,8820,false,true,annual,true,2024-12-06,2999-12-31,true
S-983266,A-dcc2f0,active,Pro,Basic,15,735,8820,false,true,annual,true,2024-09-16,2024-10-03,false
S-ebbda6,A-558c72,active,Pro,Basic,15,735,8820,false,true,annual,true,2024-10-10,2999-12-31,true
S-3eb56d,A-463db0,active,Pro,Basic,15,735,8820,false,true,annual,true,2024-12-31,2999-12-31,true
S-575bef,A-68f37c,active,Pro,Basic,15,735,8820,false,true,annual,true,2024-08-01,2024-10-05,false
S-36c07b,A-2922b6,active,Pro,Basic,15,735,8820,false,true,annual,true,2024-12-11,2024-12-15,false
S-5d5a8d,A-2922b6,active,Pro,Basic,15,735,8820,false,true,annual,true,2024-12-17,2024-12-23,false
S-4b9b13,A-fa2041,active,Pro,Basic,15,735,8820,false,true,monthly,true,2024-08-13,2024-08-19,false
S-ede618,A-463db0,active,Pro,Basic,15,735,8820,false,true,annual,true,2024-12-15,2024-12-20,false
S-079321,A-e1462e,active,Pro,Basic,15,735,8820,false,true,annual,false,2023-07-27,2023-12-01,false
S-054897,A-de58ca,active,Pro,Basic,15,735,8820,false,true,monthly,false,2024-01-06,2024-06-09,false
S-f132ab,A-e2cd1b,active,Pro,Basic,15,735,8820,false,true,annual,true,2024-04-29,2024-05-25,false
S-ae7a5d,A-22f2df,active,Pro,Basic,15,735,8820,false,true,annual,true,2024-12-21,2024-12-22,false
S-45c2cf,A-7920cc,active,Basic,Basic,39,741,8892,false,false,monthly,true,2023-12-11,2024-01-07,false
S-c0e639,A-7920cc,active,Pro,Basic,50,741,8892,false,true,annual,true,2024-01-07,2024-02-04,false
S-fd790e,A-7920cc,active,Basic,Basic,39,741,8892,false,false,annual,true,2023-11-30,2023-12-11,false
S-daf6aa,A-098560,active,Basic,Basic,40,760,9120,false,false,monthly,true,2024-10-27,2024-11-17,false
S-aef0c5,A-e1b9cd,active,Basic,Basic,40,760,9120,false,false,monthly,true,2024-05-22,2024-09-28,false
S-a97ab5,A-e1b9cd,active,Pro,Basic,40,760,9120,false,true,annual,false,2024-09-28,2024-09-28,false
S-896293,A-337bc1,active,Basic,Basic,30,760,9120,false,false,monthly,true,2024-09-12,2024-09-18,false
S-21d7be,A-e1b9cd,active,Basic,Basic,40,760,9120,false,false,annual,true,2024-01-09,2024-02-04,false
S-57cd05,A-8b0451,active,Basic,Basic,41,779,9348,false,false,annual,true,2024-10-26,2024-11-10,false
S-68adfa,A-7f29a7,active,Basic,Basic,41,779,9348,false,false,monthly,true,2024-10-06,2024-10-08,false
S-a24476,A-91e948,active,Basic,Basic,41,779,9348,false,false,monthly,true,2024-01-26,2024-07-11,false
S-09cdac,A-82861f,active,Basic,Basic,41,779,9348,false,false,annual,true,2024-07-31,2024-08-04,false
S-9cb6a7,A-7f29a7,active,Basic,Basic,41,779,9348,false,false,monthly,true,2024-12-21,2024-12-21,false
S-551502,A-bb1486,active,Basic,Basic,41,779,9348,false,false,monthly,false,2024-12-09,2024-12-18,false
S-58c146,A-e3bd71,active,Basic,Basic,41,779,9348,false,false,annual,false,2024-06-21,2024-10-19,false
S-eaa2c2,A-2ebb4b,active,Basic,Basic,41,779,9348,false,false,monthly,true,2024-05-06,2024-05-25,false
S-cb8654,A-94d3da,active,Basic,Basic,41,779,9348,false,false,annual,true,2024-02-07,2024-03-03,false
S-be655e,A-7f29a7,active,Basic,Basic,41,779,9348,false,false,annual,true,2024-11-24,2024-11-28,false
S-9dcef8,A-b30291,active,Basic,Basic,41,779,9348,false,false,monthly,true,2024-09-27,2024-10-21,false
S-e6c842,A-8b0451,active,Basic,Basic,41,779,9348,false,false,annual,true,2024-11-10,2024-11-18,false
S-0de78a,A-e4144b,active,Basic,Basic,41,779,9348,false,false,annual,true,2024-12-12,2024-12-15,false
S-9bf1a0,A-3932db,active,Basic,Basic,41,779,9348,false,false,monthly,true,2024-03-06,2024-07-24,false
S-11dba6,A-9badbd,active,Basic,Basic,41,779,9348,false,false,annual,false,2024-11-02,2024-12-03,false
S-6696a0,A-82861f,active,Basic,Basic,41,779,9348,false,false,monthly,true,2024-08-04,2024-10-04,false
S-d76bd0,A-7f29a7,active,Basic,Basic,41,779,9348,false,false,monthly,false,2024-10-08,2024-10-14,false
S-8464b6,A-3932db,active,Pro,Basic,58,779,9348,false,true,monthly,true,2024-07-24,2024-09-19,false
S-bafe35,A-1b707d,active,Basic,Basic,41,779,9348,false,false,annual,false,2024-10-27,2024-11-08,false
S-6100a4,A-b30291,active,Pro,Basic,47,779,9348,false,true,annual,true,2024-10-21,2024-10-23,false
S-b9fc6c,A-2ebb4b,active,Basic,Basic,41,779,9348,false,false,annual,true,2023-06-16,2023-10-03,false
S-a7cab8,A-94d3da,active,Basic,Basic,41,779,9348,false,false,monthly,false,2023-12-26,2024-02-07,false
S-287914,A-a1b80b,active,Pro,Basic,16,784,9408,false,true,annual,true,2024-08-15,2024-08-24,false
S-0e499f,A-296d7c,active,Pro,Basic,16,784,9408,false,true,annual,false,2024-08-17,2024-11-05,false
S-4d664d,A-cc1d8d,active,Pro,Basic,16,784,9408,false,true,annual,true,2024-12-26,2024-12-29,false
S-0ab4e8,A-6a4e2d,active,Pro,Basic,16,784,9408,false,true,monthly,true,2023-12-04,2024-01-23,false
S-5ca0fe,A-d3c88e,active,Pro,Basic,16,784,9408,false,true,monthly,false,2024-11-02,2024-11-19,false
S-3f08d7,A-d792a6,active,Enterprise,Basic,4,796,9552,false,true,monthly,true,2023-10-13,2024-01-01,false
S-27c993,A-098560,active,Enterprise,Basic,4,796,9552,false,true,monthly,true,2024-11-17,2999-12-31,true
S-5ea66d,A-503d5a,active,Enterprise,Basic,4,796,9552,false,true,annual,true,2024-12-18,2024-12-19,false
S-dceac6,A-417d2f,active,Enterprise,Basic,4,796,9552,false,true,annual,true,2023-12-30,2024-01-24,false
S-694277,A-34d880,active,Enterprise,Basic,4,796,9552,false,true,monthly,true,2024-10-11,2024-10-21,false
S-396a83,A-1b7577,active,Enterprise,Basic,4,796,9552,false,true,monthly,true,2024-11-28,2024-12-03,false
S-162441,A-249769,active,Enterprise,Basic,4,796,9552,false,true,monthly,true,2024-09-06,2024-09-24,false
S-98845b,A-db5e9e,active,Basic,Basic,42,798,9576,false,false,annual,true,2024-11-15,2024-12-05,false
S-55aa8a,A-bad8c1,active,Pro,Basic,60,798,9576,false,true,monthly,true,2023-11-15,2023-12-12,false
S-4757c8,A-32728c,active,Basic,Basic,42,798,9576,false,false,annual,true,2024-09-17,2999-12-31,true
S-e9bcb2,A-eb2fdc,active,Basic,Basic,43,817,9804,false,false,monthly,true,2024-05-15,2024-05-22,false
S-d396d1,A-2edab2,active,Pro,Basic,17,833,9996,false,true,monthly,true,2024-03-05,2024-03-29,false
S-381917,A-474ad4,active,Pro,Basic,17,833,9996,false,true,monthly,true,2024-07-02,2024-07-03,false
S-32b223,A-2edab2,active,Pro,Basic,17,833,9996,false,true,annual,true,2023-11-28,2023-12-05,false
S-025bea,A-9affe6,active,Pro,Basic,17,833,9996,false,true,monthly,true,2024-06-25,2024-10-01,false
S-6f488b,A-d27f50,active,Basic,Basic,44,836,10032,false,false,annual,false,2024-12-29,2999-12-31,true
S-36885c,A-02cd81,active,Pro,Basic,44,836,10032,false,true,annual,true,2024-04-07,2024-04-24,false
S-6f488b2,A-d27f50,churned,Basic,Basic,44,836,10032,false,false,annual,false,2024-12-29,2024-12-29,false
S-c8292c,A-cb5333,active,Basic,Basic,51,836,10032,false,false,annual,true,2024-05-04,2024-05-16,false
S-bc4da7,A-02cd81,active,Basic,Basic,44,836,10032,false,false,annual,true,2024-09-10,2024-12-29,false
S-38dcab,A-ad3abd,active,Basic,Basic,44,836,10032,false,false,annual,true,2024-03-25,2024-07-20,false
S-700036,A-02cd81,active,Basic,Basic,44,836,10032,false,false,annual,true,2024-03-31,2024-04-07,false
S-7501c9,A-94c3cd,active,Pro,Basic,32,855,10260,false,true,monthly,true,2024-11-23,2024-12-15,false
S-e0cd01,A-0cc442,active,Basic,Basic,45,855,10260,false,false,annual,false,2024-10-21,2024-11-01,false
S-8e7d28,A-7f6b86,active,Pro,Basic,45,855,10260,false,true,monthly,true,2024-07-05,2024-09-16,false
S-2de283,A-117171,active,Pro,Basic,45,855,10260,false,true,monthly,true,2024-11-27,2024-12-14,false
S-f4db1d,A-526d93,active,Enterprise,Basic,43,855,10260,false,true,annual,true,2024-07-05,2024-07-24,false
S-392e05,A-65a46c,active,Basic,Basic,45,855,10260,false,false,annual,true,2024-03-10,2024-04-14,false
S-3f48a5,A-0cc442,active,Basic,Basic,45,855,10260,false,false,monthly,false,2024-10-04,2024-10-06,false
S-6ceec5,A-7e0a10,active,Basic,Basic,46,874,10488,false,false,annual,true,2024-07-24,2024-12-30,false
S-7a55d9,A-7e0a10,active,Basic,Basic,46,874,10488,false,false,monthly,true,2024-01-03,2024-02-05,false
S-e964b6,A-bcbe98,active,Basic,Basic,46,874,10488,false,false,monthly,true,2024-12-30,2999-12-31,true
S-d1201a,A-b2af2e,active,Pro,Basic,18,882,10584,false,true,monthly,false,2024-08-27,2024-10-14,false
S-718bf5,A-5a3eb9,active,Pro,Basic,18,882,10584,false,true,annual,true,2024-03-15,2024-05-28,false
S-b81c97,A-0b0d6d,active,Pro,Basic,18,882,10584,false,true,monthly,true,2024-12-31,2024-12-31,false
S-9626f8,A-d4ac0e,active,Pro,Basic,18,882,10584,false,true,annual,true,2024-08-25,2024-09-10,false
S-8b1b5a,A-592832,active,Pro,Basic,18,882,10584,false,true,annual,true,2024-12-17,2024-12-22,false
S-f615d2,A-0a282f,active,Pro,Basic,18,882,10584,false,true,monthly,true,2024-10-23,2024-10-27,false
S-67c1d8,A-328bd0,active,Pro,Basic,18,882,10584,false,true,annual,true,2024-12-18,2999-12-31,true
S-af6974,A-86cdb4,active,Pro,Basic,18,882,10584,false,true,annual,true,2024-11-23,2024-12-14,false
S-501046,A-c4ea60,active,Pro,Basic,18,882,10584,false,true,annual,true,2024-07-20,2024-07-29,false
S-bc66af,A-157070,active,Pro,Basic,18,882,10584,false,true,monthly,true,2024-02-12,2024-03-31,false
S-3909f9,A-d4ac0e,active,Pro,Basic,18,882,10584,false,true,annual,false,2024-06-01,2024-06-01,false
S-810a67,A-592832,active,Pro,Basic,18,882,10584,false,true,monthly,true,2024-10-15,2024-10-21,false
S-567afa,A-c16cf7,active,Pro,Basic,18,882,10584,false,true,annual,true,2024-12-07,2024-12-18,false
S-896e2f,A-712426,active,Pro,Basic,18,882,10584,false,true,annual,true,2024-11-28,2024-11-28,false
S-1170cb,A-84ebe4,active,Pro,Basic,18,882,10584,false,true,annual,true,2024-04-19,2024-06-29,false
S-dacbda,A-1f559b,active,Pro,Basic,18,882,10584,false,true,monthly,true,2024-07-25,2024-10-17,false
S-f3274c,A-43a9e3,active,Pro,Basic,18,882,10584,false,true,annual,false,2024-02-07,2024-02-22,false
S-5aa854,A-328bd0,active,Pro,Basic,18,882,10584,false,true,annual,true,2024-04-29,2024-05-22,false
S-906b0c,A-712533,active,Pro,Basic,18,882,10584,false,true,monthly,false,2024-12-05,2999-12-31,true
S-fa8c75,A-43a9e3,active,Pro,Basic,18,882,10584,false,true,monthly,true,2024-07-08,2999-12-31,true
S-fc1114,A-4c56c9,active,Pro,Basic,18,882,10584,false,true,annual,true,2024-07-17,2024-07-23,false
S-654529,A-8b25f2,active,Enterprise,Basic,6,893,10716,false,true,annual,true,2024-10-17,2024-12-08,false
S-3965a4,A-8b25f2,active,Basic,Basic,47,893,10716,false,false,annual,true,2024-10-08,2024-10-17,false
S-4a89a7,A-10b8f2,active,Basic,Basic,47,893,10716,false,false,monthly,false,2023-04-19,2023-06-16,false
S-8013f6,A-6a7c9d,active,Basic,Basic,47,893,10716,false,false,monthly,true,2024-12-11,2024-12-26,false
S-5ed35a,A-32fb14,active,Basic,Basic,47,893,10716,false,false,monthly,true,2024-03-16,2024-03-18,false
S-327a60,A-1f0ac7,active,Basic,Basic,47,893,10716,false,false,annual,true,2024-05-03,2024-07-11,false
S-90229f,A-1f0ac7,active,Pro,Basic,24,893,10716,false,true,monthly,true,2024-07-11,2024-11-14,false
S-f4e6c0,A-2f6a32,active,Basic,Basic,19,893,10716,false,false,monthly,true,2024-11-16,2024-11-24,false
S-cd3f49,A-b2225d,active,Enterprise,Basic,47,893,10716,false,true,annual,true,2024-05-22,2024-08-04,false
S-f5c472,A-faa28c,active,Basic,Basic,48,912,10944,false,false,monthly,true,2024-07-09,2024-08-06,false
S-1526b7,A-2f6a32,active,Pro,Basic,19,931,11172,false,true,annual,true,2024-11-24,2024-11-28,false
S-83d49e,A-dbc825,active,Pro,Basic,19,931,11172,false,true,annual,true,2024-07-27,2024-07-30,false
S-e86a94,A-443f6f,active,Pro,Basic,19,931,11172,false,true,monthly,true,2024-12-26,2999-12-31,true
S-bb8429,A-dbc825,active,Pro,Basic,19,931,11172,false,true,annual,true,2024-04-27,2024-05-02,false
S-df5924,A-443f6f,active,Pro,Basic,19,931,11172,false,true,annual,true,2024-12-21,2024-12-24,false
S-eff018,A-0532a9,active,Pro,Basic,19,931,11172,false,true,annual,true,2024-10-02,2024-10-05,false
S-b6a35b,A-59f724,active,Pro,Basic,19,931,11172,false,true,monthly,true,2024-05-08,2024-05-29,false
S-b4b400,A-35083d,active,Pro,Basic,19,931,11172,false,true,annual,true,2024-04-16,2024-05-04,false
S-4040a9,A-6f50ae,active,Pro,Basic,19,931,11172,false,true,monthly,false,2024-05-14,2024-06-16,false
S-8fcce1,A-ccb686,active,Pro,Basic,19,931,11172,false,true,monthly,true,2024-06-20,2024-08-16,false
S-ccdc31,A-970c97,active,Pro,Basic,19,931,11172,false,true,annual,true,2024-12-16,2999-12-31,true
S-8bfab5,A-af0cd2,active,Pro,Basic,19,931,11172,false,true,monthly,true,2024-05-30,2024-09-21,false
S-35cf1c,A-1b9609,active,Basic,Basic,49,931,11172,false,false,monthly,true,2024-02-17,2024-05-01,false
S-6b7487,A-e61e98,active,Pro,Basic,19,931,11172,false,true,annual,true,2024-05-13,2024-06-02,false
S-c0789c,A-7c5768,active,Enterprise,Basic,26,950,11400,false,true,monthly,true,2024-12-02,2999-12-31,true
S-0e6b77,A-7c5768,active,Basic,Basic,50,950,11400,false,false,annual,true,2024-11-04,2024-12-02,false
S-cfa635,A-503d5a,active,Basic,Basic,50,950,11400,false,false,monthly,true,2024-03-07,2024-03-27,false
S-bc736c,A-d49cc5,active,Basic,Basic,50,950,11400,false,false,monthly,true,2024-09-28,2024-10-09,false
S-9c735f,A-d49cc5,active,Basic,Basic,50,950,11400,false,false,annual,true,2024-07-06,2024-09-28,false
S-9c1bcb,A-17939a,active,Basic,Basic,51,969,11628,false,false,monthly,true,2024-12-28,2024-12-28,false
S-4a2fc6,A-10b8f2,active,Basic,Basic,47,969,11628,false,false,annual,true,2023-08-05,2023-10-03,false
S-49a9aa,A-10b8f2,active,Basic,Basic,51,969,11628,false,false,annual,true,2023-06-16,2023-08-05,false
S-688851,A-50f3f7,active,Basic,Basic,51,969,11628,false,false,annual,true,2024-04-05,2024-05-06,false
S-8ae507,A-72799b,active,Pro,Basic,20,980,11760,false,true,annual,false,2024-03-16,2024-04-17,false
S-66569a,A-19b2c8,active,Pro,Basic,20,980,11760,false,true,monthly,false,2023-07-31,2023-08-01,false
S-1ad9cb,A-4d1e75,active,Pro,Basic,20,980,11760,false,true,monthly,true,2024-10-10,2024-10-11,false
S-a84c82,A-186a44,active,Pro,Basic,20,980,11760,false,true,annual,false,2023-11-01,2024-03-13,false
S-ceb9bd,A-7da956,active,Pro,Basic,20,980,11760,false,true,annual,true,2024-11-12,2024-11-16,false
S-14a95a,A-ffc04f,active,Pro,Basic,20,980,11760,false,true,monthly,true,2024-10-22,2024-11-06,false
S-676254,A-854864,active,Pro,Basic,20,980,11760,false,true,annual,true,2024-12-31,2999-12-31,true
S-b037c5,A-0a282f,active,Pro,Basic,20,980,11760,false,true,annual,true,2024-10-07,2024-10-08,false
S-7fca0e,A-5b4ebb,active,Basic,Basic,52,988,11856,false,false,annual,true,2024-08-21,2024-09-22,false
S-8deb5f,A-533452,active,Basic,Basic,52,988,11856,false,false,annual,false,2024-12-25,2999-12-31,true
S-834097,A-9badbd,active,Enterprise,Basic,5,995,11940,false,true,annual,true,2024-12-03,2024-12-07,false
S-85ddea,A-cc1d8d,active,Enterprise,Basic,5,995,11940,false,true,monthly,true,2024-12-20,2024-12-22,false
S-2d5c04,A-503d5a,active,Enterprise,Basic,5,995,11940,false,true,monthly,true,2024-03-27,2024-03-30,false
S-fbee8e,A-8ed5dd,active,Enterprise,Basic,5,995,11940,false,true,annual,true,2024-04-25,2024-08-21,false
S-a6e444,A-81edc3,active,Enterprise,Basic,5,995,11940,false,true,monthly,false,2024-11-28,2024-12-16,false
S-7ac30a,A-54ecc2,active,Enterprise,Basic,5,995,11940,false,true,annual,true,2024-10-16,2024-10-30,false
S-80016a,A-1b9609,active,Enterprise,Basic,5,995,11940,false,true,monthly,true,2024-01-11,2024-01-14,false
S-c9f8c1,A-544d0a,active,Enterprise,Basic,5,995,11940,false,true,monthly,true,2024-07-23,2024-09-02,false
S-6a017c,A-6f8ad2,active,Enterprise,Basic,5,995,11940,false,true,annual,false,2024-10-03,2024-10-07,false
S-a8e49e,A-6da850,active,Enterprise,Basic,5,995,11940,false,true,monthly,true,2024-01-17,2024-02-09,false
S-b5035b,A-7c4956,active,Enterprise,Basic,5,995,11940,false,true,monthly,true,2023-12-28,2024-08-14,false
S-140813,A-2b9d3e,active,Enterprise,Basic,5,995,11940,false,true,annual,true,2023-11-21,2024-03-23,false
S-343bab,A-f1f639,active,Enterprise,Basic,5,995,11940,false,true,monthly,true,2023-08-18,2024-01-16,false
S-67acc8,A-f9cc74,active,Pro,Basic,30,1007,12084,false,true,monthly,true,2024-11-09,2024-11-26,false
S-95cc5a,A-9bfc9f,active,Basic,Basic,53,1007,12084,false,false,annual,true,2024-03-14,2024-03-15,false
S-720d62,A-c16101,active,Basic,Basic,53,1007,12084,false,false,monthly,true,2024-10-05,2024-10-18,false
S-9d727d,A-ac85cd,active,Basic,Basic,53,1007,12084,false,false,monthly,true,2024-12-09,2024-12-23,false
S-7262b9,A-4a4c2d,active,Basic,Basic,54,1026,12312,false,false,monthly,true,2024-10-03,2024-12-11,false
S-86bcda,A-4a4c2d,active,Basic,Basic,54,1026,12312,false,false,monthly,false,2024-09-18,2024-10-03,false
S-c24467,A-e888d1,active,Basic,Basic,50,1026,12312,false,false,monthly,false,2023-07-05,2023-08-05,false
S-1b524a,A-4a4c2d,active,Basic,Basic,54,1026,12312,false,false,annual,true,2023-08-11,2023-09-20,false
S-0abdec,A-4a4c2d,active,Basic,Basic,54,1026,12312,false,false,monthly,true,2023-07-14,2023-08-11,false
S-ce6528,A-4a4c2d,active,Basic,Basic,54,1026,12312,false,false,annual,true,2023-07-04,2023-07-14,false
S-db47af,A-d535f6,active,Basic,Basic,54,1026,12312,false,false,monthly,true,2024-11-13,2024-11-20,false
S-5a5338,A-5ed98d,active,Basic,Basic,38,1026,12312,false,false,annual,true,2024-12-21,2999-12-31,true
S-9a3e85,A-8ae3fc,active,Pro,Basic,21,1029,12348,false,true,annual,true,2024-08-06,2024-09-09,false
S-9e6a18,A-7d514c,active,Pro,Basic,21,1029,12348,false,true,monthly,false,2024-11-06,2024-12-05,false
S-f9b4d8,A-6843f2,active,Pro,Basic,21,1029,12348,false,true,annual,true,2024-12-31,2024-12-31,false
S-4473ec,A-c608c8,active,Pro,Basic,21,1029,12348,false,true,annual,true,2024-10-12,2999-12-31,true
S-64b181,A-bbe56f,active,Pro,Basic,21,1029,12348,false,true,annual,true,2024-04-16,2024-10-15,false
S-82484b,A-cab532,active,Pro,Basic,21,1029,12348,false,true,annual,true,2024-11-22,2024-12-16,false
S-1f149a,A-5a3eb9,active,Pro,Basic,21,1029,12348,false,true,annual,true,2024-08-18,2024-08-26,false
S-d9e0d1,A-812c5b,active,Basic,Basic,55,1045,12540,false,false,annual,true,2024-11-15,2024-12-02,false
S-1bbf0a,A-812c5b,active,Pro,Basic,55,1045,12540,false,true,monthly,true,2024-12-02,2024-12-22,false
S-ba8f61,A-e693b6,active,Basic,Basic,55,1045,12540,false,false,monthly,true,2024-09-26,2024-11-19,false
S-ca72d9,A-bcf664,active,Basic,Basic,55,1045,12540,false,false,annual,true,2024-01-29,2024-04-04,false
S-518ce3,A-98a59a,active,Pro,Basic,148,1064,12768,false,true,annual,true,2024-08-01,2024-08-08,false
S-e002a1,A-940b8b,active,Basic,Basic,45,1064,12768,false,false,annual,true,2024-06-07,2024-06-26,false
S-1883dc,A-05f0e5,active,Basic,Basic,56,1064,12768,false,false,annual,true,2024-02-28,2024-04-29,false
S-3fb251,A-87aa7b,active,Enterprise,Basic,50,1064,12768,false,true,monthly,false,2024-07-22,2024-08-10,false
S-0fc73c,A-9affe6,active,Basic,Basic,56,1064,12768,false,false,annual,true,2023-09-14,2023-10-19,false
S-ad31b0,A-5b051a,active,Pro,Basic,22,1078,12936,false,true,monthly,true,2024-12-29,2999-12-31,true
S-62a710,A-42b791,active,Pro,Basic,22,1078,12936,false,true,annual,true,2024-11-07,2024-12-11,false
S-dcbf45,A-0f3e88,active,Pro,Basic,22,1078,12936,false,true,monthly,true,2024-01-01,2024-02-03,false
S-c92850,A-05d3b3,active,Pro,Basic,22,1078,12936,false,true,annual,true,2023-09-30,2023-11-26,false
S-a405f7,A-0b0d6d,active,Pro,Basic,22,1078,12936,false,true,annual,true,2024-12-30,2024-12-30,false
S-e093a9,A-80eeb6,active,Pro,Basic,22,1078,12936,false,true,monthly,true,2023-08-02,2023-08-25,false
S-d0c344,A-80eeb6,active,Pro,Basic,22,1078,12936,false,true,annual,false,2024-10-27,2024-11-01,false
S-1082f7,A-c7ffc2,active,Basic,Basic,57,1083,12996,false,false,annual,true,2023-08-21,2023-09-22,false
S-d8c6a0,A-af0cd2,active,Basic,Basic,57,1083,12996,false,false,annual,true,2024-10-05,2999-12-31,true
S-a7a9c3,A-fd9422,active,Basic,Basic,58,1102,13224,false,false,annual,true,2024-10-01,2024-11-01,false
S-7cd9fa,A-d40bf7,active,Basic,Basic,59,1121,13452,false,false,monthly,true,2024-12-29,2999-12-31,true
S-778307,A-f17767,active,Pro,Basic,23,1127,13524,false,true,monthly,true,2023-11-15,2023-12-07,false
S-070d42,A-684255,active,Pro,Basic,23,1127,13524,false,true,annual,true,2024-05-23,2024-06-18,false
S-6d51c5,A-2f6a32,active,Pro,Basic,23,1127,13524,false,true,annual,true,2024-10-25,2024-11-10,false
S-62fe77,A-34ea2f,active,Pro,Basic,23,1127,13524,false,true,annual,true,2024-09-07,2024-09-10,false
S-b7d291,A-f6b2fb,active,Pro,Basic,23,1127,13524,false,true,annual,true,2024-10-17,2024-10-21,false
S-39a8f1,A-52dd88,active,Pro,Basic,23,1127,13524,false,true,monthly,false,2024-03-12,2024-08-02,false
S-01daf5,A-9affe6,active,Pro,Basic,23,1127,13524,false,true,monthly,true,2024-11-14,2999-12-31,true
S-f28cde,A-cdf020,active,Pro,Basic,23,1127,13524,false,true,annual,true,2024-07-13,2024-10-07,false
S-b49c0a,A-db5e9e,active,Pro,Basic,23,1127,13524,false,true,monthly,false,2024-12-05,2024-12-09,false
S-2573e4,A-7f8241,active,Basic,Basic,60,1140,13680,false,false,monthly,true,2024-01-25,2024-06-16,false
S-0e068c,A-40de06,active,Basic,Basic,60,1140,13680,false,false,annual,true,2024-09-13,2024-10-09,false
S-cf72c8,A-2e3bad,active,Basic,Basic,61,1159,13908,false,false,annual,true,2024-10-27,2024-12-04,false
S-f3ff07,A-158f4e,active,Basic,Basic,61,1159,13908,false,false,annual,false,2023-06-19,2023-08-30,false
S-56834c,A-158f4e,active,Pro,Basic,61,1159,13908,false,true,monthly,true,2023-08-30,2023-09-17,false
S-3bd4272,A-2e3bad,churned,Basic,Basic,61,1159,13908,false,false,monthly,true,2024-12-27,2999-12-31,true
S-3bd427,A-2e3bad,active,Basic,Basic,61,1159,13908,false,false,monthly,true,2024-12-04,2024-12-27,false
S-5b58b1,A-87aa7b,active,Pro,Basic,24,1176,14112,false,true,annual,true,2024-11-19,2024-11-23,false
S-27552b,A-1d5444,active,Pro,Basic,24,1176,14112,false,true,annual,true,2024-07-17,2024-07-28,false
S-3c0121,A-7c83a1,active,Pro,Basic,24,1176,14112,false,true,monthly,true,2024-12-30,2999-12-31,true
S-d83789,A-104f1a,active,Pro,Basic,24,1176,14112,false,true,monthly,true,2024-12-10,2024-12-18,false
S-f973d4,A-5247b3,active,Pro,Basic,24,1176,14112,false,true,monthly,true,2024-07-27,2024-09-25,false
S-89c6dc,A-55f257,active,Pro,Basic,24,1176,14112,false,true,annual,true,2024-06-29,2024-07-31,false
S-eadebb,A-87aa7b,active,Pro,Basic,24,1176,14112,false,true,annual,true,2024-08-23,2024-08-29,false
S-00f31d,A-410e86,active,Pro,Basic,24,1176,14112,false,true,annual,false,2024-12-02,2024-12-14,false
S-00bb84,A-4f18f0,active,Pro,Basic,24,1176,14112,false,true,annual,true,2024-07-07,2024-07-15,false
S-fccc09,A-1f0ac7,active,Pro,Basic,24,1176,14112,false,true,monthly,true,2024-12-20,2999-12-31,true
S-5cb87c,A-e89151,active,Pro,Basic,24,1176,14112,false,true,monthly,true,2024-04-20,2024-05-23,false
S-51924b,A-67be94,active,Basic,Basic,62,1178,14136,false,false,annual,true,2024-01-18,2024-04-03,false
S-583674,A-7c5768,active,Pro,Basic,6,1178,14136,false,true,monthly,true,2024-09-28,2024-10-20,false
S-bf806d,A-7c5768,active,Basic,Basic,62,1178,14136,false,false,annual,true,2024-09-21,2024-09-28,false
S-2d4edf,A-69fad4,active,Enterprise,Basic,6,1194,14328,false,true,annual,false,2023-09-04,2023-09-07,false
S-1b7677,A-ced9aa,active,Enterprise,Basic,6,1194,14328,false,true,annual,true,2024-12-04,2024-12-10,false
S-879b43,A-3cc791,active,Enterprise,Basic,6,1194,14328,false,true,monthly,true,2024-03-26,2024-04-10,false
S-90d405,A-d62e02,active,Enterprise,Basic,6,1194,14328,false,true,monthly,false,2024-12-30,2999-12-31,true
S-c86cb0,A-4ae22a,active,Enterprise,Basic,6,1194,14328,false,true,monthly,true,2024-10-17,2024-11-26,false
S-51d8db,A-cc1d8d,active,Enterprise,Basic,6,1194,14328,false,true,annual,true,2024-12-30,2999-12-31,true
S-3bc591,A-1f7acb,active,Basic,Basic,64,1216,14592,false,false,annual,false,2024-06-03,2024-07-03,false
S-eb8b81,A-1f7acb,active,Basic,Basic,64,1216,14592,false,false,monthly,true,2023-10-31,2024-06-03,false
S-0aba5b,A-180abf,active,Pro,Basic,64,1216,14592,false,true,monthly,true,2024-12-16,2024-12-17,false
S-b262a1,A-180abf,active,Basic,Basic,64,1216,14592,false,false,annual,true,2024-11-09,2024-12-16,false
S-4fe9b6,A-8bde0c,active,Pro,Basic,25,1225,14700,false,true,annual,true,2024-12-19,2024-12-19,false
S-e6b450,A-eb1312,active,Pro,Basic,25,1225,14700,false,true,monthly,true,2024-11-21,2024-12-02,false
S-e6ad38,A-b07b56,active,Pro,Basic,25,1225,14700,false,true,monthly,true,2024-11-19,2024-11-20,false
S-9828eb,A-cb6cc6,active,Pro,Basic,25,1225,14700,false,true,monthly,true,2024-10-01,2999-12-31,true
S-864157,A-039727,active,Pro,Basic,25,1225,14700,false,true,annual,true,2024-12-15,2024-12-15,false
S-65491f,A-039727,active,Pro,Basic,25,1225,14700,false,true,monthly,false,2024-11-12,2024-11-15,false
S-a82441,A-4a267b,active,Pro,Basic,25,1225,14700,false,true,annual,true,2024-08-09,2024-08-29,false
S-5639de,A-eb1312,active,Pro,Basic,25,1225,14700,false,true,annual,true,2024-12-13,2024-12-18,false
S-fe6311,A-5c9849,active,Enterprise,Basic,19,1235,14820,false,true,monthly,true,2024-11-11,2024-11-12,false
S-106bf6,A-09540c,active,Basic,Basic,67,1273,15276,false,false,monthly,true,2024-08-04,2024-11-14,false
S-290ee5,A-68f37c,active,Basic,Basic,67,1273,15276,false,false,annual,true,2024-03-26,2024-04-11,false
S-322a59,A-a8b49c,active,Pro,Basic,26,1274,15288,false,true,monthly,true,2024-02-17,2024-03-02,false
S-292c06,A-089363,active,Pro,Basic,26,1274,15288,false,true,monthly,true,2024-07-11,2024-08-08,false
S-82db05,A-417d2f,active,Pro,Basic,26,1274,15288,false,true,monthly,true,2024-12-09,2024-12-28,false
S-0cbce0,A-5b4ebb,active,Pro,Basic,26,1274,15288,false,true,annual,true,2024-10-15,2024-10-15,false
S-f7ef84,A-b11cd0,active,Pro,Basic,26,1274,15288,false,true,annual,true,2023-12-30,2024-02-17,false
S-54b286,A-0532a9,active,Pro,Basic,26,1274,15288,false,true,monthly,false,2024-12-20,2024-12-26,false
S-83ee75,A-439b2f,active,Pro,Basic,26,1274,15288,false,true,monthly,true,2024-12-27,2999-12-31,true
S-c0820a,A-6a7c9d,active,Pro,Basic,26,1274,15288,false,true,annual,true,2024-12-26,2999-12-31,true
S-373490,A-756192,active,Enterprise,Basic,19,1292,15504,false,true,monthly,true,2024-09-28,2024-11-18,false
S-62a617,A-2d1036,active,Basic,Basic,69,1311,15732,false,false,annual,false,2024-09-23,2024-09-24,false
S-28e7bf,A-5a92e7,active,Pro,Basic,27,1323,15876,false,true,monthly,true,2024-08-29,2024-08-30,false
S-77f7fd,A-425e76,active,Pro,Basic,27,1323,15876,false,true,monthly,true,2024-08-06,2024-08-13,false
S-bc2633,A-ba6516,active,Pro,Basic,27,1323,15876,false,true,monthly,true,2024-11-03,2024-11-24,false
S-477506,A-f03140,active,Pro,Basic,27,1323,15876,false,true,annual,true,2024-02-06,2024-03-31,false
S-15be1c,A-b20d99,active,Pro,Basic,27,1323,15876,false,true,monthly,true,2024-09-26,2024-11-03,false
S-dbde43,A-54d94a,active,Pro,Basic,27,1323,15876,false,true,annual,true,2023-12-17,2024-01-06,false
S-76b06c,A-54d94a,active,Pro,Basic,27,1323,15876,false,true,monthly,true,2024-08-06,2024-10-21,false
S-472fda,A-883b7d,active,Pro,Basic,27,1323,15876,false,true,annual,true,2024-08-19,2024-08-22,false
S-33db08,A-fa3095,active,Basic,Basic,70,1330,15960,false,false,annual,true,2024-12-30,2999-12-31,true
S-7d4240,A-09316c,active,Basic,Basic,70,1330,15960,false,false,monthly,true,2024-11-11,2024-11-15,false
S-99c1c7,A-fa3095,active,Basic,Basic,70,1330,15960,false,false,annual,true,2024-06-04,2024-06-07,false
S-942caf,A-812c5b,active,Basic,Basic,71,1349,16188,false,false,monthly,true,2024-11-07,2024-11-15,false
S-666181,A-eb1312,active,Basic,Basic,71,1349,16188,false,false,annual,true,2024-10-09,2024-11-11,false
S-804fb3,A-b7724f,active,Basic,Basic,71,1349,16188,false,false,monthly,true,2024-12-26,2024-12-27,false
S-0ae114,A-309e54,active,Basic,Basic,71,1349,16188,false,false,monthly,true,2024-12-27,2024-12-29,false
S-e44831,A-bb2f49,active,Pro,Basic,28,1372,16464,false,true,monthly,false,2024-12-26,2999-12-31,true
S-d4f02f,A-342303,active,Pro,Basic,28,1372,16464,false,true,annual,true,2024-07-10,2024-11-30,false
S-3fbf9e,A-00bed1,active,Pro,Basic,28,1372,16464,false,true,monthly,true,2024-04-06,2024-05-06,false
S-9781fe,A-40de06,active,Pro,Basic,28,1372,16464,false,true,annual,true,2023-09-21,2023-10-28,false
S-7d651b,A-4ef964,active,Pro,Basic,28,1372,16464,false,true,monthly,true,2024-11-15,2999-12-31,true
S-c9b181,A-443b7c,active,Pro,Basic,28,1372,16464,false,true,monthly,true,2024-10-08,2024-10-20,false
S-40d87e,A-f03140,active,Pro,Basic,28,1372,16464,false,true,annual,true,2024-05-28,2024-07-09,false
S-54df4c,A-9f9299,active,Pro,Basic,28,1372,16464,false,true,annual,true,2024-11-18,2999-12-31,true
S-668cdc,A-40de06,active,Pro,Basic,28,1372,16464,false,true,monthly,true,2023-11-08,2023-12-12,false
S-9b12da,A-702032,active,Pro,Basic,28,1372,16464,false,true,annual,true,2024-12-13,2024-12-21,false
S-9b12da2,A-702032,churned,Pro,Basic,28,1372,16464,false,true,annual,true,2024-12-21,2999-12-31,true
S-93fab3,A-9f9299,active,Pro,Basic,28,1372,16464,false,true,annual,true,2024-11-10,2024-11-17,false
S-3cae45,A-c16101,active,Enterprise,Basic,7,1393,16716,false,true,annual,true,2024-10-18,2024-10-22,false
S-cb7ea9,A-51ec1b,active,Enterprise,Basic,7,1393,16716,false,true,monthly,true,2024-04-01,2024-08-05,false
S-08fc73,A-7df7a7,active,Enterprise,Basic,7,1393,16716,false,true,annual,true,2024-05-07,2024-05-25,false
S-199697,A-bcf664,active,Enterprise,Basic,7,1393,16716,false,true,annual,true,2024-11-11,2024-12-12,false
S-a5baf1,A-c7e58b,active,Enterprise,Basic,7,1393,16716,false,true,monthly,false,2023-12-16,2024-04-04,false
S-c2a6cb,A-9affe6,active,Enterprise,Basic,7,1393,16716,false,true,annual,false,2023-10-19,2023-11-22,false
S-d0bab8,A-94f8c9,active,Basic,Basic,74,1406,16872,false,false,annual,true,2024-06-26,2024-07-16,false
S-d0429b,A-5247b3,active,Basic,Basic,74,1406,16872,false,false,annual,true,2024-11-25,2999-12-31,true
S-d933e7,A-fdfc91,active,Pro,Basic,29,1421,17052,false,true,monthly,true,2024-03-31,2024-05-03,false
S-2aadef,A-1619f8,active,Pro,Basic,29,1421,17052,false,true,annual,true,2024-11-16,2024-11-28,false
S-e81358,A-d77f4c,active,Pro,Basic,29,1421,17052,false,true,annual,true,2024-02-29,2024-03-27,false
S-27e42e,A-600734,active,Pro,Basic,29,1421,17052,false,true,monthly,true,2024-03-02,2024-03-07,false
S-21eeea,A-2b9d3e,active,Pro,Basic,29,1421,17052,false,true,monthly,true,2024-11-08,2024-11-12,false
S-e3255c,A-600734,active,Pro,Basic,29,1421,17052,false,true,monthly,true,2024-10-08,2024-11-06,false
S-42daaa,A-08e34e,active,Basic,Basic,77,1463,17556,false,false,annual,false,2024-08-07,2024-08-08,false
S-108282,A-49b828,active,Pro,Basic,30,1470,17640,false,true,annual,true,2024-03-26,2024-04-18,false
S-e6f639,A-37f969,active,Pro,Basic,30,1470,17640,false,true,monthly,true,2023-12-02,2024-01-20,false
S-155e15,A-b07b56,active,Pro,Basic,30,1470,17640,false,true,monthly,true,2024-12-02,2024-12-03,false
S-61d573,A-0dbdc6,active,Pro,Basic,30,1470,17640,false,true,annual,true,2024-04-24,2024-05-05,false
S-0c9fdd,A-5b4ebb,active,Pro,Basic,30,1470,17640,false,true,annual,true,2024-12-16,2999-12-31,true
S-36480d,A-52dd88,active,Pro,Basic,30,1470,17640,false,true,annual,true,2024-12-04,2999-12-31,true
S-ae6295,A-50f3f7,active,Pro,Basic,31,1519,18228,false,true,annual,true,2024-05-06,2024-05-13,false
S-5ee117,A-f5641b,active,Pro,Basic,31,1519,18228,false,true,monthly,true,2024-07-25,2024-08-06,false
S-55a3e4,A-f5641b,active,Pro,Basic,31,1519,18228,false,true,annual,false,2024-12-21,2024-12-29,false
S-73a4e4,A-993085,active,Pro,Basic,31,1519,18228,false,true,monthly,true,2024-09-09,2024-09-14,false
S-b608f5,A-977ca0,active,Pro,Basic,31,1519,18228,false,true,annual,true,2024-07-25,2024-08-02,false
S-6c6e91,A-2bc93d,active,Pro,Basic,31,1519,18228,false,true,monthly,true,2024-04-16,2024-08-31,false
S-7e8699,A-e89151,active,Pro,Basic,31,1519,18228,false,true,monthly,true,2024-11-14,2024-12-17,false
S-2a6e4a,A-17939a,active,Pro,Basic,31,1519,18228,false,true,annual,false,2024-12-30,2024-12-30,false
S-b76de2,A-993085,active,Pro,Basic,31,1519,18228,false,true,annual,true,2023-08-18,2023-09-22,false
S-86d360,A-b48f73,active,Basic,Basic,80,1520,18240,false,false,monthly,true,2024-11-23,2024-11-24,false
S-06770c,A-1b7577,active,Basic,Basic,81,1539,18468,false,false,monthly,true,2024-11-15,2024-11-26,false
S-b5165e,A-bcf664,active,Pro,Basic,32,1568,18816,false,true,monthly,true,2023-08-11,2023-08-30,false
S-7c2997,A-c1e51e,active,Pro,Basic,32,1568,18816,false,true,annual,true,2024-12-21,2024-12-24,false
S-7b211a,A-e5d6ab,active,Pro,Basic,32,1568,18816,false,true,annual,true,2024-11-10,2999-12-31,true
S-8d6cec,A-32fb14,active,Pro,Basic,32,1568,18816,false,true,annual,true,2024-07-05,2024-09-04,false
S-b6aabe,A-902ef7,active,Basic,Basic,83,1577,18924,false,false,annual,true,2024-12-25,2999-12-31,true
S-c7f564,A-902ef7,active,Pro,Basic,83,1577,18924,false,true,annual,true,2024-11-23,2024-12-05,false
S-e32bf8,A-3ce5b8,active,Enterprise,Basic,8,1592,19104,false,true,annual,true,2024-06-05,2024-09-22,false
S-b3613a,A-7641d3,active,Enterprise,Basic,8,1592,19104,false,true,monthly,true,2023-04-24,2023-10-02,false
S-3e0c7b,A-cc1d8d,active,Basic,Basic,84,1596,19152,false,false,annual,true,2024-12-16,2024-12-17,false
S-b8fcc5,A-dbc825,active,Basic,Basic,85,1615,19380,false,false,annual,false,2024-06-29,2024-07-01,false
S-74704b,A-cb5333,active,Pro,Basic,33,1617,19404,false,true,monthly,true,2024-12-15,2999-12-31,true
S-cd4dcd,A-cb5333,active,Pro,Basic,33,1617,19404,false,true,monthly,true,2024-07-11,2024-07-26,false
S-808668,A-e351e1,active,Pro,Basic,33,1617,19404,false,true,monthly,true,2024-10-01,2024-11-11,false
S-0dd555,A-e7a1e2,active,Pro,Basic,33,1617,19404,false,true,annual,false,2024-11-22,2024-11-23,false
S-150c8e,A-58b9ff,active,Pro,Basic,33,1617,19404,false,true,monthly,true,2024-11-03,2999-12-31,true
S-8b24a0,A-309e54,active,Pro,Basic,33,1617,19404,false,true,monthly,true,2024-12-29,2024-12-31,false
S-da0b9b,A-3a7284,active,Pro,Basic,33,1617,19404,false,true,annual,true,2024-12-21,2024-12-23,false
S-007e2c,A-cb5333,active,Pro,Basic,33,1617,19404,false,true,monthly,false,2024-09-06,2024-09-08,false
S-ea2c98,A-1ac5e0,active,Pro,Basic,33,1617,19404,false,true,monthly,true,2024-11-30,2024-12-11,false
S-89c7ff,A-2f6a32,active,Pro,Basic,33,1617,19404,false,true,annual,true,2024-10-13,2024-10-13,false
S-be601b,A-8ae05d,active,Basic,Basic,86,1634,19608,false,false,monthly,true,2024-07-07,2024-08-19,false
S-55db9e,A-8ae05d,active,Basic,Basic,86,1634,19608,false,false,annual,false,2024-08-19,2024-11-27,false
S-f9ec8f,A-30b4ca,active,Basic,Basic,86,1634,19608,false,false,annual,true,2024-10-03,2999-12-31,true
S-a1d3ad,A-8ae05d,active,Basic,Basic,86,1634,19608,false,false,monthly,true,2024-06-09,2024-07-07,false
S-d19216,A-17939a,active,Basic,Basic,86,1634,19608,false,false,monthly,true,2024-12-28,2024-12-29,false
S-8cba1c,A-4814a3,active,Enterprise,Basic,87,1653,19836,false,true,monthly,false,2024-10-19,2024-10-27,false
S-81fc45,A-5a215a,active,Pro,Basic,87,1653,19836,false,true,annual,true,2024-02-05,2024-02-11,false
S-e505c1,A-8ae3fc,active,Pro,Basic,34,1666,19992,false,true,annual,true,2024-09-17,2024-09-20,false
S-104053,A-2bc93d,active,Pro,Basic,35,1715,20580,false,true,monthly,true,2024-12-20,2999-12-31,true
S-2ec763,A-068fc6,active,Pro,Basic,35,1715,20580,false,true,monthly,true,2024-12-03,2024-12-16,false
S-07c505,A-bc4d48,active,Pro,Basic,35,1715,20580,false,true,monthly,true,2024-07-12,2024-08-29,false
S-62c98f,A-5a92e7,active,Pro,Basic,35,1715,20580,false,true,monthly,true,2024-10-27,2024-11-08,false
S-509f0d,A-794a0b,active,Pro,Basic,35,1715,20580,false,true,monthly,true,2024-02-05,2024-04-02,false
S-d26bbf,A-054577,active,Pro,Basic,35,1715,20580,false,true,monthly,true,2024-06-29,2024-07-17,false
S-7b7be8,A-d42431,active,Basic,Basic,91,1729,20748,false,false,monthly,true,2024-07-08,2024-08-06,false
S-ddad91,A-40906c,active,Enterprise,Basic,92,1748,20976,false,true,annual,false,2024-06-21,2024-09-11,false
S-e88276,A-66224b,active,Basic,Basic,92,1748,20976,false,false,monthly,true,2024-12-06,2024-12-18,false
S-f7b0e0,A-66224b,active,Basic,Basic,92,1748,20976,false,false,annual,true,2024-11-24,2024-11-27,false
S-29b014,A-a1b80b,active,Pro,Basic,36,1764,21168,false,true,annual,true,2024-07-15,2024-07-21,false
S-276555,A-d792a6,active,Pro,Basic,36,1764,21168,false,true,annual,true,2024-01-26,2024-04-26,false
S-65dd83,A-592832,active,Pro,Basic,36,1764,21168,false,true,annual,true,2024-11-07,2024-11-28,false
S-2ddb46,A-4c38bc,active,Pro,Basic,36,1764,21168,false,true,monthly,true,2024-05-09,2024-05-10,false
S-c85c63,A-5c046d,active,Basic,Basic,93,1767,21204,false,false,monthly,false,2024-12-02,2024-12-18,false
S-3112d0,A-68f37c,active,Basic,Basic,94,1786,21432,false,false,monthly,true,2024-04-11,2024-08-01,false
S-d71bdd,A-c45b23,active,Enterprise,Basic,9,1791,21492,false,true,annual,false,2024-05-26,2024-07-05,false
S-3b7f8e,A-625d0b,active,Enterprise,Basic,9,1791,21492,false,true,monthly,true,2024-10-07,2024-10-14,false
S-43c737,A-65aeb5,active,Enterprise,Basic,9,1791,21492,false,true,annual,true,2024-09-01,2024-09-06,false
S-2b504d,A-6a4e2d,active,Enterprise,Basic,9,1791,21492,false,true,annual,true,2023-07-12,2023-08-03,false
S-e51242,A-8145a0,active,Enterprise,Basic,9,1791,21492,false,true,annual,true,2023-11-13,2024-01-26,false
S-21393c,A-65a46c,active,Enterprise,Basic,9,1791,21492,false,true,monthly,true,2024-04-14,2024-05-05,false
S-003647,A-e36807,active,Enterprise,Basic,9,1791,21492,false,true,monthly,true,2024-12-23,2999-12-31,true
S-e5ba1c,A-39868b,active,Enterprise,Basic,9,1791,21492,false,true,annual,true,2024-06-22,2024-10-11,false
S-f52fd6,A-f1f639,active,Enterprise,Basic,9,1791,21492,false,true,monthly,true,2024-09-19,2999-12-31,true
S-fd648e,A-396e5f,active,Pro,Basic,37,1813,21756,false,true,annual,false,2024-10-29,2024-11-15,false
S-d97185,A-592832,active,Pro,Basic,37,1813,21756,false,true,annual,true,2024-12-22,2024-12-24,false
S-a1874c,A-9174e0,active,Pro,Basic,37,1813,21756,false,true,monthly,true,2024-12-09,2024-12-10,false
S-6bdda7,A-bad8c1,active,Pro,Basic,37,1813,21756,false,true,monthly,true,2024-06-03,2999-12-31,true
S-bd1912,A-0cc442,active,Basic,Basic,97,1843,22116,false,false,monthly,true,2024-10-06,2024-10-21,false
S-e89b90,A-756192,active,Pro,Basic,38,1862,22344,false,true,annual,true,2024-12-12,2999-12-31,true
S-904886,A-e36807,active,Pro,Basic,38,1862,22344,false,true,annual,false,2024-06-20,2024-07-07,false
S-2991c7,A-443b7c,active,Pro,Basic,38,1862,22344,false,true,monthly,true,2024-11-11,2024-11-13,false
S-694aa7,A-779e4e,active,Basic,Basic,98,1862,22344,false,false,annual,true,2024-09-18,2999-12-31,true
S-ddc51c,A-ad296b,active,Pro,Basic,38,1862,22344,false,true,annual,true,2024-12-09,2999-12-31,true
S-f97609,A-712f1c,active,Pro,Basic,38,1862,22344,false,true,annual,false,2024-05-15,2024-10-05,false
S-23ccf4,A-9b9fe9,active,Basic,Basic,99,1881,22572,false,false,annual,false,2024-10-27,2024-11-19,false
S-8faa60,A-328bd0,active,Pro,Basic,39,1911,22932,false,true,monthly,true,2023-12-15,2024-02-11,false
S-3e8909,A-600734,active,Pro,Basic,39,1911,22932,false,true,annual,false,2024-06-08,2024-08-14,false
S-ca321d,A-7920cc,active,Pro,Basic,39,1911,22932,false,true,monthly,true,2024-10-29,2024-11-29,false
S-d24841,A-2e4581,active,Pro,Basic,9,1938,23256,false,true,annual,true,2024-11-17,2024-11-29,false
S-3ff7bb,A-10b8f2,active,Basic,Basic,47,1957,23484,false,false,monthly,true,2024-08-15,2024-12-16,false
S-6c1ca6,A-e1b9cd,active,Pro,Basic,40,1960,23520,false,true,monthly,false,2024-12-05,2024-12-24,false
S-b998a9,A-fce879,active,Enterprise,Basic,10,1990,23880,false,true,annual,true,2024-10-18,2024-10-18,false
S-e78857,A-432483,active,Enterprise,Basic,10,1990,23880,false,true,monthly,true,2023-09-09,2023-12-13,false
S-baba71,A-8b25f2,active,Enterprise,Basic,10,1990,23880,false,true,monthly,true,2024-05-03,2024-05-22,false
S-f93185,A-7df7a7,active,Enterprise,Basic,10,1990,23880,false,true,monthly,false,2024-12-05,2024-12-28,false
S-109e0c,A-f51f16,active,Enterprise,Basic,10,1990,23880,false,true,annual,true,2024-03-14,2024-03-15,false
S-fffeb8,A-69fad4,active,Enterprise,Basic,10,1990,23880,false,true,annual,true,2023-12-17,2024-02-01,false
S-2557d9,A-692f18,active,Enterprise,Basic,10,1990,23880,false,true,monthly,true,2024-12-14,2024-12-15,false
S-9740c1,A-9f0b68,active,Enterprise,Basic,10,1990,23880,false,true,monthly,true,2024-06-14,2024-07-20,false
S-ce887e,A-cd458b,active,Enterprise,Basic,10,1990,23880,false,true,annual,true,2024-10-04,2024-10-25,false
S-f3c329,A-1f0636,active,Basic,Basic,105,1995,23940,false,false,annual,true,2024-09-02,2024-10-30,false
S-deb65c,A-1f0636,active,Basic,Basic,105,1995,23940,false,false,annual,true,2024-10-30,2024-11-17,false
S-cc771c,A-81edc3,active,Pro,Basic,41,2009,24108,false,true,monthly,false,2024-06-08,2024-07-12,false
S-755e1b,A-e4144b,active,Pro,Basic,41,2009,24108,false,true,annual,true,2024-12-18,2024-12-22,false
S-9e8ce0,A-7f29a7,active,Pro,Basic,41,2009,24108,false,true,annual,true,2024-11-28,2024-12-02,false
S-ec58ac,A-5a184f,active,Pro,Basic,41,2009,24108,false,true,annual,true,2023-11-30,2023-12-02,false
S-bf43b4,A-6f8ad2,active,Pro,Basic,41,2009,24108,false,true,monthly,true,2024-12-04,2024-12-27,false
S-a19f87,A-bb1486,active,Pro,Basic,41,2009,24108,false,true,annual,true,2024-12-18,2024-12-25,false
S-05ad41,A-139c3b,active,Pro,Basic,41,2009,24108,false,true,monthly,false,2024-12-12,2024-12-20,false
S-7679b6,A-7f29a7,active,Pro,Basic,41,2009,24108,false,true,annual,false,2024-10-14,2024-11-07,false
S-342708,A-ffc04f,active,Pro,Basic,41,2009,24108,false,true,annual,true,2024-11-30,2024-12-01,false
S-e2e052,A-91e948,active,Pro,Basic,41,2009,24108,false,true,monthly,true,2023-11-07,2023-11-10,false
S-e56037,A-2ebb4b,active,Pro,Basic,41,2009,24108,false,true,annual,true,2024-05-25,2024-06-02,false
S-fcbd92,A-7f29a7,active,Pro,Basic,41,2009,24108,false,true,monthly,true,2024-12-21,2999-12-31,true
S-8ed77f,A-8b0451,active,Pro,Basic,41,2009,24108,false,true,monthly,true,2024-12-10,2024-12-21,false
S-7018bf,A-625d0b,active,Pro,Basic,42,2058,24696,false,true,monthly,false,2024-10-17,2024-11-09,false
S-e7fe6f,A-35083d,active,Pro,Basic,42,2058,24696,false,true,annual,true,2024-07-22,2024-08-04,false
S-dc9874,A-cc102e,active,Pro,Basic,42,2058,24696,false,true,annual,true,2024-05-09,2024-05-30,false
S-a14d4b,A-8b0451,active,Pro,Basic,43,2107,25284,false,true,annual,false,2024-10-05,2024-10-05,false
S-e8eb5c,A-dfbd31,active,Pro,Basic,43,2107,25284,false,true,monthly,true,2024-09-17,2024-10-15,false
S-4da459,A-02cd81,active,Pro,Basic,44,2156,25872,false,true,annual,true,2024-12-29,2999-12-31,true
S-32d874,A-02cd81,active,Pro,Basic,44,2156,25872,false,true,annual,false,2024-05-04,2024-05-12,false
S-1d081a,A-ad3abd,active,Pro,Basic,44,2156,25872,false,true,annual,true,2023-05-10,2023-11-21,false
S-3cc352,A-d27f50,active,Pro,Basic,44,2156,25872,false,true,monthly,true,2024-08-06,2024-08-26,false
S-330457,A-ad3abd,active,Pro,Basic,44,2156,25872,false,true,monthly,false,2024-07-20,2024-10-14,false
S-150c71,A-4437e4,active,Enterprise,Basic,11,2189,26268,false,true,monthly,true,2024-08-17,2024-08-30,false
S-19f899,A-331424,active,Enterprise,Basic,11,2189,26268,false,true,annual,false,2024-05-01,2024-08-28,false
S-2ccc04,A-9a532a,active,Enterprise,Basic,11,2189,26268,false,true,monthly,true,2024-10-18,2999-12-31,true
S-0c0ddf,A-65c341,active,Enterprise,Basic,11,2189,26268,false,true,annual,true,2024-10-05,2024-11-15,false
S-be86e3,A-3a5ad8,active,Enterprise,Basic,11,2189,26268,false,true,annual,true,2024-01-14,2024-02-15,false
S-57f1a7,A-2789e3,active,Enterprise,Basic,11,2189,26268,false,true,annual,true,2024-11-06,2024-11-06,false
S-b042d9,A-0e966d,active,Enterprise,Basic,11,2189,26268,false,true,annual,true,2024-11-15,2024-11-26,false
S-6d9705,A-726cfa,active,Enterprise,Basic,11,2189,26268,false,true,annual,true,2024-03-25,2024-05-30,false
S-42218c,A-e2cd1b,active,Pro,Basic,45,2205,26460,false,true,monthly,true,2024-07-30,2024-10-05,false
S-59d050,A-751c58,active,Pro,Basic,45,2205,26460,false,true,monthly,true,2024-10-11,2024-12-16,false
S-7889d9,A-bcbe98,active,Pro,Basic,46,2254,27048,false,true,annual,true,2024-08-09,2024-08-09,false
S-b45a45,A-bcbe98,active,Pro,Basic,46,2254,27048,false,true,annual,true,2024-09-09,2024-09-18,false
S-c14f97,A-7e0a10,active,Pro,Basic,46,2254,27048,false,true,monthly,true,2024-02-05,2024-02-28,false
S-74538d,A-e60f9d,active,Pro,Basic,46,2254,27048,false,true,annual,true,2024-11-13,2024-11-13,false
S-576aec,A-7e0a10,active,Pro,Basic,46,2254,27048,false,true,monthly,false,2023-12-07,2023-12-21,false
S-462547,A-e2cd1b,active,Basic,Basic,119,2261,27132,false,false,annual,true,2024-12-07,2024-12-26,false
S-261a8d,A-b2225d,active,Pro,Basic,47,2303,27636,false,true,monthly,true,2024-09-01,2024-09-17,false
S-70cc83,A-313be3,active,Pro,Basic,47,2303,27636,false,true,monthly,true,2024-12-16,2999-12-31,true
S-bff3b5,A-10b8f2,active,Pro,Basic,47,2303,27636,false,true,monthly,false,2024-03-22,2024-04-10,false
S-1cefc9,A-10b8f2,active,Pro,Basic,48,2352,28224,false,true,annual,true,2024-12-16,2999-12-31,true
S-c59b3b,A-781cc0,active,Enterprise,Basic,12,2388,28656,false,true,annual,true,2024-09-18,2024-09-18,false
S-fa7c1a,A-df10db,active,Enterprise,Basic,12,2388,28656,false,true,monthly,true,2024-10-21,2999-12-31,true
S-4ed473,A-bcf664,active,Enterprise,Basic,12,2388,28656,false,true,annual,true,2023-11-20,2023-12-01,false
S-bff540,A-798a3f,active,Enterprise,Basic,12,2388,28656,false,true,monthly,true,2024-05-06,2024-07-01,false
S-964542,A-a8b49c,active,Enterprise,Basic,12,2388,28656,false,true,annual,true,2024-09-25,2024-10-13,false
S-8d516f,A-d535f6,active,Enterprise,Basic,12,2388,28656,false,true,monthly,true,2024-09-29,2024-10-18,false
S-78ffdd,A-503d5a,active,Enterprise,Basic,12,2388,28656,false,true,monthly,true,2023-11-07,2023-12-18,false
S-4d5ab5,A-df1e44,active,Enterprise,Basic,12,2388,28656,false,true,monthly,false,2024-08-08,2024-09-08,false
S-108caf,A-6dee43,active,Enterprise,Basic,12,2388,28656,false,true,annual,true,2023-10-31,2024-01-21,false
S-da2f0b,A-8145a0,active,Enterprise,Basic,12,2388,28656,false,true,annual,true,2024-08-10,2024-09-09,false
S-206227,A-4e960a,active,Enterprise,Basic,12,2388,28656,false,true,monthly,true,2024-07-10,2024-08-03,false
S-7b01d4,A-cbbe12,active,Pro,Basic,49,2401,28812,false,true,monthly,true,2024-06-08,2024-12-16,false
S-72b4f2,A-4437e4,active,Pro,Basic,49,2401,28812,false,true,annual,true,2024-02-06,2024-02-12,false
S-6b0a2f,A-d49cc5,active,Pro,Basic,50,2450,29400,false,true,annual,true,2024-03-26,2024-05-10,false
S-ed9451,A-bd4513,active,Pro,Basic,50,2450,29400,false,true,annual,true,2024-12-17,2024-12-20,false
S-e143c9,A-bd4513,active,Pro,Basic,50,2450,29400,false,true,annual,true,2024-12-01,2024-12-13,false
S-b4c914,A-bd4513,active,Pro,Basic,50,2450,29400,false,true,monthly,true,2024-12-13,2024-12-15,false
S-d93967,A-075038,active,Pro,Basic,50,2450,29400,false,true,monthly,false,2024-01-11,2024-02-25,false
S-b3bd43,A-b2225d,active,Pro,Basic,50,2450,29400,false,true,monthly,false,2024-11-03,2024-12-10,false
S-09076d,A-87aa7b,active,Pro,Basic,51,2499,29988,false,true,monthly,true,2024-12-23,2999-12-31,true
S-6c7227,A-a33200,active,Pro,Basic,51,2499,29988,false,true,monthly,true,2024-12-14,2024-12-20,false
S-1b0848,A-dcc3f1,active,Pro,Basic,51,2499,29988,false,true,monthly,true,2024-01-17,2024-03-22,false
S-cbfd83,A-fa2041,active,Pro,Basic,52,2548,30576,false,true,monthly,true,2024-06-16,2024-07-15,false
S-dbcf87,A-a8d89d,active,Enterprise,Basic,13,2587,31044,false,true,monthly,true,2024-09-26,2024-09-29,false
S-30bb47,A-c16cf7,active,Enterprise,Basic,13,2587,31044,false,true,annual,false,2024-11-13,2024-12-07,false
S-700923,A-bcf664,active,Enterprise,Basic,13,2587,31044,false,true,monthly,true,2024-04-04,2024-08-22,false
S-7f15a3,A-53f4e3,active,Enterprise,Basic,13,2587,31044,false,true,annual,true,2024-12-05,2024-12-22,false
S-10ab8d,A-9f0b68,active,Enterprise,Basic,13,2587,31044,false,true,annual,false,2024-09-02,2024-10-02,false
S-74be40,A-a8d89d,active,Enterprise,Basic,13,2587,31044,false,true,monthly,false,2024-04-12,2024-06-16,false
S-1eb467,A-94f8c9,active,Enterprise,Basic,13,2587,31044,false,true,monthly,true,2024-12-31,2999-12-31,true
S-5677fb,A-e5d6ab,active,Enterprise,Basic,13,2587,31044,false,true,monthly,false,2024-07-02,2024-07-22,false
S-cc9b9d,A-94f8c9,active,Enterprise,Basic,13,2587,31044,false,true,annual,true,2024-11-25,2024-11-29,false
S-463525,A-016043,active,Enterprise,Basic,13,2587,31044,false,true,annual,true,2024-12-02,2024-12-02,false
S-5e572d,A-94f8c9,active,Enterprise,Basic,13,2587,31044,false,true,annual,false,2024-07-16,2024-07-25,false
S-557f3e,A-b7ef83,active,Enterprise,Basic,13,2587,31044,false,true,annual,true,2024-06-20,2024-06-21,false
S-e4b8fd,A-f446b6,active,Pro,Basic,53,2597,31164,false,true,monthly,false,2024-04-25,2024-07-21,false
S-505db5,A-883b7d,active,Pro,Basic,53,2597,31164,false,true,monthly,true,2024-05-01,2024-05-12,false
S-6e0562,A-9bfc9f,active,Pro,Basic,53,2597,31164,false,true,annual,true,2024-03-15,2024-03-23,false
S-e32789,A-ac85cd,active,Pro,Basic,53,2597,31164,false,true,annual,true,2024-10-13,2024-11-09,false
S-1c5650,A-1e1b80,active,Pro,Basic,53,2597,31164,false,true,monthly,true,2023-12-27,2024-03-28,false
S-70b655,A-ac85cd,active,Pro,Basic,53,2597,31164,false,true,monthly,false,2024-08-16,2024-09-26,false
S-79535e,A-4a4c2d,active,Pro,Basic,54,2646,31752,false,true,monthly,true,2024-12-11,2999-12-31,true
S-30008c,A-cc98bc,active,Pro,Basic,54,2646,31752,false,true,annual,true,2024-05-26,2024-07-03,false
S-d4cc9b,A-10b8f2,active,Pro,Basic,54,2646,31752,false,true,annual,true,2023-10-03,2023-10-07,false
S-8669e4,A-6dee43,active,Pro,Basic,55,2695,32340,false,true,annual,false,2024-08-11,2024-10-16,false
S-a37653,A-812c5b,active,Pro,Basic,55,2695,32340,false,true,monthly,false,2024-10-12,2024-10-22,false
S-370135,A-e693b6,active,Pro,Basic,55,2695,32340,false,true,monthly,false,2024-05-11,2024-07-19,false
S-099dbc,A-812c5b,active,Pro,Basic,55,2695,32340,false,true,monthly,true,2024-07-21,2024-07-25,false
S-a07c46,A-e693b6,active,Pro,Basic,55,2695,32340,false,true,monthly,true,2023-09-23,2023-10-08,false
S-897d69,A-0a282f,active,Pro,Basic,55,2695,32340,false,true,monthly,true,2024-12-20,2024-12-25,false
S-2bc860,A-98a59a,active,Pro,Basic,56,2744,32928,false,true,monthly,false,2023-11-10,2023-11-25,false
S-81d63a,A-c62e55,active,Pro,Basic,56,2744,32928,false,true,annual,true,2024-02-07,2024-02-22,false
S-4faeb9,A-98a59a,active,Pro,Basic,56,2744,32928,false,true,monthly,true,2024-02-16,2024-05-10,false
S-e339fb,A-c1e51e,active,Enterprise,Basic,14,2786,33432,false,true,annual,true,2024-10-31,2024-11-02,false
S-632337,A-7da956,active,Enterprise,Basic,14,2786,33432,false,true,monthly,true,2024-09-26,2024-10-08,false
S-731ee3,A-9077b0,active,Enterprise,Basic,14,2786,33432,false,true,annual,true,2024-11-09,2024-11-18,false
S-871e83,A-8adedc,active,Enterprise,Basic,14,2786,33432,false,true,annual,true,2024-03-21,2024-04-02,false
S-a8f236,A-855a48,active,Enterprise,Basic,14,2786,33432,false,true,monthly,false,2024-03-17,2024-05-08,false
S-6f43f7,A-e36807,active,Enterprise,Basic,14,2786,33432,false,true,annual,true,2024-07-22,2024-09-06,false
S-ac2157,A-5a184f,active,Enterprise,Basic,14,2786,33432,false,true,monthly,true,2024-04-14,2024-10-20,false
S-2cc962,A-3d957b,active,Enterprise,Basic,14,2786,33432,false,true,annual,false,2024-10-16,2999-12-31,true
S-e50d84,A-0baac2,active,Enterprise,Basic,14,2786,33432,false,true,annual,true,2024-12-11,2024-12-11,false
S-8cec59,A-3c1a3f,active,Enterprise,Basic,14,2786,33432,false,true,monthly,true,2023-12-23,2023-12-28,false
S-2c52b6,A-016043,active,Enterprise,Basic,14,2786,33432,false,true,monthly,false,2024-10-09,2024-10-16,false
S-58a7c0,A-18793f,active,Enterprise,Basic,148,2812,33744,false,true,monthly,true,2024-12-24,2024-12-25,false
S-008f3c,A-e98302,active,Pro,Basic,58,2842,34104,false,true,annual,true,2024-12-23,2024-12-28,false
S-ca6962,A-22d9d2,active,Pro,Basic,58,2842,34104,false,true,monthly,true,2024-04-01,2024-04-30,false
S-008f3c2,A-e98302,churned,Pro,Basic,58,2842,34104,false,true,annual,true,2024-12-28,2999-12-31,true
S-25b756,A-d82ef9,active,Pro,Basic,58,2842,34104,false,true,annual,true,2024-07-30,2024-08-07,false
S-31afc4,A-d40bf7,active,Pro,Basic,59,2891,34692,false,true,monthly,false,2024-12-09,2024-12-13,false
S-a0c517,A-7f6b86,active,Pro,Basic,59,2891,34692,false,true,monthly,true,2023-10-24,2024-01-21,false
S-7dcec3,A-c37601,active,Enterprise,Basic,15,2985,35820,false,true,annual,true,2024-12-17,2024-12-23,false
S-3a28a1,A-b9f5b1,active,Enterprise,Basic,15,2985,35820,false,true,annual,true,2024-07-25,2024-08-11,false
S-41cf50,A-fa2041,active,Enterprise,Basic,15,2985,35820,false,true,monthly,false,2024-07-23,2024-07-25,false
S-5bb13f,A-089363,active,Enterprise,Basic,15,2985,35820,false,true,monthly,false,2024-01-10,2024-06-09,false
S-9f2386,A-558c72,active,Enterprise,Basic,15,2985,35820,false,true,annual,true,2024-03-09,2024-06-25,false
S-e78c09,A-b9f5b1,active,Enterprise,Basic,15,2985,35820,false,true,annual,true,2024-10-15,2999-12-31,true
S-13a948,A-d5a319,active,Enterprise,Basic,15,2985,35820,false,true,monthly,false,2024-07-24,2024-08-22,false
S-ba3fc7,A-dcc2f0,active,Enterprise,Basic,15,2985,35820,false,true,annual,true,2024-10-25,2024-11-13,false
S-32545c,A-7dacce,active,Enterprise,Basic,15,2985,35820,false,true,annual,false,2024-11-13,2024-11-21,false
S-2daa17,A-c62e55,active,Enterprise,Basic,15,2985,35820,false,true,monthly,true,2024-05-05,2024-11-28,false
S-17c51e,A-462d45,active,Pro,Basic,61,2989,35868,false,true,annual,true,2024-11-25,2024-12-10,false
S-4dae4c,A-158f4e,active,Pro,Basic,61,2989,35868,false,true,monthly,true,2023-12-19,2024-02-19,false
S-6cea1b,A-158f4e,active,Pro,Basic,61,2989,35868,false,true,monthly,true,2024-11-18,2024-11-23,false
S-e567db,A-716841,active,Enterprise,Basic,45,3059,36708,false,true,annual,true,2024-05-14,2024-05-27,false
S-4970c1,A-56962b,active,Basic,Basic,163,3097,37164,false,false,annual,true,2024-09-03,2024-09-08,false
S-e63c67,A-1f7acb,active,Pro,Basic,64,3136,37632,false,true,annual,true,2024-07-03,2024-07-05,false
S-8b0498,A-180abf,active,Pro,Basic,64,3136,37632,false,true,monthly,false,2024-02-19,2024-04-16,false
S-09251c,A-8adedc,active,Enterprise,Basic,16,3184,38208,false,true,monthly,true,2024-07-17,2024-07-21,false
S-c1d6cf,A-dcc2f0,active,Enterprise,Basic,16,3184,38208,false,true,monthly,true,2024-01-15,2024-01-16,false
S-1a9fb7,A-b30291,active,Enterprise,Basic,16,3184,38208,false,true,monthly,true,2024-06-04,2024-06-12,false
S-4f7b91,A-5247b3,active,Enterprise,Basic,16,3184,38208,false,true,annual,true,2024-06-19,2024-06-19,false
S-7e7a73,A-89ee83,active,Enterprise,Basic,16,3184,38208,false,true,monthly,true,2024-12-20,2024-12-21,false
S-7fa78f,A-0651a4,active,Enterprise,Basic,16,3184,38208,false,true,monthly,true,2024-12-13,2024-12-15,false
S-f409d8,A-0651a4,active,Enterprise,Basic,16,3184,38208,false,true,annual,true,2024-12-04,2024-12-06,false
S-d2e82c,A-bcf87c,active,Enterprise,Basic,16,3184,38208,false,true,monthly,true,2024-11-09,2024-11-27,false
S-0a01c5,A-e888d1,active,Enterprise,Basic,16,3184,38208,false,true,monthly,false,2023-08-05,2023-09-04,false
S-8d89a8,A-5f2961,active,Enterprise,Basic,16,3184,38208,false,true,monthly,true,2024-12-03,2024-12-17,false
S-0b73bd,A-118d55,active,Enterprise,Basic,16,3184,38208,false,true,monthly,false,2024-11-24,2024-12-02,false
S-3f18be,A-e2cd1b,active,Enterprise,Basic,16,3184,38208,false,true,annual,true,2024-12-26,2999-12-31,true
S-41128b,A-45ce7a,active,Enterprise,Basic,16,3184,38208,false,true,monthly,true,2024-11-13,2999-12-31,true
S-672dd6,A-05d3b3,active,Enterprise,Basic,16,3184,38208,false,true,monthly,true,2023-08-03,2023-08-14,false
S-cd74b9,A-157070,active,Enterprise,Basic,16,3184,38208,false,true,annual,true,2024-01-26,2024-02-11,false
S-510009,A-0651a4,active,Enterprise,Basic,16,3184,38208,false,true,monthly,true,2024-11-16,2024-11-24,false
S-fcb954,A-45ce7a,active,Enterprise,Basic,16,3184,38208,false,true,annual,true,2024-03-19,2024-04-04,false
S-41acf0,A-378b99,active,Enterprise,Basic,16,3184,38208,false,true,annual,true,2024-11-05,2024-11-08,false
S-5488ba,A-d3c88e,active,Enterprise,Basic,16,3184,38208,false,true,annual,true,2024-12-13,2024-12-16,false
S-d841e4,A-a1b80b,active,Enterprise,Basic,16,3184,38208,false,true,annual,true,2024-06-28,2024-07-05,false
S-947b62,A-34ea2f,active,Enterprise,Basic,16,3184,38208,false,true,annual,false,2024-12-25,2999-12-31,true
S-d9f518,A-09540c,active,Pro,Basic,67,3283,39396,false,true,annual,true,2024-11-14,2024-12-22,false
S-26deeb,A-8adedc,active,Pro,Basic,68,3332,39984,false,true,annual,true,2024-09-07,2999-12-31,true
S-a06b03,A-9b9fe9,active,Pro,Basic,68,3332,39984,false,true,annual,true,2024-11-19,2024-11-28,false
S-e83351,A-bd4708,active,Pro,Basic,69,3381,40572,false,true,annual,true,2024-10-02,2024-10-12,false
S-b95aac,A-2d1036,active,Pro,Basic,69,3381,40572,false,true,monthly,false,2024-12-16,2999-12-31,true
S-5aa4ba,A-2d1036,active,Pro,Basic,69,3381,40572,false,true,monthly,true,2024-09-25,2024-10-13,false
S-3311b1,A-7cfe77,active,Pro,Basic,69,3381,40572,false,true,monthly,true,2024-08-24,2024-11-21,false
S-37b59a,A-2d1036,active,Pro,Basic,69,3381,40572,false,true,annual,true,2024-09-24,2024-09-24,false
S-f4335b,A-075038,active,Enterprise,Basic,17,3383,40596,false,true,annual,false,2024-08-19,2024-10-26,false
S-2c3b6d,A-a2485e,active,Enterprise,Basic,17,3383,40596,false,true,annual,true,2024-12-05,2999-12-31,true
S-c555c4,A-bcf87c,active,Enterprise,Basic,17,3383,40596,false,true,monthly,true,2024-12-13,2999-12-31,true
S-a9ca9b,A-b9eed8,active,Enterprise,Basic,17,3383,40596,false,true,annual,true,2024-10-06,2024-10-24,false
S-ce7c30,A-075038,active,Enterprise,Basic,17,3383,40596,false,true,monthly,true,2024-07-02,2024-07-25,false
S-54d2a3,A-712f1c,active,Enterprise,Basic,17,3383,40596,false,true,monthly,true,2024-01-21,2024-01-28,false
S-3110d9,A-692f18,active,Enterprise,Basic,17,3383,40596,false,true,annual,false,2024-08-20,2024-09-19,false
S-eb15a1,A-2edab2,active,Enterprise,Basic,17,3383,40596,false,true,monthly,true,2024-11-30,2024-12-15,false
S-99efdc,A-4e44e8,active,Enterprise,Basic,17,3383,40596,false,true,annual,true,2024-12-19,2999-12-31,true
S-5f4afc,A-09316c,active,Pro,Basic,70,3430,41160,false,true,monthly,true,2024-11-15,2024-11-26,false
S-17e05f,A-fa3095,active,Pro,Basic,70,3430,41160,false,true,annual,true,2024-12-18,2024-12-18,false
S-b3f236,A-712533,active,Enterprise,Basic,18,3582,42984,false,true,monthly,true,2024-07-15,2024-10-01,false
S-a2afb0,A-139c3b,active,Enterprise,Basic,18,3582,42984,false,true,annual,false,2024-12-21,2024-12-30,false
S-80c291,A-712533,active,Enterprise,Basic,18,3582,42984,false,true,annual,true,2024-01-06,2024-01-19,false
S-7f0419,A-84ebe4,active,Enterprise,Basic,18,3582,42984,false,true,annual,true,2023-06-22,2023-08-12,false
S-bf304b,A-89ee83,active,Enterprise,Basic,18,3582,42984,false,true,monthly,true,2024-12-27,2999-12-31,true
S-fef8bf,A-484819,active,Enterprise,Basic,18,3582,42984,false,true,annual,true,2024-01-01,2024-05-22,false
S-18356d,A-779e4e,active,Enterprise,Basic,18,3582,42984,false,true,annual,true,2023-01-28,2023-02-12,false
S-9c23e1,A-f92792,active,Enterprise,Basic,18,3582,42984,false,true,annual,true,2024-09-17,2024-09-17,false
S-4fdfa3,A-5a3eb9,active,Enterprise,Basic,18,3582,42984,false,true,monthly,true,2024-11-09,2024-12-10,false
S-ac8fd3,A-484819,active,Enterprise,Basic,18,3582,42984,false,true,monthly,true,2024-11-13,2999-12-31,true
S-62641a,A-4c56c9,active,Enterprise,Basic,18,3582,42984,false,true,monthly,false,2024-11-29,2024-12-22,false
S-3ab534,A-f446b6,active,Enterprise,Basic,18,3582,42984,false,true,annual,false,2024-01-07,2024-02-11,false
S-e2981a,A-7f4db3,active,Enterprise,Basic,18,3582,42984,false,true,annual,true,2024-11-06,2024-11-07,false
S-0a59be,A-328bd0,active,Enterprise,Basic,18,3582,42984,false,true,monthly,true,2023-08-24,2023-09-26,false
S-224bca,A-3b5cd1,active,Enterprise,Basic,18,3582,42984,false,true,monthly,false,2024-02-27,2024-03-24,false
S-ae4bb3,A-89ee83,active,Pro,Basic,74,3626,43512,false,true,annual,true,2024-11-22,2024-11-23,false
S-d09309,A-d49cc5,active,Pro,Basic,75,3675,44100,false,true,monthly,true,2024-10-09,2024-12-10,false
S-8cb02e,A-de24d5,active,Pro,Basic,77,3773,45276,false,true,annual,true,2024-12-09,2024-12-14,false
S-1df679,A-508199,active,Enterprise,Basic,19,3781,45372,false,true,annual,true,2024-04-26,2024-12-11,false
S-d53c0a,A-8e47ca,active,Enterprise,Basic,19,3781,45372,false,true,annual,false,2024-03-28,2024-04-26,false
S-af5ec3,A-8e47ca,active,Enterprise,Basic,19,3781,45372,false,true,monthly,true,2024-08-23,2024-11-03,false
S-4f0027,A-ff79f2,active,Enterprise,Basic,19,3781,45372,false,true,annual,true,2024-12-31,2999-12-31,true
S-56c23b,A-e888d1,active,Enterprise,Basic,19,3781,45372,false,true,annual,false,2024-10-31,2024-11-26,false
S-ff79f7,A-726cfa,active,Enterprise,Basic,19,3781,45372,false,true,monthly,true,2024-08-02,2024-08-10,false
S-3bb8a2,A-659280,active,Enterprise,Basic,19,3781,45372,false,true,monthly,false,2024-04-28,2024-05-10,false
S-cafa84,A-bbc346,active,Enterprise,Basic,19,3781,45372,false,true,annual,true,2024-09-16,2024-09-27,false
S-396546,A-832ec2,active,Enterprise,Basic,19,3781,45372,false,true,monthly,false,2024-02-02,2024-03-04,false
S-4f00272,A-ff79f2,churned,Enterprise,Basic,19,3781,45372,false,true,annual,true,2024-12-31,2024-12-31,false
S-506cbd,A-9c18c4,active,Enterprise,Basic,19,3781,45372,false,true,annual,false,2023-08-29,2023-11-30,false
S-856627,A-b48f73,active,Pro,Basic,80,3920,47040,false,true,annual,false,2024-11-24,2024-12-06,false
S-323f3e,A-b48f73,active,Pro,Basic,80,3920,47040,false,true,annual,false,2024-12-27,2999-12-31,true
S-c99814,A-9289f6,active,Pro,Basic,81,3969,47628,false,true,monthly,true,2024-03-05,2024-03-14,false
S-7de1b7,A-4d1e75,active,Enterprise,Basic,20,3980,47760,false,true,annual,true,2024-10-27,2024-10-31,false
S-d106d4,A-19b2c8,active,Enterprise,Basic,20,3980,47760,false,true,monthly,true,2023-11-06,2024-01-05,false
S-1c3a42,A-f45426,active,Enterprise,Basic,20,3980,47760,false,true,annual,true,2024-09-14,2024-09-21,false
S-93cd57,A-6f8ad2,active,Enterprise,Basic,20,3980,47760,false,true,annual,true,2024-08-16,2024-08-23,false
S-d54349,A-016043,active,Enterprise,Basic,20,3980,47760,false,true,annual,true,2024-09-11,2024-09-28,false
S-f3d5d7,A-49b828,active,Enterprise,Basic,20,3980,47760,false,true,annual,true,2024-11-22,2999-12-31,true
S-f61f42,A-72799b,active,Enterprise,Basic,20,3980,47760,false,true,monthly,true,2024-05-17,2024-08-12,false
S-fa92c5,A-443b7c,active,Pro,Basic,84,4116,49392,false,true,monthly,true,2024-10-01,2024-10-06,false
S-c7f2e5,A-34ea2f,active,Enterprise,Basic,21,4179,50148,false,true,annual,true,2024-11-09,2024-11-19,false
S-19edee,A-55f257,active,Enterprise,Basic,21,4179,50148,false,true,monthly,false,2024-08-19,2999-12-31,true
S-d55d8a,A-dec005,active,Enterprise,Basic,21,4179,50148,false,true,monthly,true,2024-08-28,2024-09-17,false
S-dd80e4,A-0532a9,active,Enterprise,Basic,21,4179,50148,false,true,annual,true,2024-11-24,2024-11-26,false
S-5be27b,A-5b4ebb,active,Enterprise,Basic,21,4179,50148,false,true,annual,true,2024-10-18,2024-10-21,false
S-a384d2,A-d62e02,active,Enterprise,Basic,21,4179,50148,false,true,monthly,true,2024-12-10,2024-12-11,false
S-b099ea,A-ac9111,active,Enterprise,Basic,21,4179,50148,false,true,monthly,true,2024-12-21,2999-12-31,true
S-e9e03c,A-e40f45,active,Enterprise,Basic,21,4179,50148,false,true,monthly,true,2024-08-20,2024-08-25,false
S-843a53,A-bb1eaa,active,Enterprise,Basic,21,4179,50148,false,true,annual,true,2024-09-11,2024-12-12,false
S-0a28cd,A-e5d6ab,active,Enterprise,Basic,21,4179,50148,false,true,monthly,true,2023-10-08,2024-03-23,false
S-c9e261,A-dcc3f1,active,Enterprise,Basic,21,4179,50148,false,true,monthly,true,2024-10-29,2024-11-20,false
S-d22c1d,A-337bc1,active,Pro,Basic,86,4214,50568,false,true,monthly,false,2024-09-18,2024-09-28,false
S-2223bf,A-5a215a,active,Pro,Basic,87,4263,51156,false,true,monthly,true,2024-10-23,2024-11-24,false
S-878fe0,A-5a215a,active,Pro,Basic,87,4263,51156,false,true,annual,true,2024-12-10,2999-12-31,true
S-86ed20,A-3f9cc0,active,Enterprise,Basic,22,4378,52536,false,true,monthly,false,2024-07-25,2024-08-04,false
S-88cc862,A-80eeb6,churned,Enterprise,Basic,22,4378,52536,false,true,annual,true,2024-12-31,2999-12-31,true
S-620b62,A-d42431,active,Enterprise,Basic,22,4378,52536,false,true,annual,false,2024-08-06,2024-08-26,false
S-ab24c6,A-4e631b,active,Enterprise,Basic,22,4378,52536,false,true,annual,true,2024-10-15,2024-11-05,false
S-19cb09,A-d42431,active,Enterprise,Basic,22,4378,52536,false,true,monthly,true,2024-10-17,2024-10-24,false
S-063586,A-13466a,active,Enterprise,Basic,22,4378,52536,false,true,annual,true,2024-05-23,2024-09-01,false
S-c84ce4,A-bc87bc,active,Enterprise,Basic,22,4378,52536,false,true,monthly,true,2024-11-06,2024-11-07,false
S-8426e7,A-42e5e1,active,Enterprise,Basic,22,4378,52536,false,true,annual,true,2024-10-18,2024-10-22,false
S-4d9635,A-dcc3f1,active,Enterprise,Basic,22,4378,52536,false,true,annual,true,2024-08-05,2024-10-13,false
S-51569a,A-e4bf56,active,Enterprise,Basic,22,4378,52536,false,true,monthly,true,2024-12-25,2999-12-31,true
S-74a274,A-02fac6,active,Enterprise,Basic,22,4378,52536,false,true,monthly,true,2024-10-06,2024-10-18,false
S-88cc86,A-80eeb6,active,Enterprise,Basic,22,4378,52536,false,true,annual,true,2024-12-20,2024-12-31,false
S-9def16,A-c16101,active,Enterprise,Basic,22,4378,52536,false,true,monthly,true,2024-12-10,2024-12-25,false
S-48ce17,A-d42431,active,Enterprise,Basic,22,4378,52536,false,true,annual,true,2024-12-08,2999-12-31,true
S-edf4e0,A-dbc825,active,Enterprise,Basic,22,4378,52536,false,true,monthly,true,2024-07-01,2024-07-10,false
S-a01aad,A-5f7781,active,Enterprise,Basic,22,4378,52536,false,true,monthly,true,2024-10-14,2024-12-07,false
S-e31e0c,A-977ca0,active,Pro,Basic,92,4508,54096,false,true,monthly,true,2023-04-04,2023-04-19,false
S-6956dc,A-40906c,active,Pro,Basic,92,4508,54096,false,true,annual,true,2024-06-06,2024-06-19,false
S-aaf30f,A-40906c,active,Pro,Basic,92,4508,54096,false,true,annual,true,2024-11-06,2024-11-13,false
S-c5a75d,A-66224b,active,Pro,Basic,92,4508,54096,false,true,annual,true,2024-12-18,2024-12-22,false
S-c18476,A-40906c,active,Pro,Basic,92,4508,54096,false,true,monthly,true,2024-09-28,2024-10-14,false
S-3a897f,A-53f4e3,active,Pro,Basic,93,4557,54684,false,true,annual,true,2024-10-10,2024-10-16,false
S-e64c2b,A-c16b88,active,Enterprise,Basic,23,4577,54924,false,true,annual,false,2024-11-25,2024-12-20,false
S-6ee525,A-9badbd,active,Enterprise,Basic,23,4577,54924,false,true,annual,true,2024-09-05,2024-09-16,false
S-d3f138,A-560d27,active,Enterprise,Basic,23,4577,54924,false,true,monthly,false,2024-10-21,2024-10-25,false
S-24796e,A-cc8c8f,active,Enterprise,Basic,23,4577,54924,false,true,annual,false,2024-11-27,2024-12-17,false
S-d507da,A-aa9511,active,Enterprise,Basic,23,4577,54924,false,true,annual,true,2023-11-01,2023-11-29,false
S-cc80ee,A-034368,active,Enterprise,Basic,23,4577,54924,false,true,monthly,true,2024-12-12,2999-12-31,true
S-628729,A-157070,active,Enterprise,Basic,23,4577,54924,false,true,monthly,true,2024-10-05,2024-12-08,false
S-79ef9b,A-4e960a,active,Enterprise,Basic,23,4577,54924,false,true,annual,true,2024-04-02,2024-04-11,false
S-1682d4,A-c16b88,active,Enterprise,Basic,23,4577,54924,false,true,annual,false,2024-12-26,2999-12-31,true
S-85796b,A-f19409,active,Enterprise,Basic,23,4577,54924,false,true,monthly,true,2024-08-27,2024-09-16,false
S-ceaca8,A-96e141,active,Enterprise,Basic,24,4776,57312,false,true,monthly,true,2024-08-10,2024-08-21,false
S-afa2a9,A-4f18f0,active,Enterprise,Basic,24,4776,57312,false,true,annual,true,2024-07-26,2024-08-09,false
S-718f18,A-659280,active,Enterprise,Basic,24,4776,57312,false,true,monthly,false,2024-06-05,2024-07-25,false
S-d49a8f,A-f92792,active,Enterprise,Basic,24,4776,57312,false,true,annual,true,2024-09-30,2024-10-31,false
S-5619af,A-1d5444,active,Enterprise,Basic,24,4776,57312,false,true,monthly,false,2024-04-23,2024-05-13,false
S-c1012c,A-b7b7b7,active,Enterprise,Basic,24,4776,57312,false,true,monthly,true,2024-09-19,2024-10-20,false
S-23ae3c,A-186a44,active,Enterprise,Basic,24,4776,57312,false,true,monthly,true,2024-08-03,2024-08-10,false
S-ed2593,A-e1b9cd,active,Pro,Basic,100,4900,58800,false,true,monthly,false,2023-05-28,2023-11-05,false
S-e6a17a,A-039727,active,Enterprise,Basic,25,4975,59700,false,true,annual,true,2024-12-19,2024-12-30,false
S-9a8a30,A-4a267b,active,Enterprise,Basic,25,4975,59700,false,true,annual,true,2024-09-15,2024-09-22,false
S-2eb247,A-8145a0,active,Enterprise,Basic,25,4975,59700,false,true,monthly,true,2024-02-01,2024-03-08,false
S-fb95f2,A-d4ac0e,active,Enterprise,Basic,25,4975,59700,false,true,annual,true,2024-10-28,2024-11-01,false
S-65e38d,A-eb1312,active,Enterprise,Basic,25,4975,59700,false,true,monthly,true,2024-11-11,2024-11-20,false
S-e6a17a2,A-039727,churned,Enterprise,Basic,25,4975,59700,false,true,annual,true,2024-12-30,2999-12-31,true
S-e77144,A-49b828,active,Enterprise,Basic,25,4975,59700,false,true,monthly,true,2023-08-09,2023-08-10,false
S-fc65aa,A-eb1312,active,Enterprise,Basic,25,4975,59700,false,true,annual,true,2024-12-27,2024-12-28,false
S-03a939,A-cd458b,active,Enterprise,Basic,26,5174,62088,false,true,monthly,true,2024-07-25,2024-08-14,false
S-713e06,A-4e631b,active,Enterprise,Basic,26,5174,62088,false,true,annual,true,2024-11-06,2024-11-12,false
S-2aaca3,A-751c58,active,Enterprise,Basic,26,5174,62088,false,true,monthly,true,2024-12-18,2024-12-21,false
S-86615c,A-592832,active,Enterprise,Basic,26,5174,62088,false,true,monthly,true,2024-10-03,2024-10-09,false
S-807f28,A-86fc1d,active,Enterprise,Basic,26,5174,62088,false,true,monthly,false,2024-11-05,2024-11-08,false
S-1a5fa7,A-1f559b,active,Enterprise,Basic,26,5174,62088,false,true,annual,false,2024-02-27,2024-04-21,false
S-8cfc1b,A-798a3f,active,Enterprise,Basic,26,5174,62088,false,true,annual,true,2024-08-14,2024-09-11,false
S-028f5b,A-80eeb6,active,Enterprise,Basic,26,5174,62088,false,true,annual,true,2024-02-20,2024-02-27,false
S-5228d6,A-484819,active,Enterprise,Basic,26,5174,62088,false,true,annual,false,2024-05-30,2024-07-31,false
S-763e52,A-bece89,active,Enterprise,Basic,26,5174,62088,false,true,annual,false,2024-05-20,2024-10-18,false
S-38eb77,A-417d2f,active,Enterprise,Basic,26,5174,62088,false,true,monthly,true,2024-02-02,2024-03-29,false
S-33598f,A-32fb14,active,Enterprise,Basic,26,5174,62088,false,true,annual,true,2024-11-09,2999-12-31,true
S-8b52b5,A-c1dfe1,active,Enterprise,Basic,26,5174,62088,false,true,monthly,true,2024-03-04,2024-05-01,false
S-5c631b,A-b7ef83,active,Enterprise,Basic,26,5174,62088,false,true,annual,false,2024-07-01,2024-09-14,false
S-918151,A-855a48,active,Enterprise,Basic,27,5373,64476,false,true,annual,false,2024-05-29,2024-06-06,false
S-5b9330,A-f03140,active,Enterprise,Basic,27,5373,64476,false,true,monthly,true,2024-07-17,2024-10-04,false
S-8c8905,A-ba6516,active,Enterprise,Basic,27,5373,64476,false,true,annual,true,2024-05-18,2024-06-28,false
S-69b070,A-a6d261,active,Enterprise,Basic,27,5373,64476,false,true,annual,true,2024-09-18,2024-09-20,false
S-43b6e9,A-bbc346,active,Enterprise,Basic,27,5373,64476,false,true,monthly,true,2024-12-13,2024-12-20,false
S-699110,A-fda07f,active,Enterprise,Basic,27,5373,64476,false,true,annual,false,2024-10-01,2024-10-04,false
S-909b7f,A-eafc6e,active,Enterprise,Basic,27,5373,64476,false,true,monthly,true,2024-08-16,2024-09-01,false
S-99271f,A-d62e02,active,Enterprise,Basic,27,5373,64476,false,true,monthly,false,2024-11-13,2024-11-22,false
S-3d6b69,A-2446e3,active,Enterprise,Basic,27,5373,64476,false,true,annual,false,2024-09-16,2024-10-06,false
S-29597a,A-0532a9,active,Enterprise,Basic,27,5373,64476,false,true,annual,false,2024-10-17,2024-11-23,false
S-1be5a9,A-d26ab4,active,Enterprise,Basic,27,5373,64476,false,true,monthly,true,2024-11-21,2024-12-09,false
S-4daf2d,A-297a2d,active,Enterprise,Basic,27,5373,64476,false,true,annual,true,2024-11-05,2999-12-31,true
S-b5643b,A-9f9299,active,Enterprise,Basic,28,5572,66864,false,true,annual,false,2024-06-11,2024-07-07,false
S-649bb6,A-9f9299,active,Enterprise,Basic,28,5572,66864,false,true,annual,false,2024-07-18,2024-08-02,false
S-8f2b13,A-034368,active,Enterprise,Basic,28,5572,66864,false,true,annual,true,2024-10-14,2024-11-29,false
S-e11cde,A-0f6450,active,Enterprise,Basic,28,5572,66864,false,true,monthly,false,2024-12-31,2024-12-31,false
S-f6e14c,A-8bde0c,active,Enterprise,Basic,28,5572,66864,false,true,annual,true,2024-12-15,2024-12-15,false
S-df262a,A-43a9e3,active,Enterprise,Basic,28,5572,66864,false,true,monthly,true,2023-11-06,2023-11-29,false
S-8b721c,A-8b25f2,active,Enterprise,Basic,28,5572,66864,false,true,annual,true,2024-09-14,2024-09-30,false
S-9211e5,A-d4ac0e,active,Enterprise,Basic,28,5572,66864,false,true,annual,true,2024-10-12,2024-10-20,false
S-2574a3,A-40de06,active,Enterprise,Basic,28,5572,66864,false,true,annual,true,2024-10-09,2024-11-17,false
S-d27f96,A-a8d89d,active,Enterprise,Basic,28,5572,66864,false,true,monthly,true,2024-11-23,2024-12-05,false
S-f0d2fd,A-19b2c8,active,Enterprise,Basic,28,5572,66864,false,true,annual,true,2024-07-20,2024-08-30,false
S-0386c2,A-0f6450,active,Enterprise,Basic,28,5572,66864,false,true,annual,true,2024-12-28,2024-12-28,false
S-056775,A-ee42db,active,Pro,Basic,115,5635,67620,false,true,annual,true,2024-06-19,2024-08-10,false
S-92e8cb,A-d4e0d4,active,Pro,Basic,117,5733,68796,false,true,monthly,false,2024-10-23,2024-10-27,false
S-a0af0a,A-e60f9d,active,Enterprise,Basic,29,5771,69252,false,true,monthly,true,2024-12-19,2024-12-23,false
S-4e63e7,A-a33200,active,Enterprise,Basic,29,5771,69252,false,true,annual,true,2024-10-25,2024-10-26,false
S-f2da7f,A-1619f8,active,Enterprise,Basic,29,5771,69252,false,true,monthly,true,2024-11-05,2024-11-06,false
S-d4d459,A-2e4581,active,Enterprise,Basic,29,5771,69252,false,true,monthly,true,2024-12-19,2024-12-22,false
S-e32b16,A-d77f4c,active,Enterprise,Basic,29,5771,69252,false,true,annual,true,2024-11-20,2024-12-17,false
S-68c537,A-9ee962,active,Enterprise,Basic,29,5771,69252,false,true,monthly,true,2024-06-06,2024-07-18,false
S-0eba5a,A-fb186e,active,Enterprise,Basic,29,5771,69252,false,true,monthly,true,2024-12-22,2024-12-28,false
S-0337da,A-098560,active,Enterprise,Basic,29,5771,69252,false,true,monthly,true,2024-09-02,2024-09-05,false
S-3947da,A-37f969,active,Enterprise,Basic,30,5970,71640,false,true,annual,true,2024-09-12,2999-12-31,true
S-3c9115,A-9badbd,active,Enterprise,Basic,30,5970,71640,false,true,monthly,false,2024-07-01,2024-08-22,false
S-5879cf,A-a09355,active,Enterprise,Basic,30,5970,71640,false,true,monthly,true,2024-09-02,2024-09-24,false
S-875cf3,A-54ecc2,active,Enterprise,Basic,30,5970,71640,false,true,monthly,true,2024-04-29,2024-08-25,false
S-2b550a,A-c7ffc2,active,Enterprise,Basic,30,5970,71640,false,true,monthly,true,2023-11-01,2024-02-17,false
S-8bc290,A-2d4502,active,Enterprise,Basic,30,5970,71640,false,true,annual,true,2024-11-02,2024-11-02,false
S-e41941,A-aa9511,active,Enterprise,Basic,30,5970,71640,false,true,monthly,false,2024-12-12,2999-12-31,true
S-f6ca9e,A-c7ffc2,active,Enterprise,Basic,30,5970,71640,false,true,annual,true,2024-10-27,2024-12-27,false
S-21ebb6,A-0baac2,active,Enterprise,Basic,31,6169,74028,false,true,annual,true,2024-10-27,2024-12-10,false
S-de6767,A-e3bd71,active,Enterprise,Basic,31,6169,74028,false,true,annual,true,2024-10-19,2024-12-07,false
S-44a7c3,A-50f3f7,active,Enterprise,Basic,31,6169,74028,false,true,monthly,true,2024-10-23,2024-11-06,false
S-f8a794,A-dec005,active,Enterprise,Basic,31,6169,74028,false,true,monthly,true,2023-12-22,2024-03-03,false
S-f8008a,A-eb2fdc,active,Enterprise,Basic,31,6169,74028,false,true,annual,true,2024-07-07,2024-11-02,false
S-078e94,A-3a7284,active,Enterprise,Basic,31,6169,74028,false,true,monthly,true,2024-11-28,2024-11-30,false
S-a9ec8b,A-e3bd71,active,Enterprise,Basic,31,6169,74028,false,true,monthly,true,2024-02-11,2024-02-18,false
S-c38acd,A-726cfa,active,Enterprise,Basic,31,6169,74028,false,true,monthly,true,2024-11-24,2024-12-16,false
S-6b97b7,A-50f3f7,active,Enterprise,Basic,31,6169,74028,false,true,annual,true,2024-11-09,2024-12-11,false
S-42f3be,A-05f0e5,active,Enterprise,Basic,32,6368,76416,false,true,monthly,true,2024-04-29,2024-05-15,false
S-f463d3,A-acb7f7,active,Enterprise,Basic,32,6368,76416,false,true,monthly,true,2024-03-24,2024-03-28,false
S-e8776c,A-c222ab,active,Enterprise,Basic,32,6368,76416,false,true,monthly,true,2024-12-12,2024-12-27,false
S-4b5470,A-b78bf8,active,Enterprise,Basic,33,6567,78804,false,true,monthly,true,2024-11-17,2024-11-25,false
S-3829dc,A-1ac5e0,active,Enterprise,Basic,33,6567,78804,false,true,monthly,true,2024-11-17,2024-11-19,false
S-7c635b,A-92a333,active,Enterprise,Basic,33,6567,78804,false,true,annual,true,2023-08-15,2024-02-08,false
S-2e4018,A-7f8241,active,Enterprise,Basic,34,6766,81192,false,true,monthly,true,2023-06-06,2023-07-16,false
S-9ea111,A-0354fe,active,Enterprise,Basic,34,6766,81192,false,true,monthly,false,2024-12-10,2999-12-31,true
S-b2cfac,A-7f8241,active,Enterprise,Basic,34,6766,81192,false,true,monthly,false,2024-12-24,2999-12-31,true
S-b83d8d,A-86902e,active,Enterprise,Basic,34,6766,81192,false,true,annual,true,2024-12-11,2999-12-31,true
S-770018,A-149a69,active,Enterprise,Basic,34,6766,81192,false,true,annual,false,2024-12-14,2024-12-19,false
S-05b245,A-e61e98,active,Enterprise,Basic,34,6766,81192,false,true,annual,true,2024-09-01,2999-12-31,true
S-bc5908,A-0354fe,active,Enterprise,Basic,34,6766,81192,false,true,monthly,true,2024-11-15,2024-11-16,false
S-52b9a9,A-86902e,active,Enterprise,Basic,34,6766,81192,false,true,annual,true,2024-04-12,2024-05-05,false
S-cfca40,A-7d514c,active,Enterprise,Basic,34,6766,81192,false,true,monthly,true,2024-04-01,2024-06-13,false
S-a8a1e8,A-f92792,active,Enterprise,Basic,35,6965,83580,false,true,monthly,true,2024-08-25,2024-09-05,false
S-4b75c6,A-068fc6,active,Enterprise,Basic,35,6965,83580,false,true,annual,true,2024-04-13,2024-07-06,false
S-43c2e3,A-6f8ad2,active,Enterprise,Basic,35,6965,83580,false,true,monthly,true,2024-08-11,2024-08-13,false
S-a916cb,A-eb7c38,active,Enterprise,Basic,35,6965,83580,false,true,monthly,true,2024-10-28,2024-11-01,false
S-427275,A-4c38bc,active,Enterprise,Basic,36,7164,85968,false,true,annual,true,2024-07-14,2024-08-24,false
S-dec1fb,A-297a2d,active,Enterprise,Basic,36,7164,85968,false,true,monthly,false,2023-08-30,2024-03-04,false
S-6e780e,A-de58ca,active,Enterprise,Basic,36,7164,85968,false,true,annual,true,2024-09-01,2999-12-31,true
S-6c7bd8,A-7f8241,active,Enterprise,Basic,36,7164,85968,false,true,monthly,true,2024-06-16,2024-08-06,false
S-79123c,A-4c38bc,active,Enterprise,Basic,36,7164,85968,false,true,annual,true,2024-10-19,2024-11-06,false
S-a801d1,A-4c38bc,active,Enterprise,Basic,36,7164,85968,false,true,monthly,true,2024-04-03,2024-04-21,false
S-74f146,A-18793f,active,Pro,Basic,148,7252,87024,false,true,monthly,true,2024-12-23,2024-12-24,false
S-dd220e,A-6da850,active,Enterprise,Basic,37,7363,88356,false,true,monthly,true,2024-06-02,2024-08-05,false
S-695c1e,A-ce66f8,active,Enterprise,Basic,37,7363,88356,false,true,monthly,true,2024-07-02,2024-07-19,false
S-415065,A-9174e0,active,Enterprise,Basic,37,7363,88356,false,true,monthly,true,2024-12-24,2024-12-27,false
S-d302e2,A-bd4708,active,Enterprise,Basic,37,7363,88356,false,true,annual,true,2024-08-31,2024-09-05,false
S-92afb8,A-9174e0,active,Enterprise,Basic,37,7363,88356,false,true,annual,true,2024-12-28,2999-12-31,true
S-e43d0d,A-de24d5,active,Enterprise,Basic,37,7363,88356,false,true,annual,true,2024-11-18,2024-11-19,false
S-bd1ee1,A-bd4708,active,Enterprise,Basic,37,7363,88356,false,true,monthly,true,2024-12-18,2999-12-31,true
S-b6e15a,A-67be94,active,Enterprise,Basic,37,7363,88356,false,true,monthly,false,2023-09-17,2023-11-21,false
S-0bd442,A-ad296b,active,Enterprise,Basic,38,7562,90744,false,true,monthly,true,2024-08-08,2024-09-18,false
S-a29ba3,A-95b24a,active,Enterprise,Basic,38,7562,90744,false,true,monthly,false,2023-10-12,2023-12-10,false
S-921dc3,A-a865bd,active,Enterprise,Basic,38,7562,90744,false,true,annual,false,2024-05-22,2024-09-19,false
S-0586ad,A-7920cc,active,Enterprise,Basic,39,7761,93132,false,true,monthly,true,2024-07-28,2024-09-22,false
S-e1081c,A-5fe118,active,Enterprise,Basic,39,7761,93132,false,true,monthly,true,2024-12-05,2024-12-06,false
S-0bdbb3,A-00cac8,active,Enterprise,Basic,39,7761,93132,false,true,monthly,true,2024-08-09,2024-09-05,false
S-3ed1f5,A-7920cc,active,Enterprise,Basic,39,7761,93132,false,true,monthly,true,2024-02-19,2024-02-22,false
S-a82639,A-89ee83,active,Enterprise,Basic,40,7960,95520,false,true,monthly,true,2024-10-25,2024-10-29,false
S-a14f63,A-e1b9cd,active,Enterprise,Basic,40,7960,95520,false,true,monthly,true,2024-02-04,2024-03-30,false
S-223221,A-2bc93d,active,Enterprise,Basic,40,7960,95520,false,true,monthly,true,2023-08-09,2023-11-24,false
S-0896bc,A-9779ad,active,Enterprise,Basic,40,7960,95520,false,true,monthly,false,2024-12-16,2999-12-31,true
S-af6536,A-13466a,active,Enterprise,Basic,40,7960,95520,false,true,monthly,true,2024-02-11,2024-04-20,false
S-c7190f,A-56962b,active,Pro,Basic,163,7987,95844,false,true,monthly,true,2024-09-08,2024-09-23,false
S-3d1043,A-e4144b,active,Enterprise,Basic,41,8159,97908,false,true,annual,false,2024-12-15,2024-12-18,false
S-2664e1,A-2d4502,active,Enterprise,Basic,41,8159,97908,false,true,annual,true,2024-07-19,2024-08-31,false
S-670476,A-8b0451,active,Enterprise,Basic,41,8159,97908,false,true,monthly,true,2024-11-18,2024-12-09,false
S-92ae0a,A-91e948,active,Enterprise,Basic,41,8159,97908,false,true,monthly,true,2024-07-11,2024-11-09,false
S-c3213f,A-1d5444,active,Enterprise,Basic,41,8159,97908,false,true,annual,false,2024-08-02,2024-09-16,false
S-ffb6cc,A-94d3da,active,Enterprise,Basic,41,8159,97908,false,true,monthly,false,2024-09-28,2024-10-28,false
S-8451e7,A-82861f,active,Enterprise,Basic,41,8159,97908,false,true,annual,true,2024-10-04,2024-10-16,false
S-046595,A-ed510f,active,Enterprise,Basic,42,8358,100296,false,true,annual,true,2023-12-28,2024-01-24,false
S-150930,A-592832,active,Enterprise,Basic,42,8358,100296,false,true,monthly,false,2024-09-26,2024-09-27,false
S-74761f,A-9123ac,active,Enterprise,Basic,42,8358,100296,false,true,annual,true,2023-12-23,2024-05-10,false
S-00837c,A-089363,active,Enterprise,Basic,43,8557,102684,false,true,annual,false,2024-11-15,2024-11-25,false
S-c2a14b2,A-526d93,churned,Enterprise,Basic,43,8557,102684,false,true,annual,false,2024-11-10,2999-12-31,true
S-b9ff15,A-95b24a,active,Enterprise,Basic,43,8557,102684,false,true,annual,false,2024-01-08,2024-06-27,false
S-c2a14b,A-526d93,active,Enterprise,Basic,43,8557,102684,false,true,annual,false,2024-11-08,2024-11-10,false
S-3eb206,A-b179bf,active,Enterprise,Basic,43,8557,102684,false,true,monthly,true,2024-12-24,2024-12-25,false
S-df69fe,A-e7a1e2,active,Enterprise,Basic,44,8756,105072,false,true,annual,true,2024-12-29,2999-12-31,true
S-f0081e,A-b7ef83,active,Enterprise,Basic,45,8955,107460,false,true,monthly,true,2024-12-06,2024-12-30,false
S-76c065,A-716841,active,Enterprise,Basic,45,8955,107460,false,true,annual,true,2024-11-14,2024-12-13,false
S-d36b9f,A-0cc442,active,Enterprise,Basic,45,8955,107460,false,true,annual,false,2024-11-01,2024-11-10,false
S-3da8ee,A-271f46,active,Enterprise,Basic,46,9154,109848,false,true,monthly,true,2024-11-22,2999-12-31,true
S-3673f2,A-cd458b,active,Enterprise,Basic,47,9353,112236,false,true,annual,true,2024-08-17,2024-08-18,false
S-9d78e2,A-d3c88e,active,Enterprise,Basic,47,9353,112236,false,true,monthly,true,2024-12-28,2024-12-29,false
S-b71b3a,A-cd458b,active,Enterprise,Basic,47,9353,112236,false,true,monthly,true,2024-12-21,2024-12-23,false
S-196dc6,A-eb2fdc,active,Enterprise,Basic,47,9353,112236,false,true,annual,true,2024-05-22,2024-05-25,false
S-db7a97,A-e60f9d,active,Enterprise,Basic,48,9552,114624,false,true,monthly,true,2024-11-11,2024-11-12,false
S-b63db8,A-faa28c,active,Enterprise,Basic,48,9552,114624,false,true,monthly,false,2024-09-18,2024-11-30,false
S-5aacfa,A-f3ff05,active,Enterprise,Basic,48,9552,114624,false,true,annual,true,2024-10-19,2024-11-10,false
S-de9ce0,A-faa28c,active,Enterprise,Basic,48,9552,114624,false,true,annual,true,2024-08-06,2024-09-11,false
S-54283b,A-4c56c9,active,Enterprise,Basic,49,9751,117012,false,true,monthly,true,2024-08-27,2024-09-03,false
S-cd0f21,A-b78bf8,active,Enterprise,Basic,49,9751,117012,false,true,annual,true,2024-12-08,2024-12-14,false
S-8ddc89,A-bd4513,active,Enterprise,Basic,50,9950,119400,false,true,monthly,true,2024-11-27,2024-11-28,false
S-dcf449,A-adc1f3,active,Enterprise,Basic,50,9950,119400,false,true,annual,true,2024-11-20,2024-12-12,false
S-0b6e58,A-1e1b80,active,Enterprise,Basic,50,9950,119400,false,true,annual,false,2024-07-05,2024-07-10,false
S-9488ec,A-1e1b80,active,Enterprise,Basic,50,9950,119400,false,true,annual,false,2023-11-02,2023-12-16,false
S-f874e5,A-417d2f,active,Enterprise,Basic,51,10149,121788,false,true,annual,true,2023-07-16,2023-08-14,false
S-bff4f8,A-b07346,active,Enterprise,Basic,51,10149,121788,false,true,annual,false,2024-11-21,2024-12-08,false
S-58b1a2,A-67be94,active,Enterprise,Basic,52,10348,124176,false,true,monthly,true,2024-06-20,2024-12-18,false
S-b35203,A-ac85cd,active,Enterprise,Basic,53,10547,126564,false,true,monthly,true,2024-12-23,2024-12-24,false
S-8fd696,A-dec005,active,Enterprise,Basic,54,10746,128952,false,true,annual,false,2024-11-15,2024-12-03,false
S-885aa7,A-7920cc,active,Enterprise,Basic,54,10746,128952,false,true,annual,true,2024-03-11,2024-06-18,false
S-e50f43,A-4a4c2d,active,Enterprise,Basic,54,10746,128952,false,true,annual,true,2023-09-20,2023-12-25,false
S-8fd6962,A-dec005,churned,Enterprise,Basic,54,10746,128952,false,true,annual,false,2024-12-03,2999-12-31,true
S-770d98,A-e693b6,active,Enterprise,Basic,55,10945,131340,false,true,annual,true,2024-11-19,2999-12-31,true
S-d238c2,A-71615e,active,Enterprise,Basic,55,10945,131340,false,true,annual,true,2024-08-17,2024-08-21,false
S-c069ab,A-956988,active,Enterprise,Basic,55,10945,131340,false,true,annual,true,2024-12-05,2024-12-07,false
S-40dcf4,A-249769,active,Enterprise,Basic,56,11144,133728,false,true,annual,true,2024-08-05,2024-08-11,false
S-c8fedf,A-fd9422,active,Enterprise,Basic,58,11542,138504,false,true,monthly,true,2024-11-01,2024-11-25,false
S-93fa71,A-309e54,active,Enterprise,Basic,59,11741,140892,false,true,annual,true,2024-12-21,2024-12-21,false
S-cb117a,A-671f31,active,Enterprise,Basic,59,11741,140892,false,true,annual,true,2024-12-07,2024-12-14,false
S-820711,A-71615e,active,Enterprise,Basic,60,11940,143280,false,true,annual,false,2024-11-05,2024-11-06,false
S-c1316c,A-855a48,active,Enterprise,Basic,60,11940,143280,false,true,annual,true,2024-07-30,2999-12-31,true
S-d1350e,A-6c093d,active,Enterprise,Basic,61,12139,145668,false,true,annual,true,2024-07-27,2024-09-12,false
S-56122a,A-ac85cd,active,Enterprise,Basic,61,12139,145668,false,true,annual,true,2024-11-30,2024-12-03,false
S-02984e,A-2e3bad,active,Enterprise,Basic,61,12139,145668,false,true,annual,true,2024-06-21,2024-09-29,false
S-e60430,A-86902e,active,Enterprise,Basic,61,12139,145668,false,true,annual,false,2023-12-26,2023-12-28,false
S-771f7b,A-5c9849,active,Enterprise,Basic,62,12338,148056,false,true,annual,true,2024-11-30,2024-12-01,false
S-9161b0,A-4d1e75,active,Enterprise,Basic,62,12338,148056,false,true,monthly,true,2024-09-14,2024-09-17,false
S-b7deea,A-65aeb5,active,Enterprise,Basic,63,12537,150444,false,true,monthly,true,2024-03-22,2024-05-08,false
S-02cde8,A-5b4ebb,active,Enterprise,Basic,63,12537,150444,false,true,monthly,true,2024-11-21,2024-12-06,false
S-feaca1,A-2ebb4b,active,Enterprise,Basic,65,12935,155220,false,true,monthly,true,2023-10-03,2023-10-14,false
S-0e43ee,A-09540c,active,Enterprise,Basic,67,13333,159996,false,true,monthly,true,2024-05-28,2024-08-03,false
S-5631a9,A-2d1036,active,Enterprise,Basic,69,13731,164772,false,true,annual,true,2024-07-16,2024-08-02,false
S-f030d4,A-7e0a10,active,Enterprise,Basic,70,13930,167160,false,true,annual,true,2024-12-30,2999-12-31,true
S-95d1dd,A-c58f49,active,Enterprise,Basic,70,13930,167160,false,true,monthly,true,2024-09-13,2024-10-05,false
S-f50851,A-c58f49,active,Enterprise,Basic,70,13930,167160,false,true,monthly,true,2024-11-07,2024-11-24,false
S-fdb8f1,A-09316c,active,Enterprise,Basic,70,13930,167160,false,true,annual,true,2024-09-23,2024-10-22,false
S-477317,A-d5a319,active,Enterprise,Basic,70,13930,167160,false,true,annual,true,2024-01-01,2024-01-16,false
S-d98caa,A-09316c,active,Enterprise,Basic,70,13930,167160,false,true,annual,true,2024-12-29,2999-12-31,true
S-457294,A-fa3095,active,Enterprise,Basic,70,13930,167160,false,true,monthly,true,2024-06-07,2024-07-08,false
S-0a8200,A-5b1bcd,active,Enterprise,Basic,73,14527,174324,false,true,annual,true,2024-01-20,2024-02-15,false
S-527d18,A-5b1bcd,active,Enterprise,Basic,73,14527,174324,false,true,monthly,true,2023-10-15,2023-10-28,false
S-056af2,A-054577,active,Enterprise,Basic,75,14925,179100,false,true,monthly,true,2024-09-05,2024-10-22,false
S-ed4c45,A-4e44e8,active,Enterprise,Basic,78,15522,186264,false,true,monthly,true,2024-09-15,2024-09-21,false
S-37bdb4,A-6dee43,active,Enterprise,Basic,80,15920,191040,false,true,annual,false,2024-04-05,2024-04-27,false
S-d5d8ef,A-e51ec7,active,Enterprise,Basic,83,16517,198204,false,true,monthly,false,2024-10-11,2024-12-19,false
S-f4b648,A-8ae05d,active,Enterprise,Basic,86,17114,205368,false,true,annual,true,2024-11-27,2024-12-02,false
S-615915,A-eb7c38,active,Enterprise,Basic,90,17910,214920,false,true,monthly,true,2024-05-24,2024-07-02,false
S-e5c35c,A-66224b,active,Enterprise,Basic,92,18308,219696,false,true,monthly,true,2024-11-27,2024-11-28,false
S-15afd8,A-5c046d,active,Enterprise,Basic,93,18507,222084,false,true,annual,true,2024-12-18,2024-12-20,false
S-f2be88,A-5c046d,active,Enterprise,Basic,93,18507,222084,false,true,monthly,true,2024-09-07,2024-11-23,false
S-f4a4c8,A-c37cab,active,Enterprise,Basic,98,19502,234024,false,true,monthly,true,2024-10-05,2024-10-18,false
S-c62428,A-1f0636,active,Enterprise,Basic,105,20895,250740,false,true,annual,false,2024-11-17,2999-12-31,true
S-7904d3,A-d4e0d4,active,Enterprise,Basic,117,23283,279396,false,true,monthly,true,2024-11-30,2024-12-12,false
S-9f8b23,A-118f1c,active,Enterprise,Basic,128,25472,305664,false,true,annual,true,2024-12-24,2024-12-28,false
S-1a3627,A-86fc1d,trial,Basic,Enterprise,26,0,0,true,false,monthly,true,2024-12-31,2999-12-31,true
S-9030e0,A-32728c,trial,Enterprise,Enterprise,20,0,0,false,false,annual,true,2024-04-18,2024-05-05,false
S-fced99,A-39b19f,trial,Enterprise,Enterprise,42,0,0,false,false,monthly,true,2024-10-03,2024-11-07,false
S-1c23d2,A-186a44,trial,Pro,Enterprise,20,0,0,true,false,monthly,true,2024-11-14,2024-11-23,false
S-be0fc9,A-e693b6,trial,Enterprise,Enterprise,55,0,0,false,false,annual,true,2024-08-31,2024-09-01,false
S-dad08c,A-977ca0,trial,Pro,Enterprise,20,0,0,true,false,monthly,true,2024-04-14,2024-07-03,false
S-5b9267,A-410e86,trial,Pro,Enterprise,33,0,0,true,false,annual,true,2024-12-17,2024-12-25,false
S-d6e421,A-fd7ad3,trial,Pro,Enterprise,10,0,0,true,false,annual,true,2024-11-17,2024-11-26,false
S-013f5c,A-40de06,trial,Pro,Enterprise,35,0,0,true,false,annual,true,2024-07-16,2024-08-22,false
S-0d391c,A-f9cc74,trial,Enterprise,Enterprise,30,0,0,false,false,monthly,true,2024-12-09,2024-12-22,false
S-b22602,A-b9f5b1,trial,Enterprise,Enterprise,39,0,0,false,false,annual,true,2024-05-04,2024-06-23,false
S-b8097b,A-ccb686,trial,Pro,Enterprise,34,0,0,true,false,monthly,false,2024-04-17,2024-05-04,false
S-4cff80,A-f97b9a,trial,Enterprise,Enterprise,16,0,0,false,false,monthly,true,2023-12-24,2023-12-26,false
S-66b994,A-7f4db3,trial,Basic,Enterprise,23,0,0,true,false,annual,true,2024-10-29,2024-11-06,false
S-8cfa7f,A-d922bf,trial,Enterprise,Enterprise,15,0,0,false,false,annual,true,2024-08-12,2024-09-01,false
S-f83141,A-659280,trial,Basic,Enterprise,17,0,0,true,false,annual,false,2024-12-26,2999-12-31,true
S-d43a40,A-4e0e85,trial,Basic,Enterprise,15,0,0,true,false,annual,true,2024-09-20,2024-12-14,false
S-d518e8,A-e4144b,trial,Basic,Enterprise,41,0,0,true,false,monthly,true,2024-12-06,2024-12-12,false
S-e33883,A-f9cc74,trial,Pro,Enterprise,30,0,0,true,false,monthly,true,2024-12-22,2999-12-31,true
S-2c617b,A-fda07f,trial,Pro,Enterprise,51,0,0,true,false,annual,true,2024-10-28,2024-11-10,false
S-5560712,A-9077b0,churned,Pro,Enterprise,63,0,0,true,false,monthly,true,2024-12-30,2999-12-31,true
S-e2f1fd,A-d27f50,trial,Pro,Enterprise,44,0,0,true,false,monthly,true,2024-12-02,2024-12-05,false
S-a6010b,A-5a92e7,trial,Basic,Enterprise,6,0,0,true,false,monthly,true,2024-10-14,2024-10-27,false
S-0d6da2,A-e4144b,trial,Enterprise,Enterprise,41,0,0,false,false,monthly,false,2024-11-28,2024-12-06,false
S-b7cbc2,A-940b8b,trial,Enterprise,Enterprise,7,0,0,false,false,annual,true,2024-11-11,2999-12-31,true
S-df3e3d,A-44dc83,trial,Enterprise,Enterprise,13,0,0,false,false,annual,true,2024-11-26,2999-12-31,true
S-d449e12,A-ccabf0,churned,Basic,Enterprise,25,0,0,true,false,annual,true,2024-11-06,2999-12-31,true
S-a57b2c,A-fd9422,trial,Pro,Enterprise,58,0,0,true,false,annual,true,2024-12-11,2024-12-20,false
S-a3dc1e,A-5c9849,trial,Enterprise,Enterprise,19,0,0,false,false,monthly,true,2024-12-04,2024-12-10,false
S-abff7d,A-94f8c9,trial,Basic,Enterprise,20,0,0,true,false,annual,true,2024-06-26,2024-06-26,false
S-462bd2,A-e7a1e2,trial,Enterprise,Enterprise,3,0,0,false,false,annual,true,2024-10-23,2024-10-26,false
S-c5835c,A-812c5b,trial,Basic,Enterprise,55,0,0,true,false,monthly,true,2024-06-25,2024-07-21,false
S-1f5faf,A-34ea2f,trial,Enterprise,Enterprise,8,0,0,false,false,monthly,false,2024-10-03,2024-10-10,false
S-ac462f,A-313be3,trial,Basic,Enterprise,47,0,0,true,false,monthly,true,2024-12-03,2024-12-16,false
S-de705a,A-f44180,trial,Basic,Enterprise,17,0,0,true,false,annual,false,2024-12-10,2024-12-13,false
S-869bba,A-b9f5b1,trial,Enterprise,Enterprise,15,0,0,false,false,annual,false,2023-10-31,2024-05-04,false
S-916cca,A-e51ec7,trial,Basic,Enterprise,3,0,0,true,false,annual,true,2024-10-04,2024-10-11,false
S-763384,A-526d93,trial,Pro,Enterprise,43,0,0,true,false,annual,true,2024-07-24,2024-07-28,false
S-7564e1,A-313be3,trial,Enterprise,Enterprise,47,0,0,false,false,monthly,true,2024-08-14,2024-08-14,false
S-56886a,A-e19ff6,trial,Enterprise,Enterprise,3,0,0,false,false,annual,false,2024-08-11,2024-10-04,false
S-f3f2bd,A-560d27,trial,Basic,Enterprise,29,0,0,true,false,annual,true,2024-12-17,2999-12-31,true
S-d44088,A-0651a4,trial,Pro,Enterprise,16,0,0,true,false,annual,true,2024-12-21,2024-12-23,false
S-de66c3,A-ff3c73,trial,Enterprise,Enterprise,21,0,0,false,false,monthly,true,2024-06-13,2024-09-17,false
S-e1d553,A-692f18,trial,Pro,Enterprise,9,0,0,true,false,annual,true,2024-09-27,2024-10-05,false
S-4047a8,A-e19ff6,active,Basic,Enterprise,1,19,228,true,false,monthly,false,2024-06-01,2024-06-29,false
S-c2b60b,A-5a184f,active,Basic,Enterprise,1,19,228,true,false,annual,true,2024-10-20,2024-11-06,false
S-ccf9c8,A-956988,active,Basic,Enterprise,1,19,228,true,false,monthly,false,2024-12-14,2024-12-15,false
S-860bc8,A-42e5e1,active,Basic,Enterprise,1,19,228,true,false,annual,true,2024-08-29,2024-10-18,false
S-e77d56,A-9289f6,active,Basic,Enterprise,1,19,228,true,false,monthly,true,2023-12-06,2024-03-05,false
S-8d4b81,A-2b9d3e,active,Basic,Enterprise,1,19,228,true,false,annual,false,2024-04-28,2024-08-29,false
S-ab212b,A-f1f639,active,Basic,Enterprise,2,38,456,true,false,monthly,true,2024-01-16,2024-09-19,false
S-93ab2d,A-f17767,active,Basic,Enterprise,2,38,456,true,false,annual,true,2023-05-02,2023-07-30,false
S-cb38be,A-f92792,active,Basic,Enterprise,2,38,456,true,false,annual,true,2024-09-05,2024-09-11,false
S-e90e70,A-f51f16,active,Basic,Enterprise,2,38,456,true,false,annual,true,2024-08-27,2999-12-31,true
S-65d722,A-df10db,active,Basic,Enterprise,2,38,456,true,false,monthly,true,2023-09-23,2023-10-23,false
S-34512a,A-9289f6,active,Pro,Enterprise,1,49,588,true,false,monthly,true,2024-11-22,2024-12-05,false
S-06447b,A-17939a,active,Pro,Enterprise,1,49,588,true,false,annual,true,2024-12-27,2024-12-28,false
S-7e86a2,A-7c5768,active,Basic,Enterprise,3,57,684,true,false,monthly,true,2024-10-29,2024-11-04,false
S-bbd26a,A-df10db,active,Basic,Enterprise,3,57,684,true,false,monthly,true,2024-06-24,2024-07-02,false
S-a69aed,A-0b0d6d,active,Basic,Enterprise,3,57,684,true,false,monthly,true,2024-12-30,2024-12-30,false
S-bbd8b5,A-54ecc2,active,Basic,Enterprise,4,76,912,true,false,annual,true,2023-11-26,2024-04-29,false
S-92dede,A-9208f0,active,Basic,Enterprise,4,76,912,true,false,monthly,true,2023-08-28,2023-09-19,false
S-0a765d,A-439b2f,active,Basic,Enterprise,4,76,912,true,false,monthly,true,2024-07-03,2024-12-27,false
S-d8441d,A-8adedc,active,Basic,Enterprise,4,76,912,true,false,annual,true,2024-03-16,2024-03-21,false
S-e98bfd,A-8adedc,active,Basic,Enterprise,4,76,912,true,false,annual,true,2024-05-18,2024-05-23,false
S-94cf13,A-8adedc,active,Basic,Enterprise,5,95,1140,true,false,annual,true,2024-05-23,2024-05-24,false
S-5cda31,A-832ec2,active,Basic,Enterprise,5,95,1140,true,false,annual,false,2024-03-04,2024-04-07,false
S-01bbff,A-de24d5,active,Basic,Enterprise,5,95,1140,true,false,annual,true,2024-11-17,2024-11-18,false
S-97fab7,A-8ed5dd,active,Basic,Enterprise,5,95,1140,true,false,annual,false,2024-03-27,2024-04-25,false
S-14b7f3,A-50bb9f,active,Basic,Enterprise,5,95,1140,true,false,monthly,true,2024-08-09,2024-08-11,false
S-1db3e6,A-c608c8,active,Basic,Enterprise,5,95,1140,true,false,monthly,true,2024-08-28,2024-10-12,false
S-810c27,A-8ed5dd,active,Basic,Enterprise,5,95,1140,true,false,annual,true,2024-08-21,2024-09-07,false
S-57800a,A-f446b6,active,Basic,Enterprise,5,95,1140,true,false,annual,true,2024-09-08,2999-12-31,true
S-998ec2,A-f446b6,active,Basic,Enterprise,5,95,1140,true,false,annual,true,2024-04-17,2024-04-25,false
S-28eeec,A-89ee83,active,Pro,Enterprise,2,98,1176,true,false,annual,true,2024-11-29,2024-12-20,false
S-dbb8b9,A-58b9ff,active,Pro,Enterprise,2,98,1176,true,false,monthly,false,2024-08-09,2024-09-13,false
S-ef00f5,A-e36807,active,Basic,Enterprise,6,114,1368,true,false,annual,true,2024-09-06,2024-09-25,false
S-d6106b,A-0a282f,active,Basic,Enterprise,6,114,1368,true,false,monthly,true,2024-10-16,2024-10-23,false
S-2c80ba,A-4ae22a,active,Basic,Enterprise,6,114,1368,true,false,annual,true,2024-11-26,2024-12-23,false
S-85022b,A-d62e02,active,Basic,Enterprise,6,114,1368,true,false,monthly,true,2024-11-06,2024-11-13,false
S-196c1e,A-7df7a7,active,Basic,Enterprise,7,133,1596,true,false,annual,true,2024-11-04,2024-12-05,false
S-2aad81,A-700ade,active,Basic,Enterprise,7,133,1596,true,false,annual,true,2024-11-25,2024-12-23,false
S-e71f4a,A-5a184f,active,Basic,Enterprise,7,133,1596,true,false,monthly,true,2024-01-20,2024-01-21,false
S-078c2b,A-354f12,active,Basic,Enterprise,7,133,1596,true,false,monthly,true,2024-11-08,2999-12-31,true
S-ab7a04,A-098560,active,Basic,Enterprise,7,133,1596,true,false,annual,true,2024-09-05,2024-10-27,false
S-47048b,A-0f7d77,active,Basic,Enterprise,7,133,1596,true,false,annual,true,2024-12-31,2999-12-31,true
S-72a3e2,A-3c1a3f,active,Basic,Enterprise,7,133,1596,true,false,annual,false,2024-10-26,2999-12-31,true
S-e7f571,A-9affe6,active,Basic,Enterprise,7,133,1596,true,false,monthly,true,2023-06-06,2023-09-14,false
S-49aa80,A-a45270,active,Pro,Enterprise,3,147,1764,true,false,monthly,true,2024-12-22,2024-12-23,false
S-890baf,A-6e7827,active,Pro,Enterprise,3,147,1764,true,false,monthly,true,2024-04-22,2024-04-30,false
S-39f1ed,A-6dee43,active,Pro,Enterprise,3,147,1764,true,false,monthly,true,2024-04-27,2024-05-15,false
S-ef75342,A-ffdfd5,churned,Pro,Enterprise,3,147,1764,true,false,monthly,true,2024-12-31,2999-12-31,true
S-e6dee4,A-029f69,active,Pro,Enterprise,3,147,1764,true,false,annual,true,2024-11-11,2024-11-13,false
S-90c2a9,A-ced9aa,active,Pro,Enterprise,3,147,1764,true,false,annual,true,2024-11-07,2024-11-08,false
S-b35b20,A-0b0d6d,active,Pro,Enterprise,3,147,1764,true,false,monthly,true,2024-12-31,2024-12-31,false
S-a72188,A-ced9aa,active,Pro,Enterprise,3,147,1764,true,false,annual,true,2024-12-31,2999-12-31,true
S-ef7534,A-ffdfd5,active,Pro,Enterprise,3,147,1764,true,false,monthly,true,2024-12-20,2024-12-31,false
S-9333c5,A-ef84cf,active,Basic,Enterprise,8,152,1824,true,false,annual,false,2024-06-06,2024-07-25,false
S-3a3be9,A-1b707d,active,Basic,Enterprise,8,152,1824,true,false,annual,true,2024-05-03,2024-10-27,false
S-5b8c4f,A-7c5768,active,Basic,Enterprise,8,152,1824,true,false,monthly,false,2024-05-05,2024-07-07,false
S-3473af,A-d77f4c,active,Basic,Enterprise,8,152,1824,true,false,monthly,true,2024-10-10,2024-11-20,false
S-c9a968,A-bad8c1,active,Basic,Enterprise,8,152,1824,true,false,monthly,true,2024-03-21,2024-06-03,false
S-862572,A-6e08f3,active,Basic,Enterprise,8,152,1824,true,false,monthly,true,2024-07-14,2024-07-20,false
S-07734f,A-b7ef83,active,Basic,Enterprise,8,152,1824,true,false,annual,true,2024-11-20,2024-12-06,false
S-ebfbbe,A-00cac8,active,Basic,Enterprise,8,152,1824,true,false,monthly,true,2024-08-04,2024-08-09,false
S-2d04a6,A-fda07f,active,Basic,Enterprise,8,152,1824,true,false,monthly,true,2024-10-04,2024-10-10,false
S-10f143,A-6f8ad2,active,Basic,Enterprise,8,152,1824,true,false,monthly,true,2024-08-13,2024-08-16,false
S-88a47f,A-4437e4,active,Basic,Enterprise,9,171,2052,true,false,annual,true,2024-12-23,2999-12-31,true
S-151b22,A-533452,active,Basic,Enterprise,9,171,2052,true,false,annual,true,2024-12-18,2024-12-25,false
S-3223a2,A-13466a,active,Basic,Enterprise,9,171,2052,true,false,annual,true,2024-09-20,2999-12-31,true
S-183460,A-310452,active,Basic,Enterprise,9,171,2052,true,false,annual,true,2024-12-29,2024-12-29,false
S-1299be,A-f45426,active,Basic,Enterprise,9,171,2052,true,false,monthly,false,2024-10-18,2024-11-15,false
S-1d2d00,A-a7bd4b,active,Basic,Enterprise,9,171,2052,true,false,monthly,true,2024-09-18,2024-09-25,false
S-a01d87,A-e5d6ab,active,Basic,Enterprise,9,171,2052,true,false,annual,true,2024-06-27,2024-07-02,false
S-876f0b,A-4c56c9,active,Basic,Enterprise,9,171,2052,true,false,annual,true,2024-05-21,2024-07-17,false
S-8048cc,A-eb7c38,active,Basic,Enterprise,9,171,2052,true,false,annual,true,2024-07-04,2024-07-29,false
S-121b4d,A-8ae3fc,active,Basic,Enterprise,9,171,2052,true,false,annual,true,2024-11-22,2024-12-16,false
S-31d9ee,A-39868b,active,Basic,Enterprise,9,171,2052,true,false,annual,true,2024-06-02,2024-06-22,false
S-148506,A-3a5ad8,active,Basic,Enterprise,9,171,2052,true,false,annual,true,2024-01-01,2024-01-14,false
S-0ce88b,A-9ee962,active,Basic,Enterprise,9,171,2052,true,false,annual,true,2024-07-18,2999-12-31,true
S-40adae,A-8145a0,active,Basic,Enterprise,10,190,2280,true,false,monthly,true,2024-01-26,2024-02-01,false
S-6c9dc9,A-de24d5,active,Basic,Enterprise,10,190,2280,true,false,monthly,true,2024-12-26,2024-12-28,false
S-b6f87e,A-8b25f2,active,Basic,Enterprise,10,190,2280,true,false,annual,true,2024-09-30,2024-10-08,false
S-4df6ec,A-c9bb3e,active,Basic,Enterprise,10,190,2280,true,false,monthly,true,2024-11-02,2999-12-31,true
S-f5f5b3,A-89ee83,active,Basic,Enterprise,10,190,2280,true,false,annual,true,2024-12-26,2024-12-27,false
S-2416eb,A-cd458b,active,Basic,Enterprise,10,190,2280,true,false,monthly,true,2024-08-14,2024-08-17,false
S-85b5ce,A-e7a1e2,active,Basic,Enterprise,10,190,2280,true,false,annual,true,2024-12-26,2024-12-29,false
S-90a14e,A-503d5a,active,Pro,Enterprise,4,196,2352,true,false,annual,false,2024-03-30,2024-05-01,false
S-7730b1,A-e51ec7,active,Pro,Enterprise,4,196,2352,true,false,annual,true,2024-05-01,2024-09-16,false
S-d822342,A-d77f4c,churned,Pro,Enterprise,4,196,2352,true,false,annual,true,2024-12-18,2999-12-31,true
S-d82234,A-d77f4c,active,Pro,Enterprise,4,196,2352,true,false,annual,true,2024-12-17,2024-12-18,false
S-5bbb53,A-1b7577,active,Pro,Enterprise,4,196,2352,true,false,annual,true,2024-12-03,2024-12-12,false
S-328ac2,A-417d2f,active,Pro,Enterprise,4,196,2352,true,false,annual,false,2024-10-14,2024-10-30,false
S-775719,A-34d880,active,Pro,Enterprise,4,196,2352,true,false,annual,false,2024-04-21,2024-06-04,false
S-4d47e3,A-7f4db3,active,Pro,Enterprise,4,196,2352,true,false,monthly,true,2023-03-28,2023-04-05,false
S-4f3f73,A-1b9609,active,Pro,Enterprise,4,196,2352,true,false,annual,true,2024-08-04,2024-08-28,false
S-8fd22d,A-354f12,active,Enterprise,Enterprise,1,199,2388,false,false,monthly,true,2024-08-01,2024-10-18,false
S-d449e1,A-ccabf0,active,Basic,Enterprise,25,199,2388,true,false,annual,true,2024-10-15,2024-11-06,false
S-47cfb3,A-22f2df,active,Basic,Enterprise,11,209,2508,true,false,annual,true,2024-12-30,2999-12-31,true
S-1f9da0,A-977ca0,active,Basic,Enterprise,11,209,2508,true,false,monthly,false,2023-10-15,2024-01-07,false
S-3c0075,A-9123ac,active,Basic,Enterprise,11,209,2508,true,false,monthly,true,2024-05-27,2024-06-07,false
S-8f7c91,A-ccb686,active,Basic,Enterprise,11,209,2508,true,false,annual,true,2024-12-11,2999-12-31,true
S-62c8242,A-0e966d,churned,Basic,Enterprise,11,209,2508,true,false,annual,true,2024-11-30,2999-12-31,true
S-bff8c5,A-202b67,active,Basic,Enterprise,11,209,2508,true,false,monthly,true,2024-07-18,2024-08-28,false
S-faa8ec,A-2e4581,active,Basic,Enterprise,11,209,2508,true,false,monthly,true,2024-12-09,2024-12-19,false
S-46eb1c,A-089363,active,Basic,Enterprise,11,209,2508,true,false,annual,false,2024-10-13,2024-11-15,false
S-c04755,A-2789e3,active,Basic,Enterprise,11,209,2508,true,false,annual,true,2024-10-14,2024-10-21,false
S-62c824,A-0e966d,active,Basic,Enterprise,11,209,2508,true,false,annual,true,2024-11-26,2024-11-30,false
S-461334,A-a0ca4e,active,Basic,Enterprise,11,209,2508,true,false,annual,true,2024-05-06,2024-05-15,false
S-039a8e,A-331424,active,Basic,Enterprise,11,209,2508,true,false,annual,false,2024-02-16,2024-05-01,false
S-d114e2,A-016043,active,Basic,Enterprise,11,209,2508,true,false,annual,false,2024-11-27,2024-12-02,false
S-b6e44c,A-019782,active,Basic,Enterprise,11,209,2508,true,false,annual,false,2023-10-26,2024-02-22,false
S-b90a53,A-69fad4,active,Basic,Enterprise,11,209,2508,true,false,annual,true,2024-02-10,2024-03-24,false
S-539566,A-4e960a,active,Basic,Enterprise,12,228,2736,true,false,monthly,true,2024-03-11,2024-04-02,false
S-dee62f,A-524364,active,Basic,Enterprise,12,228,2736,true,false,monthly,true,2024-12-31,2024-12-31,false
S-d32fbc,A-798a3f,active,Basic,Enterprise,12,228,2736,true,false,monthly,true,2024-07-01,2024-08-14,false
S-305a67,A-6da850,active,Basic,Enterprise,12,228,2736,true,false,annual,true,2024-04-12,2024-04-29,false
S-4f5eb2,A-781cc0,active,Basic,Enterprise,12,228,2736,true,false,monthly,false,2024-09-07,2024-09-18,false
S-50e517,A-e7a1e2,active,Basic,Enterprise,12,228,2736,true,false,annual,true,2024-10-28,2024-11-03,false
S-98126d,A-8145a0,active,Basic,Enterprise,12,228,2736,true,false,monthly,true,2024-09-09,2024-12-17,false
S-0896f4,A-781cc0,active,Basic,Enterprise,12,228,2736,true,false,annual,true,2024-12-08,2999-12-31,true
S-c89bff,A-68f37c,active,Basic,Enterprise,12,228,2736,true,false,monthly,true,2024-02-23,2024-02-27,false
S-0ff339,A-6dee43,active,Basic,Enterprise,12,228,2736,true,false,annual,true,2024-01-21,2024-03-15,false
S-d7ef67,A-558c72,active,Basic,Enterprise,12,228,2736,true,false,monthly,false,2024-03-07,2024-03-09,false
S-b72911,A-7c83a1,active,Basic,Enterprise,12,228,2736,true,false,monthly,false,2024-07-29,2024-09-20,false
S-c3660c,A-779e4e,active,Pro,Enterprise,5,245,2940,true,false,monthly,true,2024-07-18,2024-09-14,false
S-53bced,A-a1bbb6,active,Pro,Enterprise,5,245,2940,true,false,monthly,false,2023-07-06,2023-08-13,false
S-1712e6,A-9b9fe9,active,Pro,Enterprise,5,245,2940,true,false,monthly,true,2023-12-10,2024-01-01,false
S-0e526f,A-e83938,active,Pro,Enterprise,5,245,2940,true,false,annual,true,2024-06-26,2024-06-27,false
S-e50612,A-c7e58b,active,Basic,Enterprise,13,247,2964,true,false,annual,false,2024-07-15,2024-07-29,false
S-2c4909,A-659280,active,Basic,Enterprise,13,247,2964,true,false,monthly,false,2024-05-10,2024-06-05,false
S-59be40,A-94f8c9,active,Basic,Enterprise,13,247,2964,true,false,annual,true,2024-10-21,2024-11-25,false
S-4691f1,A-c16cf7,active,Basic,Enterprise,13,247,2964,true,false,annual,true,2024-12-07,2024-12-07,false
S-769f70,A-016043,active,Basic,Enterprise,13,247,2964,true,false,monthly,true,2024-09-28,2024-10-09,false
S-2480b0,A-6e08f3,active,Basic,Enterprise,13,247,2964,true,false,annual,true,2024-12-27,2999-12-31,true
S-d7497b,A-39b19f,active,Basic,Enterprise,13,247,2964,true,false,monthly,true,2024-11-07,2999-12-31,true
S-6cfb27,A-a8d89d,active,Basic,Enterprise,13,247,2964,true,false,monthly,true,2024-09-29,2024-11-23,false
S-94471b,A-ffc04f,active,Basic,Enterprise,13,247,2964,true,false,monthly,false,2024-10-04,2024-10-22,false
S-00fb6e,A-c16101,active,Basic,Enterprise,13,247,2964,true,false,monthly,true,2024-10-22,2024-10-24,false
S-dbf124,A-659280,active,Basic,Enterprise,13,247,2964,true,false,monthly,true,2024-07-25,2024-11-21,false
S-2cf162,A-a8d89d,active,Basic,Enterprise,13,247,2964,true,false,annual,true,2024-04-12,2024-04-12,false
S-853f5d,A-bcf664,active,Basic,Enterprise,13,247,2964,true,false,monthly,true,2023-12-01,2024-01-29,false
S-3476e2,A-cb6cc6,active,Basic,Enterprise,13,247,2964,true,false,monthly,false,2024-09-07,2024-10-01,false
S-89e27e,A-94f8c9,active,Basic,Enterprise,13,247,2964,true,false,monthly,true,2024-12-23,2024-12-31,false
S-dacc80,A-6965e1,active,Basic,Enterprise,13,247,2964,true,false,monthly,true,2024-12-30,2999-12-31,true
S-400e62,A-0f3e88,active,Basic,Enterprise,14,266,3192,true,false,annual,false,2024-04-18,2024-06-18,false
S-073381,A-2bc93d,active,Basic,Enterprise,14,266,3192,true,false,monthly,false,2024-09-11,2024-09-22,false
S-e715bb,A-6a4e2d,active,Basic,Enterprise,14,266,3192,true,false,monthly,true,2023-11-15,2023-12-04,false
S-6c969d,A-855a48,active,Basic,Enterprise,14,266,3192,true,false,monthly,false,2024-05-08,2024-05-29,false
S-bfca66,A-10b8da,active,Basic,Enterprise,14,266,3192,true,false,annual,false,2023-06-09,2024-04-27,false
S-1218fd,A-2d4502,active,Basic,Enterprise,14,266,3192,true,false,monthly,false,2024-11-02,2024-12-04,false
S-7ba2ad,A-692f18,active,Basic,Enterprise,14,266,3192,true,false,annual,false,2024-08-05,2024-08-06,false
S-532502,A-a09355,active,Basic,Enterprise,14,266,3192,true,false,monthly,true,2024-11-14,2024-11-18,false
S-11b2c6,A-855a48,active,Basic,Enterprise,14,266,3192,true,false,monthly,false,2024-06-06,2024-07-30,false
S-748318,A-726cfa,active,Basic,Enterprise,14,266,3192,true,false,annual,true,2024-11-03,2024-11-24,false
S-ba7f2a,A-417d2f,active,Basic,Enterprise,14,266,3192,true,false,annual,true,2024-01-24,2024-02-02,false
S-b7d99d,A-9f0b68,active,Basic,Enterprise,14,266,3192,true,false,annual,true,2024-11-28,2024-11-30,false
S-1053c9,A-69b156,active,Basic,Enterprise,14,266,3192,true,false,annual,true,2024-10-12,2024-11-16,false
S-31e347,A-cb6cc6,active,Basic,Enterprise,14,266,3192,true,false,annual,false,2023-08-15,2023-08-22,false
S-7be132,A-cea1f0,active,Basic,Enterprise,14,266,3192,true,false,annual,true,2024-10-21,2024-11-19,false
S-82a7dd,A-309e54,active,Basic,Enterprise,15,285,3420,true,false,monthly,true,2024-12-20,2024-12-21,false
S-0e0578,A-de58ca,active,Basic,Enterprise,15,285,3420,true,false,monthly,true,2023-07-09,2023-07-17,false
S-164594,A-c42f1f,active,Basic,Enterprise,15,285,3420,true,false,annual,false,2024-10-26,2024-10-26,false
S-8e5df4,A-b3fe05,active,Basic,Enterprise,15,285,3420,true,false,monthly,true,2024-11-04,2024-11-11,false
S-191550,A-6c093d,active,Basic,Enterprise,15,285,3420,true,false,monthly,true,2024-05-08,2024-07-08,false
S-12f05a,A-b9f5b1,active,Basic,Enterprise,15,285,3420,true,false,annual,false,2024-06-23,2024-07-25,false
S-a7ea10,A-96e141,active,Basic,Enterprise,15,285,3420,true,false,annual,true,2024-08-05,2024-08-10,false
S-71466f,A-d5a319,active,Basic,Enterprise,15,285,3420,true,false,annual,true,2024-01-16,2024-07-24,false
S-dd8371,A-fa2041,active,Basic,Enterprise,15,285,3420,true,false,annual,true,2024-07-25,2024-08-13,false
S-4a8fda,A-e1462e,active,Basic,Enterprise,15,285,3420,true,false,annual,false,2024-11-20,2999-12-31,true
S-34cc51,A-118d55,active,Basic,Enterprise,15,285,3420,true,false,annual,false,2024-11-21,2024-11-24,false
S-c2c197,A-029f69,active,Basic,Enterprise,15,285,3420,true,false,monthly,false,2024-09-15,2024-10-10,false
S-f8bff8,A-71615e,active,Basic,Enterprise,15,285,3420,true,false,annual,true,2024-07-20,2024-08-17,false
S-040422,A-463db0,active,Basic,Enterprise,15,285,3420,true,false,annual,true,2024-12-28,2024-12-31,false
S-69a7ce,A-58b9ff,active,Pro,Enterprise,6,294,3528,true,false,annual,true,2024-07-14,2024-07-18,false
S-0d8cfd,A-4ae22a,active,Pro,Enterprise,6,294,3528,true,false,annual,true,2024-08-20,2024-09-24,false
S-de473d,A-e6afc1,active,Pro,Enterprise,6,294,3528,true,false,monthly,true,2023-05-31,2023-06-03,false
S-96e431,A-8b25f2,active,Pro,Enterprise,6,294,3528,true,false,annual,true,2024-03-23,2024-05-02,false
S-b10cfa,A-503d5a,active,Pro,Enterprise,6,294,3528,true,false,monthly,true,2024-06-28,2024-11-22,false
S-a924c2,A-3cc791,active,Pro,Enterprise,6,294,3528,true,false,annual,true,2024-07-08,2024-12-19,false
S-cdfe99,A-296d7c,active,Pro,Enterprise,6,294,3528,true,false,annual,true,2024-11-26,2999-12-31,true
S-b8ee76,A-7f4db3,active,Pro,Enterprise,6,294,3528,true,false,monthly,true,2023-10-31,2024-03-30,false
S-134439,A-cbd1a3,active,Pro,Enterprise,6,294,3528,true,false,annual,false,2024-11-30,2024-12-02,false
S-1877a6,A-d77f4c,active,Pro,Enterprise,6,294,3528,true,false,monthly,true,2024-03-31,2024-04-13,false
S-f6f848,A-c37601,active,Pro,Enterprise,6,294,3528,true,false,annual,true,2024-12-28,2024-12-29,false
S-246f9c,A-544d0a,active,Pro,Enterprise,6,294,3528,true,false,monthly,true,2024-10-27,2024-11-29,false
S-4b7873,A-0651a4,active,Basic,Enterprise,16,304,3648,true,false,annual,true,2024-11-25,2024-12-04,false
S-f83811,A-f97b9a,active,Basic,Enterprise,16,304,3648,true,false,annual,true,2024-07-06,2024-08-22,false
S-412125,A-1b9609,active,Basic,Enterprise,16,304,3648,true,false,monthly,true,2024-01-14,2024-02-17,false
S-c9da7a,A-0651a4,active,Basic,Enterprise,16,304,3648,true,false,monthly,true,2024-11-10,2024-11-16,false
S-80c01c,A-d3c88e,active,Basic,Enterprise,16,304,3648,true,false,annual,true,2024-12-16,2024-12-24,false
S-6bd42d,A-5247b3,active,Basic,Enterprise,16,304,3648,true,false,monthly,true,2024-06-19,2024-07-27,false
S-333abd,A-a1b80b,active,Basic,Enterprise,16,304,3648,true,false,annual,true,2024-07-05,2024-07-15,false
S-6b144c,A-3cc791,active,Basic,Enterprise,16,304,3648,true,false,annual,true,2024-04-10,2024-04-26,false
S-067c38,A-3b5cd1,active,Basic,Enterprise,16,304,3648,true,false,monthly,true,2024-01-03,2024-01-29,false
S-8c41e8,A-c16101,active,Basic,Enterprise,16,304,3648,true,false,annual,true,2024-09-23,2024-10-05,false
S-6ff09c,A-d62e02,active,Basic,Enterprise,16,304,3648,true,false,annual,true,2024-12-11,2024-12-30,false
S-ee53e8,A-1b9609,active,Basic,Enterprise,17,323,3876,true,false,annual,true,2024-09-03,2024-10-03,false
S-583ae2,A-726cfa,active,Basic,Enterprise,17,323,3876,true,false,annual,false,2024-01-05,2024-01-08,false
S-3a5c75,A-a8d89d,active,Basic,Enterprise,17,323,3876,true,false,annual,true,2024-12-05,2999-12-31,true
S-5a3412,A-ccabf0,active,Basic,Enterprise,17,323,3876,true,false,annual,false,2024-05-21,2024-07-14,false
S-f180b5,A-86cdb4,active,Basic,Enterprise,17,323,3876,true,false,monthly,true,2024-10-13,2024-10-23,false
S-f586ed,A-de24d5,active,Basic,Enterprise,17,323,3876,true,false,monthly,true,2024-12-06,2024-12-09,false
S-ea8479,A-bcf87c,active,Basic,Enterprise,17,323,3876,true,false,annual,false,2024-10-25,2024-10-28,false
S-ffd591,A-157070,active,Basic,Enterprise,17,323,3876,true,false,monthly,true,2024-02-11,2024-02-12,false
S-fade3d,A-2edab2,active,Basic,Enterprise,17,323,3876,true,false,annual,true,2024-07-24,2024-10-03,false
S-d97ff1,A-7d514c,active,Basic,Enterprise,17,323,3876,true,false,monthly,true,2024-03-20,2024-04-01,false
S-a94ec7,A-f92792,active,Basic,Enterprise,18,342,4104,true,false,monthly,false,2024-09-17,2024-09-30,false
S-465825,A-e2cd1b,active,Basic,Enterprise,18,342,4104,true,false,monthly,true,2024-11-20,2024-12-07,false
S-180859,A-d4ac0e,active,Basic,Enterprise,18,342,4104,true,false,monthly,true,2024-08-06,2024-08-09,false
S-34f8ad,A-484819,active,Basic,Enterprise,18,342,4104,true,false,annual,true,2024-05-22,2024-05-30,false
S-b1c57d,A-712533,active,Basic,Enterprise,18,342,4104,true,false,annual,true,2023-11-09,2023-11-23,false
S-c80ac4,A-43a9e3,active,Basic,Enterprise,18,342,4104,true,false,annual,true,2023-11-29,2024-02-07,false
S-b27c39,A-484819,active,Basic,Enterprise,18,342,4104,true,false,monthly,true,2023-06-02,2024-01-01,false
S-92f4b4,A-6da850,active,Basic,Enterprise,18,342,4104,true,false,monthly,true,2024-02-09,2024-02-20,false
S-f80617,A-d4ac0e,active,Basic,Enterprise,18,342,4104,true,false,annual,true,2024-10-28,2024-10-28,false
S-f9b1d0,A-65a46c,active,Basic,Enterprise,18,342,4104,true,false,monthly,true,2024-03-07,2024-03-10,false
S-7c47af,A-396e5f,active,Basic,Enterprise,18,342,4104,true,false,annual,true,2024-10-25,2024-10-29,false
S-31090f,A-328bd0,active,Basic,Enterprise,18,342,4104,true,false,monthly,false,2024-08-20,2024-12-18,false
S-ca0c98,A-fda07f,active,Pro,Enterprise,7,343,4116,true,false,monthly,true,2024-11-28,2024-12-01,false
S-fbc35d,A-a8b49c,active,Pro,Enterprise,7,343,4116,true,false,annual,true,2024-10-17,2999-12-31,true
S-1facfc,A-7df7a7,active,Pro,Enterprise,7,343,4116,true,false,annual,true,2024-03-04,2024-04-06,false
S-a332ba,A-69b156,active,Pro,Enterprise,7,343,4116,true,false,annual,false,2024-04-15,2024-06-16,false
S-8b9deb,A-6c093d,active,Pro,Enterprise,7,343,4116,true,false,monthly,true,2024-09-12,2024-10-10,false
S-0463f5,A-7df7a7,active,Pro,Enterprise,7,343,4116,true,false,monthly,true,2023-09-16,2023-10-17,false
S-4ef4fd,A-eb7fac,active,Pro,Enterprise,7,343,4116,true,false,annual,true,2024-09-19,2024-09-22,false
S-5798f3,A-d77f4c,active,Pro,Enterprise,7,343,4116,true,false,monthly,false,2024-07-21,2024-08-04,false
S-b152d6,A-c16101,active,Pro,Enterprise,7,343,4116,true,false,monthly,true,2024-12-25,2999-12-31,true
S-448b6d,A-8adedc,active,Basic,Enterprise,19,361,4332,true,false,monthly,false,2024-06-08,2024-07-17,false
S-fe753c,A-0532a9,active,Basic,Enterprise,19,361,4332,true,false,monthly,true,2024-11-23,2024-11-24,false
S-9c2b8e,A-443f6f,active,Basic,Enterprise,19,361,4332,true,false,annual,true,2024-12-26,2024-12-26,false
S-ad45ea,A-c1e51e,active,Basic,Enterprise,19,361,4332,true,false,monthly,true,2024-12-11,2024-12-21,false
S-01fa46,A-6f50ae,active,Basic,Enterprise,19,361,4332,true,false,annual,false,2024-01-08,2024-03-24,false
S-5de583,A-dbc825,active,Basic,Enterprise,19,361,4332,true,false,monthly,true,2024-11-12,2024-11-25,false
S-f24690,A-756192,active,Basic,Enterprise,19,361,4332,true,false,monthly,true,2024-11-18,2024-11-29,false
S-14f39f,A-9affe6,active,Basic,Enterprise,19,361,4332,true,false,monthly,true,2024-06-22,2024-06-25,false
S-440dde,A-8e47ca,active,Basic,Enterprise,19,361,4332,true,false,annual,true,2024-07-21,2024-08-23,false
S-d3faae,A-5c9849,active,Basic,Enterprise,19,361,4332,true,false,monthly,true,2024-11-12,2024-11-30,false
S-410fd5,A-a1b80b,active,Basic,Enterprise,19,361,4332,true,false,annual,true,2024-06-09,2024-06-28,false
S-1fabe5,A-0baac2,active,Basic,Enterprise,19,361,4332,true,false,monthly,true,2024-12-10,2024-12-11,false
S-374628,A-35083d,active,Basic,Enterprise,19,361,4332,true,false,monthly,false,2024-07-17,2024-07-22,false
S-b73fdf,A-dbc825,active,Basic,Enterprise,19,361,4332,true,false,annual,true,2024-04-26,2024-04-27,false
S-b4536d,A-7a0d69,active,Basic,Enterprise,20,380,4560,true,false,annual,true,2024-11-20,2024-11-22,false
S-720940,A-2bc93d,active,Basic,Enterprise,20,380,4560,true,false,monthly,true,2023-07-29,2023-08-09,false
S-1f0d7f,A-32728c,active,Basic,Enterprise,20,380,4560,true,false,annual,true,2024-05-05,2024-09-17,false
S-d11e9f,A-186a44,active,Basic,Enterprise,20,380,4560,true,false,monthly,true,2024-08-10,2024-10-28,false
S-081b81,A-b20d99,active,Basic,Enterprise,20,380,4560,true,false,annual,true,2024-01-30,2024-03-27,false
S-d7ae8c,A-72799b,active,Basic,Enterprise,20,380,4560,true,false,monthly,true,2023-12-28,2024-03-16,false
S-bbafad,A-854864,active,Basic,Enterprise,20,380,4560,true,false,annual,true,2024-12-27,2024-12-31,false
S-ffe125,A-e89151,active,Basic,Enterprise,20,380,4560,true,false,monthly,false,2024-04-15,2024-04-20,false
S-307b2b,A-4e44e8,active,Pro,Enterprise,8,392,4704,true,false,annual,true,2024-09-21,2024-09-28,false
S-761518,A-00cac8,active,Pro,Enterprise,8,392,4704,true,false,monthly,true,2024-09-05,2024-10-29,false
S-737a28,A-a1bbb6,active,Pro,Enterprise,8,392,4704,true,false,monthly,true,2024-02-26,2024-10-04,false
S-f5f52a,A-7641d3,active,Pro,Enterprise,8,392,4704,true,false,annual,true,2024-06-18,2024-08-03,false
S-6cb472,A-922109,active,Pro,Enterprise,8,392,4704,true,false,annual,true,2024-09-27,2024-10-20,false
S-8a37c8,A-054577,active,Pro,Enterprise,8,392,4704,true,false,monthly,true,2024-12-09,2024-12-09,false
S-e76552,A-474ad4,active,Pro,Enterprise,8,392,4704,true,false,monthly,false,2024-09-13,2024-11-28,false
S-786ead,A-88c6ca,active,Pro,Enterprise,8,392,4704,true,false,monthly,true,2024-12-02,2024-12-03,false
S-34b845,A-432483,active,Pro,Enterprise,8,392,4704,true,false,monthly,true,2024-05-02,2024-09-02,false
S-709484,A-bcf664,active,Pro,Enterprise,8,392,4704,true,false,annual,true,2024-08-22,2024-08-29,false
S-556071,A-9077b0,active,Pro,Enterprise,63,398,4776,true,false,monthly,true,2024-12-20,2024-12-30,false
S-43cd30,A-8145a0,active,Basic,Enterprise,37,398,4776,true,false,annual,false,2024-05-01,2024-08-10,false
S-fc7e8e,A-0a282f,active,Enterprise,Enterprise,2,398,4776,false,false,monthly,true,2024-10-11,2024-10-16,false
S-573f93,A-50bb9f,active,Enterprise,Enterprise,2,398,4776,false,false,monthly,true,2024-10-29,2024-11-05,false
S-510e07,A-b7ef83,active,Enterprise,Enterprise,2,398,4776,false,false,monthly,true,2024-10-20,2024-10-29,false
S-8fd62c,A-8145a0,active,Enterprise,Enterprise,2,398,4776,false,false,monthly,true,2024-03-27,2024-05-01,false
S-1bb4f4,A-6843f2,active,Basic,Enterprise,21,399,4788,true,false,annual,true,2024-12-19,2024-12-21,false
S-dea1f5,A-bb1eaa,active,Basic,Enterprise,21,399,4788,true,false,annual,true,2024-07-14,2024-07-28,false
S-82b11e,A-0651a4,active,Basic,Enterprise,21,399,4788,true,false,annual,true,2024-12-06,2024-12-13,false
S-4904cd,A-dcc3f1,active,Basic,Enterprise,21,399,4788,true,false,annual,false,2024-10-13,2024-10-29,false
S-3dc066,A-dcc3f1,active,Basic,Enterprise,21,399,4788,true,false,annual,false,2024-11-20,2999-12-31,true
S-d07c53,A-249769,active,Basic,Enterprise,21,399,4788,true,false,annual,true,2024-09-24,2024-10-12,false
S-45c47e,A-d792a6,active,Basic,Enterprise,21,399,4788,true,false,annual,true,2023-08-01,2023-09-03,false
S-b147b9,A-fce879,active,Basic,Enterprise,21,399,4788,true,false,annual,true,2024-12-13,2999-12-31,true
S-2fe6c0,A-ac9111,active,Basic,Enterprise,21,399,4788,true,false,annual,true,2024-12-21,2024-12-21,false
S-509e88,A-781cc0,active,Basic,Enterprise,21,399,4788,true,false,monthly,true,2024-10-18,2024-10-30,false
S-ab2b5b,A-bbe56f,active,Basic,Enterprise,21,399,4788,true,false,monthly,true,2023-09-06,2024-04-04,false
S-fc4ac6,A-ac14bb,active,Basic,Enterprise,21,399,4788,true,false,monthly,true,2024-02-22,2024-02-29,false
S-f677d3,A-dec005,active,Basic,Enterprise,21,399,4788,true,false,monthly,true,2024-09-22,2024-11-10,false
S-5fffe8,A-4e631b,active,Basic,Enterprise,22,418,5016,true,false,monthly,true,2024-07-26,2024-08-22,false
S-6b7aa4,A-c37601,active,Basic,Enterprise,22,418,5016,true,false,monthly,true,2024-11-29,2024-12-17,false
S-2dc99d,A-cc102e,active,Basic,Enterprise,22,418,5016,true,false,monthly,true,2024-11-04,2024-11-06,false
S-7536e5,A-3f9cc0,active,Basic,Enterprise,22,418,5016,true,false,annual,true,2024-06-25,2024-07-06,false
S-2db458,A-53f4e3,active,Basic,Enterprise,22,418,5016,true,false,annual,true,2024-09-21,2024-10-10,false
S-61bcfb,A-4e631b,active,Basic,Enterprise,22,418,5016,true,false,monthly,true,2024-11-05,2024-11-06,false
S-5cce27,A-d42431,active,Basic,Enterprise,22,418,5016,true,false,annual,true,2024-09-01,2024-10-17,false
S-af7a2c,A-dcc2f0,active,Basic,Enterprise,22,418,5016,true,false,annual,true,2024-11-13,2024-11-30,false
S-dbe2ac,A-5f7781,active,Basic,Enterprise,22,418,5016,true,false,annual,true,2024-09-13,2024-10-14,false
S-ec0efa,A-45ce7a,active,Basic,Enterprise,22,418,5016,true,false,monthly,true,2024-04-04,2024-04-13,false
S-5bf2e5,A-484819,active,Basic,Enterprise,22,418,5016,true,false,annual,true,2024-07-31,2024-11-13,false
S-0e8b21,A-8adedc,active,Basic,Enterprise,22,418,5016,true,false,monthly,true,2024-08-21,2024-09-07,false
S-8da449,A-80eeb6,active,Basic,Enterprise,22,418,5016,true,false,annual,true,2023-10-22,2024-02-16,false
S-d91908,A-02fac6,active,Basic,Enterprise,22,418,5016,true,false,monthly,true,2024-09-22,2024-10-06,false
S-c287ef,A-6dee43,active,Basic,Enterprise,23,437,5244,true,false,annual,false,2024-07-29,2024-08-11,false
S-071ade,A-aa9511,active,Basic,Enterprise,23,437,5244,true,false,annual,true,2024-11-07,2024-12-12,false
S-f4caa8,A-9badbd,active,Basic,Enterprise,23,437,5244,true,false,annual,true,2024-09-16,2024-09-20,false
S-b96ee3,A-c16b88,active,Basic,Enterprise,23,437,5244,true,false,monthly,true,2024-12-20,2024-12-26,false
S-f76252,A-560d27,active,Basic,Enterprise,23,437,5244,true,false,annual,true,2024-10-07,2024-10-21,false
S-99aaa4,A-f6b2fb,active,Basic,Enterprise,23,437,5244,true,false,annual,true,2024-08-14,2024-10-17,false
S-550202,A-bb3bd4,active,Basic,Enterprise,23,437,5244,true,false,annual,true,2024-12-17,2999-12-31,true
S-ada718,A-f6b2fb,active,Basic,Enterprise,23,437,5244,true,false,monthly,false,2024-11-18,2999-12-31,true
S-a603dd,A-560d27,active,Basic,Enterprise,23,437,5244,true,false,monthly,true,2024-11-12,2024-11-17,false
S-6e8126,A-560d27,active,Basic,Enterprise,23,437,5244,true,false,annual,false,2024-11-04,2024-11-07,false
S-15e705,A-adc1f3,active,Pro,Enterprise,9,441,5292,true,false,annual,true,2024-12-18,2024-12-19,false
S-f2b79f,A-65aeb5,active,Pro,Enterprise,9,441,5292,true,false,monthly,false,2024-05-08,2024-05-11,false
S-76b964,A-39868b,active,Pro,Enterprise,9,441,5292,true,false,monthly,false,2024-10-11,2024-11-28,false
S-2126cd,A-f45426,active,Pro,Enterprise,9,441,5292,true,false,monthly,false,2024-12-29,2999-12-31,true
S-277111,A-625d0b,active,Pro,Enterprise,9,441,5292,true,false,monthly,true,2024-10-14,2024-10-15,false
S-23dab0,A-65aeb5,active,Pro,Enterprise,9,441,5292,true,false,annual,true,2024-09-30,2024-10-10,false
S-80fa36,A-55f257,active,Pro,Enterprise,9,441,5292,true,false,monthly,false,2024-01-18,2024-01-24,false
S-8ececc,A-533452,active,Pro,Enterprise,9,441,5292,true,false,annual,true,2024-12-15,2024-12-16,false
S-b84175,A-bb2f49,active,Pro,Enterprise,9,441,5292,true,false,monthly,true,2023-10-26,2023-12-13,false
S-1c7a41,A-4f18f0,active,Basic,Enterprise,24,456,5472,true,false,monthly,true,2024-12-20,2999-12-31,true
S-497d95,A-1d5444,active,Basic,Enterprise,24,456,5472,true,false,monthly,true,2024-07-15,2024-07-17,false
S-ccc10f,A-87aa7b,active,Basic,Enterprise,24,456,5472,true,false,annual,true,2024-11-19,2024-11-19,false
S-737994,A-712533,active,Basic,Enterprise,24,456,5472,true,false,monthly,true,2024-11-27,2024-12-05,false
S-41ea32,A-054577,active,Basic,Enterprise,24,456,5472,true,false,monthly,true,2024-10-22,2024-11-22,false
S-7f92bd,A-4f18f0,active,Basic,Enterprise,24,456,5472,true,false,monthly,true,2024-06-04,2024-07-07,false
S-22c66b,A-49b828,active,Basic,Enterprise,24,456,5472,true,false,monthly,true,2024-02-17,2024-03-26,false
S-af6f53,A-410e86,active,Basic,Enterprise,24,456,5472,true,false,monthly,false,2024-12-01,2024-12-02,false
S-d3bd2f,A-81edc3,active,Basic,Enterprise,24,456,5472,true,false,monthly,true,2024-06-08,2024-06-08,false
S-d81959,A-039727,active,Basic,Enterprise,25,475,5700,true,false,annual,true,2024-11-10,2024-11-12,false
S-712f3a,A-eb1312,active,Basic,Enterprise,25,475,5700,true,false,monthly,true,2024-11-20,2024-11-21,false
S-c7f25a,A-87aa7b,active,Basic,Enterprise,25,475,5700,true,false,monthly,true,2024-08-10,2024-08-23,false
S-03906f,A-c1e51e,active,Basic,Enterprise,25,475,5700,true,false,annual,true,2024-11-28,2024-12-08,false
S-6a02fe,A-35083d,active,Basic,Enterprise,25,475,5700,true,false,monthly,true,2023-11-07,2023-11-30,false
S-0ec903,A-039727,active,Basic,Enterprise,25,475,5700,true,false,annual,true,2024-12-18,2024-12-19,false
S-a575f5,A-039727,active,Basic,Enterprise,25,475,5700,true,false,annual,true,2024-12-09,2024-12-15,false
S-f2e134,A-4f18f0,active,Basic,Enterprise,25,475,5700,true,false,monthly,true,2024-08-09,2024-09-05,false
S-29ccb8,A-eb1312,active,Basic,Enterprise,25,475,5700,true,false,annual,true,2024-12-28,2999-12-31,true
S-c348d2,A-4a267b,active,Basic,Enterprise,25,475,5700,true,false,annual,true,2024-06-17,2024-08-09,false
S-c7667c,A-c1e51e,active,Pro,Enterprise,10,490,5880,true,false,monthly,true,2024-11-02,2024-11-19,false
S-7f28f3,A-396e5f,active,Pro,Enterprise,10,490,5880,true,false,annual,true,2024-10-18,2024-10-19,false
S-52404a,A-cd458b,active,Basic,Enterprise,26,494,5928,true,false,annual,true,2024-10-26,2024-12-06,false
S-334ceb,A-bece89,active,Basic,Enterprise,26,494,5928,true,false,monthly,false,2024-03-08,2024-05-20,false
S-b834a9,A-dcc3f1,active,Basic,Enterprise,26,494,5928,true,false,annual,true,2024-05-29,2024-08-05,false
S-627697,A-977ca0,active,Basic,Enterprise,26,494,5928,true,false,monthly,true,2023-03-20,2023-04-04,false
S-9464f8,A-eb7fac,active,Basic,Enterprise,26,494,5928,true,false,monthly,true,2024-10-22,2999-12-31,true
S-cfaa97,A-c9bb3e,active,Basic,Enterprise,26,494,5928,true,false,monthly,true,2024-09-13,2024-09-30,false
S-afc4cb,A-86fc1d,active,Basic,Enterprise,26,494,5928,true,false,monthly,true,2024-10-16,2024-10-16,false
S-8985d3,A-016043,active,Basic,Enterprise,26,494,5928,true,false,monthly,false,2024-12-02,2999-12-31,true
S-154918,A-c1dfe1,active,Basic,Enterprise,26,494,5928,true,false,monthly,false,2024-09-22,2999-12-31,true
S-381420,A-42b791,active,Basic,Enterprise,27,513,6156,true,false,monthly,true,2024-10-25,2024-11-06,false
S-13c8b6,A-89ee83,active,Basic,Enterprise,27,513,6156,true,false,monthly,true,2024-10-29,2024-11-22,false
S-e4ba87,A-e40f45,active,Basic,Enterprise,27,513,6156,true,false,annual,true,2024-05-23,2024-06-04,false
S-8923b3,A-157070,active,Basic,Enterprise,27,513,6156,true,false,annual,true,2024-05-17,2024-07-03,false
S-7e8bd4,A-ac14bb,active,Basic,Enterprise,27,513,6156,true,false,monthly,true,2024-03-26,2024-07-03,false
S-67595c,A-508199,active,Basic,Enterprise,27,513,6156,true,false,annual,false,2024-02-08,2024-02-20,false
S-6fde5e,A-7c4956,active,Basic,Enterprise,27,513,6156,true,false,annual,true,2024-12-20,2999-12-31,true
S-c14073,A-ba6516,active,Basic,Enterprise,27,513,6156,true,false,annual,true,2024-01-30,2024-03-14,false
S-3abf3f,A-6a7c9d,active,Basic,Enterprise,27,513,6156,true,false,annual,true,2024-12-09,2024-12-11,false
S-d111f5,A-f03140,active,Basic,Enterprise,27,513,6156,true,false,monthly,true,2024-05-25,2024-05-28,false
S-f09b6c,A-0f6450,active,Basic,Enterprise,28,532,6384,true,false,monthly,true,2024-12-27,2024-12-28,false
S-eac553,A-ac9111,active,Basic,Enterprise,28,532,6384,true,false,annual,true,2024-09-06,2024-10-18,false
S-41d741,A-65aeb5,active,Basic,Enterprise,28,532,6384,true,false,annual,true,2024-08-23,2024-09-01,false
S-f52c97,A-40de06,active,Basic,Enterprise,28,532,6384,true,false,annual,true,2024-11-17,2999-12-31,true
S-02508a,A-05d3b3,active,Basic,Enterprise,28,532,6384,true,false,annual,true,2024-02-04,2024-08-05,false
S-6d356a,A-425e76,active,Basic,Enterprise,28,532,6384,true,false,annual,false,2023-06-26,2023-07-22,false
S-cb2ad3,A-52dd88,active,Basic,Enterprise,28,532,6384,true,false,annual,true,2024-11-13,2024-12-04,false
S-16be20,A-9c18c4,active,Pro,Enterprise,11,539,6468,true,false,monthly,true,2024-03-03,2024-07-30,false
S-f4dbc7,A-65c341,active,Pro,Enterprise,11,539,6468,true,false,monthly,true,2024-09-21,2024-10-01,false
S-180ae3,A-cab532,active,Pro,Enterprise,11,539,6468,true,false,annual,true,2024-03-25,2024-05-01,false
S-79bb4c,A-f45426,active,Pro,Enterprise,11,539,6468,true,false,annual,false,2024-09-21,2024-09-23,false
S-041553,A-c608c8,active,Pro,Enterprise,11,539,6468,true,false,annual,true,2023-12-16,2024-03-07,false
S-af430c,A-1b7577,active,Pro,Enterprise,11,539,6468,true,false,monthly,true,2024-12-29,2024-12-30,false
S-5eb846,A-2789e3,active,Pro,Enterprise,11,539,6468,true,false,monthly,false,2024-12-10,2024-12-14,false
S-f3979e,A-9c18c4,active,Pro,Enterprise,11,539,6468,true,false,annual,true,2023-12-15,2023-12-20,false
S-d407d0,A-b9eed8,active,Pro,Enterprise,11,539,6468,true,false,annual,true,2024-11-04,2024-11-30,false
S-3ad7c4,A-f17767,active,Pro,Enterprise,11,539,6468,true,false,monthly,true,2024-01-03,2024-02-15,false
S-afed2d,A-726cfa,active,Pro,Enterprise,11,539,6468,true,false,annual,true,2024-05-30,2024-07-12,false
S-a88726,A-a33200,active,Basic,Enterprise,29,551,6612,true,false,annual,true,2024-11-30,2024-12-14,false
S-0c56e1,A-6f8ad2,active,Basic,Enterprise,29,551,6612,true,false,annual,false,2024-09-27,2024-10-03,false
S-1862f2,A-098560,active,Basic,Enterprise,29,551,6612,true,false,annual,true,2024-07-29,2024-09-02,false
S-5de79e,A-1619f8,active,Basic,Enterprise,29,551,6612,true,false,annual,false,2024-11-06,2024-11-16,false
S-089366,A-e60f9d,active,Basic,Enterprise,29,551,6612,true,false,annual,true,2024-11-12,2024-11-13,false
S-c77f0c,A-034368,active,Basic,Enterprise,29,551,6612,true,false,monthly,false,2024-11-29,2024-12-12,false
S-b53850,A-cd458b,active,Basic,Enterprise,29,551,6612,true,false,annual,true,2024-08-18,2024-08-25,false
S-d4a76b,A-a45270,active,Basic,Enterprise,29,551,6612,true,false,monthly,true,2024-09-23,2024-10-01,false
S-600e05,A-600734,active,Basic,Enterprise,29,551,6612,true,false,monthly,false,2024-04-17,2024-04-17,false
S-4f43fd,A-fd7ad3,active,Basic,Enterprise,29,551,6612,true,false,monthly,true,2024-12-26,2999-12-31,true
S-aa7247,A-c7ffc2,active,Basic,Enterprise,30,570,6840,true,false,monthly,true,2024-08-15,2024-09-16,false
S-5eeb46,A-37f969,active,Basic,Enterprise,30,570,6840,true,false,annual,true,2024-06-05,2024-08-22,false
S-b7c506,A-c37cab,active,Basic,Enterprise,30,570,6840,true,false,monthly,true,2024-09-27,2024-10-05,false
S-9a85ab,A-a8b49c,active,Basic,Enterprise,30,570,6840,true,false,annual,true,2024-06-02,2024-09-25,false
S-0d86a4,A-700ade,active,Pro,Enterprise,12,588,7056,true,false,monthly,false,2024-11-11,2024-11-17,false
S-7a6697,A-b9eed8,active,Pro,Enterprise,12,588,7056,true,false,annual,true,2024-05-07,2024-06-21,false
S-ff109c,A-df1e44,active,Pro,Enterprise,12,588,7056,true,false,annual,false,2024-04-09,2024-05-23,false
S-6a56f1,A-684255,active,Pro,Enterprise,12,588,7056,true,false,annual,false,2024-10-17,2024-10-29,false
S-c53808,A-712426,active,Pro,Enterprise,12,588,7056,true,false,monthly,true,2024-12-08,2024-12-11,false
S-7ff88c,A-b7ef83,active,Pro,Enterprise,12,588,7056,true,false,monthly,false,2024-12-30,2999-12-31,true
S-329db8,A-8b25f2,active,Pro,Enterprise,12,588,7056,true,false,monthly,true,2024-05-22,2024-07-30,false
S-50334b,A-f17767,active,Pro,Enterprise,12,588,7056,true,false,monthly,true,2024-08-21,2024-12-10,false
S-2d63e2,A-4e960a,active,Pro,Enterprise,12,588,7056,true,false,monthly,true,2024-08-03,2024-09-23,false
S-3aa11b,A-7c83a1,active,Pro,Enterprise,12,588,7056,true,false,annual,true,2024-09-27,2024-11-02,false
S-8942cf,A-7dacce,active,Pro,Enterprise,12,588,7056,true,false,monthly,true,2024-11-21,2024-11-27,false
S-408c2f,A-993085,active,Basic,Enterprise,31,589,7068,true,false,annual,true,2023-11-23,2024-05-11,false
S-e21910,A-50f3f7,active,Basic,Enterprise,31,589,7068,true,false,monthly,true,2024-02-02,2024-04-05,false
S-4eef1a,A-3a7284,active,Basic,Enterprise,31,589,7068,true,false,monthly,true,2024-12-18,2024-12-21,false
S-50815c,A-e3bd71,active,Basic,Enterprise,31,589,7068,true,false,monthly,true,2024-01-11,2024-02-11,false
S-bb7eef,A-798a3f,active,Basic,Enterprise,31,589,7068,true,false,annual,true,2023-12-26,2024-02-24,false
S-e74ca1,A-59f724,active,Basic,Enterprise,3,597,7164,true,false,monthly,false,2024-08-24,2024-12-08,false
S-80a6a6,A-4437e4,active,Enterprise,Enterprise,3,597,7164,false,false,annual,true,2024-12-07,2024-12-23,false
S-ad8055,A-bc87bc,active,Enterprise,Enterprise,3,597,7164,false,false,monthly,true,2024-11-07,2024-11-26,false
S-39f1b0,A-bf7919,active,Enterprise,Enterprise,8,597,7164,false,false,annual,true,2024-12-10,2024-12-21,false
S-426f2f,A-8145a0,active,Enterprise,Enterprise,3,597,7164,false,false,annual,true,2024-03-08,2024-03-27,false
S-b2c291,A-ced9aa,active,Enterprise,Enterprise,3,597,7164,false,false,annual,true,2024-12-10,2024-12-16,false
S-f09511,A-4437e4,active,Enterprise,Enterprise,3,597,7164,false,false,monthly,true,2024-05-14,2024-07-10,false
S-c45df0,A-a45270,active,Enterprise,Enterprise,3,597,7164,false,false,monthly,false,2024-11-15,2024-12-22,false
S-37d13a,A-029f69,active,Enterprise,Enterprise,15,597,7164,false,false,annual,true,2024-08-11,2024-09-09,false
S-d64a4e,A-cc98bc,active,Basic,Enterprise,32,608,7296,true,false,monthly,true,2023-10-24,2023-12-25,false
S-7e09c4,A-118f1c,active,Basic,Enterprise,32,608,7296,true,false,annual,false,2024-12-21,2024-12-23,false
S-19f80d,A-d62e02,active,Basic,Enterprise,32,608,7296,true,false,annual,true,2024-12-02,2024-12-10,false
S-fb285f,A-82d8a6,active,Basic,Enterprise,32,608,7296,true,false,annual,true,2024-12-22,2024-12-22,false
S-c1eb68,A-81edc3,active,Basic,Enterprise,32,608,7296,true,false,monthly,false,2024-11-02,2024-11-28,false
S-eec056,A-c222ab,active,Basic,Enterprise,32,608,7296,true,false,monthly,true,2024-10-07,2024-10-31,false
S-8a50a0,A-cb5333,active,Basic,Enterprise,33,627,7524,true,false,monthly,true,2024-12-11,2024-12-15,false
S-afc545,A-0baac2,active,Basic,Enterprise,33,627,7524,true,false,annual,true,2024-10-14,2024-10-27,false
S-eabe72,A-5790f4,active,Basic,Enterprise,33,627,7524,true,false,monthly,false,2024-12-26,2999-12-31,true
S-851743,A-443b7c,active,Pro,Enterprise,13,637,7644,true,false,monthly,true,2024-10-27,2024-11-01,false
S-9bc272,A-7da956,active,Pro,Enterprise,13,637,7644,true,false,annual,true,2024-07-20,2024-07-23,false
S-d43ad9,A-8bde0c,active,Pro,Enterprise,13,637,7644,true,false,annual,false,2024-12-14,2024-12-14,false
S-cce4fc,A-659280,active,Pro,Enterprise,13,637,7644,true,false,annual,true,2023-11-28,2023-12-23,false
S-a0f5ac,A-e7a1e2,active,Pro,Enterprise,13,637,7644,true,false,monthly,true,2024-10-07,2024-10-10,false
S-0e12d4,A-a45270,active,Pro,Enterprise,13,637,7644,true,false,monthly,true,2024-08-02,2024-08-24,false
S-e958ba,A-417d2f,active,Pro,Enterprise,13,637,7644,true,false,monthly,true,2024-03-29,2024-06-23,false
S-a7524a,A-54ecc2,active,Pro,Enterprise,13,637,7644,true,false,monthly,true,2024-08-25,2024-08-29,false
S-bd3e24,A-ffc04f,active,Pro,Enterprise,13,637,7644,true,false,annual,true,2024-12-21,2024-12-28,false
S-1d5f4e,A-ab438f,active,Pro,Enterprise,13,637,7644,true,false,monthly,false,2024-12-11,2024-12-27,false
S-0a8acf,A-55f257,active,Pro,Enterprise,13,637,7644,true,false,monthly,true,2024-02-16,2024-03-06,false
S-70cf3c,A-3b5cd1,active,Pro,Enterprise,13,637,7644,true,false,monthly,true,2024-03-24,2024-06-11,false
S-b2f038,A-1b707d,active,Pro,Enterprise,13,637,7644,true,false,monthly,true,2024-01-24,2024-04-13,false
S-120ae3,A-781cc0,active,Basic,Enterprise,34,646,7752,true,false,annual,true,2024-09-24,2024-10-08,false
S-4c5456,A-149a69,active,Basic,Enterprise,34,646,7752,true,false,monthly,true,2024-12-19,2999-12-31,true
S-8e45ba,A-7f8241,active,Basic,Enterprise,34,646,7752,true,false,annual,false,2023-12-13,2024-01-25,false
S-117d65,A-86902e,active,Basic,Enterprise,34,646,7752,true,false,annual,true,2024-11-30,2024-12-11,false
S-a245f6,A-86902e,active,Basic,Enterprise,34,646,7752,true,false,monthly,true,2023-12-28,2024-04-12,false
S-b7482e,A-cbd1a3,active,Basic,Enterprise,34,646,7752,true,false,annual,true,2024-12-16,2024-12-26,false
S-519f1c,A-0354fe,active,Basic,Enterprise,34,646,7752,true,false,monthly,false,2024-11-03,2024-11-15,false
S-c8fd93,A-0354fe,active,Basic,Enterprise,34,646,7752,true,false,monthly,true,2024-11-16,2024-11-23,false
S-329803,A-1f0ac7,active,Basic,Enterprise,34,646,7752,true,false,monthly,false,2024-04-29,2024-05-03,false
S-ecb8d5,A-df1e44,active,Basic,Enterprise,35,665,7980,true,false,annual,true,2024-12-17,2024-12-18,false
S-05ef15,A-d42431,active,Basic,Enterprise,35,665,7980,true,false,monthly,true,2024-10-24,2024-11-15,false
S-3eb9c8,A-69fad4,active,Basic,Enterprise,35,665,7980,true,false,monthly,true,2023-09-07,2023-12-17,false
S-03bfa3,A-bc4d48,active,Basic,Enterprise,35,665,7980,true,false,annual,true,2024-12-27,2999-12-31,true
S-16a545,A-592832,active,Basic,Enterprise,35,665,7980,true,false,annual,true,2024-09-30,2024-10-03,false
S-6d3f0b,A-82d8a6,active,Basic,Enterprise,36,684,8208,true,false,annual,true,2024-12-16,2024-12-17,false
S-e2793d,A-4c38bc,active,Basic,Enterprise,36,684,8208,true,false,monthly,true,2024-10-07,2024-10-19,false
S-b40b4d,A-9f0b68,active,Basic,Enterprise,36,684,8208,true,false,monthly,true,2024-08-09,2024-09-02,false
S-af1def,A-443b7c,active,Basic,Enterprise,36,684,8208,true,false,monthly,false,2024-09-30,2024-10-01,false
S-36ad61,A-a09355,active,Pro,Enterprise,14,686,8232,true,false,monthly,true,2024-10-19,2024-10-21,false
S-db4e11,A-49b828,active,Pro,Enterprise,14,686,8232,true,false,monthly,true,2024-08-09,2024-10-09,false
S-c1ad26,A-10b8da,active,Pro,Enterprise,14,686,8232,true,false,annual,true,2024-05-09,2024-07-05,false
S-57bbae,A-a09355,active,Pro,Enterprise,14,686,8232,true,false,monthly,true,2024-11-05,2024-11-11,false
S-4e00a0,A-eb7c38,active,Pro,Enterprise,14,686,8232,true,false,annual,true,2024-11-01,2024-12-04,false
S-60ea07,A-3be56b,active,Pro,Enterprise,14,686,8232,true,false,annual,true,2024-08-22,2024-08-23,false
S-f44c76,A-58b9ff,active,Pro,Enterprise,14,686,8232,true,false,monthly,true,2024-09-24,2024-09-26,false
S-41a4cb,A-970c97,active,Pro,Enterprise,14,686,8232,true,false,annual,true,2024-07-13,2024-07-14,false
S-e22519,A-f44180,active,Pro,Enterprise,14,686,8232,true,false,monthly,true,2024-06-17,2024-06-22,false
S-6b0789,A-34d880,active,Pro,Enterprise,14,686,8232,true,false,monthly,true,2024-07-04,2024-07-22,false
S-fa0094,A-2bc93d,active,Pro,Enterprise,14,686,8232,true,false,annual,true,2024-02-23,2024-03-26,false
S-62a6d7,A-6965e1,active,Pro,Enterprise,14,686,8232,true,false,monthly,true,2024-12-20,2024-12-22,false
S-195f9b,A-92a333,active,Pro,Enterprise,14,686,8232,true,false,annual,true,2024-02-08,2024-03-17,false
S-965b1c,A-a8d89d,active,Pro,Enterprise,14,686,8232,true,false,monthly,true,2024-06-16,2024-07-12,false
S-339fce,A-e888d1,active,Pro,Enterprise,14,686,8232,true,false,monthly,true,2024-11-26,2024-12-19,false
S-691bff,A-9174e0,active,Basic,Enterprise,37,703,8436,true,false,annual,false,2024-12-27,2024-12-28,false
S-c48d0d,A-3ce5b8,active,Basic,Enterprise,37,703,8436,true,false,annual,true,2024-05-22,2024-06-05,false
S-8d2824,A-417d2f,active,Basic,Enterprise,37,703,8436,true,false,annual,false,2023-08-14,2023-12-30,false
S-7a9d402,A-157070,churned,Basic,Enterprise,38,722,8664,true,false,annual,true,2024-12-26,2999-12-31,true
S-7a9d40,A-157070,active,Basic,Enterprise,38,722,8664,true,false,annual,true,2024-12-18,2024-12-26,false
S-35ff7e,A-271f46,active,Basic,Enterprise,38,722,8664,true,false,annual,true,2024-06-09,2024-10-31,false
S-0f0d3a,A-ad296b,active,Basic,Enterprise,38,722,8664,true,false,annual,true,2024-11-16,2024-12-09,false
S-891976,A-95b24a,active,Basic,Enterprise,38,722,8664,true,false,monthly,true,2024-09-12,2024-10-11,false
S-3503cb,A-c43359,active,Basic,Enterprise,38,722,8664,true,false,monthly,true,2024-12-14,2024-12-17,false
S-27f7b2,A-a1b80b,active,Basic,Enterprise,38,722,8664,true,false,annual,true,2024-04-03,2024-05-16,false
S-0865f1,A-95b24a,active,Basic,Enterprise,38,722,8664,true,false,annual,true,2023-12-10,2024-01-08,false
S-9a44ec,A-bf7919,active,Pro,Enterprise,15,735,8820,true,false,annual,true,2024-12-21,2024-12-24,false
S-ab06f4,A-90a8c8,active,Pro,Enterprise,15,735,8820,true,false,annual,true,2024-10-29,2024-11-07,false
S-4012d6,A-f92792,active,Pro,Enterprise,15,735,8820,true,false,annual,true,2024-10-31,2024-11-15,false
S-632bba,A-a09355,active,Pro,Enterprise,15,735,8820,true,false,monthly,true,2024-09-24,2024-10-17,false
S-dbc4d5,A-751c58,active,Pro,Enterprise,15,735,8820,true,false,annual,true,2024-08-24,2024-08-28,false
S-69a2d8,A-dcc2f0,active,Pro,Enterprise,15,735,8820,true,false,monthly,true,2023-12-03,2023-12-23,false
S-323782,A-7920cc,active,Basic,Enterprise,39,741,8892,true,false,monthly,true,2024-02-22,2024-03-11,false
S-d5ce9f,A-acb7f7,active,Basic,Enterprise,39,741,8892,true,false,monthly,true,2024-02-20,2024-03-24,false
S-3ffd93,A-cc1d8d,active,Basic,Enterprise,39,741,8892,true,false,monthly,true,2024-12-23,2024-12-26,false
S-531e3a,A-e5d6ab,active,Basic,Enterprise,39,741,8892,true,false,monthly,true,2024-07-22,2024-11-10,false
S-3684d3,A-7920cc,active,Basic,Enterprise,39,741,8892,true,false,monthly,true,2024-09-22,2024-10-29,false
S-f32440,A-0a282f,active,Basic,Enterprise,40,760,9120,true,false,monthly,true,2024-10-06,2024-10-07,false
S-f6f1e1,A-337bc1,active,Basic,Enterprise,40,760,9120,true,false,annual,true,2024-08-09,2024-09-12,false
S-913134,A-bbc346,active,Basic,Enterprise,40,760,9120,true,false,monthly,true,2024-11-29,2024-12-13,false
S-a83bf1,A-089363,active,Basic,Enterprise,40,760,9120,true,false,monthly,false,2023-11-04,2024-01-10,false
S-d76f8b,A-e1b9cd,active,Basic,Enterprise,40,760,9120,true,false,annual,true,2024-03-30,2024-05-22,false
S-0b054a,A-4e960a,active,Basic,Enterprise,40,760,9120,true,false,annual,true,2024-06-01,2024-06-04,false
S-2221672,A-c1e51e,churned,Basic,Enterprise,41,779,9348,true,false,annual,true,2024-12-31,2999-12-31,true
S-53f831,A-82861f,active,Basic,Enterprise,41,779,9348,true,false,monthly,false,2024-07-29,2024-07-31,false
S-fc6cb4,A-34d880,active,Basic,Enterprise,41,779,9348,true,false,monthly,false,2024-08-11,2024-10-11,false
S-de9e50,A-67be94,active,Basic,Enterprise,41,779,9348,true,false,annual,true,2023-11-21,2024-01-18,false
S-244df8,A-94d3da,active,Basic,Enterprise,41,779,9348,true,false,monthly,true,2024-10-28,2999-12-31,true
S-c3d6a2,A-7f29a7,active,Basic,Enterprise,41,779,9348,true,false,annual,true,2024-12-03,2024-12-21,false
S-222167,A-c1e51e,active,Basic,Enterprise,41,779,9348,true,false,annual,true,2024-12-29,2024-12-31,false
S-19c44c,A-8b0451,active,Basic,Enterprise,41,779,9348,true,false,monthly,true,2024-12-09,2024-12-10,false
S-f5fcc9,A-40a557,active,Pro,Enterprise,16,784,9408,true,false,monthly,true,2024-06-06,2024-06-26,false
S-4b9d7c,A-378b99,active,Pro,Enterprise,16,784,9408,true,false,annual,true,2024-12-05,2999-12-31,true
S-cfbb85,A-054577,active,Pro,Enterprise,16,784,9408,true,false,monthly,false,2024-08-06,2024-08-26,false
S-561850,A-0a62f5,active,Pro,Enterprise,16,784,9408,true,false,annual,true,2024-10-23,2024-12-06,false
S-0ea795,A-d3c88e,active,Pro,Enterprise,16,784,9408,true,false,annual,true,2024-10-27,2024-10-27,false
S-129cf4,A-82d8a6,active,Pro,Enterprise,16,784,9408,true,false,monthly,true,2024-12-11,2024-12-12,false
S-16486d,A-0651a4,active,Pro,Enterprise,16,784,9408,true,false,monthly,true,2024-12-15,2024-12-19,false
S-afe3b8,A-cc1d8d,active,Pro,Enterprise,16,784,9408,true,false,monthly,true,2024-12-10,2024-12-10,false
S-d75e1f,A-922109,active,Enterprise,Enterprise,4,796,9552,false,false,monthly,false,2024-11-29,2024-12-01,false
S-41cdf0,A-68f37c,active,Pro,Enterprise,17,796,9552,true,false,monthly,true,2023-08-15,2023-11-30,false
S-9b5be4,A-ffdfd5,active,Enterprise,Enterprise,4,796,9552,false,false,monthly,false,2024-10-23,2024-11-16,false
S-e41457,A-5f2961,active,Enterprise,Enterprise,4,796,9552,false,false,annual,true,2024-12-17,2024-12-20,false
S-0b2ac3,A-d792a6,active,Basic,Enterprise,7,796,9552,true,false,annual,true,2024-01-01,2024-01-26,false
S-2fcf09,A-d792a6,active,Enterprise,Enterprise,58,796,9552,false,false,monthly,true,2024-09-27,2024-10-17,false
S-401496,A-68f37c,active,Enterprise,Enterprise,4,796,9552,false,false,monthly,true,2023-08-13,2023-08-15,false
S-b89456,A-13466a,active,Enterprise,Enterprise,4,796,9552,false,false,monthly,true,2024-09-01,2024-09-20,false
S-2d494e,A-922109,active,Basic,Enterprise,5,796,9552,true,false,monthly,true,2024-12-01,2999-12-31,true
S-8cf2ef,A-600734,active,Basic,Enterprise,42,798,9576,true,false,annual,false,2024-08-29,2024-09-05,false
S-fd12a3,A-ed510f,active,Basic,Enterprise,42,798,9576,true,false,annual,false,2023-07-17,2023-12-28,false
S-25ff39,A-798a3f,active,Basic,Enterprise,42,798,9576,true,false,annual,true,2024-03-24,2024-05-06,false
S-da7360,A-075038,active,Basic,Enterprise,42,798,9576,true,false,monthly,true,2024-10-26,2999-12-31,true
S-dcc084,A-526d93,active,Basic,Enterprise,43,817,9804,true,false,monthly,true,2024-10-01,2024-11-08,false
S-65071f,A-b9f5b1,active,Basic,Enterprise,43,817,9804,true,false,monthly,true,2024-08-11,2024-10-15,false
S-f5f01f,A-b179bf,active,Basic,Enterprise,43,817,9804,true,false,annual,true,2024-12-24,2024-12-24,false
S-19029a,A-712f1c,active,Pro,Enterprise,17,833,9996,true,false,annual,true,2024-12-11,2999-12-31,true
S-f73a84,A-2edab2,active,Pro,Enterprise,17,833,9996,true,false,monthly,true,2024-12-15,2999-12-31,true
S-67474a,A-7d514c,active,Pro,Enterprise,17,833,9996,true,false,monthly,true,2024-06-13,2024-07-01,false
S-efe3f6,A-dfbd31,active,Pro,Enterprise,17,833,9996,true,false,monthly,true,2024-04-27,2024-04-29,false
S-b21a0b,A-b7ef83,active,Pro,Enterprise,17,833,9996,true,false,monthly,true,2024-10-29,2024-11-08,false
S-19abcf,A-940b8b,active,Pro,Enterprise,17,833,9996,true,false,annual,true,2024-09-10,2024-09-13,false
S-69fb37,A-e4bf56,active,Pro,Enterprise,17,833,9996,true,false,annual,true,2024-12-12,2024-12-12,false
S-a36a36,A-4ef964,active,Pro,Enterprise,17,833,9996,true,false,annual,false,2024-05-01,2024-06-17,false
S-c6287d,A-075038,active,Pro,Enterprise,17,833,9996,true,false,monthly,true,2024-07-25,2024-08-10,false
S-9cb1f7,A-118d55,active,Pro,Enterprise,17,833,9996,true,false,monthly,true,2024-12-07,2024-12-24,false
S-7564c5,A-96215d,active,Pro,Enterprise,17,833,9996,true,false,monthly,false,2024-09-12,2024-09-13,false
S-83ee41,A-ad3abd,active,Basic,Enterprise,44,836,10032,true,false,annual,true,2023-04-20,2023-05-10,false
S-b362a5,A-8145a0,active,Basic,Enterprise,44,836,10032,true,false,annual,true,2023-10-17,2023-11-13,false
S-3d7bed,A-2e4581,active,Basic,Enterprise,44,836,10032,true,false,monthly,true,2024-12-22,2999-12-31,true
S-ca136e,A-cb5333,active,Basic,Enterprise,44,836,10032,true,false,monthly,true,2024-04-09,2024-05-04,false
S-5ddf8d,A-7f6b86,active,Basic,Enterprise,45,855,10260,true,false,annual,true,2024-12-06,2999-12-31,true
S-531970,A-ff3c73,active,Basic,Enterprise,45,855,10260,true,false,annual,false,2024-09-17,2024-09-23,false
S-a5a9b8,A-94c3cd,active,Basic,Enterprise,45,855,10260,true,false,annual,false,2024-09-29,2024-11-23,false
S-050a91,A-d27f50,active,Basic,Enterprise,45,855,10260,true,false,annual,true,2024-08-06,2024-08-06,false
S-1a2fbc,A-526d93,active,Basic,Enterprise,45,855,10260,true,false,monthly,true,2024-06-29,2024-07-05,false
S-ff2761,A-0cc442,active,Basic,Enterprise,45,855,10260,true,false,monthly,true,2024-09-25,2024-10-04,false
S-f50afe,A-117171,active,Basic,Enterprise,45,855,10260,true,false,annual,true,2024-11-11,2024-11-27,false
S-2a57b3,A-7e0a10,active,Basic,Enterprise,46,874,10488,true,false,annual,true,2024-06-29,2024-07-24,false
S-a44d72,A-b30291,active,Pro,Enterprise,18,882,10584,true,false,monthly,true,2024-06-12,2024-09-26,false
S-75c1b42,A-5a3eb9,churned,Pro,Enterprise,18,882,10584,true,false,annual,true,2024-12-28,2999-12-31,true
S-16ce94,A-c4ea60,active,Pro,Enterprise,18,882,10584,true,false,annual,true,2024-09-09,2024-10-28,false
S-d4c0a0,A-81edc3,active,Pro,Enterprise,18,882,10584,true,false,annual,true,2024-01-25,2024-02-09,false
S-e3a257,A-84ebe4,active,Pro,Enterprise,18,882,10584,true,false,annual,true,2024-02-14,2024-03-19,false
S-75c1b4,A-5a3eb9,active,Pro,Enterprise,18,882,10584,true,false,annual,true,2024-12-10,2024-12-28,false
S-e561b9,A-d26ab4,active,Pro,Enterprise,18,882,10584,true,false,monthly,true,2024-11-13,2024-11-18,false
S-abd9be,A-2b9d3e,active,Pro,Enterprise,18,882,10584,true,false,monthly,true,2024-03-23,2024-03-27,false
S-c08805,A-6f8ad2,active,Pro,Enterprise,18,882,10584,true,false,annual,true,2024-09-03,2024-09-08,false
S-0c63de,A-592832,active,Pro,Enterprise,18,882,10584,true,false,annual,false,2024-12-31,2999-12-31,true
S-ba8c46,A-9f0b68,active,Pro,Enterprise,18,882,10584,true,false,monthly,true,2024-10-16,2024-10-19,false
S-9ac7cb,A-712f1c,active,Pro,Enterprise,18,882,10584,true,false,monthly,true,2024-04-19,2024-05-11,false
S-2a73e2,A-10b8f2,active,Basic,Enterprise,47,893,10716,true,false,annual,false,2024-01-29,2024-03-22,false
S-7dab19,A-de58ca,active,Basic,Enterprise,47,893,10716,true,false,annual,false,2023-12-24,2024-01-06,false
S-da9362,A-b2225d,active,Basic,Enterprise,47,893,10716,true,false,annual,true,2024-05-21,2024-05-22,false
S-d9821f,A-faa28c,active,Basic,Enterprise,48,912,10944,true,false,annual,true,2024-06-20,2024-07-09,false
S-301b73,A-cab532,active,Basic,Enterprise,48,912,10944,true,false,annual,true,2024-11-22,2024-11-22,false
S-0aedf8,A-a7bd4b,active,Basic,Enterprise,48,912,10944,true,false,monthly,true,2024-01-13,2024-05-14,false
S-27c00d,A-a6d261,active,Basic,Enterprise,48,912,10944,true,false,monthly,true,2024-06-08,2024-07-08,false
S-240a09,A-5c9849,active,Pro,Enterprise,19,931,11172,true,false,monthly,false,2024-12-30,2999-12-31,true
S-0283b5,A-443f6f,active,Pro,Enterprise,19,931,11172,true,false,annual,true,2024-12-10,2024-12-10,false
S-c0ca82,A-00cac8,active,Pro,Enterprise,19,931,11172,true,false,annual,true,2024-12-02,2999-12-31,true
S-08a3d4,A-faa28c,active,Basic,Enterprise,49,931,11172,true,false,annual,true,2024-09-11,2024-09-18,false
S-5856ab,A-3c1a3f,active,Pro,Enterprise,19,931,11172,true,false,annual,true,2024-05-06,2024-09-30,false
S-711820,A-08e34e,active,Basic,Enterprise,49,931,11172,true,false,annual,false,2024-09-02,2024-09-28,false
S-2186ea,A-dbc825,active,Pro,Enterprise,19,931,11172,true,false,annual,true,2024-03-06,2024-04-08,false
S-11066a,A-779e4e,active,Pro,Enterprise,19,931,11172,true,false,annual,true,2023-02-12,2023-03-27,false
S-9c06f8,A-692f18,active,Pro,Enterprise,19,931,11172,true,false,annual,true,2024-04-05,2024-05-25,false
S-8a7e47,A-c7ffc2,active,Basic,Enterprise,49,931,11172,true,false,monthly,false,2024-12-27,2999-12-31,true
S-26dbbf,A-432483,active,Pro,Enterprise,19,931,11172,true,false,monthly,true,2023-12-17,2024-01-10,false
S-d50d25,A-6f50ae,active,Pro,Enterprise,19,931,11172,true,false,annual,true,2024-07-13,2024-07-19,false
S-234115,A-bd4513,active,Basic,Enterprise,50,950,11400,true,false,monthly,false,2024-11-28,2024-12-01,false
S-10bd09,A-bbc346,active,Basic,Enterprise,50,950,11400,true,false,annual,true,2024-09-03,2024-09-16,false
S-605115,A-bd4513,active,Basic,Enterprise,50,950,11400,true,false,annual,true,2024-12-30,2999-12-31,true
S-7c5f3b,A-1e1b80,active,Basic,Enterprise,50,950,11400,true,false,monthly,true,2024-04-30,2024-07-05,false
S-44a646,A-1e1b80,active,Basic,Enterprise,50,950,11400,true,false,annual,true,2023-12-26,2023-12-27,false
S-c96d86,A-1e1b80,active,Basic,Enterprise,50,950,11400,true,false,annual,true,2024-11-04,2999-12-31,true
S-200752,A-4d1e75,active,Pro,Enterprise,20,980,11760,true,false,monthly,false,2024-09-17,2024-10-10,false
S-54e8b2,A-19b2c8,active,Pro,Enterprise,20,980,11760,true,false,monthly,true,2024-05-18,2024-07-12,false
S-a1d67e,A-bbc346,active,Pro,Enterprise,20,980,11760,true,false,annual,false,2024-12-20,2024-12-24,false
S-8dfd77,A-2922b6,active,Pro,Enterprise,20,980,11760,true,false,annual,false,2024-12-25,2999-12-31,true
S-5da1b8,A-684255,active,Pro,Enterprise,20,980,11760,true,false,annual,false,2024-06-28,2024-07-01,false
S-f6e116,A-4d1e75,active,Pro,Enterprise,20,980,11760,true,false,monthly,true,2024-10-31,2024-11-14,false
S-b4dd00,A-4c56c9,active,Basic,Enterprise,52,988,11856,true,false,annual,true,2024-12-24,2024-12-29,false
S-05be05,A-e7beab,active,Enterprise,Enterprise,5,995,11940,false,false,annual,true,2024-03-16,2024-07-24,false
S-b4b084,A-ced9aa,active,Enterprise,Enterprise,5,995,11940,false,false,monthly,true,2024-12-21,2024-12-31,false
S-76c7da,A-88c6ca,active,Enterprise,Enterprise,11,995,11940,false,false,annual,true,2024-11-22,2024-12-02,false
S-07f282,A-88c6ca,active,Enterprise,Enterprise,5,995,11940,false,false,monthly,true,2024-11-19,2024-11-22,false
S-a3300f,A-81edc3,active,Enterprise,Enterprise,5,995,11940,false,false,annual,true,2024-12-16,2999-12-31,true
S-9a1e04,A-de24d5,active,Enterprise,Enterprise,5,995,11940,false,false,annual,true,2024-12-06,2024-12-06,false
S-cea51e,A-cc1d8d,active,Enterprise,Enterprise,20,995,11940,false,false,monthly,true,2024-12-22,2024-12-23,false
S-c4a98e,A-ced9aa,active,Enterprise,Enterprise,5,995,11940,false,false,monthly,true,2024-12-16,2024-12-21,false
S-3b5eb3,A-6f8ad2,active,Pro,Enterprise,70,995,11940,true,false,annual,true,2024-10-07,2024-10-22,false
S-374d5f,A-fabe19,active,Enterprise,Enterprise,5,995,11940,false,false,annual,true,2024-11-24,2024-12-12,false
S-f8e091,A-34d880,active,Enterprise,Enterprise,5,995,11940,false,false,monthly,true,2024-10-21,2999-12-31,true
S-44e3ac,A-81edc3,active,Enterprise,Enterprise,5,995,11940,false,false,monthly,true,2024-01-14,2024-01-25,false
S-017e33,A-f9cc74,active,Basic,Enterprise,53,1007,12084,true,false,monthly,true,2024-11-08,2024-11-09,false
S-6ce11a,A-ac85cd,active,Basic,Enterprise,53,1007,12084,true,false,annual,true,2024-12-03,2024-12-09,false
S-cb100e,A-ff79f2,active,Basic,Enterprise,53,1007,12084,true,false,annual,true,2024-10-21,2024-11-15,false
S-caca4f,A-e83938,active,Basic,Enterprise,54,1026,12312,true,false,annual,false,2024-12-06,2999-12-31,true
S-635c1e,A-b2af2e,active,Basic,Enterprise,54,1026,12312,true,false,annual,false,2024-12-31,2999-12-31,true
S-204d42,A-5b4ebb,active,Pro,Enterprise,21,1029,12348,true,false,monthly,true,2024-10-22,2024-10-23,false
S-db3856,A-ccabf0,active,Pro,Enterprise,21,1029,12348,true,false,annual,true,2023-11-18,2023-11-29,false
S-e0bfb1,A-029f69,active,Pro,Enterprise,21,1029,12348,true,false,annual,false,2024-08-04,2024-08-10,false
S-9b08ae,A-ccabf0,active,Pro,Enterprise,21,1029,12348,true,false,monthly,true,2023-12-29,2024-01-05,false
S-601bbe,A-0532a9,active,Pro,Enterprise,21,1029,12348,true,false,monthly,false,2024-11-26,2024-12-10,false
S-08f8d3,A-bcf87c,active,Pro,Enterprise,21,1029,12348,true,false,monthly,true,2024-11-27,2024-12-09,false
S-1cdd2c,A-ac9111,active,Pro,Enterprise,21,1029,12348,true,false,monthly,false,2024-03-06,2024-06-16,false
S-e05ab8,A-0158bb,active,Pro,Enterprise,21,1029,12348,true,false,monthly,true,2024-12-10,2024-12-31,false
S-f62f59,A-96215d,active,Pro,Enterprise,21,1029,12348,true,false,annual,true,2024-10-13,2024-11-04,false
S-0027d3,A-e693b6,active,Basic,Enterprise,55,1045,12540,true,false,annual,true,2024-05-04,2024-05-11,false
S-54bb4e,A-54d94a,active,Basic,Enterprise,55,1045,12540,true,false,monthly,true,2023-12-16,2023-12-17,false
S-0adca9,A-b3fe05,active,Basic,Enterprise,55,1045,12540,true,false,monthly,true,2024-10-07,2024-10-20,false
S-8ca9f0,A-e693b6,active,Basic,Enterprise,55,1045,12540,true,false,annual,true,2024-09-01,2024-09-26,false
S-a408fe,A-02fac6,active,Pro,Enterprise,22,1078,12936,true,false,monthly,true,2024-10-18,2999-12-31,true
S-020222,A-02fac6,active,Pro,Enterprise,22,1078,12936,true,false,monthly,true,2024-05-23,2024-05-30,false
S-3b5031,A-dcc2f0,active,Pro,Enterprise,22,1078,12936,true,false,annual,true,2024-03-13,2024-09-02,false
S-cda242,A-71615e,active,Pro,Enterprise,22,1078,12936,true,false,annual,true,2024-10-10,2024-10-13,false
S-d0bb87,A-5f7781,active,Pro,Enterprise,22,1078,12936,true,false,annual,true,2024-12-07,2999-12-31,true
S-2d3096,A-712533,active,Pro,Enterprise,22,1078,12936,true,false,annual,true,2024-01-19,2024-04-26,false
S-9e15d0,A-02fac6,active,Pro,Enterprise,22,1078,12936,true,false,monthly,true,2024-01-19,2024-05-02,false
S-c15fcc,A-fd9422,active,Basic,Enterprise,58,1102,13224,true,false,monthly,false,2024-08-25,2024-10-01,false
S-39bb68,A-d40bf7,active,Basic,Enterprise,59,1121,13452,true,false,monthly,true,2024-11-23,2024-12-09,false
S-39e88c,A-3b37d9,active,Pro,Enterprise,23,1127,13524,true,false,annual,true,2023-07-10,2023-10-11,false
S-cdf835,A-f19409,active,Pro,Enterprise,23,1127,13524,true,false,monthly,false,2024-04-17,2024-06-12,false
S-549438,A-ac9111,active,Pro,Enterprise,23,1127,13524,true,false,annual,true,2024-07-07,2024-08-18,false
S-76cdf1,A-aa9511,active,Pro,Enterprise,23,1127,13524,true,false,monthly,true,2024-06-16,2024-06-23,false
S-a1676a,A-bb3bd4,active,Pro,Enterprise,23,1127,13524,true,false,annual,true,2024-05-06,2024-06-11,false
S-214d98,A-560d27,active,Pro,Enterprise,23,1127,13524,true,false,annual,false,2024-06-01,2024-07-23,false
S-8ca516,A-f19409,active,Pro,Enterprise,23,1127,13524,true,false,annual,true,2024-09-21,2024-10-20,false
S-e3dff3,A-e98302,active,Pro,Enterprise,23,1127,13524,true,false,annual,true,2024-07-14,2024-09-09,false
S-3d8c2f,A-51ec1b,active,Pro,Enterprise,23,1127,13524,true,false,monthly,true,2024-10-20,2024-11-12,false
S-04ab7e,A-f6b2fb,active,Pro,Enterprise,23,1127,13524,true,false,annual,true,2024-07-02,2024-08-01,false
S-f9e5e9,A-f19409,active,Pro,Enterprise,23,1127,13524,true,false,annual,true,2024-10-27,2024-12-20,false
S-c37ee1,A-9174e0,active,Basic,Enterprise,60,1140,13680,true,false,monthly,true,2024-12-08,2024-12-09,false
S-4c0b7b,A-e60f9d,active,Basic,Enterprise,60,1140,13680,true,false,annual,true,2024-10-21,2024-11-11,false
S-73d0eb,A-592832,active,Basic,Enterprise,60,1140,13680,true,false,monthly,true,2024-10-09,2024-10-15,false
S-bfd04c,A-2e3bad,active,Basic,Enterprise,61,1159,13908,true,false,monthly,false,2024-04-03,2024-06-21,false
S-9f59fd,A-158f4e,active,Basic,Enterprise,61,1159,13908,true,false,annual,false,2024-09-03,2024-11-18,false
S-ae1882,A-9f9299,active,Basic,Enterprise,61,1159,13908,true,false,monthly,false,2024-10-25,2024-11-10,false
S-c29f3a,A-b7b7b7,active,Pro,Enterprise,24,1176,14112,true,false,monthly,false,2024-09-10,2024-09-16,false
S-9c8d9e,A-5f2961,active,Pro,Enterprise,24,1176,14112,true,false,monthly,true,2024-12-20,2024-12-23,false
S-e4ce2c,A-5ed98d,active,Pro,Enterprise,24,1176,14112,true,false,annual,true,2024-08-14,2024-09-08,false
S-d9ad28,A-4f18f0,active,Pro,Enterprise,24,1176,14112,true,false,monthly,false,2024-04-28,2024-06-01,false
S-37b6b2,A-4c6f11,active,Pro,Enterprise,24,1176,14112,true,false,annual,false,2024-05-10,2024-05-31,false
S-6732ff,A-9affe6,active,Pro,Enterprise,24,1176,14112,true,false,annual,true,2023-11-22,2024-02-16,false
S-3e8283,A-940b8b,active,Pro,Enterprise,24,1176,14112,true,false,annual,false,2024-04-29,2024-05-02,false
S-f0fe0a,A-d5a319,active,Pro,Enterprise,24,1176,14112,true,false,monthly,true,2024-08-22,2024-09-29,false
S-00fcc5,A-40de06,active,Basic,Enterprise,62,1178,14136,true,false,annual,false,2023-06-23,2023-09-21,false
S-d71fe9,A-d62e02,active,Enterprise,Enterprise,6,1194,14328,false,false,annual,true,2024-10-11,2024-11-06,false
S-02c3e7,A-7c4956,active,Enterprise,Enterprise,6,1194,14328,false,false,annual,true,2024-08-14,2024-12-20,false
S-d18856,A-396e5f,active,Enterprise,Enterprise,6,1194,14328,false,false,monthly,true,2024-10-05,2024-10-18,false
S-973e8e,A-0a282f,active,Enterprise,Enterprise,6,1194,14328,false,false,annual,true,2024-09-28,2024-10-06,false
S-79af01,A-4ae22a,active,Enterprise,Enterprise,6,1194,14328,false,false,monthly,true,2024-07-24,2024-08-20,false
S-212fc4,A-c608c8,active,Enterprise,Enterprise,6,1194,14328,false,false,monthly,true,2023-10-15,2023-12-16,false
S-102053,A-4e0e85,active,Enterprise,Enterprise,6,1194,14328,false,false,monthly,true,2024-04-10,2024-06-06,false
S-fee9c9,A-779e4e,active,Enterprise,Enterprise,6,1194,14328,false,false,annual,false,2024-07-02,2024-07-18,false
S-36f26c,A-e36807,active,Basic,Enterprise,63,1197,14364,true,false,monthly,true,2024-12-17,2024-12-23,false
S-768196,A-1f7acb,active,Basic,Enterprise,64,1216,14592,true,false,monthly,true,2023-10-14,2023-10-31,false
S-fa05d7,A-180abf,active,Basic,Enterprise,64,1216,14592,true,false,monthly,true,2024-07-10,2024-11-09,false
S-5a6941,A-4a267b,active,Pro,Enterprise,25,1225,14700,true,false,monthly,true,2024-09-22,2024-09-22,false
S-6da42f,A-039727,active,Pro,Enterprise,25,1225,14700,true,false,monthly,true,2024-11-30,2024-12-06,false
S-8db104,A-4a267b,active,Pro,Enterprise,25,1225,14700,true,false,monthly,true,2024-10-18,2024-11-06,false
S-0a15fa,A-bb1eaa,active,Pro,Enterprise,25,1225,14700,true,false,annual,true,2024-12-12,2999-12-31,true
S-f00f7e,A-35083d,active,Pro,Enterprise,25,1225,14700,true,false,monthly,true,2024-09-09,2024-10-17,false
S-b81c82,A-9289f6,active,Pro,Enterprise,25,1225,14700,true,false,annual,false,2024-12-17,2999-12-31,true
S-9a065e,A-92a3af,active,Pro,Enterprise,25,1225,14700,true,false,monthly,true,2024-11-24,2999-12-31,true
S-53b07a,A-b07b56,active,Pro,Enterprise,25,1225,14700,true,false,annual,true,2024-12-08,2024-12-16,false
S-b18409,A-92a3af,active,Pro,Enterprise,25,1225,14700,true,false,monthly,true,2024-10-26,2024-10-30,false
S-77ba64,A-bd4513,active,Basic,Enterprise,66,1254,15048,true,false,annual,true,2024-11-16,2024-11-27,false
S-384681,A-e08cd3,active,Basic,Enterprise,67,1273,15276,true,false,annual,true,2024-12-25,2999-12-31,true
S-8055fa,A-09540c,active,Basic,Enterprise,67,1273,15276,true,false,monthly,true,2024-08-03,2024-08-04,false
S-ec56f3,A-92a333,active,Basic,Enterprise,67,1273,15276,true,false,monthly,true,2024-07-03,2024-07-04,false
S-f3e5f9,A-a09355,active,Pro,Enterprise,26,1274,15288,true,false,monthly,true,2024-12-09,2024-12-29,false
S-9be237,A-a6d261,active,Pro,Enterprise,26,1274,15288,true,false,annual,true,2024-09-20,2024-11-19,false
S-d1527e,A-956988,active,Pro,Enterprise,26,1274,15288,true,false,annual,true,2024-12-07,2024-12-13,false
S-a707da,A-67be94,active,Pro,Enterprise,26,1274,15288,true,false,monthly,true,2024-12-18,2999-12-31,true
S-d90f0a,A-e19ff6,active,Pro,Enterprise,26,1274,15288,true,false,monthly,false,2024-10-23,2999-12-31,true
S-31178d,A-b7ef83,active,Pro,Enterprise,26,1274,15288,true,false,annual,true,2024-06-29,2024-06-29,false
S-8a3abd,A-6f8ad2,active,Pro,Enterprise,26,1274,15288,true,false,annual,true,2024-08-23,2024-08-26,false
S-69362d,A-a865bd,active,Basic,Enterprise,68,1292,15504,true,false,annual,true,2024-04-26,2024-05-22,false
S-a54f87,A-756192,active,Basic,Enterprise,68,1292,15504,true,false,annual,true,2024-08-11,2024-09-28,false
S-7ccc38,A-2d1036,active,Basic,Enterprise,69,1311,15732,true,false,annual,false,2024-07-13,2024-07-16,false
S-b23d8d,A-2d1036,active,Basic,Enterprise,69,1311,15732,true,false,annual,true,2024-11-21,2024-12-16,false
S-a1d6ad,A-eafc6e,active,Pro,Enterprise,27,1323,15876,true,false,monthly,true,2024-09-01,2024-09-28,false
S-3f0fb6,A-016043,active,Pro,Enterprise,27,1323,15876,true,false,annual,false,2024-10-20,2024-11-23,false
S-d57a67,A-2446e3,active,Pro,Enterprise,27,1323,15876,true,false,monthly,true,2024-07-14,2024-09-02,false
S-b69fa2,A-029f69,active,Pro,Enterprise,27,1323,15876,true,false,monthly,false,2024-09-09,2024-09-14,false
S-90dd19,A-297a2d,active,Pro,Enterprise,27,1323,15876,true,false,annual,true,2024-03-04,2024-08-29,false
S-fb0905,A-09316c,active,Basic,Enterprise,70,1330,15960,true,false,annual,true,2024-12-10,2024-12-29,false
S-f9df40,A-956988,active,Basic,Enterprise,70,1330,15960,true,false,annual,true,2024-12-05,2024-12-05,false
S-2a928c,A-fa3095,active,Basic,Enterprise,70,1330,15960,true,false,monthly,true,2024-12-16,2024-12-18,false
S-39a5a7,A-09316c,active,Basic,Enterprise,70,1330,15960,true,false,monthly,true,2024-09-22,2024-09-23,false
S-615487,A-fa3095,active,Basic,Enterprise,70,1330,15960,true,false,annual,true,2024-05-16,2024-06-04,false
S-f497df,A-751c58,active,Basic,Enterprise,71,1349,16188,true,false,annual,true,2024-12-21,2999-12-31,true
S-7f9ce5,A-00bed1,active,Pro,Enterprise,28,1372,16464,true,false,monthly,true,2024-07-20,2024-08-06,false
S-42fb01,A-bece89,active,Pro,Enterprise,28,1372,16464,true,false,monthly,true,2024-02-08,2024-03-03,false
S-fe2139,A-0f6450,active,Pro,Enterprise,28,1372,16464,true,false,monthly,true,2024-12-28,2024-12-29,false
S-6cff51,A-c37601,active,Pro,Enterprise,28,1372,16464,true,false,annual,true,2024-12-23,2024-12-24,false
S-e753fa,A-a6d261,active,Pro,Enterprise,28,1372,16464,true,false,annual,true,2024-02-06,2024-02-25,false
S-4cd678,A-40de06,active,Pro,Enterprise,28,1372,16464,true,false,monthly,false,2024-03-24,2024-05-17,false
S-cf2b4a,A-9f9299,active,Pro,Enterprise,28,1372,16464,true,false,monthly,true,2023-11-30,2024-03-09,false
S-e36786,A-5b1bcd,active,Basic,Enterprise,73,1387,16644,true,false,monthly,true,2024-01-10,2024-01-20,false
S-154119,A-3d957b,active,Basic,Enterprise,73,1387,16644,true,false,monthly,true,2024-08-30,2024-10-16,false
S-127844,A-f446b6,active,Enterprise,Enterprise,7,1393,16716,false,false,monthly,true,2024-02-11,2024-04-17,false
S-f783b6,A-2d4502,active,Enterprise,Enterprise,7,1393,16716,false,false,monthly,true,2024-08-31,2024-09-04,false
S-925f82,A-c7e58b,active,Enterprise,Enterprise,7,1393,16716,false,false,annual,false,2024-07-08,2024-07-15,false
S-14a685,A-692f18,active,Enterprise,Enterprise,7,1393,16716,false,false,monthly,false,2024-07-29,2024-08-05,false
S-e60f46,A-eb7fac,active,Enterprise,Enterprise,7,1393,16716,false,false,annual,true,2024-03-30,2024-05-24,false
S-413a1d,A-7df7a7,active,Enterprise,Enterprise,7,1393,16716,false,false,monthly,true,2024-05-25,2024-11-04,false
S-bc1457,A-69b156,active,Enterprise,Enterprise,7,1393,16716,false,false,annual,true,2024-10-06,2024-10-12,false
S-78cb5f,A-9badbd,active,Enterprise,Enterprise,7,1393,16716,false,false,monthly,true,2024-12-07,2024-12-21,false
S-812d97,A-249769,active,Pro,Enterprise,19,1393,16716,true,false,annual,true,2024-08-24,2024-08-28,false
S-7b3464,A-c16101,active,Enterprise,Enterprise,7,1393,16716,false,false,annual,false,2024-09-17,2024-09-23,false
S-0b46b0,A-de24d5,active,Enterprise,Enterprise,7,1393,16716,false,false,monthly,true,2024-11-19,2024-12-06,false
S-783131,A-51ec1b,active,Enterprise,Enterprise,7,1393,16716,false,false,annual,true,2024-10-03,2024-10-20,false
S-52b74f,A-249769,active,Enterprise,Enterprise,7,1393,16716,false,false,annual,true,2024-08-11,2024-08-24,false
S-bf6d7b,A-8b25f2,active,Pro,Enterprise,29,1421,17052,true,false,annual,true,2024-12-08,2024-12-15,false
S-3c4cae,A-ccb686,active,Pro,Enterprise,29,1421,17052,true,false,annual,true,2024-10-06,2024-12-06,false
S-b91501,A-ce66f8,active,Pro,Enterprise,29,1421,17052,true,false,annual,true,2024-07-19,2024-07-27,false
S-559e85,A-53f4e3,active,Pro,Enterprise,29,1421,17052,true,false,monthly,true,2024-12-22,2999-12-31,true
S-89d586,A-970c97,active,Pro,Enterprise,29,1421,17052,true,false,annual,true,2024-11-02,2024-11-04,false
S-8e602b,A-a33200,active,Pro,Enterprise,29,1421,17052,true,false,monthly,false,2024-10-26,2024-11-16,false
S-7e44b0,A-a33200,active,Pro,Enterprise,29,1421,17052,true,false,annual,false,2024-10-14,2024-10-14,false
S-7134c2,A-544d0a,active,Pro,Enterprise,29,1421,17052,true,false,annual,false,2024-09-02,2024-09-24,false
S-3e5a20,A-eafc6e,active,Basic,Enterprise,76,1444,17328,true,false,monthly,false,2024-07-17,2024-08-16,false
S-214edb,A-558c72,active,Basic,Enterprise,77,1463,17556,true,false,monthly,true,2024-06-25,2024-10-10,false
S-d07886,A-0dbdc6,active,Pro,Enterprise,30,1470,17640,true,false,annual,true,2024-07-02,2024-10-25,false
S-772ef0,A-c7ffc2,active,Pro,Enterprise,30,1470,17640,true,false,annual,true,2024-02-25,2024-03-12,false
S-19858e,A-92a3af,active,Pro,Enterprise,30,1470,17640,true,false,annual,true,2024-09-17,2024-09-18,false
S-a63da6,A-157070,active,Pro,Enterprise,30,1470,17640,true,false,monthly,false,2024-09-10,2024-09-18,false
S-9f9dfe,A-c62e55,active,Pro,Enterprise,30,1470,17640,true,false,monthly,true,2024-11-28,2024-12-31,false
S-06fb6f,A-50bb9f,active,Pro,Enterprise,30,1470,17640,true,false,annual,true,2024-11-05,2024-12-24,false
S-19950d,A-f9cc74,active,Pro,Enterprise,30,1470,17640,true,false,annual,false,2024-10-28,2024-10-30,false
S-d9d52b,A-22d9d2,active,Pro,Enterprise,30,1470,17640,true,false,annual,true,2024-08-09,2024-10-14,false
S-55a520,A-726cfa,active,Pro,Enterprise,30,1470,17640,true,false,monthly,true,2023-08-26,2023-09-07,false
S-466093,A-883b7d,active,Basic,Enterprise,78,1482,17784,true,false,annual,true,2024-08-17,2024-08-19,false
S-648e54,A-993085,active,Pro,Enterprise,31,1519,18228,true,false,monthly,true,2024-06-28,2024-08-17,false
S-3f2b4c,A-855a48,active,Pro,Enterprise,31,1519,18228,true,false,annual,true,2024-02-27,2024-03-02,false
S-491216,A-b7ef83,active,Pro,Enterprise,31,1519,18228,true,false,annual,true,2024-09-16,2024-09-18,false
S-06c096,A-eb2fdc,active,Pro,Enterprise,31,1519,18228,true,false,annual,true,2024-11-02,2024-11-07,false
S-d0913e,A-eb2fdc,active,Pro,Enterprise,31,1519,18228,true,false,monthly,true,2024-11-14,2024-12-19,false
S-b3071c,A-cab532,active,Pro,Enterprise,31,1519,18228,true,false,monthly,true,2023-11-03,2024-02-16,false
S-c9d323,A-3a7284,active,Pro,Enterprise,31,1519,18228,true,false,monthly,true,2024-12-12,2024-12-15,false
S-fae334,A-d3c88e,active,Pro,Enterprise,31,1519,18228,true,false,monthly,false,2024-12-03,2024-12-10,false
S-e3903e,A-6da850,active,Pro,Enterprise,31,1519,18228,true,false,annual,true,2024-10-16,2024-11-10,false
S-eccbe0,A-e3bd71,active,Pro,Enterprise,31,1519,18228,true,false,annual,false,2024-12-07,2999-12-31,true
S-ff5ff8,A-eb2fdc,active,Pro,Enterprise,31,1519,18228,true,false,annual,true,2024-05-25,2024-05-31,false
S-76b43f,A-b48f73,active,Basic,Enterprise,80,1520,18240,true,false,monthly,true,2024-12-26,2024-12-27,false
S-89e98a,A-c222ab,active,Pro,Enterprise,32,1568,18816,true,false,monthly,true,2024-12-27,2999-12-31,true
S-3a57be,A-05f0e5,active,Pro,Enterprise,32,1568,18816,true,false,monthly,true,2024-05-15,2024-06-11,false
S-c58ed5,A-9289f6,active,Pro,Enterprise,32,1568,18816,true,false,annual,true,2024-04-08,2024-09-15,false
S-1bf697,A-acb7f7,active,Pro,Enterprise,32,1568,18816,true,false,monthly,true,2024-08-31,2024-10-13,false
S-eed91a,A-22d9d2,active,Pro,Enterprise,32,1568,18816,true,false,monthly,true,2024-12-17,2024-12-20,false
S-5e7357,A-9f9299,active,Pro,Enterprise,32,1568,18816,true,false,monthly,true,2024-07-07,2024-07-08,false
S-eed91a2,A-22d9d2,churned,Pro,Enterprise,32,1568,18816,true,false,monthly,true,2024-12-20,2999-12-31,true
S-afea79,A-05f0e5,active,Pro,Enterprise,32,1568,18816,true,false,annual,false,2024-08-16,2024-10-22,false
S-2d51ca,A-96e141,active,Pro,Enterprise,32,1568,18816,true,false,monthly,true,2023-12-05,2024-03-28,false
S-aad754,A-902ef7,active,Basic,Enterprise,83,1577,18924,true,false,annual,true,2024-11-07,2024-11-23,false
S-585c3b,A-cc1d8d,active,Pro,Enterprise,6,1592,19104,true,false,annual,true,2024-12-13,2024-12-14,false
S-aff55c,A-bb2f49,active,Pro,Enterprise,8,1592,19104,true,false,monthly,true,2024-01-14,2024-02-16,false
S-3660bb,A-474ad4,active,Enterprise,Enterprise,10,1592,19104,false,false,monthly,false,2024-12-14,2024-12-29,false
S-7717d6,A-378b99,active,Enterprise,Enterprise,32,1592,19104,false,false,monthly,true,2024-12-02,2024-12-05,false
S-7c727c,A-adc1f3,active,Enterprise,Enterprise,8,1592,19104,false,false,annual,false,2024-08-28,2024-09-04,false
S-b33593,A-7641d3,active,Pro,Enterprise,11,1592,19104,true,false,monthly,false,2023-10-02,2024-03-11,false
S-dabcd2,A-3ce5b8,active,Pro,Enterprise,28,1592,19104,true,false,monthly,true,2024-09-22,2024-09-30,false
S-8def89,A-cbd1a3,active,Enterprise,Enterprise,8,1592,19104,false,false,annual,true,2024-11-27,2024-11-29,false
S-bbdf5c,A-b7ef83,active,Enterprise,Enterprise,8,1592,19104,false,false,monthly,true,2024-06-21,2024-06-29,false
S-826d19,A-5790f4,active,Enterprise,Enterprise,8,1592,19104,false,false,annual,true,2024-12-26,2024-12-26,false
S-b59bff,A-cea1f0,active,Enterprise,Enterprise,8,1592,19104,false,false,annual,false,2024-12-27,2999-12-31,true
S-8a9db8,A-474ad4,active,Enterprise,Enterprise,8,1592,19104,false,false,annual,true,2024-11-30,2024-12-14,false
S-cbe349,A-e89151,active,Enterprise,Enterprise,8,1592,19104,false,false,annual,false,2024-02-16,2024-03-28,false
S-a3927a,A-378b99,active,Enterprise,Enterprise,8,1592,19104,false,false,annual,true,2024-12-02,2024-12-02,false
S-329a60,A-c16cf7,active,Basic,Enterprise,84,1596,19152,true,false,annual,true,2024-10-24,2024-10-27,false
S-c15f06,A-82d8a6,active,Pro,Enterprise,33,1617,19404,true,false,monthly,true,2024-12-27,2024-12-28,false
S-b18ae9,A-b78bf8,active,Pro,Enterprise,33,1617,19404,true,false,monthly,true,2024-12-14,2024-12-18,false
S-9a8d01,A-751c58,active,Pro,Enterprise,33,1617,19404,true,false,monthly,false,2024-08-30,2024-09-09,false
S-c9199e,A-d4ac0e,active,Pro,Enterprise,33,1617,19404,true,false,annual,true,2024-11-01,2024-11-29,false
S-5a94f7,A-328bd0,active,Pro,Enterprise,33,1617,19404,true,false,monthly,true,2023-09-26,2023-10-11,false
S-75e469,A-b78bf8,active,Pro,Enterprise,33,1617,19404,true,false,monthly,true,2024-12-28,2999-12-31,true
S-c17a35,A-1ac5e0,active,Pro,Enterprise,33,1617,19404,true,false,monthly,false,2024-11-25,2024-11-29,false
S-6b977f,A-7988d1,active,Pro,Enterprise,33,1617,19404,true,false,monthly,false,2024-08-25,2024-09-28,false
S-a9b8a2,A-b78bf8,active,Pro,Enterprise,33,1617,19404,true,false,annual,true,2024-11-25,2024-12-04,false
S-d8fa45,A-5a215a,active,Basic,Enterprise,87,1653,19836,true,false,monthly,true,2024-10-18,2024-10-23,false
S-1630dd,A-fda07f,active,Pro,Enterprise,34,1666,19992,true,false,annual,true,2024-09-14,2024-09-22,false
S-6eb56d,A-10b8da,active,Pro,Enterprise,34,1666,19992,true,false,monthly,true,2024-09-14,2999-12-31,true
S-e7b281,A-86902e,active,Pro,Enterprise,34,1666,19992,true,false,monthly,true,2024-05-05,2024-06-22,false
S-fef85a,A-7f8241,active,Pro,Enterprise,34,1666,19992,true,false,annual,true,2024-08-06,2024-10-12,false
S-35a22f,A-b07b56,active,Pro,Enterprise,34,1666,19992,true,false,annual,true,2024-12-19,2024-12-21,false
S-467918,A-396e5f,active,Pro,Enterprise,34,1666,19992,true,false,monthly,false,2024-12-19,2999-12-31,true
S-07abdd,A-f19409,active,Pro,Enterprise,34,1666,19992,true,false,annual,true,2023-09-26,2024-04-08,false
S-21bd25,A-7f8241,active,Pro,Enterprise,34,1666,19992,true,false,monthly,true,2023-07-16,2023-08-05,false
S-21bd9b,A-65a46c,active,Pro,Enterprise,35,1715,20580,true,false,annual,true,2024-12-24,2999-12-31,true
S-3199cf,A-068fc6,active,Pro,Enterprise,35,1715,20580,true,false,monthly,true,2024-07-20,2024-10-14,false
S-478ae9,A-e4bf56,active,Pro,Enterprise,35,1715,20580,true,false,monthly,false,2024-11-26,2024-12-02,false
S-f690b4,A-dfbd31,active,Pro,Enterprise,35,1715,20580,true,false,annual,true,2024-12-04,2024-12-09,false
S-515485,A-f3ff05,active,Pro,Enterprise,35,1715,20580,true,false,monthly,true,2024-09-21,2024-10-07,false
S-80632f,A-068fc6,active,Pro,Enterprise,35,1715,20580,true,false,monthly,false,2024-07-06,2024-07-13,false
S-1319ac,A-e3bd71,active,Basic,Enterprise,91,1729,20748,true,false,annual,true,2024-06-02,2024-06-21,false
S-a0c741,A-40906c,active,Basic,Enterprise,92,1748,20976,true,false,monthly,false,2024-06-19,2024-06-21,false
S-79c82e,A-40906c,active,Basic,Enterprise,92,1748,20976,true,false,monthly,true,2024-09-11,2024-09-28,false
S-ea66df,A-712533,active,Pro,Enterprise,36,1764,21168,true,false,monthly,true,2024-10-01,2024-10-26,false
S-409291,A-3932db,active,Pro,Enterprise,36,1764,21168,true,false,annual,true,2024-10-29,2024-11-29,false
S-2aaa9c,A-4c38bc,active,Pro,Enterprise,36,1764,21168,true,false,monthly,true,2024-12-10,2024-12-27,false
S-ef2a21,A-427b69,active,Pro,Enterprise,36,1764,21168,true,false,annual,true,2024-11-28,2024-11-30,false
S-8106d9,A-3a5ad8,active,Pro,Enterprise,36,1764,21168,true,false,monthly,false,2024-11-06,2024-11-19,false
S-68565b,A-5c046d,active,Basic,Enterprise,93,1767,21204,true,false,annual,false,2024-12-02,2024-12-02,false
S-dafec3,A-684255,active,Enterprise,Enterprise,9,1791,21492,false,false,annual,false,2024-09-09,2024-10-17,false
S-673c51,A-b7ef83,active,Enterprise,Enterprise,9,1791,21492,false,false,monthly,false,2024-09-14,2024-09-16,false
S-a3129d,A-712426,active,Enterprise,Enterprise,18,1791,21492,false,false,annual,true,2024-12-07,2024-12-08,false
S-aadf83,A-700ade,active,Enterprise,Enterprise,9,1791,21492,false,false,annual,true,2024-11-20,2024-11-25,false
S-89d7b0,A-fe79a5,active,Enterprise,Enterprise,9,1791,21492,false,false,annual,true,2024-06-03,2024-09-06,false
S-7576bd,A-354f12,active,Enterprise,Enterprise,9,1791,21492,false,false,annual,true,2024-10-18,2024-11-08,false
S-9cca23,A-3a5ad8,active,Enterprise,Enterprise,9,1791,21492,false,false,monthly,true,2024-12-20,2024-12-25,false
S-ae355b,A-378b99,active,Enterprise,Enterprise,9,1791,21492,false,false,annual,true,2024-11-08,2024-12-02,false
S-606747,A-65aeb5,active,Enterprise,Enterprise,9,1791,21492,false,false,monthly,true,2024-08-04,2024-08-19,false
S-49b0da,A-fe79a5,active,Enterprise,Enterprise,9,1791,21492,false,false,annual,true,2024-11-14,2024-12-04,false
S-0b2faf,A-c45b23,active,Basic,Enterprise,15,1791,21492,true,false,monthly,true,2024-07-05,2024-07-31,false
S-c87391,A-fe79a5,active,Pro,Enterprise,9,1791,21492,true,false,monthly,true,2024-12-08,2024-12-26,false
S-7e1791,A-a6d261,active,Enterprise,Enterprise,9,1791,21492,false,false,annual,true,2024-05-09,2024-06-08,false
S-79a9e1,A-3a5ad8,active,Enterprise,Enterprise,22,1791,21492,false,false,annual,true,2024-12-25,2999-12-31,true
S-83dc0a,A-f44180,active,Enterprise,Enterprise,9,1791,21492,false,false,annual,true,2023-08-31,2023-10-17,false
S-f932c0,A-1b7577,active,Basic,Enterprise,14,1791,21492,true,false,annual,true,2024-11-02,2024-11-14,false
S-d2e00a,A-4c56c9,active,Enterprise,Enterprise,9,1791,21492,false,false,monthly,true,2024-09-17,2024-11-14,false
S-0d6ea4,A-f44180,active,Enterprise,Enterprise,9,1791,21492,false,false,monthly,false,2023-12-27,2024-06-17,false
S-beff12,A-f44180,active,Enterprise,Enterprise,9,1791,21492,false,false,monthly,true,2023-10-17,2023-12-27,false
S-90432a,A-fe79a5,active,Enterprise,Enterprise,9,1791,21492,false,false,annual,false,2024-12-04,2024-12-08,false
S-ce5636,A-4c56c9,active,Basic,Enterprise,30,1791,21492,true,false,annual,true,2024-11-14,2024-11-29,false
S-4b26c5,A-f45426,active,Enterprise,Enterprise,9,1791,21492,false,false,monthly,true,2024-09-27,2024-10-18,false
S-a25ed2,A-65aeb5,active,Enterprise,Enterprise,9,1791,21492,false,false,monthly,true,2024-08-19,2024-08-23,false
S-ea3c2c,A-d792a6,active,Enterprise,Enterprise,9,1791,21492,false,false,monthly,true,2023-05-31,2023-08-01,false
S-8b4074,A-d922bf,active,Enterprise,Enterprise,9,1791,21492,false,false,annual,true,2024-12-10,2999-12-31,true
S-6ed77d,A-fe79a5,active,Enterprise,Enterprise,9,1791,21492,false,false,monthly,true,2024-05-22,2024-06-03,false
S-26bf58,A-65a46c,active,Pro,Enterprise,37,1813,21756,true,false,monthly,true,2024-05-05,2024-08-10,false
S-70c734,A-bd4708,active,Pro,Enterprise,37,1813,21756,true,false,annual,true,2024-09-05,2024-09-15,false
S-91419b,A-94c3cd,active,Pro,Enterprise,37,1813,21756,true,false,annual,false,2024-07-19,2024-08-07,false
S-da164e,A-9174e0,active,Pro,Enterprise,37,1813,21756,true,false,monthly,true,2024-12-21,2024-12-21,false
S-a102aa,A-ccc747,active,Pro,Enterprise,37,1813,21756,true,false,monthly,false,2024-06-24,2024-07-14,false
S-e9dc6e,A-4437e4,active,Pro,Enterprise,38,1862,22344,true,false,annual,true,2024-08-15,2024-08-16,false
S-66ffe0,A-625d0b,active,Pro,Enterprise,38,1862,22344,true,false,monthly,true,2024-11-21,2024-11-22,false
S-c97464,A-f5641b,active,Pro,Enterprise,38,1862,22344,true,false,monthly,false,2024-10-16,2024-11-30,false
S-799da2,A-95b24a,active,Pro,Enterprise,38,1862,22344,true,false,monthly,true,2024-06-27,2024-06-28,false
S-041534,A-4e0e85,active,Pro,Enterprise,38,1862,22344,true,false,monthly,true,2024-06-06,2024-07-19,false
S-6e81f5,A-bece89,active,Pro,Enterprise,38,1862,22344,true,false,annual,true,2024-10-18,2999-12-31,true
S-71827b2,A-65c341,churned,Pro,Enterprise,39,1911,22932,true,false,monthly,true,2024-11-23,2999-12-31,true
S-ee956d,A-96bbc6,active,Pro,Enterprise,39,1911,22932,true,false,annual,true,2024-09-01,2024-09-08,false
S-a6820d,A-96bbc6,active,Pro,Enterprise,39,1911,22932,true,false,annual,false,2024-12-12,2024-12-25,false
S-3b43b5,A-7920cc,active,Pro,Enterprise,39,1911,22932,true,false,annual,true,2024-06-18,2024-07-04,false
S-71827b,A-65c341,active,Pro,Enterprise,39,1911,22932,true,false,monthly,true,2024-11-15,2024-11-23,false
S-7151d9,A-eb7c38,active,Basic,Enterprise,102,1938,23256,true,false,annual,true,2024-04-12,2024-04-23,false
S-4e563b,A-10b8f2,active,Basic,Enterprise,103,1957,23484,true,false,annual,true,2024-04-26,2024-08-15,false
S-40d3aa,A-9badbd,active,Basic,Enterprise,103,1957,23484,true,false,monthly,true,2024-08-22,2024-08-28,false
S-fcbe5a,A-e19ff6,active,Pro,Enterprise,40,1960,23520,true,false,annual,true,2024-10-04,2024-10-05,false
S-1b4be3,A-b44e3e,active,Pro,Enterprise,40,1960,23520,true,false,annual,true,2024-04-15,2024-04-17,false
S-5cb8a6,A-9779ad,active,Pro,Enterprise,40,1960,23520,true,false,monthly,false,2024-08-14,2024-09-17,false
S-81b6ee,A-e1b9cd,active,Pro,Enterprise,40,1960,23520,true,false,annual,false,2023-11-25,2024-01-03,false
S-374511,A-e89151,active,Enterprise,Enterprise,10,1990,23880,false,false,monthly,true,2024-04-01,2024-04-15,false
S-94009b,A-9f0b68,active,Enterprise,Enterprise,10,1990,23880,false,false,annual,true,2024-10-08,2024-10-16,false
S-2852dd,A-e51ec7,active,Enterprise,Enterprise,10,1990,23880,false,false,monthly,true,2024-12-19,2999-12-31,true
S-d0eeb2,A-fce879,active,Pro,Enterprise,45,1990,23880,true,false,monthly,true,2024-10-18,2024-10-27,false
S-b2d472,A-bcf87c,active,Enterprise,Enterprise,10,1990,23880,false,false,annual,false,2024-08-27,2024-10-25,false
S-0a9660,A-c7e58b,active,Enterprise,Enterprise,10,1990,23880,false,false,monthly,true,2024-04-04,2024-07-08,false
S-5d532c,A-cd458b,active,Enterprise,Enterprise,10,1990,23880,false,false,monthly,true,2024-12-26,2999-12-31,true
S-5b322c,A-1f0636,active,Basic,Enterprise,105,1995,23940,true,false,annual,true,2024-07-27,2024-09-02,false
S-f6cd70,A-2ebb4b,active,Pro,Enterprise,41,2009,24108,true,false,annual,true,2023-10-14,2023-11-02,false
S-ae1278,A-2ebb4b,active,Pro,Enterprise,41,2009,24108,true,false,monthly,true,2024-07-02,2024-12-10,false
S-f94b9b,A-82861f,active,Pro,Enterprise,41,2009,24108,true,false,annual,true,2024-10-16,2024-11-19,false
S-38bf32,A-ed510f,active,Pro,Enterprise,42,2058,24696,true,false,annual,true,2024-01-24,2024-04-09,false
S-9ce22d,A-726cfa,active,Pro,Enterprise,42,2058,24696,true,false,monthly,true,2024-08-10,2024-09-06,false
S-2b2fa8,A-ed510f,active,Pro,Enterprise,42,2058,24696,true,false,annual,true,2024-05-16,2024-09-18,false
S-fb10b8,A-5a92e7,active,Pro,Enterprise,43,2107,25284,true,false,annual,true,2024-07-15,2024-07-22,false
S-53e028,A-fdfc91,active,Basic,Enterprise,111,2109,25308,true,false,monthly,true,2024-09-14,2999-12-31,true
S-d031a4,A-cdf020,active,Pro,Enterprise,44,2156,25872,true,false,monthly,true,2024-10-09,2999-12-31,true
S-f2537d,A-e43bf7,active,Pro,Enterprise,44,2156,25872,true,false,monthly,true,2024-01-24,2024-02-26,false
S-26da35,A-d27f50,active,Pro,Enterprise,44,2156,25872,true,false,annual,true,2024-12-09,2024-12-19,false
S-46526e,A-39ddf4,active,Pro,Enterprise,44,2156,25872,true,false,annual,false,2024-12-10,2024-12-20,false
S-f6f97e,A-02cd81,active,Pro,Enterprise,44,2156,25872,true,false,annual,true,2024-06-29,2024-07-16,false
S-6ba608,A-e7beab,active,Enterprise,Enterprise,11,2189,26268,false,false,monthly,true,2023-12-15,2024-01-05,false
S-0c91c4,A-2789e3,active,Enterprise,Enterprise,11,2189,26268,false,false,annual,true,2024-10-11,2024-10-14,false
S-2971ae,A-9c18c4,active,Enterprise,Enterprise,11,2189,26268,false,false,monthly,true,2024-10-13,2999-12-31,true
S-b526e3,A-9c18c4,active,Enterprise,Enterprise,11,2189,26268,false,false,annual,true,2024-09-07,2024-10-13,false
S-ed1026,A-9a532a,active,Enterprise,Enterprise,11,2189,26268,false,false,annual,true,2024-09-21,2024-09-28,false
S-dc28c6,A-e7beab,active,Enterprise,Enterprise,58,2189,26268,false,false,monthly,true,2024-01-05,2024-03-16,false
S-003fc0,A-65c341,active,Basic,Enterprise,11,2189,26268,true,false,annual,true,2024-10-03,2024-10-05,false
S-36d5c9,A-54ecc2,active,Enterprise,Enterprise,11,2189,26268,false,false,monthly,true,2023-09-16,2023-11-26,false
S-aa78ed,A-6e08f3,active,Pro,Enterprise,18,2189,26268,true,false,monthly,false,2024-02-29,2024-05-09,false
S-91ec54,A-331424,active,Pro,Enterprise,11,2189,26268,true,false,monthly,false,2024-11-04,2999-12-31,true
S-55834e,A-4437e4,active,Pro,Enterprise,4,2189,26268,true,false,annual,true,2024-08-30,2024-10-12,false
S-632acf,A-331424,active,Enterprise,Enterprise,11,2189,26268,false,false,monthly,true,2024-08-28,2024-11-04,false
S-9cd745,A-cab532,active,Enterprise,Enterprise,11,2189,26268,false,false,monthly,true,2023-07-24,2023-11-03,false
S-d3efa2,A-a1bbb6,active,Enterprise,Enterprise,11,2189,26268,false,false,monthly,true,2023-12-21,2024-02-26,false
S-ede33a,A-202b67,active,Enterprise,Enterprise,11,2189,26268,false,false,annual,true,2024-07-07,2024-07-18,false
S-92f78a,A-6e08f3,active,Enterprise,Enterprise,11,2189,26268,false,false,monthly,true,2024-02-22,2024-02-29,false
S-4893cd,A-9c18c4,active,Enterprise,Enterprise,11,2189,26268,false,false,monthly,true,2023-12-26,2024-03-03,false
S-c23126,A-a45270,active,Enterprise,Enterprise,11,2189,26268,false,false,annual,false,2024-10-31,2024-11-15,false
S-f71904,A-9a532a,active,Basic,Enterprise,62,2189,26268,true,false,monthly,true,2024-09-28,2024-10-18,false
S-163e9d,A-ccabf0,active,Enterprise,Enterprise,11,2189,26268,false,false,annual,true,2024-03-03,2024-05-21,false
S-b2d7c6,A-c9bb3e,active,Enterprise,Enterprise,28,2189,26268,false,false,monthly,true,2024-08-20,2024-09-13,false
S-658f5f,A-716841,active,Pro,Enterprise,45,2205,26460,true,false,monthly,true,2024-05-27,2024-09-20,false
S-5521a1,A-b7b7b7,active,Pro,Enterprise,45,2205,26460,true,false,annual,true,2024-11-04,2024-11-12,false
S-128f55,A-751c58,active,Pro,Enterprise,45,2205,26460,true,false,annual,true,2024-09-16,2024-09-20,false
S-cbf8e8,A-d4e0d4,active,Basic,Enterprise,117,2223,26676,true,false,monthly,true,2024-11-23,2024-11-30,false
S-6bf118,A-50f3f7,active,Basic,Enterprise,117,2223,26676,true,false,monthly,true,2024-11-06,2024-11-09,false
S-62af97,A-05f0e5,active,Pro,Enterprise,46,2254,27048,true,false,annual,false,2023-06-30,2023-10-18,false
S-c58b17,A-e1462e,active,Pro,Enterprise,46,2254,27048,true,false,annual,true,2024-07-07,2024-10-06,false
S-17bbdd,A-bcbe98,active,Pro,Enterprise,46,2254,27048,true,false,annual,true,2024-11-18,2024-11-20,false
S-c14566,A-313be3,active,Pro,Enterprise,47,2303,27636,true,false,annual,true,2023-12-11,2024-01-31,false
S-0b80b4,A-659280,active,Pro,Enterprise,47,2303,27636,true,false,annual,true,2024-02-08,2024-02-15,false
S-0eff34,A-b2225d,active,Pro,Enterprise,47,2303,27636,true,false,monthly,false,2024-08-04,2024-08-18,false
S-de3416,A-0dbdc6,active,Pro,Enterprise,47,2303,27636,true,false,annual,true,2024-12-15,2999-12-31,true
S-14d060,A-bcf664,active,Pro,Enterprise,47,2303,27636,true,false,annual,true,2024-12-12,2999-12-31,true
S-a3a1c1,A-f25509,active,Pro,Enterprise,47,2303,27636,true,false,monthly,true,2024-10-02,2024-12-26,false
S-04ec2f,A-faa28c,active,Pro,Enterprise,48,2352,28224,true,false,annual,true,2024-02-11,2024-02-15,false
S-92dbcc,A-faa28c,active,Pro,Enterprise,48,2352,28224,true,false,monthly,true,2024-12-25,2999-12-31,true
S-a80c62,A-bad8c1,active,Enterprise,Enterprise,12,2388,28656,false,false,monthly,true,2024-02-22,2024-03-21,false
S-d32441,A-781cc0,active,Enterprise,Enterprise,12,2388,28656,false,false,annual,true,2024-09-19,2024-09-24,false
S-e162d0,A-503d5a,active,Basic,Enterprise,19,2388,28656,true,false,monthly,true,2023-12-18,2024-01-24,false
S-16cf6a,A-d792a6,active,Enterprise,Enterprise,12,2388,28656,false,false,annual,true,2023-04-21,2023-05-31,false
S-20152a,A-fabe19,active,Enterprise,Enterprise,33,2388,28656,false,false,annual,false,2024-12-20,2024-12-24,false
S-d5eae3,A-e7a1e2,active,Enterprise,Enterprise,12,2388,28656,false,false,monthly,false,2024-08-09,2024-10-07,false
S-b1e72a,A-adc1f3,active,Enterprise,Enterprise,12,2388,28656,false,false,monthly,true,2024-12-12,2024-12-18,false
S-6a0399,A-df1e44,active,Enterprise,Enterprise,12,2388,28656,false,false,monthly,true,2024-09-08,2024-10-29,false
S-b5e9e7,A-e7a1e2,active,Enterprise,Enterprise,12,2388,28656,false,false,annual,true,2024-10-26,2024-10-28,false
S-1d661c,A-9c18c4,active,Enterprise,Enterprise,12,2388,28656,false,false,annual,true,2023-11-30,2023-12-15,false
S-0f569f,A-781cc0,active,Enterprise,Enterprise,12,2388,28656,false,false,monthly,true,2024-09-18,2024-09-19,false
S-ae9ce7,A-cbd1a3,active,Enterprise,Enterprise,12,2388,28656,false,false,monthly,true,2024-12-09,2024-12-16,false
S-060019,A-d535f6,active,Basic,Enterprise,19,2388,28656,true,false,annual,true,2024-10-18,2024-11-13,false
S-937207,A-8bde0c,active,Enterprise,Enterprise,12,2388,28656,false,false,monthly,true,2024-12-28,2999-12-31,true
S-873a22,A-fabe19,active,Enterprise,Enterprise,12,2388,28656,false,false,monthly,false,2024-12-16,2024-12-20,false
S-bf39f7,A-3793ee,active,Pro,Enterprise,49,2401,28812,true,false,monthly,true,2024-01-24,2024-03-13,false
S-1784ce,A-a0ca4e,active,Pro,Enterprise,49,2401,28812,true,false,annual,true,2024-09-25,2024-10-28,false
S-b1d153,A-3793ee,active,Pro,Enterprise,49,2401,28812,true,false,monthly,true,2023-11-23,2023-11-25,false
S-5d68fb,A-5f2961,active,Pro,Enterprise,49,2401,28812,true,false,annual,true,2024-12-02,2024-12-02,false
S-0da40c,A-6e7827,active,Pro,Enterprise,50,2450,29400,true,false,annual,false,2024-10-23,2024-12-19,false
S-3bb329,A-1e1b80,active,Pro,Enterprise,50,2450,29400,true,false,monthly,true,2024-07-21,2024-09-22,false
S-a9a707,A-71615e,active,Pro,Enterprise,51,2499,29988,true,false,monthly,false,2024-08-24,2024-09-21,false
S-16dc40,A-ce550d,active,Pro,Enterprise,51,2499,29988,true,false,monthly,true,2024-11-16,2024-11-24,false
S-c033fa,A-151c9a,active,Pro,Enterprise,52,2548,30576,true,false,monthly,false,2024-06-26,2999-12-31,true
S-4206eb,A-7df7a7,active,Enterprise,Enterprise,13,2587,31044,false,false,monthly,true,2023-09-07,2023-09-16,false
S-211bc2,A-3b5cd1,active,Enterprise,Enterprise,13,2587,31044,false,false,annual,false,2024-11-24,2024-12-24,false
S-c97604,A-d77f4c,active,Enterprise,Enterprise,13,2587,31044,false,false,annual,true,2024-05-04,2024-07-04,false
S-004eb4,A-ab438f,active,Enterprise,Enterprise,13,2587,31044,false,false,annual,true,2024-12-05,2024-12-11,false
S-55ef07,A-94f8c9,active,Enterprise,Enterprise,13,2587,31044,false,false,annual,true,2024-08-11,2024-10-19,false
S-456d47,A-7da956,active,Enterprise,Enterprise,13,2587,31044,false,false,monthly,true,2024-10-08,2024-10-16,false
S-b7f657,A-019782,active,Enterprise,Enterprise,13,2587,31044,false,false,annual,true,2023-08-28,2023-10-26,false
S-4d1a78,A-7dacce,active,Basic,Enterprise,49,2587,31044,true,false,monthly,true,2024-11-02,2024-11-13,false
S-e42331,A-94f8c9,active,Enterprise,Enterprise,23,2587,31044,false,false,annual,true,2024-07-25,2024-08-02,false
S-525d6b,A-94f8c9,active,Enterprise,Enterprise,13,2587,31044,false,false,monthly,true,2024-04-17,2024-06-26,false
S-2661dc,A-c37cab,active,Pro,Enterprise,20,2587,31044,true,false,monthly,true,2024-08-07,2024-08-10,false
S-85ba19,A-6965e1,active,Enterprise,Enterprise,13,2587,31044,false,false,monthly,true,2024-12-11,2024-12-12,false
S-9b623b,A-712426,active,Enterprise,Enterprise,13,2587,31044,false,false,annual,true,2024-12-08,2024-12-08,false
S-6bc703,A-c37cab,active,Enterprise,Enterprise,13,2587,31044,false,false,monthly,true,2024-08-01,2024-08-07,false
S-bb9299,A-7da956,active,Pro,Enterprise,13,2587,31044,true,false,annual,true,2024-10-16,2024-11-04,false
S-012b26,A-df1e44,active,Enterprise,Enterprise,13,2587,31044,false,false,annual,true,2024-10-29,2024-12-17,false
S-aaf847,A-ffc04f,active,Enterprise,Enterprise,13,2587,31044,false,false,monthly,false,2024-09-19,2024-10-04,false
S-f0e08e,A-69b156,active,Enterprise,Enterprise,13,2587,31044,false,false,monthly,true,2024-09-16,2024-10-06,false
S-1ff580,A-6965e1,active,Enterprise,Enterprise,13,2587,31044,false,false,monthly,false,2024-12-26,2024-12-30,false
S-0bdf55,A-7dacce,active,Enterprise,Enterprise,13,2587,31044,false,false,annual,false,2024-09-18,2024-11-02,false
S-5aaf6f,A-6965e1,active,Enterprise,Enterprise,13,2587,31044,false,false,annual,true,2024-12-12,2024-12-18,false
S-2f8d64,A-ab438f,active,Enterprise,Enterprise,13,2587,31044,false,false,annual,false,2024-11-28,2024-12-05,false
S-cfb246,A-ee42db,active,Basic,Enterprise,13,2587,31044,true,false,annual,true,2024-10-25,2024-12-22,false
S-4b9226,A-798a3f,active,Enterprise,Enterprise,13,2587,31044,false,false,monthly,false,2024-10-11,2999-12-31,true
S-3663bb,A-de24d5,active,Enterprise,Enterprise,5,2587,31044,false,false,monthly,true,2024-12-19,2024-12-26,false
S-6e4c1a,A-94f8c9,active,Enterprise,Enterprise,13,2587,31044,false,false,monthly,true,2024-08-02,2024-08-11,false
S-790762,A-ac85cd,active,Pro,Enterprise,53,2597,31164,true,false,monthly,true,2024-12-24,2024-12-26,false
S-233c23,A-39b19f,active,Pro,Enterprise,54,2646,31752,true,false,monthly,false,2024-05-11,2024-05-17,false
S-f6b264,A-4a4c2d,active,Pro,Enterprise,54,2646,31752,true,false,monthly,false,2024-02-02,2024-02-23,false
S-542c37,A-812c5b,active,Pro,Enterprise,55,2695,32340,true,false,monthly,true,2024-12-27,2999-12-31,true
S-f1fa8b,A-ffc04f,active,Pro,Enterprise,55,2695,32340,true,false,monthly,false,2024-07-31,2024-08-05,false
S-018501,A-a865bd,active,Pro,Enterprise,56,2744,32928,true,false,monthly,false,2024-09-19,2999-12-31,true
S-b45a10,A-313be3,active,Pro,Enterprise,56,2744,32928,true,false,monthly,false,2024-08-14,2024-08-25,false
S-de3170,A-98a59a,active,Pro,Enterprise,56,2744,32928,true,false,annual,true,2024-10-27,2999-12-31,true
S-8b0950,A-dfbd31,active,Enterprise,Enterprise,14,2786,33432,false,false,monthly,false,2024-02-15,2024-04-27,false
S-6b534f,A-08e34e,active,Enterprise,Enterprise,14,2786,33432,false,false,monthly,true,2024-12-31,2999-12-31,true
S-6bfd97,A-016043,active,Enterprise,Enterprise,59,2786,33432,false,false,annual,true,2024-10-16,2024-10-20,false
S-01afa4,A-a09355,active,Enterprise,Enterprise,14,2786,33432,false,false,annual,true,2024-12-05,2024-12-09,false
S-b046ad,A-462d45,active,Basic,Enterprise,61,2786,33432,true,false,monthly,true,2024-09-24,2024-11-25,false
S-683c6b,A-e36807,active,Enterprise,Enterprise,14,2786,33432,false,false,annual,true,2024-11-21,2024-12-17,false
S-358daa,A-39b19f,active,Enterprise,Enterprise,24,2786,33432,false,false,annual,true,2024-09-04,2024-10-03,false
S-f42cc4,A-f44180,active,Enterprise,Enterprise,14,2786,33432,false,false,annual,true,2023-04-10,2023-05-20,false
S-08c8e1,A-31ab9a,active,Enterprise,Enterprise,14,2786,33432,false,false,monthly,true,2024-12-10,2999-12-31,true
S-33df6f,A-0baac2,active,Enterprise,Enterprise,14,2786,33432,false,false,monthly,true,2024-12-11,2024-12-12,false
S-a53eac,A-9077b0,active,Basic,Enterprise,2,2786,33432,true,false,monthly,true,2024-11-18,2024-12-08,false
S-33df6f2,A-0baac2,churned,Enterprise,Enterprise,14,2786,33432,false,false,monthly,true,2024-12-12,2999-12-31,true
S-527b39,A-3d957b,active,Enterprise,Enterprise,14,2786,33432,false,false,monthly,true,2024-08-18,2024-08-30,false
S-c7c366,A-9208f0,active,Enterprise,Enterprise,38,2786,33432,false,false,monthly,true,2023-07-11,2023-08-28,false
S-722103,A-a09355,active,Enterprise,Enterprise,14,2786,33432,false,false,monthly,true,2024-10-27,2024-11-04,false
S-36aedb,A-2bc93d,active,Enterprise,Enterprise,14,2786,33432,false,false,annual,false,2024-09-10,2024-09-11,false
S-0eb2e0,A-970c97,active,Enterprise,Enterprise,14,2786,33432,false,false,monthly,true,2024-03-23,2024-07-13,false
S-f8d74d,A-7641d3,active,Enterprise,Enterprise,14,2786,33432,false,false,monthly,false,2024-05-21,2024-06-18,false
S-5df64f,A-684255,active,Enterprise,Enterprise,14,2786,33432,false,false,annual,true,2024-08-31,2024-09-09,false
S-b8a3b6,A-e7beab,active,Pro,Enterprise,57,2793,33516,true,false,annual,true,2024-07-24,2024-12-08,false
S-0e057d,A-cc98bc,active,Pro,Enterprise,57,2793,33516,true,false,annual,true,2023-06-27,2023-07-09,false
S-101401,A-08e34e,active,Pro,Enterprise,58,2842,34104,true,false,monthly,true,2024-12-05,2024-12-26,false
S-65ae02,A-671f31,active,Pro,Enterprise,59,2891,34692,true,false,annual,true,2024-12-14,2024-12-24,false
S-a2f231,A-1f559b,active,Pro,Enterprise,59,2891,34692,true,false,monthly,false,2024-04-21,2024-06-21,false
S-03a97f,A-f51f16,active,Pro,Enterprise,60,2940,35280,true,false,annual,true,2024-03-15,2024-04-01,false
S-1898b3,A-e1462e,active,Basic,Enterprise,28,2985,35820,true,false,annual,true,2023-07-23,2023-07-27,false
S-02a3aa,A-e2cd1b,active,Basic,Enterprise,15,2985,35820,true,false,annual,true,2024-06-24,2024-07-30,false
S-e66253,A-d5a319,active,Enterprise,Enterprise,15,2985,35820,false,false,annual,true,2024-11-19,2999-12-31,true
S-921f19,A-eb7c38,active,Pro,Enterprise,39,2985,35820,true,false,monthly,true,2024-09-16,2024-09-26,false
S-0ed0cb,A-cc102e,active,Pro,Enterprise,13,2985,35820,true,false,monthly,true,2024-12-11,2024-12-23,false
S-db7a77,A-7df7a7,active,Enterprise,Enterprise,15,2985,35820,false,false,annual,true,2023-12-13,2024-03-04,false
S-115823,A-9f0b68,active,Enterprise,Enterprise,15,2985,35820,false,false,monthly,false,2024-10-02,2024-10-08,false
S-00dea4,A-a6d261,active,Enterprise,Enterprise,15,2985,35820,false,false,monthly,true,2024-01-14,2024-02-06,false
S-2d62ad,A-dcc2f0,active,Enterprise,Enterprise,15,2985,35820,false,false,monthly,true,2023-11-29,2023-12-03,false
S-ca9532,A-309e54,active,Enterprise,Enterprise,15,2985,35820,false,false,annual,true,2024-12-14,2024-12-20,false
S-17fb4d,A-71615e,active,Enterprise,Enterprise,15,2985,35820,false,false,monthly,true,2024-07-04,2024-07-20,false
S-883efd,A-089363,active,Pro,Enterprise,2,2985,35820,true,false,monthly,true,2024-06-09,2024-06-14,false
S-b2409c,A-dcc2f0,active,Enterprise,Enterprise,15,2985,35820,false,false,monthly,true,2024-01-16,2024-03-13,false
S-11d922,A-533452,active,Enterprise,Enterprise,15,2985,35820,false,false,monthly,true,2024-11-28,2024-12-15,false
S-1d7e7f,A-d922bf,active,Enterprise,Enterprise,15,2985,35820,false,false,annual,true,2024-09-01,2024-12-10,false
S-b41269,A-e5d6ab,active,Enterprise,Enterprise,15,2985,35820,false,false,annual,true,2024-03-23,2024-06-27,false
S-1b4693,A-cd458b,active,Enterprise,Enterprise,15,2985,35820,false,false,monthly,true,2024-12-23,2024-12-26,false
S-e4b79e,A-2e3bad,active,Pro,Enterprise,61,2989,35868,true,false,annual,false,2024-01-06,2024-01-14,false
S-d2a604,A-20736a,active,Pro,Enterprise,61,2989,35868,true,false,monthly,true,2024-10-03,2024-10-13,false
S-e2c20a,A-3be56b,active,Pro,Enterprise,62,3038,36456,true,false,monthly,true,2023-12-16,2024-02-01,false
S-58ab69,A-58b9ff,active,Pro,Enterprise,63,3087,37044,true,false,monthly,true,2024-09-27,2024-10-13,false
S-96fb48,A-1f7acb,active,Pro,Enterprise,64,3136,37632,true,false,monthly,true,2024-08-27,2024-09-22,false
S-01990c,A-d62e02,active,Enterprise,Enterprise,16,3184,38208,false,false,monthly,true,2024-11-22,2024-12-02,false
S-9a08ff,A-a1bbb6,active,Enterprise,Enterprise,16,3184,38208,false,false,annual,false,2023-06-07,2023-07-06,false
S-791c64,A-a1b80b,active,Pro,Enterprise,16,3184,38208,true,false,annual,true,2024-11-07,2999-12-31,true
S-6762fa,A-40a557,active,Enterprise,Enterprise,16,3184,38208,false,false,annual,true,2024-02-12,2024-03-24,false
S-98f176,A-05d3b3,active,Basic,Enterprise,55,3184,38208,true,false,annual,true,2023-08-14,2023-09-30,false
S-5e06b2,A-5247b3,active,Pro,Enterprise,16,3184,38208,true,false,monthly,true,2024-04-17,2024-05-11,false
S-b5d3cc,A-d3c88e,active,Enterprise,Enterprise,16,3184,38208,false,false,monthly,true,2024-12-29,2999-12-31,true
S-7785af,A-a1b80b,active,Enterprise,Enterprise,16,3184,38208,false,false,monthly,false,2024-03-28,2024-04-01,false
S-e1fa5b,A-157070,active,Enterprise,Enterprise,16,3184,38208,false,false,monthly,true,2024-12-08,2024-12-18,false
S-92d873,A-e83938,active,Enterprise,Enterprise,13,3184,38208,false,false,monthly,true,2024-04-25,2024-06-26,false
S-9acc7f,A-4437e4,active,Enterprise,Enterprise,16,3184,38208,false,false,monthly,true,2024-07-10,2024-07-20,false
S-966ce7,A-a1b80b,active,Enterprise,Enterprise,16,3184,38208,false,false,annual,true,2024-04-01,2024-04-03,false
S-a94f54,A-e888d1,active,Enterprise,Enterprise,16,3184,38208,false,false,monthly,true,2023-09-04,2024-03-04,false
S-a82473,A-fda07f,active,Enterprise,Enterprise,16,3184,38208,false,false,annual,true,2024-09-12,2024-09-14,false
S-2ded36,A-a1b80b,active,Enterprise,Enterprise,16,3184,38208,false,false,annual,true,2024-09-08,2024-09-19,false
S-1ad713,A-f97b9a,active,Enterprise,Enterprise,16,3184,38208,false,false,annual,true,2024-06-19,2024-07-06,false
S-f1ffee,A-96215d,active,Enterprise,Enterprise,16,3184,38208,false,false,annual,false,2024-09-30,2024-10-13,false
S-f65381,A-118d55,active,Enterprise,Enterprise,16,3184,38208,false,false,annual,true,2024-12-02,2024-12-07,false
S-65b963,A-e888d1,active,Basic,Enterprise,22,3184,38208,true,false,monthly,true,2024-03-04,2024-03-12,false
S-e66f1a,A-fa2041,active,Basic,Enterprise,20,3184,38208,true,false,monthly,true,2024-07-16,2024-07-23,false
S-4f9730,A-8adedc,active,Enterprise,Enterprise,25,3184,38208,false,false,monthly,true,2024-07-21,2024-08-21,false
S-d7ccbd,A-db5e9e,active,Pro,Enterprise,40,3184,38208,true,false,monthly,true,2024-12-22,2024-12-28,false
S-d56460,A-d62e02,active,Enterprise,Enterprise,16,3184,38208,false,false,annual,true,2024-10-02,2024-10-11,false
S-05555d,A-4437e4,active,Enterprise,Enterprise,16,3184,38208,false,false,annual,true,2024-07-20,2024-08-15,false
S-0b7de7,A-eb7fac,active,Enterprise,Enterprise,16,3184,38208,false,false,monthly,true,2024-09-03,2024-09-19,false
S-33e4e2,A-a1b80b,active,Enterprise,Enterprise,16,3184,38208,false,false,annual,false,2024-09-19,2024-11-07,false
S-0fc72f,A-faa28c,active,Pro,Enterprise,65,3185,38220,true,false,annual,true,2024-02-23,2024-05-23,false
S-0fcf7d,A-e08cd3,active,Pro,Enterprise,67,3283,39396,true,false,annual,false,2024-11-23,2024-12-08,false
S-70c743,A-a2485e,active,Pro,Enterprise,68,3332,39984,true,false,annual,false,2024-08-17,2024-11-05,false
S-ef2990,A-76fa4d,active,Pro,Enterprise,69,3381,40572,true,false,annual,true,2024-11-29,2024-12-03,false
S-20812a,A-5a3eb9,active,Pro,Enterprise,69,3381,40572,true,false,monthly,true,2024-06-14,2024-06-19,false
S-44c2c1,A-2d1036,active,Pro,Enterprise,69,3381,40572,true,false,annual,true,2024-08-02,2024-08-25,false
S-4e3e04,A-883b7d,active,Enterprise,Enterprise,17,3383,40596,false,false,annual,false,2024-08-16,2024-08-17,false
S-ccdf41,A-94f8c9,active,Enterprise,Enterprise,17,3383,40596,false,false,monthly,true,2024-11-29,2024-12-17,false
S-f7b517,A-427b69,active,Pro,Enterprise,17,3383,40596,true,false,monthly,true,2024-12-09,2024-12-16,false
S-9dcfb5,A-7d514c,active,Enterprise,Enterprise,17,3383,40596,false,false,annual,true,2024-09-07,2024-09-08,false
S-a554da,A-712f1c,active,Enterprise,Enterprise,17,3383,40596,false,false,annual,true,2024-04-09,2024-04-19,false
S-5ddeef,A-712f1c,active,Pro,Enterprise,58,3383,40596,true,false,annual,false,2024-01-28,2024-02-09,false
S-fcab86,A-9f0b68,active,Enterprise,Enterprise,17,3383,40596,false,false,annual,true,2024-08-04,2024-08-09,false
S-dfad0a,A-7d514c,active,Basic,Enterprise,17,3383,40596,true,false,monthly,true,2024-09-08,2024-11-06,false
S-cc3f3d,A-94f8c9,active,Enterprise,Enterprise,17,3383,40596,false,false,annual,false,2024-10-19,2024-10-21,false
S-6a7c79,A-4ef964,active,Pro,Enterprise,17,3383,40596,true,false,monthly,true,2024-08-28,2024-09-06,false
S-62b93c,A-692f18,active,Enterprise,Enterprise,6,3383,40596,false,false,annual,true,2024-09-19,2024-09-27,false
S-e0075b,A-b3fe05,active,Enterprise,Enterprise,17,3383,40596,false,false,annual,true,2024-09-03,2024-10-07,false
S-29c16b,A-afa505,active,Pro,Enterprise,70,3430,41160,true,false,monthly,true,2024-07-24,2024-07-26,false
S-d7461b,A-fa3095,active,Pro,Enterprise,70,3430,41160,true,false,monthly,true,2023-12-17,2023-12-18,false
S-5d5250,A-afa505,active,Pro,Enterprise,70,3430,41160,true,false,monthly,true,2024-08-12,2024-08-14,false
S-0d8293,A-425e76,active,Pro,Enterprise,71,3479,41748,true,false,monthly,true,2023-11-18,2024-04-16,false
S-e9257d,A-5b1bcd,active,Pro,Enterprise,73,3577,42924,true,false,annual,false,2024-12-31,2999-12-31,true
S-13b606,A-5b1bcd,active,Pro,Enterprise,73,3577,42924,true,false,annual,true,2024-10-04,2024-10-16,false
S-c5cee8,A-31ab9a,active,Pro,Enterprise,73,3577,42924,true,false,monthly,true,2024-04-23,2024-08-29,false
S-a113a2,A-d4ac0e,active,Enterprise,Enterprise,18,3582,42984,false,false,monthly,true,2024-10-20,2024-10-28,false
S-88d746,A-0aaf6e,active,Enterprise,Enterprise,18,3582,42984,false,false,monthly,true,2024-12-26,2999-12-31,true
S-826424,A-fa2041,active,Enterprise,Enterprise,18,3582,42984,false,false,annual,true,2024-10-30,2024-12-05,false
S-a3791c,A-c4ea60,active,Enterprise,Enterprise,18,3582,42984,false,false,monthly,true,2024-12-17,2999-12-31,true
S-e1444a,A-139c3b,active,Basic,Enterprise,21,3582,42984,true,false,annual,true,2024-12-30,2024-12-30,false
S-404ecd,A-592832,active,Enterprise,Enterprise,18,3582,42984,false,false,monthly,true,2024-09-27,2024-09-30,false
S-709f67,A-484819,active,Enterprise,Enterprise,18,3582,42984,false,false,annual,true,2023-05-27,2023-06-02,false
S-1fddda,A-51ec1b,active,Enterprise,Enterprise,18,3582,42984,false,false,monthly,false,2024-08-05,2024-10-03,false
S-d34b17,A-9123ac,active,Enterprise,Enterprise,18,3582,42984,false,false,annual,true,2024-10-21,2999-12-31,true
S-0639f1,A-3be56b,active,Basic,Enterprise,25,3582,42984,true,false,annual,true,2024-05-07,2024-05-14,false
S-e702a4,A-78f02b,active,Enterprise,Enterprise,18,3582,42984,false,false,annual,true,2024-11-26,2024-12-06,false
S-c158df,A-fa2041,active,Enterprise,Enterprise,18,3582,42984,false,false,monthly,true,2024-10-27,2024-10-30,false
S-4b15c4,A-65aeb5,active,Enterprise,Enterprise,18,3582,42984,false,false,annual,true,2024-08-01,2024-08-04,false
S-48c5be,A-fa2041,active,Pro,Enterprise,39,3582,42984,true,false,annual,true,2024-12-05,2999-12-31,true
S-8e5ceb,A-7f4db3,active,Enterprise,Enterprise,9,3582,42984,false,false,monthly,true,2024-11-07,2024-12-08,false
S-0756ce,A-9badbd,active,Pro,Enterprise,77,3773,45276,true,false,monthly,true,2024-10-15,2024-10-21,false
S-4d2bda,A-bbc346,active,Basic,Enterprise,19,3781,45372,true,false,annual,true,2024-09-27,2024-09-30,false
S-0ecec7,A-756192,active,Enterprise,Enterprise,19,3781,45372,false,false,monthly,true,2024-07-17,2024-08-11,false
S-a1901c,A-5c9849,active,Enterprise,Enterprise,19,3781,45372,false,false,monthly,false,2024-12-10,2024-12-30,false
S-2aafa6,A-bbc346,active,Enterprise,Enterprise,19,3781,45372,false,false,annual,true,2024-10-03,2024-10-20,false
S-775a4f,A-7c83a1,active,Enterprise,Enterprise,19,3781,45372,false,false,monthly,true,2024-07-18,2024-07-29,false
S-ec41f7,A-8bde0c,active,Enterprise,Enterprise,19,3781,45372,false,false,monthly,true,2024-12-13,2024-12-14,false
S-d7ee6f,A-35083d,active,Enterprise,Enterprise,19,3781,45372,false,false,annual,true,2023-08-10,2023-08-23,false
S-72e73f,A-dbc825,active,Enterprise,Enterprise,19,3781,45372,false,false,annual,false,2024-01-26,2024-03-06,false
S-a2cd6a,A-508199,active,Enterprise,Enterprise,19,3781,45372,false,false,monthly,true,2024-12-11,2999-12-31,true
S-504683,A-bbc346,active,Enterprise,Enterprise,19,3781,45372,false,false,annual,true,2024-11-24,2024-11-29,false
S-e1820e,A-0651a4,active,Enterprise,Enterprise,19,3781,45372,false,false,annual,true,2024-11-24,2024-11-25,false
S-58b22d,A-6f50ae,active,Enterprise,Enterprise,19,3781,45372,false,false,monthly,true,2024-12-31,2999-12-31,true
S-3ee288,A-05d3b3,active,Enterprise,Enterprise,19,3781,45372,false,false,annual,true,2024-10-01,2999-12-31,true
S-0459a1,A-8e47ca,active,Enterprise,Enterprise,19,3781,45372,false,false,monthly,false,2024-04-29,2024-05-20,false
S-1ebe39,A-0651a4,active,Enterprise,Enterprise,19,3781,45372,false,false,annual,true,2024-11-02,2024-11-10,false
S-eea4ae,A-ffc04f,active,Pro,Enterprise,13,3781,45372,true,false,monthly,false,2024-09-14,2024-09-19,false
S-12902a,A-3932db,active,Enterprise,Enterprise,19,3781,45372,false,false,monthly,true,2024-09-21,2024-10-29,false
S-03ac49,A-35083d,active,Enterprise,Enterprise,19,3781,45372,false,false,monthly,true,2023-08-23,2023-11-07,false
S-6a8046,A-f97b9a,active,Enterprise,Enterprise,19,3781,45372,false,false,monthly,true,2023-12-26,2024-04-14,false
S-c03f87,A-6f50ae,active,Enterprise,Enterprise,19,3781,45372,false,false,annual,true,2024-01-05,2024-01-08,false
S-de543d,A-1e50e0,active,Enterprise,Enterprise,19,3781,45372,false,false,annual,true,2023-04-25,2024-03-02,false
S-552434,A-7f4db3,active,Pro,Enterprise,79,3871,46452,true,false,annual,true,2024-08-14,2024-09-07,false
S-86c28f,A-8adedc,active,Pro,Enterprise,79,3871,46452,true,false,annual,true,2024-04-02,2024-04-24,false
S-44f453,A-19b2c8,active,Enterprise,Enterprise,20,3980,47760,false,false,monthly,true,2024-02-10,2024-05-18,false
S-6f0aa3,A-1986ca,active,Enterprise,Enterprise,20,3980,47760,false,false,monthly,true,2023-11-16,2024-01-05,false
S-0a8cff,A-016043,active,Enterprise,Enterprise,12,3980,47760,false,false,monthly,true,2024-09-28,2024-09-28,false
S-dc86fa,A-72799b,active,Pro,Enterprise,30,3980,47760,true,false,monthly,true,2024-09-02,2024-10-21,false
S-e95f57,A-1986ca,active,Enterprise,Enterprise,20,3980,47760,false,false,monthly,false,2024-09-24,2999-12-31,true
S-37ed34,A-d4ac0e,active,Enterprise,Enterprise,20,3980,47760,false,false,annual,true,2024-07-07,2024-08-06,false
S-d65491,A-186a44,active,Pro,Enterprise,20,3980,47760,true,false,annual,true,2024-12-17,2024-12-17,false
S-dd1d46,A-72799b,active,Enterprise,Enterprise,20,3980,47760,false,false,monthly,true,2023-11-18,2023-12-28,false
S-d2d423,A-72799b,active,Enterprise,Enterprise,20,3980,47760,false,false,monthly,true,2024-08-12,2024-09-02,false
S-0c0691,A-19b2c8,active,Enterprise,Enterprise,20,3980,47760,false,false,monthly,true,2024-10-25,2999-12-31,true
S-2ddf94,A-19b2c8,active,Enterprise,Enterprise,20,3980,47760,false,false,annual,false,2024-01-05,2024-02-10,false
S-c5bec0,A-1986ca,active,Enterprise,Enterprise,20,3980,47760,false,false,annual,true,2024-09-21,2024-09-24,false
S-ce9977,A-42e5e1,active,Enterprise,Enterprise,53,3980,47760,false,false,monthly,true,2024-08-02,2024-08-29,false
S-fec1cd,A-186a44,active,Enterprise,Enterprise,20,3980,47760,false,false,monthly,false,2024-12-04,2024-12-17,false
S-dc1cf4,A-1986ca,active,Enterprise,Enterprise,20,3980,47760,false,false,monthly,false,2024-01-05,2024-05-07,false
S-c2cc5c,A-2bc93d,active,Enterprise,Enterprise,20,3980,47760,false,false,annual,true,2023-11-24,2023-12-31,false
S-8fb49f,A-8e47ca,active,Enterprise,Enterprise,20,3980,47760,false,false,monthly,true,2024-05-20,2024-07-21,false
S-2214c6,A-3c1a3f,active,Pro,Enterprise,82,4018,48216,true,false,monthly,true,2024-10-07,2024-10-13,false
S-d5c6cc,A-34ea2f,active,Pro,Enterprise,83,4067,48804,true,false,annual,true,2024-10-10,2024-10-21,false
S-d85c2f,A-e6afc1,active,Pro,Enterprise,85,4165,49980,true,false,annual,true,2024-08-15,2024-08-30,false
S-0e12c9,A-bcf87c,active,Basic,Enterprise,51,4179,50148,true,false,monthly,true,2024-12-10,2024-12-13,false
S-0a19d1,A-5b4ebb,active,Enterprise,Enterprise,21,4179,50148,false,false,annual,false,2024-10-21,2024-10-22,false
S-ad39ef,A-e40f45,active,Pro,Enterprise,21,4179,50148,true,false,annual,true,2024-08-25,2024-11-24,false
S-38a5fb,A-6843f2,active,Enterprise,Enterprise,21,4179,50148,false,false,monthly,true,2024-12-14,2024-12-15,false
S-16fb78,A-6843f2,active,Enterprise,Enterprise,21,4179,50148,false,false,monthly,true,2024-12-15,2024-12-19,false
S-8c8315,A-34ea2f,active,Pro,Enterprise,8,4179,50148,true,false,annual,true,2024-11-19,2024-11-30,false
S-c27134,A-dec005,active,Pro,Enterprise,21,4179,50148,true,false,monthly,true,2024-03-31,2024-08-24,false
S-d959d3,A-3b5cd1,active,Enterprise,Enterprise,21,4179,50148,false,false,annual,true,2024-12-24,2024-12-24,false
S-9210e7,A-dec005,active,Enterprise,Enterprise,21,4179,50148,false,false,annual,true,2024-03-03,2024-03-31,false
S-6717d6,A-84ebe4,active,Enterprise,Enterprise,21,4179,50148,false,false,annual,false,2023-08-12,2024-01-25,false
S-639d60,A-84ebe4,active,Enterprise,Enterprise,18,4179,50148,false,false,annual,true,2024-01-25,2024-02-14,false
S-cde2c6,A-dec005,active,Enterprise,Enterprise,21,4179,50148,false,false,monthly,true,2024-09-17,2024-09-22,false
S-f74e00,A-8ae05d,active,Pro,Enterprise,86,4214,50568,true,false,monthly,true,2024-12-02,2024-12-13,false
S-239a39,A-30b4ca,active,Pro,Enterprise,86,4214,50568,true,false,monthly,true,2024-07-01,2024-08-13,false
S-cd6d68,A-4814a3,active,Pro,Enterprise,87,4263,51156,true,false,monthly,true,2024-12-30,2999-12-31,true
S-430691,A-4814a3,active,Pro,Enterprise,87,4263,51156,true,false,monthly,true,2024-11-13,2024-11-24,false
S-06e3cd,A-42e5e1,active,Basic,Enterprise,22,4378,52536,true,false,monthly,true,2024-10-22,2024-11-28,false
S-5f5b36,A-d42431,active,Enterprise,Enterprise,22,4378,52536,false,false,monthly,true,2024-08-26,2024-09-01,false
S-7c633c,A-dbc825,active,Basic,Enterprise,19,4378,52536,true,false,annual,true,2024-07-10,2024-07-27,false
S-0bf451,A-3f9cc0,active,Enterprise,Enterprise,22,4378,52536,false,false,annual,true,2024-06-24,2024-06-25,false
S-1a04fe,A-4e631b,active,Enterprise,Enterprise,22,4378,52536,false,false,annual,true,2024-05-13,2024-07-26,false
S-1d63bf,A-69fad4,active,Enterprise,Enterprise,22,4378,52536,false,false,monthly,true,2024-02-01,2024-02-10,false
S-b8ca59,A-80eeb6,active,Enterprise,Enterprise,22,4378,52536,false,false,monthly,true,2024-02-27,2024-04-19,false
S-10702d,A-59f724,active,Basic,Enterprise,3,4378,52536,true,false,monthly,true,2024-03-14,2024-05-08,false
S-6e0386,A-2d4502,active,Enterprise,Enterprise,22,4378,52536,false,false,monthly,true,2024-09-04,2024-09-25,false
S-3092cb,A-6a4e2d,active,Enterprise,Enterprise,22,4378,52536,false,false,annual,true,2023-08-03,2023-11-15,false
S-379d32,A-a8b49c,active,Enterprise,Enterprise,22,4378,52536,false,false,annual,true,2024-10-13,2024-10-17,false
S-595693,A-2d4502,active,Basic,Enterprise,67,4378,52536,true,false,annual,true,2024-09-25,2024-11-02,false
S-6c625e,A-854864,active,Pro,Enterprise,91,4459,53508,true,false,monthly,false,2024-12-15,2024-12-24,false
S-f25e72,A-66224b,active,Pro,Enterprise,92,4508,54096,true,false,annual,true,2024-11-13,2024-11-20,false
S-77c880,A-40906c,active,Pro,Enterprise,92,4508,54096,true,false,annual,true,2024-12-01,2999-12-31,true
S-30c045,A-eb7fac,active,Pro,Enterprise,92,4508,54096,true,false,monthly,true,2024-05-24,2024-07-09,false
S-2d0d53,A-fe79a5,active,Enterprise,Enterprise,23,4577,54924,false,false,annual,true,2024-09-06,2024-11-14,false
S-9e450b,A-89ee83,active,Enterprise,Enterprise,23,4577,54924,false,false,monthly,true,2024-12-21,2024-12-26,false
S-526874,A-cc8c8f,active,Enterprise,Enterprise,23,4577,54924,false,false,annual,true,2024-12-17,2024-12-19,false
S-b0af8f,A-ff79f2,active,Enterprise,Enterprise,8,4577,54924,false,false,monthly,true,2024-10-17,2024-10-19,false
S-91709b,A-ab438f,active,Enterprise,Enterprise,23,4577,54924,false,false,annual,true,2024-11-26,2024-11-28,false
S-f9e2ca,A-151c9a,active,Enterprise,Enterprise,23,4577,54924,false,false,annual,true,2024-06-10,2024-06-26,false
S-df2fb8,A-0e966d,active,Pro,Enterprise,55,4577,54924,true,false,annual,true,2024-08-17,2024-09-03,false
S-bc7cab,A-cc8c8f,active,Basic,Enterprise,48,4577,54924,true,false,annual,true,2024-12-19,2999-12-31,true
S-f482de,A-cdf020,active,Basic,Enterprise,23,4577,54924,true,false,monthly,true,2024-04-11,2024-07-13,false
S-c8a4ff,A-fabe19,active,Enterprise,Enterprise,23,4577,54924,false,false,annual,false,2024-12-24,2024-12-26,false
S-2fc028,A-3b37d9,active,Enterprise,Enterprise,23,4577,54924,false,false,annual,true,2023-11-13,2023-12-02,false
S-3af70e,A-3b37d9,active,Enterprise,Enterprise,23,4577,54924,false,false,annual,true,2024-11-17,2999-12-31,true
S-1bc5a4,A-560d27,active,Enterprise,Enterprise,23,4577,54924,false,false,monthly,false,2024-07-31,2024-10-07,false
S-e0a4c5,A-fabe19,active,Enterprise,Enterprise,1,4577,54924,false,false,monthly,false,2024-12-26,2999-12-31,true
S-10134d,A-52dd88,active,Enterprise,Enterprise,23,4577,54924,false,false,annual,true,2024-09-09,2024-11-13,false
S-8ba96c,A-f6b2fb,active,Enterprise,Enterprise,23,4577,54924,false,false,annual,true,2024-06-20,2024-07-02,false
S-106283,A-a45270,active,Enterprise,Enterprise,23,4577,54924,false,false,annual,true,2024-07-27,2024-08-02,false
S-d1dbf7,A-3b37d9,active,Pro,Enterprise,28,4577,54924,true,false,monthly,true,2023-12-02,2024-05-28,false
S-a7ce33,A-e89151,active,Enterprise,Enterprise,23,4577,54924,false,false,monthly,true,2024-03-28,2024-04-01,false
S-34f2f9,A-f19409,active,Enterprise,Enterprise,23,4577,54924,false,false,annual,true,2024-09-16,2024-09-21,false
S-5d299e,A-560d27,active,Enterprise,Enterprise,23,4577,54924,false,false,monthly,true,2024-10-25,2024-11-04,false
S-45baac,A-1d5444,active,Enterprise,Enterprise,24,4776,57312,false,false,monthly,false,2024-05-31,2024-07-15,false
S-101324,A-8145a0,active,Enterprise,Enterprise,24,4776,57312,false,false,monthly,true,2023-09-29,2023-10-17,false
S-786a36,A-5ed98d,active,Enterprise,Enterprise,24,4776,57312,false,false,annual,true,2024-07-18,2024-08-14,false
S-c920992,A-7f4db3,churned,Enterprise,Enterprise,24,4776,57312,false,false,annual,true,2024-12-14,2999-12-31,true
S-344c0d,A-87aa7b,active,Enterprise,Enterprise,24,4776,57312,false,false,annual,true,2024-10-15,2024-11-19,false
S-fe25ff,A-410e86,active,Enterprise,Enterprise,24,4776,57312,false,false,annual,true,2024-11-29,2024-12-01,false
S-cef05a,A-b7b7b7,active,Pro,Enterprise,29,4776,57312,true,false,monthly,true,2024-10-20,2024-10-20,false
S-c419d6,A-6e08f3,active,Enterprise,Enterprise,24,4776,57312,false,false,annual,false,2024-02-16,2024-02-22,false
S-a900c2,A-4c56c9,active,Enterprise,Enterprise,24,4776,57312,false,false,annual,false,2024-12-22,2024-12-24,false
S-d88b25,A-474ad4,active,Enterprise,Enterprise,24,4776,57312,false,false,annual,false,2024-12-29,2999-12-31,true
S-c92099,A-7f4db3,active,Enterprise,Enterprise,24,4776,57312,false,false,annual,true,2024-12-08,2024-12-14,false
S-9b5676,A-1e50e0,active,Pro,Enterprise,98,4802,57624,true,false,monthly,false,2024-03-02,2024-05-04,false
S-59d90a,A-aa9511,active,Pro,Enterprise,29,4975,59700,true,false,annual,true,2024-08-28,2024-09-23,false
S-8fbabd,A-aa9511,active,Enterprise,Enterprise,25,4975,59700,false,false,monthly,true,2024-08-21,2024-08-28,false
S-f66b5d,A-039727,active,Enterprise,Enterprise,25,4975,59700,false,false,annual,false,2024-12-07,2024-12-08,false
S-9122a4,A-883b7d,active,Enterprise,Enterprise,25,4975,59700,false,false,monthly,true,2024-05-29,2024-08-03,false
S-2ecaea,A-756192,active,Enterprise,Enterprise,25,4975,59700,false,false,monthly,true,2024-06-28,2024-07-17,false
S-05aaef,A-883b7d,active,Pro,Enterprise,22,4975,59700,true,false,annual,true,2024-08-03,2024-08-10,false
S-e8f8c0,A-cab532,active,Enterprise,Enterprise,25,4975,59700,false,false,monthly,true,2023-05-27,2023-07-24,false
S-bdd5df,A-a45270,active,Enterprise,Enterprise,25,4975,59700,false,false,monthly,false,2024-07-18,2024-07-27,false
S-be509c,A-49b828,active,Enterprise,Enterprise,6,4975,59700,false,false,annual,true,2023-08-10,2023-10-06,false
S-f80ef5,A-e51ec7,active,Basic,Enterprise,5,4975,59700,true,false,annual,true,2024-03-22,2024-04-18,false
S-93dc0e2,A-8e47ca,churned,Enterprise,Enterprise,25,4975,59700,false,false,monthly,true,2024-12-09,2999-12-31,true
S-984423,A-96e141,active,Enterprise,Enterprise,25,4975,59700,false,false,monthly,true,2024-08-21,2999-12-31,true
S-93dc0e,A-8e47ca,active,Enterprise,Enterprise,25,4975,59700,false,false,monthly,true,2024-11-03,2024-12-09,false
S-bd9394,A-039727,active,Enterprise,Enterprise,64,4975,59700,false,false,annual,false,2024-11-28,2024-11-30,false
S-ed75af,A-1f0636,active,Pro,Enterprise,105,5145,61740,true,false,monthly,true,2024-06-09,2024-06-27,false
S-00b0bc,A-089363,active,Enterprise,Enterprise,9,5174,62088,false,false,annual,true,2024-12-12,2999-12-31,true
S-1d3a93,A-d82ef9,active,Enterprise,Enterprise,26,5174,62088,false,false,monthly,false,2024-08-10,2024-08-25,false
S-1e1853,A-089363,active,Enterprise,Enterprise,26,5174,62088,false,false,monthly,true,2024-11-25,2024-12-12,false
S-e53224,A-d82ef9,active,Pro,Enterprise,26,5174,62088,true,false,annual,true,2024-08-25,2024-09-10,false
S-d26ff6,A-a0ca4e,active,Enterprise,Enterprise,26,5174,62088,false,false,monthly,true,2024-12-01,2999-12-31,true
S-83b2ee,A-7c83a1,active,Enterprise,Enterprise,26,5174,62088,false,false,monthly,true,2024-06-27,2024-07-18,false
S-592443,A-c1dfe1,active,Enterprise,Enterprise,26,5174,62088,false,false,monthly,false,2024-05-01,2024-07-07,false
S-3a4336,A-c1dfe1,active,Enterprise,Enterprise,26,5174,62088,false,false,monthly,true,2024-07-07,2024-07-26,false
S-c55cbb,A-798a3f,active,Enterprise,Enterprise,12,5174,62088,false,false,monthly,true,2024-09-11,2024-10-11,false
S-92421b,A-4e631b,active,Pro,Enterprise,22,5174,62088,true,false,monthly,true,2024-11-12,2024-11-22,false
S-5281ee,A-427b69,active,Pro,Enterprise,17,5174,62088,true,false,annual,false,2024-09-27,2024-10-24,false
S-a0a5e3,A-6a7c9d,active,Enterprise,Enterprise,26,5174,62088,false,false,monthly,true,2024-11-29,2024-12-09,false
S-38b3b4,A-533452,active,Enterprise,Enterprise,26,5174,62088,false,false,annual,true,2024-11-28,2024-11-28,false
S-188518,A-86fc1d,active,Enterprise,Enterprise,26,5174,62088,false,false,monthly,true,2024-11-08,2024-12-31,false
S-c64e87,A-f3ff05,active,Enterprise,Enterprise,27,5373,64476,false,false,annual,true,2024-09-19,2024-09-21,false
S-038f6f,A-82d8a6,active,Enterprise,Enterprise,10,5373,64476,false,false,monthly,true,2024-12-14,2024-12-16,false
S-fe6eb1,A-2446e3,active,Enterprise,Enterprise,27,5373,64476,false,false,monthly,true,2024-12-09,2999-12-31,true
S-7d5bf1,A-92a3af,active,Enterprise,Enterprise,27,5373,64476,false,false,monthly,true,2024-09-19,2024-10-26,false
S-ff4a47,A-f03140,active,Enterprise,Enterprise,27,5373,64476,false,false,monthly,true,2024-10-04,2024-11-06,false
S-c288ef,A-d26ab4,active,Pro,Enterprise,9,5373,64476,true,false,annual,true,2024-12-09,2024-12-20,false
S-ffd1ee,A-f03140,active,Pro,Enterprise,27,5373,64476,true,false,annual,true,2024-11-06,2999-12-31,true
S-f6a70a,A-2446e3,active,Enterprise,Enterprise,27,5373,64476,false,false,annual,true,2024-10-06,2024-12-09,false
S-72fa62,A-4c56c9,active,Enterprise,Enterprise,27,5373,64476,false,false,annual,true,2024-09-03,2024-09-17,false
S-23d802,A-ad64c6,active,Basic,Enterprise,54,5572,66864,true,false,monthly,true,2024-07-24,2024-08-15,false
S-ac4799,A-86fc1d,active,Enterprise,Enterprise,26,5572,66864,false,false,monthly,true,2024-10-14,2024-10-16,false
S-289702,A-00bed1,active,Enterprise,Enterprise,28,5572,66864,false,false,annual,false,2024-09-01,2999-12-31,true
S-753a0a,A-ad64c6,active,Enterprise,Enterprise,28,5572,66864,false,false,annual,false,2024-06-15,2024-07-24,false
S-32d56d,A-9f9299,active,Enterprise,Enterprise,28,5572,66864,false,false,annual,true,2023-11-27,2023-11-30,false
S-1c54b6,A-0f6450,active,Enterprise,Enterprise,28,5572,66864,false,false,monthly,false,2024-12-31,2999-12-31,true
S-807d87,A-69b156,active,Enterprise,Enterprise,28,5572,66864,false,false,annual,true,2024-01-16,2024-04-15,false
S-c22c292,A-692f18,churned,Enterprise,Enterprise,28,5572,66864,false,false,annual,true,2024-12-17,2999-12-31,true
S-e6e96f,A-cbd1a3,active,Enterprise,Enterprise,8,5572,66864,false,false,annual,false,2024-11-30,2024-11-30,false
S-c3aa52,A-19b2c8,active,Enterprise,Enterprise,20,5572,66864,false,false,monthly,false,2024-08-30,2024-10-25,false
S-4bb483,A-9f9299,active,Enterprise,Enterprise,28,5572,66864,false,false,monthly,true,2024-10-06,2024-10-25,false
S-eea643,A-54ecc2,active,Enterprise,Enterprise,28,5572,66864,false,false,monthly,true,2024-10-30,2999-12-31,true
S-0da8be,A-cc8c8f,active,Basic,Enterprise,23,5572,66864,true,false,monthly,true,2024-07-16,2024-07-26,false
S-2c270f,A-9f9299,active,Enterprise,Enterprise,28,5572,66864,false,false,annual,false,2024-08-02,2024-10-06,false
S-eafea7,A-cbd1a3,active,Enterprise,Enterprise,28,5572,66864,false,false,monthly,true,2024-11-29,2024-11-30,false
S-129a62,A-8bde0c,active,Basic,Enterprise,34,5572,66864,true,false,monthly,false,2024-12-15,2024-12-19,false
S-c22c29,A-692f18,active,Enterprise,Enterprise,28,5572,66864,false,false,annual,true,2024-12-15,2024-12-17,false
S-aa0c6b,A-702032,active,Basic,Enterprise,28,5572,66864,true,false,monthly,false,2024-07-07,2024-10-28,false
S-64fba3,A-00bed1,active,Enterprise,Enterprise,28,5572,66864,false,false,annual,true,2024-07-16,2024-07-20,false
S-859ee0,A-8bde0c,active,Enterprise,Enterprise,28,5572,66864,false,false,monthly,true,2024-12-26,2024-12-28,false
S-846d41,A-1986ca,active,Enterprise,Enterprise,28,5572,66864,false,false,monthly,true,2024-09-02,2024-09-21,false
S-0ec442,A-d4e0d4,active,Pro,Enterprise,117,5733,68796,true,false,monthly,true,2024-12-12,2024-12-14,false
S-a16038,A-d4e0d4,active,Pro,Enterprise,117,5733,68796,true,false,monthly,true,2024-11-15,2024-11-16,false
S-715ace,A-3c1a3f,active,Pro,Enterprise,1,5771,69252,true,false,annual,true,2023-12-29,2024-03-25,false
S-3867d6,A-e60f9d,active,Pro,Enterprise,29,5771,69252,true,false,annual,true,2024-12-23,2024-12-25,false
S-d7d398,A-fb186e,active,Enterprise,Enterprise,29,5771,69252,false,false,annual,true,2024-12-28,2999-12-31,true
S-9b2c95,A-e60f9d,active,Pro,Enterprise,29,5771,69252,true,false,annual,true,2024-11-24,2024-12-03,false
S-e9737c,A-3c1a3f,active,Enterprise,Enterprise,29,5771,69252,false,false,monthly,true,2023-12-28,2023-12-29,false
S-3e3033,A-e60f9d,active,Pro,Enterprise,31,5771,69252,true,false,annual,true,2024-12-11,2024-12-11,false
S-12bfc8,A-31ab9a,active,Enterprise,Enterprise,29,5771,69252,false,false,monthly,false,2024-12-06,2024-12-10,false
S-64acb8,A-3be56b,active,Enterprise,Enterprise,30,5970,71640,false,false,monthly,true,2024-08-21,2024-08-22,false
S-969aac,A-37f969,active,Enterprise,Enterprise,30,5970,71640,false,false,monthly,false,2024-05-14,2024-06-05,false
S-18f7e5,A-2789e3,active,Enterprise,Enterprise,30,5970,71640,false,false,annual,true,2024-12-04,2024-12-10,false
S-8eb6df,A-c7ffc2,active,Enterprise,Enterprise,30,5970,71640,false,false,monthly,true,2024-02-17,2024-02-25,false
S-0a5cd7,A-ffdfd5,active,Enterprise,Enterprise,30,5970,71640,false,false,annual,true,2024-11-16,2024-11-24,false
S-a6285f,A-039727,active,Enterprise,Enterprise,30,5970,71640,false,false,annual,true,2024-12-08,2024-12-09,false
S-b859e7,A-ffdfd5,active,Enterprise,Enterprise,4,5970,71640,false,false,annual,true,2024-11-24,2024-12-20,false
S-8486d2,A-7df7a7,active,Enterprise,Enterprise,30,5970,71640,false,false,annual,true,2024-12-28,2999-12-31,true
S-d1fb2e,A-3f9cc0,active,Enterprise,Enterprise,30,5970,71640,false,false,monthly,true,2024-08-04,2999-12-31,true
S-b38152,A-f97b9a,active,Enterprise,Enterprise,30,5970,71640,false,false,annual,true,2024-04-14,2024-06-11,false
S-9093cf,A-8ed5dd,active,Enterprise,Enterprise,30,5970,71640,false,false,monthly,true,2024-02-18,2024-03-27,false
S-c0a7d8,A-0dbdc6,active,Enterprise,Enterprise,30,5970,71640,false,false,monthly,true,2024-10-26,2024-12-15,false
S-04911c,A-bc87bc,active,Pro,Enterprise,3,6169,74028,true,false,annual,true,2024-12-01,2024-12-07,false
S-fee7b2,A-1986ca,active,Enterprise,Enterprise,31,6169,74028,false,false,monthly,true,2024-05-07,2024-09-02,false
S-fc44ed,A-f5641b,active,Enterprise,Enterprise,31,6169,74028,false,false,annual,true,2024-05-23,2024-06-08,false
S-f020d4,A-50f3f7,active,Enterprise,Enterprise,31,6169,74028,false,false,annual,true,2024-12-17,2999-12-31,true
S-532e80,A-993085,active,Enterprise,Enterprise,31,6169,74028,false,false,annual,false,2023-09-30,2023-10-15,false
S-02d6c8,A-3a7284,active,Enterprise,Enterprise,31,6169,74028,false,false,monthly,true,2024-12-05,2024-12-12,false
S-05553e,A-bc87bc,active,Enterprise,Enterprise,31,6169,74028,false,false,annual,true,2024-11-26,2024-12-01,false
S-752e61,A-e3bd71,active,Enterprise,Enterprise,31,6169,74028,false,false,monthly,true,2024-03-24,2024-06-02,false
S-44ed0c,A-993085,active,Enterprise,Enterprise,31,6169,74028,false,false,annual,false,2023-10-30,2023-11-23,false
S-feba2a,A-e3bd71,active,Pro,Enterprise,69,6169,74028,true,false,monthly,true,2024-03-09,2024-03-20,false
S-306a99,A-3a5ad8,active,Basic,Enterprise,9,6169,74028,true,false,monthly,true,2024-03-31,2024-04-16,false
S-260d1e,A-337bc1,active,Enterprise,Enterprise,31,6169,74028,false,false,annual,true,2024-03-05,2024-08-09,false
S-d1f12e,A-3a5ad8,active,Enterprise,Enterprise,31,6169,74028,false,false,monthly,true,2024-02-15,2024-03-31,false
S-812c7c,A-f5641b,active,Basic,Enterprise,31,6169,74028,true,false,monthly,false,2024-06-08,2024-07-25,false
S-88c79e,A-e3bd71,active,Enterprise,Enterprise,31,6169,74028,false,false,monthly,true,2024-02-18,2024-03-09,false
S-ec242e,A-8e47ca,active,Enterprise,Enterprise,31,6169,74028,false,false,monthly,true,2024-04-26,2024-04-29,false
S-2f2ba3,A-50f3f7,active,Enterprise,Enterprise,31,6169,74028,false,false,monthly,true,2024-12-11,2024-12-17,false
S-7dd478,A-f5641b,active,Enterprise,Enterprise,31,6169,74028,false,false,monthly,false,2024-10-13,2024-10-16,false
S-41023c,A-49b828,active,Enterprise,Enterprise,31,6169,74028,false,false,annual,true,2023-12-15,2024-02-17,false
S-597873,A-05f0e5,active,Enterprise,Enterprise,32,6368,76416,false,false,monthly,true,2024-07-09,2024-08-16,false
S-0a83cc,A-d922bf,active,Basic,Enterprise,5,6368,76416,true,false,annual,true,2024-02-16,2024-08-11,false
S-864b0c,A-f25509,active,Enterprise,Enterprise,32,6368,76416,false,false,annual,true,2024-07-14,2024-10-02,false
S-a61485,A-d922bf,active,Enterprise,Enterprise,32,6368,76416,false,false,monthly,true,2023-11-21,2024-02-16,false
S-8b1c37,A-acb7f7,active,Pro,Enterprise,32,6368,76416,true,false,monthly,false,2024-03-28,2024-04-12,false
S-84dd93,A-acb7f7,active,Enterprise,Enterprise,32,6368,76416,false,false,annual,true,2024-02-16,2024-02-20,false
S-a2da20,A-ac9111,active,Enterprise,Enterprise,32,6368,76416,false,false,monthly,true,2024-11-13,2024-12-21,false
S-fc3dcb,A-3b5cd1,active,Enterprise,Enterprise,32,6368,76416,false,false,annual,true,2024-12-24,2999-12-31,true
S-3fb8f4,A-118f1c,active,Enterprise,Enterprise,32,6368,76416,false,false,annual,false,2024-12-28,2999-12-31,true
S-c25d2f,A-fabe19,active,Enterprise,Enterprise,32,6368,76416,false,false,annual,true,2024-12-12,2024-12-16,false
S-e23fd8,A-cc98bc,active,Enterprise,Enterprise,32,6368,76416,false,false,annual,true,2023-06-05,2023-06-27,false
S-2c1ca6,A-118f1c,active,Enterprise,Enterprise,32,6368,76416,false,false,monthly,false,2024-11-11,2024-12-10,false
S-efcb1e,A-118f1c,active,Pro,Enterprise,32,6368,76416,true,false,annual,true,2024-12-10,2024-12-11,false
S-7c24f6,A-f25509,active,Enterprise,Enterprise,32,6368,76416,false,false,annual,false,2024-06-16,2024-07-14,false
S-f2ccdd,A-956988,active,Enterprise,Enterprise,32,6368,76416,false,false,annual,true,2024-12-30,2999-12-31,true
S-14c8b9,A-aa9511,active,Enterprise,Enterprise,33,6567,78804,false,false,monthly,true,2023-11-29,2024-02-09,false
S-6fd24b,A-7988d1,active,Enterprise,Enterprise,33,6567,78804,false,false,monthly,true,2024-08-19,2024-08-25,false
S-86571c,A-d26ab4,active,Enterprise,Enterprise,33,6567,78804,false,false,monthly,true,2024-12-27,2999-12-31,true
S-0268ba,A-9f0b68,active,Enterprise,Enterprise,33,6567,78804,false,false,annual,true,2024-07-20,2024-08-04,false
S-14d515,A-eb7c38,active,Enterprise,Enterprise,33,6567,78804,false,false,monthly,false,2024-07-02,2024-07-04,false
S-766a62,A-1ac5e0,active,Enterprise,Enterprise,33,6567,78804,false,false,monthly,false,2024-11-24,2024-11-25,false
S-e768f5,A-1ac5e0,active,Enterprise,Enterprise,33,6567,78804,false,false,annual,true,2024-11-19,2024-11-24,false
S-ef83b4,A-a09355,active,Enterprise,Enterprise,33,6567,78804,false,false,monthly,true,2024-11-04,2024-11-05,false
S-f9cb2b,A-6965e1,active,Enterprise,Enterprise,34,6766,81192,false,false,annual,false,2024-12-18,2024-12-20,false
S-125201,A-7f8241,active,Enterprise,Enterprise,34,6766,81192,false,false,annual,true,2023-11-29,2023-12-13,false
S-08a5fd,A-b9eed8,active,Enterprise,Enterprise,34,6766,81192,false,false,monthly,true,2024-10-24,2024-11-04,false
S-d5ac8c,A-ef84cf,active,Enterprise,Enterprise,34,6766,81192,false,false,annual,true,2024-05-22,2024-06-06,false
S-697d16,A-3932db,active,Enterprise,Enterprise,19,6965,83580,false,false,monthly,true,2024-12-31,2999-12-31,true
S-78f326,A-4c38bc,active,Basic,Enterprise,36,7164,85968,true,false,monthly,true,2024-04-21,2024-04-21,false
S-b9bbfd,A-118d55,active,Enterprise,Enterprise,36,7164,85968,false,false,monthly,true,2024-11-13,2024-11-21,false
S-62b7cf,A-4c38bc,active,Enterprise,Enterprise,36,7164,85968,false,false,annual,true,2024-11-06,2024-12-10,false
S-54daa5,A-94f8c9,active,Enterprise,Enterprise,36,7164,85968,false,false,annual,true,2024-12-17,2024-12-23,false
S-d8f67e,A-f97b9a,active,Enterprise,Enterprise,36,7164,85968,false,false,monthly,true,2024-06-11,2024-06-19,false
S-6bb2c5,A-84ebe4,active,Enterprise,Enterprise,36,7164,85968,false,false,monthly,true,2024-11-18,2999-12-31,true
S-d01053,A-779e4e,active,Enterprise,Enterprise,36,7164,85968,false,false,annual,true,2023-11-12,2024-07-02,false
S-0fdcfe,A-4c38bc,active,Enterprise,Enterprise,36,7164,85968,false,false,annual,true,2024-08-24,2024-10-07,false
S-198dbe,A-18793f,active,Pro,Enterprise,148,7252,87024,true,false,monthly,true,2024-12-19,2024-12-20,false
S-e854de,A-18793f,active,Pro,Enterprise,148,7252,87024,true,false,monthly,true,2024-12-25,2024-12-29,false
S-b7c825,A-9174e0,active,Enterprise,Enterprise,68,7363,88356,false,false,monthly,false,2024-12-21,2024-12-21,false
S-7685a3,A-6da850,active,Basic,Enterprise,18,7363,88356,true,false,monthly,true,2024-08-05,2024-09-01,false
S-72b92f,A-bd4708,active,Enterprise,Enterprise,37,7363,88356,false,false,monthly,false,2024-12-14,2024-12-16,false
S-3e0991,A-9174e0,active,Enterprise,Enterprise,37,7363,88356,false,false,monthly,false,2024-12-07,2024-12-08,false
S-089fa7,A-9174e0,active,Enterprise,Enterprise,37,7363,88356,false,false,annual,true,2024-12-16,2024-12-19,false
S-71d31c,A-bd4708,active,Basic,Enterprise,37,7363,88356,true,false,annual,false,2024-12-16,2024-12-18,false
S-651c01,A-bd4708,active,Basic,Enterprise,37,7363,88356,true,false,annual,true,2024-08-28,2024-08-31,false
S-e6029e,A-9174e0,active,Enterprise,Enterprise,37,7363,88356,false,false,monthly,true,2024-12-19,2024-12-21,false
S-fc01ba,A-ba6516,active,Pro,Enterprise,35,7562,90744,true,false,monthly,true,2024-09-14,2024-10-04,false
S-43aa0e,A-4d1e75,active,Basic,Enterprise,36,7562,90744,true,false,monthly,true,2024-10-18,2024-10-27,false
S-81d174,A-271f46,active,Enterprise,Enterprise,38,7562,90744,false,false,annual,true,2024-05-02,2024-06-09,false
S-22e21a,A-ad296b,active,Enterprise,Enterprise,38,7562,90744,false,false,annual,true,2024-09-18,2024-11-16,false
S-fa0d9e,A-726cfa,active,Enterprise,Enterprise,38,7562,90744,false,false,monthly,false,2024-12-16,2999-12-31,true
S-e73303,A-ba6516,active,Enterprise,Enterprise,38,7562,90744,false,false,monthly,true,2024-06-28,2024-09-14,false
S-1feff8,A-5fe118,active,Enterprise,Enterprise,39,7761,93132,false,false,annual,true,2024-12-06,2024-12-29,false
S-3fb291,A-f51f16,active,Enterprise,Enterprise,39,7761,93132,false,false,annual,true,2024-05-06,2024-08-27,false
S-6c6e62,A-5fe118,active,Basic,Enterprise,39,7761,93132,true,false,monthly,true,2024-12-29,2999-12-31,true
S-522a6f,A-3a7284,active,Enterprise,Enterprise,39,7761,93132,false,false,annual,true,2024-11-30,2024-12-05,false
S-655049,A-9779ad,active,Basic,Enterprise,40,7960,95520,true,false,monthly,false,2024-10-27,2024-12-16,false
S-6c3700,A-9779ad,active,Enterprise,Enterprise,40,7960,95520,false,false,annual,true,2024-06-24,2024-07-07,false
S-679640,A-b44e3e,active,Enterprise,Enterprise,40,7960,95520,false,false,monthly,false,2024-06-25,2024-07-23,false
S-cdd281,A-39ddf4,active,Enterprise,Enterprise,40,7960,95520,false,false,monthly,true,2024-12-30,2999-12-31,true
S-1c45b4,A-13466a,active,Basic,Enterprise,65,7960,95520,true,false,monthly,true,2024-04-20,2024-05-23,false
S-bbcf43,A-b44e3e,active,Pro,Enterprise,40,7960,95520,true,false,monthly,true,2024-07-23,2024-12-27,false
S-f4d491,A-9779ad,active,Enterprise,Enterprise,40,7960,95520,false,false,monthly,true,2024-05-09,2024-06-24,false
S-085f96,A-2bc93d,active,Enterprise,Enterprise,40,7960,95520,false,false,annual,true,2023-12-31,2024-02-23,false
S-5a26fc,A-9779ad,active,Pro,Enterprise,40,7960,95520,true,false,annual,false,2024-07-07,2024-07-29,false
S-683e1e,A-91e948,active,Enterprise,Enterprise,41,8159,97908,false,false,monthly,true,2024-11-09,2999-12-31,true
S-9da0f3,A-1d5444,active,Enterprise,Enterprise,41,8159,97908,false,false,monthly,true,2024-05-13,2024-05-31,false
S-b56884,A-c1dfe1,active,Enterprise,Enterprise,41,8159,97908,false,false,annual,true,2024-07-26,2024-09-22,false
S-bf424e,A-8b0451,active,Enterprise,Enterprise,41,8159,97908,false,false,annual,true,2024-12-22,2999-12-31,true
S-221db6,A-1d5444,active,Pro,Enterprise,24,8159,97908,true,false,annual,true,2024-09-16,2024-11-25,false
S-84e658,A-922109,active,Enterprise,Enterprise,3,8159,97908,false,false,monthly,false,2024-08-18,2024-09-27,false
S-9fbdfb,A-e4144b,active,Enterprise,Enterprise,79,8159,97908,false,false,annual,true,2024-11-25,2024-11-28,false
S-3647aa,A-94d3da,active,Pro,Enterprise,41,8159,97908,true,false,monthly,true,2023-09-09,2023-09-26,false
S-d425c9,A-e4144b,active,Enterprise,Enterprise,41,8159,97908,false,false,annual,true,2024-11-11,2024-11-25,false
S-9e2c78,A-e4144b,active,Basic,Enterprise,41,8159,97908,true,false,annual,true,2024-12-18,2024-12-18,false
S-90525e,A-ed510f,active,Enterprise,Enterprise,42,8358,100296,false,false,annual,true,2024-04-21,2024-05-16,false
S-b71cfb,A-9123ac,active,Enterprise,Enterprise,15,8358,100296,false,false,monthly,true,2024-05-10,2024-05-27,false
S-9eda4d,A-524364,active,Enterprise,Enterprise,3,8557,102684,false,false,monthly,true,2024-12-31,2024-12-31,false
S-7480e6,A-524364,active,Enterprise,Enterprise,43,8557,102684,false,false,annual,true,2024-12-31,2024-12-31,false
S-01ae7f,A-b179bf,active,Pro,Enterprise,43,8557,102684,true,false,annual,true,2024-12-25,2999-12-31,true
S-ae093b,A-d27f50,active,Enterprise,Enterprise,44,8756,105072,false,false,monthly,true,2024-11-29,2024-12-02,false
S-ee2669,A-e43bf7,active,Enterprise,Enterprise,44,8756,105072,false,false,annual,true,2024-12-29,2999-12-31,true
S-a918f3,A-d27f50,active,Enterprise,Enterprise,44,8756,105072,false,false,monthly,true,2024-12-05,2024-12-09,false
S-567f8f,A-02cd81,active,Enterprise,Enterprise,44,8756,105072,false,false,annual,true,2024-06-01,2024-06-29,false
S-acf8ce,A-78f02b,active,Pro,Enterprise,179,8771,105252,true,false,monthly,false,2024-12-06,2024-12-08,false
S-149409,A-0cc442,active,Pro,Enterprise,45,8955,107460,true,false,monthly,true,2024-09-15,2024-09-18,false
S-add03a,A-0cc442,active,Enterprise,Enterprise,45,8955,107460,false,false,annual,true,2024-12-18,2999-12-31,true
S-c787e2,A-d5a319,active,Enterprise,Enterprise,45,8955,107460,false,false,annual,true,2024-11-05,2024-11-19,false
S-618471,A-bbc346,active,Enterprise,Enterprise,45,8955,107460,false,false,monthly,true,2024-10-20,2024-11-24,false
S-096835,A-117171,active,Enterprise,Enterprise,45,8955,107460,false,false,monthly,true,2024-10-20,2024-11-11,false
S-658bcb,A-0cc442,active,Enterprise,Enterprise,45,8955,107460,false,false,monthly,true,2024-08-14,2024-09-01,false
S-bf3403,A-0cc442,active,Enterprise,Enterprise,45,8955,107460,false,false,annual,false,2024-11-10,2024-12-18,false
S-d29575,A-0cc442,active,Enterprise,Enterprise,45,8955,107460,false,false,monthly,true,2024-09-01,2024-09-15,false
S-a583df,A-84ebe4,active,Enterprise,Enterprise,45,8955,107460,false,false,annual,true,2024-08-07,2024-11-18,false
S-83c56d,A-716841,active,Enterprise,Enterprise,45,8955,107460,false,false,monthly,true,2024-12-13,2999-12-31,true
S-3741b9,A-c16b88,active,Basic,Enterprise,23,8955,107460,true,false,annual,true,2024-06-20,2024-10-19,false
S-0ba1fe,A-5a184f,active,Enterprise,Enterprise,46,9154,109848,false,false,monthly,true,2024-01-15,2024-01-20,false
S-7070de,A-bcbe98,active,Enterprise,Enterprise,46,9154,109848,false,false,annual,true,2024-10-24,2024-11-18,false
S-0ac09f,A-7e0a10,active,Enterprise,Enterprise,46,9154,109848,false,false,monthly,true,2024-03-09,2024-06-29,false
S-b47d75,A-b2225d,active,Enterprise,Enterprise,47,9353,112236,false,false,annual,true,2024-05-13,2024-05-21,false
S-9f0371,A-313be3,active,Enterprise,Enterprise,47,9353,112236,false,false,annual,true,2024-07-03,2024-08-14,false
S-6d3477,A-cd458b,active,Enterprise,Enterprise,47,9353,112236,false,false,annual,true,2024-10-25,2024-10-26,false
S-f4097a,A-faa28c,active,Enterprise,Enterprise,48,9552,114624,false,false,monthly,false,2024-06-06,2024-06-20,false
S-8b1fc1,A-309e54,active,Basic,Enterprise,15,9552,114624,true,false,monthly,true,2024-12-26,2024-12-27,false
S-44c9ae,A-f3ff05,active,Basic,Enterprise,2,9552,114624,true,false,annual,false,2024-11-10,2024-11-24,false
S-f554b0,A-faa28c,active,Enterprise,Enterprise,48,9552,114624,false,false,annual,true,2024-11-30,2024-12-25,false
S-59778a,A-f6b2fb,active,Enterprise,Enterprise,49,9751,117012,false,false,monthly,true,2024-08-11,2024-08-14,false
S-87db32,A-526d93,active,Enterprise,Enterprise,49,9751,117012,false,false,monthly,false,2024-04-24,2024-06-29,false
S-efdeae,A-3793ee,active,Enterprise,Enterprise,49,9751,117012,false,false,monthly,false,2024-10-23,2999-12-31,true
S-76a214,A-00bed1,active,Enterprise,Enterprise,49,9751,117012,false,false,annual,true,2024-05-14,2024-07-16,false
S-22f848,A-993085,active,Enterprise,Enterprise,49,9751,117012,false,false,annual,true,2023-10-15,2023-10-30,false
S-b2b1b9,A-49b828,active,Enterprise,Enterprise,49,9751,117012,false,false,annual,true,2023-10-06,2023-12-15,false
S-f32731,A-20736a,active,Enterprise,Enterprise,50,9950,119400,false,false,monthly,true,2024-10-02,2024-10-03,false
S-62f5b1,A-20736a,active,Enterprise,Enterprise,50,9950,119400,false,false,annual,true,2024-11-23,2999-12-31,true
S-c6acda,A-1e1b80,active,Enterprise,Enterprise,50,9950,119400,false,false,annual,true,2024-07-10,2024-07-21,false
S-28a4b7,A-1e1b80,active,Enterprise,Enterprise,50,9950,119400,false,false,annual,true,2023-12-16,2023-12-26,false
S-2b608a,A-adc1f3,active,Basic,Enterprise,16,9950,119400,true,false,monthly,true,2024-09-18,2024-11-20,false
S-d6f7cd,A-bd4513,active,Enterprise,Enterprise,50,9950,119400,false,false,annual,true,2024-11-14,2024-11-16,false
S-0d0202,A-adc1f3,active,Enterprise,Enterprise,50,9950,119400,false,false,annual,true,2024-09-04,2024-09-18,false
S-bb45bb,A-b07346,active,Enterprise,Enterprise,51,10149,121788,false,false,annual,false,2024-12-22,2024-12-28,false
S-4484ae,A-b07346,active,Enterprise,Enterprise,51,10149,121788,false,false,monthly,true,2024-12-08,2024-12-22,false
S-fd04d6,A-b07346,active,Enterprise,Enterprise,51,10149,121788,false,false,annual,true,2024-12-28,2999-12-31,true
S-162596,A-462d45,active,Pro,Enterprise,18,10348,124176,true,false,monthly,true,2024-02-29,2024-03-25,false
S-7e145e,A-0b0d6d,active,Enterprise,Enterprise,52,10348,124176,false,false,annual,true,2024-12-31,2024-12-31,false
S-1c406a,A-82861f,active,Enterprise,Enterprise,53,10547,126564,false,false,monthly,true,2024-07-10,2024-07-29,false
S-af5a51,A-ccb686,active,Enterprise,Enterprise,53,10547,126564,false,false,annual,true,2024-08-22,2024-10-06,false
S-23dcff,A-aa9511,active,Enterprise,Enterprise,54,10746,128952,false,false,monthly,true,2024-10-05,2024-11-07,false
S-c3cb12,A-ce550d,active,Enterprise,Enterprise,54,10746,128952,false,false,annual,false,2024-11-01,2024-11-13,false
S-6055d4,A-ce550d,active,Enterprise,Enterprise,35,10746,128952,false,false,monthly,true,2024-11-13,2024-11-16,false
S-e267d1,A-4a4c2d,active,Enterprise,Enterprise,54,10746,128952,false,false,annual,false,2023-12-25,2024-02-02,false
S-d232ad,A-1619f8,active,Pro,Enterprise,29,10945,131340,true,false,monthly,false,2024-06-10,2024-07-21,false
S-a25d8b,A-40a557,active,Enterprise,Enterprise,55,10945,131340,false,false,monthly,true,2024-03-24,2024-06-06,false
S-f99f9e,A-dbc825,active,Enterprise,Enterprise,55,10945,131340,false,false,monthly,true,2024-10-19,2024-11-12,false
S-da0fb6,A-d77f4c,active,Enterprise,Enterprise,55,10945,131340,false,false,monthly,true,2024-07-04,2024-07-21,false
S-85320b,A-71615e,active,Enterprise,Enterprise,15,10945,131340,false,false,monthly,true,2024-08-21,2024-08-24,false
S-9daaad,A-e693b6,active,Enterprise,Enterprise,55,10945,131340,false,false,monthly,true,2024-03-21,2024-05-04,false
S-88338a,A-503d5a,active,Enterprise,Enterprise,56,11144,133728,false,false,annual,false,2024-12-19,2999-12-31,true
S-3b5458,A-98a59a,active,Enterprise,Enterprise,56,11144,133728,false,false,monthly,true,2024-09-12,2024-10-27,false
S-64d514,A-65aeb5,active,Enterprise,Enterprise,56,11144,133728,false,false,annual,false,2024-09-06,2024-09-30,false
S-0ffab0,A-e60f9d,active,Enterprise,Enterprise,58,11542,138504,false,false,annual,true,2024-10-18,2024-10-21,false
S-aaf1d0,A-fd9422,active,Enterprise,Enterprise,58,11542,138504,false,false,monthly,false,2024-07-12,2024-08-25,false
S-ce5fb5,A-fd9422,active,Enterprise,Enterprise,58,11542,138504,false,false,monthly,true,2024-11-25,2024-12-11,false
S-814624,A-671f31,active,Enterprise,Enterprise,82,11741,140892,false,false,annual,true,2024-12-28,2999-12-31,true
S-85b7d7,A-d40bf7,active,Basic,Enterprise,59,11741,140892,true,false,monthly,false,2024-12-27,2024-12-29,false
S-dc6a2a,A-309e54,active,Pro,Enterprise,15,11741,140892,true,false,monthly,true,2024-12-21,2024-12-21,false
S-5fb9ab,A-7f6b86,active,Enterprise,Enterprise,45,11741,140892,false,false,annual,false,2024-10-27,2024-12-06,false
S-c41762,A-9badbd,active,Enterprise,Enterprise,59,11741,140892,false,false,monthly,true,2024-12-21,2024-12-30,false
S-1876fb,A-4f18f0,active,Enterprise,Enterprise,59,11741,140892,false,false,monthly,false,2024-10-12,2024-12-20,false
S-388190,A-d40bf7,active,Enterprise,Enterprise,59,11741,140892,false,false,annual,false,2024-12-27,2024-12-27,false
S-c417622,A-9badbd,churned,Enterprise,Enterprise,59,11741,140892,false,false,monthly,true,2024-12-30,2999-12-31,true
S-26e8f0,A-d40bf7,active,Enterprise,Enterprise,59,11741,140892,false,false,monthly,false,2024-11-17,2024-11-23,false
S-377ced,A-432483,active,Enterprise,Enterprise,60,11940,143280,false,false,monthly,false,2023-12-13,2023-12-17,false
S-4c4852,A-71615e,active,Basic,Enterprise,73,11940,143280,true,false,monthly,true,2024-11-06,2024-12-06,false
S-42bbe0,A-2e3bad,active,Basic,Enterprise,61,12139,145668,true,false,annual,true,2024-10-09,2024-10-27,false
S-4e762d,A-2789e3,active,Enterprise,Enterprise,61,12139,145668,false,false,annual,true,2024-11-06,2024-12-04,false
S-1f4db5,A-2e3bad,active,Enterprise,Enterprise,61,12139,145668,false,false,annual,true,2024-09-29,2024-10-09,false
S-e2500e,A-5b4ebb,active,Basic,Enterprise,21,12537,150444,true,false,monthly,true,2024-12-06,2024-12-16,false
S-a7da97,A-5790f4,active,Enterprise,Enterprise,63,12537,150444,false,false,annual,false,2024-12-25,2024-12-26,false
S-0b0ffa,A-180abf,active,Basic,Enterprise,64,12736,152832,true,false,annual,true,2024-01-17,2024-02-19,false
S-761a0f,A-d792a6,active,Enterprise,Enterprise,65,12935,155220,false,false,annual,true,2024-10-17,2999-12-31,true
S-7b29d1,A-80eeb6,active,Enterprise,Enterprise,65,12935,155220,false,false,monthly,true,2024-04-19,2024-05-02,false
S-31d765,A-7dacce,active,Pro,Enterprise,12,13333,159996,true,false,annual,true,2024-12-04,2999-12-31,true
S-a44d30,A-e08cd3,active,Enterprise,Enterprise,67,13333,159996,false,false,monthly,true,2024-10-31,2024-11-10,false
S-16f4a2,A-e08cd3,active,Enterprise,Enterprise,67,13333,159996,false,false,annual,true,2024-11-10,2024-11-23,false
S-ac3a32,A-e08cd3,active,Enterprise,Enterprise,67,13333,159996,false,false,monthly,true,2024-10-20,2024-10-31,false
S-2a6eb3,A-80eeb6,active,Enterprise,Enterprise,68,13532,162384,false,false,monthly,true,2023-08-27,2023-10-22,false
S-e6ce29,A-76fa4d,active,Enterprise,Enterprise,69,13731,164772,false,false,monthly,false,2024-12-05,2024-12-08,false
S-2c11c6,A-76fa4d,active,Pro,Enterprise,69,13731,164772,true,false,monthly,true,2024-12-08,2024-12-24,false
S-6dff9e,A-76fa4d,active,Enterprise,Enterprise,69,13731,164772,false,false,monthly,true,2024-11-27,2024-11-29,false
S-22f096,A-c58f49,active,Enterprise,Enterprise,70,13930,167160,false,false,monthly,true,2024-10-15,2024-11-02,false
S-7bb339,A-fa3095,active,Enterprise,Enterprise,70,13930,167160,false,false,annual,true,2023-12-06,2023-12-17,false
S-354f6f,A-c58f49,active,Enterprise,Enterprise,70,13930,167160,false,false,annual,true,2024-11-24,2999-12-31,true
S-a04ba5,A-afa505,active,Enterprise,Enterprise,70,13930,167160,false,false,annual,true,2024-06-02,2024-07-24,false
S-1a9c5c,A-c58f49,active,Basic,Enterprise,70,13930,167160,true,false,annual,true,2024-11-02,2024-11-07,false
S-863c87,A-e43bf7,active,Enterprise,Enterprise,70,13930,167160,false,false,annual,true,2023-07-05,2024-01-24,false
S-383ac2,A-09316c,active,Basic,Enterprise,70,13930,167160,true,false,monthly,false,2024-10-22,2024-11-11,false
S-ad02b5,A-c58f49,active,Enterprise,Enterprise,70,13930,167160,false,false,monthly,true,2024-10-05,2024-10-15,false
S-2923fc,A-fa3095,active,Enterprise,Enterprise,70,13930,167160,false,false,annual,true,2024-07-08,2024-12-16,false
S-183502,A-4e960a,active,Enterprise,Enterprise,71,14129,169548,false,false,monthly,true,2024-04-11,2024-06-01,false
S-c855b0,A-ac14bb,active,Enterprise,Enterprise,71,14129,169548,false,false,annual,true,2024-01-16,2024-02-22,false
S-41d4ca,A-90a8c8,active,Pro,Enterprise,21,14527,174324,true,false,monthly,true,2024-09-19,2024-09-21,false
S-62aa3c,A-5b1bcd,active,Enterprise,Enterprise,73,14527,174324,false,false,monthly,true,2023-11-27,2024-01-10,false
S-ee4c5c,A-5b1bcd,active,Enterprise,Enterprise,73,14527,174324,false,false,annual,true,2023-10-28,2023-11-27,false
S-9c47f6,A-5b1bcd,active,Pro,Enterprise,73,14527,174324,true,false,annual,true,2024-04-13,2024-06-06,false
S-269b4a,A-5b1bcd,active,Enterprise,Enterprise,73,14527,174324,false,false,monthly,true,2024-02-15,2024-03-19,false
S-795878,A-5b1bcd,active,Enterprise,Enterprise,73,14527,174324,false,false,annual,true,2024-03-19,2024-04-13,false
S-b39049,A-4e44e8,active,Pro,Enterprise,18,14925,179100,true,false,monthly,true,2024-11-08,2024-11-18,false
S-4fc5ca,A-712f1c,active,Enterprise,Enterprise,75,14925,179100,false,false,annual,true,2024-03-11,2024-04-09,false
S-5450af,A-b48f73,active,Enterprise,Enterprise,80,15920,191040,false,false,annual,false,2024-12-13,2024-12-26,false
S-3ae7af,A-902ef7,active,Basic,Enterprise,83,16517,198204,true,false,monthly,true,2024-12-18,2024-12-25,false
S-c192eb,A-ff79f2,active,Enterprise,Enterprise,83,16517,198204,false,false,monthly,true,2024-10-19,2024-10-21,false
S-d6aefa,A-65c341,active,Enterprise,Enterprise,84,16716,200592,false,false,annual,true,2024-03-14,2024-09-21,false
S-e36ccb,A-30b4ca,active,Enterprise,Enterprise,86,17114,205368,false,false,monthly,true,2024-06-30,2024-07-01,false
S-af6284,A-30b4ca,active,Enterprise,Enterprise,86,17114,205368,false,false,annual,true,2024-05-27,2024-05-27,false
S-3128b4,A-30b4ca,active,Enterprise,Enterprise,86,17114,205368,false,false,monthly,false,2024-05-27,2024-06-30,false
S-75cba6,A-5a215a,active,Enterprise,Enterprise,87,17313,207756,false,false,monthly,true,2024-09-18,2024-10-18,false
S-e04d93,A-5a215a,active,Enterprise,Enterprise,87,17313,207756,false,false,monthly,true,2024-05-27,2024-06-20,false
S-0144ac,A-5a215a,active,Enterprise,Enterprise,87,17313,207756,false,false,monthly,true,2024-03-13,2024-05-10,false
S-838330,A-5a215a,active,Pro,Enterprise,87,17313,207756,true,false,annual,false,2024-06-20,2024-07-10,false
S-3781d0,A-5a215a,active,Enterprise,Enterprise,87,17313,207756,false,false,annual,true,2024-05-10,2024-05-27,false
S-a46dd4,A-5a215a,active,Enterprise,Enterprise,87,17313,207756,false,false,annual,true,2024-09-18,2024-09-18,false
S-2e0575,A-4814a3,active,Enterprise,Enterprise,87,17313,207756,false,false,annual,true,2024-11-06,2024-11-13,false
S-2c5e1c,A-4814a3,active,Enterprise,Enterprise,87,17313,207756,false,false,monthly,true,2024-12-08,2024-12-30,false
S-9842bb,A-4814a3,active,Enterprise,Enterprise,87,17313,207756,false,false,monthly,false,2024-10-27,2024-11-06,false
S-ff2510,A-80eeb6,active,Pro,Enterprise,46,17711,212532,true,false,annual,true,2024-09-14,2024-09-18,false
S-677801,A-80eeb6,active,Enterprise,Enterprise,89,17711,212532,false,false,monthly,true,2024-05-02,2024-09-14,false
S-7da02b,A-f44180,active,Enterprise,Enterprise,89,17711,212532,false,false,annual,true,2023-05-20,2023-08-31,false
S-c0127d,A-5c9849,active,Enterprise,Enterprise,19,18109,217308,false,false,monthly,true,2024-12-03,2024-12-04,false
S-6bd30a,A-5c9849,active,Enterprise,Enterprise,91,18109,217308,false,false,monthly,true,2024-12-01,2024-12-03,false
S-f9bd62,A-66224b,active,Basic,Enterprise,92,18308,219696,true,false,monthly,true,2024-12-27,2024-12-30,false
S-a2d132,A-66224b,active,Pro,Enterprise,111,18308,219696,true,false,annual,true,2024-11-28,2024-12-05,false
S-da3b68,A-5c046d,active,Enterprise,Enterprise,93,18507,222084,false,false,monthly,true,2024-11-23,2024-12-02,false
S-aced77,A-5c046d,active,Enterprise,Enterprise,93,18507,222084,false,false,annual,true,2024-12-20,2999-12-31,true
S-851bbe,A-d77f4c,active,Enterprise,Enterprise,94,18706,224472,false,false,annual,true,2024-04-22,2024-05-04,false
S-082b15,A-aa9511,active,Enterprise,Enterprise,97,19303,231636,false,false,annual,true,2024-02-09,2024-04-13,false
S-38131a,A-aa9511,active,Enterprise,Enterprise,23,19303,231636,false,false,monthly,true,2024-04-13,2024-06-16,false
S-90a6c9,A-c37cab,active,Pro,Enterprise,46,19502,234024,true,false,monthly,true,2024-10-18,2024-10-19,false
S-50c6f5,A-a6d261,active,Enterprise,Enterprise,103,20497,245964,false,false,monthly,true,2024-04-26,2024-05-09,false
S-db89df,A-1f0636,active,Enterprise,Enterprise,105,20895,250740,false,false,annual,true,2024-05-29,2024-06-09,false
S-f11653,A-d4e0d4,active,Enterprise,Enterprise,117,23283,279396,false,false,annual,true,2024-10-28,2024-11-15,false
S-ea71b5,A-bad8c1,trial,Enterprise,Pro,10,0,0,false,true,annual,true,2023-12-12,2024-02-22,false
S-fdc127,A-7641d3,trial,Pro,Pro,76,0,0,false,false,monthly,true,2024-03-11,2024-05-10,false
S-f7fccd,A-443b7c,trial,Basic,Pro,6,0,0,true,false,annual,true,2024-11-18,2024-11-29,false
S-23a6c5,A-dfbd31,trial,Enterprise,Pro,24,0,0,false,true,monthly,true,2023-12-31,2024-02-15,false
S-779baa,A-eafc6e,trial,Basic,Pro,30,0,0,true,false,monthly,true,2024-10-30,2999-12-31,true
S-aa3dd4,A-aa9511,trial,Enterprise,Pro,58,0,0,false,true,monthly,true,2024-09-23,2024-10-05,false
S-5abbac,A-94d3da,trial,Pro,Pro,41,0,0,false,false,annual,true,2023-09-26,2023-12-01,false
S-94fc5d,A-86902e,trial,Basic,Pro,34,0,0,true,false,monthly,true,2023-07-30,2023-11-24,false
S-067edc,A-075038,trial,Pro,Pro,23,0,0,false,false,monthly,true,2023-11-30,2024-01-09,false
S-dab0d5,A-cc1d8d,trial,Basic,Pro,5,0,0,true,false,monthly,true,2024-12-14,2024-12-16,false
S-63e79e,A-7c5768,trial,Enterprise,Pro,25,0,0,false,true,annual,true,2024-10-20,2024-10-29,false
S-be42e1,A-9f2731,trial,Pro,Pro,39,0,0,false,false,annual,true,2024-10-22,2024-11-02,false
S-06b9f0,A-c37601,trial,Pro,Pro,8,0,0,false,false,annual,true,2024-12-30,2024-12-30,false
S-17cfc4,A-592832,trial,Pro,Pro,18,0,0,false,false,monthly,true,2024-12-01,2024-12-02,false
S-c77c84,A-0be015,trial,Basic,Pro,19,0,0,true,false,monthly,false,2024-12-31,2999-12-31,true
S-e5fdf9,A-9208f0,trial,Basic,Pro,17,0,0,true,false,annual,true,2024-08-09,2999-12-31,true
S-9a6a1b,A-c16b88,trial,Pro,Pro,23,0,0,false,false,annual,true,2024-03-09,2024-06-03,false
S-15609d,A-94d3da,trial,Basic,Pro,41,0,0,true,false,monthly,false,2024-08-04,2024-09-28,false
S-c19e74,A-ffc04f,trial,Enterprise,Pro,13,0,0,false,true,annual,true,2024-09-19,2024-09-19,false
S-c0d979,A-3932db,trial,Enterprise,Pro,19,0,0,false,true,annual,true,2024-09-19,2024-09-21,false
S-4c9c01,A-eb7c38,trial,Basic,Pro,23,0,0,true,false,annual,true,2024-09-26,2024-10-21,false
S-fa781b,A-271f46,trial,Enterprise,Pro,38,0,0,false,true,monthly,true,2024-04-25,2024-05-02,false
S-a2e1dd,A-c37cab,trial,Enterprise,Pro,13,0,0,false,true,monthly,true,2024-08-10,2024-09-27,false
S-6b6cd7,A-d792a6,trial,Enterprise,Pro,6,0,0,false,true,monthly,true,2023-04-04,2023-04-21,false
S-b5b39a,A-1f0636,trial,Pro,Pro,105,0,0,false,false,annual,true,2024-03-17,2024-04-09,false
S-08a3ca,A-c45b23,trial,Pro,Pro,25,0,0,false,false,annual,true,2024-09-07,2024-10-06,false
S-9f009b,A-68f37c,trial,Basic,Pro,16,0,0,true,false,monthly,true,2023-11-30,2023-12-31,false
S-b95751,A-02cd81,trial,Basic,Pro,44,0,0,true,false,monthly,true,2024-04-24,2024-05-04,false
S-a96f6c,A-b30291,trial,Pro,Pro,13,0,0,false,false,monthly,true,2024-10-23,2024-12-22,false
S-115510,A-3b37d9,trial,Enterprise,Pro,23,0,0,false,true,monthly,true,2024-05-28,2024-11-17,false
S-2843fe,A-089363,trial,Basic,Pro,2,0,0,true,false,monthly,true,2024-06-26,2024-07-11,false
S-264c8a,A-34d880,trial,Enterprise,Pro,7,0,0,false,true,monthly,true,2024-06-26,2024-07-04,false
S-af41f0,A-e83938,active,Basic,Pro,2,38,456,true,false,annual,false,2024-06-27,2024-07-16,false
S-f8357e,A-f17767,active,Basic,Pro,2,38,456,true,false,monthly,true,2023-11-01,2023-11-15,false
S-9f13f8,A-f3ff05,active,Basic,Pro,2,38,456,true,false,annual,true,2024-10-07,2024-10-19,false
S-aa20eb,A-6f8ad2,active,Pro,Pro,1,49,588,false,false,monthly,false,2024-09-08,2024-09-16,false
S-35752e,A-e6afc1,active,Pro,Pro,1,49,588,false,false,annual,true,2024-05-08,2024-07-12,false
S-1261fb,A-fd7ad3,active,Pro,Pro,1,49,588,false,false,monthly,false,2024-11-29,2024-12-23,false
S-c52d77,A-6e7827,active,Pro,Pro,1,49,588,false,false,monthly,false,2023-11-05,2024-03-22,false
S-b120fb,A-f51f16,active,Pro,Pro,1,49,588,false,false,annual,false,2024-04-01,2024-04-06,false
S-b94bce,A-f51f16,active,Enterprise,Pro,2,49,588,false,true,monthly,true,2024-04-06,2024-05-06,false
S-b8d2f6,A-17939a,active,Basic,Pro,19,49,588,true,false,monthly,true,2024-12-28,2024-12-28,false
S-3c072b,A-ced9aa,active,Basic,Pro,3,57,684,true,false,monthly,true,2024-12-01,2024-12-04,false
S-d61475,A-89ee83,active,Basic,Pro,3,57,684,true,false,monthly,true,2024-12-20,2024-12-20,false
S-b6c0a0,A-443b7c,active,Basic,Pro,3,57,684,true,false,monthly,true,2024-11-01,2024-11-11,false
S-a53e06,A-089363,active,Basic,Pro,3,57,684,true,false,annual,false,2024-06-14,2024-06-18,false
S-c1c645,A-443b7c,active,Basic,Pro,4,76,912,true,false,annual,true,2024-10-06,2024-10-08,false
S-b89305,A-0aaf6e,active,Basic,Pro,4,76,912,true,false,monthly,true,2024-11-09,2024-11-13,false
S-e6b35a,A-3c1a3f,active,Basic,Pro,4,76,912,true,false,monthly,true,2024-03-25,2024-04-28,false
S-147ad7,A-54ecc2,active,Basic,Pro,4,76,912,true,false,annual,true,2024-08-29,2024-09-16,false
S-79b2bc,A-249769,active,Basic,Pro,4,76,912,true,false,monthly,true,2024-08-28,2024-09-06,false
S-78c894,A-d792a6,active,Basic,Pro,4,76,912,true,false,annual,true,2023-02-17,2023-03-18,false
S-fe910d,A-241e75,active,Basic,Pro,5,95,1140,true,false,monthly,true,2024-10-19,2999-12-31,true
S-c067fc,A-249769,active,Basic,Pro,5,95,1140,true,false,monthly,true,2024-07-18,2024-08-05,false
S-98ac99,A-8ed5dd,active,Basic,Pro,5,95,1140,true,false,annual,true,2023-11-09,2023-11-13,false
S-7003c5,A-038089,active,Basic,Pro,5,95,1140,true,false,annual,true,2024-12-30,2999-12-31,true
S-474001,A-adc1f3,active,Pro,Pro,2,98,1176,false,false,annual,false,2024-12-19,2024-12-21,false
S-2f07f6,A-9208f0,active,Pro,Pro,49,98,1176,false,false,monthly,false,2024-03-20,2024-08-09,false
S-aaed3e,A-e6afc1,active,Pro,Pro,9,98,1176,false,false,monthly,false,2024-12-18,2999-12-31,true
S-fcfb31,A-089363,active,Enterprise,Pro,31,98,1176,false,true,monthly,false,2023-10-03,2023-11-04,false
S-9c414f,A-0a282f,active,Pro,Pro,2,98,1176,false,false,annual,true,2024-12-27,2999-12-31,true
S-9dfce0,A-e6afc1,active,Pro,Pro,2,98,1176,false,false,annual,true,2024-08-30,2024-12-18,false
S-0fa88d,A-54ecc2,active,Basic,Pro,6,114,1368,true,false,monthly,true,2024-09-27,2024-10-16,false
S-5cba26,A-8b25f2,active,Basic,Pro,6,114,1368,true,false,monthly,true,2024-07-30,2024-09-10,false
S-22f503,A-7a0d69,active,Basic,Pro,6,114,1368,true,false,annual,true,2024-09-06,2024-09-12,false
S-dab0d8,A-439b2f,active,Basic,Pro,6,114,1368,true,false,annual,true,2024-05-16,2024-05-30,false
S-51dd23,A-7c6b6b,active,Basic,Pro,6,114,1368,true,false,monthly,true,2024-12-14,2024-12-16,false
S-f690e0,A-1f559b,active,Basic,Pro,7,133,1596,true,false,monthly,true,2024-07-25,2024-07-25,false
S-67da25,A-5a92e7,active,Basic,Pro,7,133,1596,true,false,annual,true,2024-07-22,2024-08-29,false
S-d30d10,A-c45b23,active,Basic,Pro,7,133,1596,true,false,monthly,false,2024-10-06,2024-11-16,false
S-7e2e5c,A-7df7a7,active,Basic,Pro,7,133,1596,true,false,monthly,false,2024-04-06,2024-05-07,false
S-326577,A-fda07f,active,Basic,Pro,7,133,1596,true,false,annual,true,2024-09-22,2024-10-01,false
S-0380a3,A-922109,active,Pro,Pro,3,147,1764,false,false,annual,true,2024-04-06,2024-04-06,false
S-67965d,A-bc87bc,active,Pro,Pro,3,147,1764,false,false,annual,true,2024-12-07,2024-12-09,false
S-834a48,A-86cdb4,active,Basic,Pro,4,147,1764,true,false,monthly,true,2024-11-01,2024-11-23,false
S-e07b30,A-029f69,active,Pro,Pro,3,147,1764,false,false,annual,true,2024-11-13,2024-12-02,false
S-a50803,A-a45270,active,Basic,Pro,66,147,1764,true,false,annual,true,2024-12-23,2999-12-31,true
S-4911f9,A-bb2f49,active,Basic,Pro,8,152,1824,true,false,annual,true,2024-12-07,2024-12-26,false
S-b32a70,A-3ce5b8,active,Basic,Pro,8,152,1824,true,false,monthly,true,2024-09-30,2024-10-03,false
S-c2f293,A-69b156,active,Basic,Pro,8,152,1824,true,false,monthly,false,2024-12-10,2024-12-30,false
S-55aafd,A-e89151,active,Basic,Pro,8,152,1824,true,false,monthly,true,2024-05-23,2024-11-14,false
S-2ff628,A-118d55,active,Basic,Pro,8,152,1824,true,false,monthly,true,2024-12-27,2024-12-27,false
S-62b4fc,A-c42f1f,active,Basic,Pro,8,152,1824,true,false,monthly,true,2024-12-29,2999-12-31,true
S-9c67ab,A-c62e55,active,Basic,Pro,8,152,1824,true,false,annual,true,2024-04-04,2024-05-05,false
S-c2f2932,A-69b156,churned,Basic,Pro,8,152,1824,true,false,monthly,false,2024-12-30,2999-12-31,true
S-2196c4,A-425e76,active,Basic,Pro,8,152,1824,true,false,monthly,true,2024-04-16,2024-05-07,false
S-40cbc0,A-474ad4,active,Basic,Pro,8,152,1824,true,false,annual,true,2024-04-18,2024-07-02,false
S-d22ebe,A-5a92e7,active,Basic,Pro,9,171,2052,true,false,annual,true,2024-06-14,2024-06-27,false
S-c844bd,A-6a4e2d,active,Basic,Pro,9,171,2052,true,false,annual,true,2024-01-23,2024-03-12,false
S-ee5448,A-cc1d8d,active,Basic,Pro,9,171,2052,true,false,annual,true,2024-12-29,2024-12-30,false
S-51590f,A-249769,active,Basic,Pro,9,171,2052,true,false,annual,true,2024-11-17,2024-11-21,false
S-7456c5,A-8ae3fc,active,Basic,Pro,9,171,2052,true,false,monthly,true,2024-09-09,2024-09-17,false
S-dbee03,A-49b828,active,Basic,Pro,9,171,2052,true,false,monthly,true,2023-05-16,2023-08-09,false
S-a9a5a1,A-7c4956,active,Basic,Pro,9,171,2052,true,false,monthly,false,2023-06-05,2023-07-10,false
S-9fa60e,A-712426,active,Basic,Pro,9,171,2052,true,false,annual,true,2024-12-15,2024-12-15,false
S-6ce221,A-65aeb5,active,Basic,Pro,9,171,2052,true,false,annual,true,2024-10-10,2024-12-03,false
S-81e9f1,A-05d3b3,active,Basic,Pro,9,171,2052,true,false,monthly,true,2024-09-10,2024-09-26,false
S-d29830,A-684255,active,Basic,Pro,9,171,2052,true,false,annual,true,2024-07-01,2024-07-01,false
S-da78bb,A-712426,active,Basic,Pro,9,171,2052,true,false,monthly,true,2024-11-17,2024-11-28,false
S-6ce2212,A-65aeb5,churned,Basic,Pro,9,171,2052,true,false,annual,true,2024-12-03,2999-12-31,true
S-c9eecb,A-6c093d,active,Basic,Pro,9,171,2052,true,false,annual,true,2024-10-10,2024-12-12,false
S-9a8646,A-098560,active,Basic,Pro,10,190,2280,true,false,monthly,true,2024-04-29,2024-07-19,false
S-951de6,A-ccb686,active,Basic,Pro,10,190,2280,true,false,annual,true,2024-05-04,2024-06-20,false
S-d91f4c,A-1b7577,active,Basic,Pro,10,190,2280,true,false,monthly,true,2024-11-15,2024-11-15,false
S-5a75eb,A-503d5a,active,Basic,Pro,10,190,2280,true,false,monthly,true,2024-11-22,2024-12-18,false
S-70addb,A-692f18,active,Basic,Pro,10,190,2280,true,false,monthly,false,2024-10-05,2024-12-14,false
S-c881bc,A-8b25f2,active,Basic,Pro,10,190,2280,true,false,monthly,true,2024-05-02,2024-05-03,false
S-99a404,A-139c3b,active,Basic,Pro,10,190,2280,true,false,annual,true,2024-12-20,2024-12-21,false
S-703faf,A-b7724f,active,Basic,Pro,10,190,2280,true,false,monthly,false,2024-09-20,2024-12-26,false
S-9e7060,A-c62e55,active,Basic,Pro,10,190,2280,true,false,annual,false,2024-01-15,2024-02-07,false
S-3b3fac,A-7641d3,active,Basic,Pro,10,190,2280,true,false,annual,true,2024-11-21,2999-12-31,true
S-6754a4,A-1f559b,active,Basic,Pro,10,190,2280,true,false,annual,false,2024-10-17,2999-12-31,true
S-a3455c,A-e51ec7,active,Enterprise,Pro,2,196,2352,false,true,annual,true,2024-09-16,2024-10-04,false
S-30a9dd,A-417d2f,active,Basic,Pro,8,196,2352,true,false,annual,true,2024-10-30,2024-10-31,false
S-f55146,A-417d2f,active,Enterprise,Pro,14,196,2352,false,true,annual,true,2024-09-21,2024-10-14,false
S-43af5a,A-f3ff05,active,Pro,Pro,4,196,2352,false,false,monthly,true,2024-11-26,2024-12-02,false
S-d96652,A-503d5a,active,Enterprise,Pro,7,196,2352,false,true,monthly,true,2024-05-01,2024-06-28,false
S-a6f0f1,A-d792a6,active,Pro,Pro,4,196,2352,false,false,annual,true,2024-04-26,2024-07-04,false
S-7d2c1b,A-34d880,active,Pro,Pro,9,196,2352,false,false,monthly,true,2024-06-04,2024-06-26,false
S-9220c9,A-417d2f,active,Pro,Pro,4,196,2352,false,false,monthly,true,2024-06-23,2024-09-08,false
S-936a83,A-54ecc2,active,Enterprise,Pro,34,196,2352,false,true,monthly,true,2023-09-13,2023-09-16,false
S-45baa6,A-0a282f,active,Pro,Pro,4,196,2352,false,false,monthly,true,2024-10-08,2024-10-10,false
S-1f15a2,A-7f4db3,active,Basic,Pro,39,196,2352,true,false,annual,true,2023-04-05,2023-07-16,false
S-fc155b,A-ccabf0,active,Enterprise,Pro,1,199,2388,false,true,annual,true,2024-09-09,2024-10-15,false
S-511e50,A-3c1a3f,active,Enterprise,Pro,1,199,2388,false,true,annual,true,2024-10-13,2024-10-26,false
S-0b8b0c,A-f17767,active,Enterprise,Pro,1,199,2388,false,true,monthly,false,2024-08-03,2024-08-21,false
S-9eeb7e,A-029f69,active,Basic,Pro,11,209,2508,true,false,monthly,false,2024-12-02,2024-12-10,false
S-f6edd4,A-5a92e7,active,Basic,Pro,11,209,2508,true,false,annual,false,2024-12-04,2024-12-07,false
S-6d12c1,A-d26ab4,active,Basic,Pro,11,209,2508,true,false,monthly,true,2024-11-20,2024-11-21,false
S-474b5a,A-05d3b3,active,Basic,Pro,11,209,2508,true,false,annual,false,2023-11-26,2023-11-27,false
S-63d104,A-0e966d,active,Basic,Pro,11,209,2508,true,false,annual,true,2024-09-03,2024-09-05,false
S-05b080,A-b9eed8,active,Basic,Pro,11,209,2508,true,false,monthly,true,2024-06-21,2024-07-14,false
S-c5723e,A-544d0a,active,Basic,Pro,11,209,2508,true,false,annual,true,2024-06-27,2024-07-23,false
S-8e719f,A-4437e4,active,Basic,Pro,11,209,2508,true,false,annual,true,2024-08-16,2024-08-17,false
S-cd2085,A-7c83a1,active,Basic,Pro,12,228,2736,true,false,monthly,true,2024-11-10,2024-11-24,false
S-0efc9b,A-4bfa33,active,Basic,Pro,12,228,2736,true,false,monthly,true,2024-12-13,2024-12-19,false
S-4571b1,A-df1e44,active,Basic,Pro,12,228,2736,true,false,annual,false,2024-06-28,2024-08-08,false
S-e32b34,A-4c56c9,active,Basic,Pro,12,228,2736,true,false,monthly,true,2024-07-23,2024-07-28,false
S-04fd47,A-0a282f,active,Basic,Pro,12,228,2736,true,false,annual,true,2024-10-27,2024-11-10,false
S-21e372,A-4e960a,active,Basic,Pro,12,228,2736,true,false,monthly,true,2024-09-23,2024-11-24,false
S-b75eaa,A-bf7919,active,Basic,Pro,12,228,2736,true,false,monthly,false,2024-12-24,2024-12-26,false
S-0c46bb,A-c45b23,active,Basic,Pro,12,228,2736,true,false,annual,true,2024-04-09,2024-05-26,false
S-a87ff6,A-4e960a,active,Basic,Pro,12,228,2736,true,false,monthly,true,2024-12-08,2999-12-31,true
S-9d7c192,A-82d8a6,churned,Pro,Pro,5,245,2940,false,false,annual,true,2024-12-31,2024-12-31,false
S-40b133,A-432483,active,Basic,Pro,4,245,2940,true,false,annual,false,2023-04-11,2023-09-09,false
S-07976e,A-81edc3,active,Pro,Pro,5,245,2940,false,false,monthly,true,2024-07-12,2024-09-02,false
S-9d7c19,A-82d8a6,active,Pro,Pro,5,245,2940,false,false,annual,true,2024-12-31,2999-12-31,true
S-54a3ed,A-f446b6,active,Pro,Pro,5,245,2940,false,false,monthly,true,2024-07-21,2024-07-25,false
S-8ff318,A-e7beab,active,Pro,Pro,5,245,2940,false,false,monthly,true,2024-12-23,2024-12-29,false
S-2f11bb,A-82d8a6,active,Pro,Pro,5,245,2940,false,false,annual,true,2024-12-29,2024-12-31,false
S-d92159,A-b30291,active,Pro,Pro,5,245,2940,false,false,annual,true,2024-12-22,2999-12-31,true
S-8ff3182,A-e7beab,churned,Pro,Pro,5,245,2940,false,false,monthly,true,2024-12-29,2999-12-31,true
S-941e0f,A-1e6fc3,active,Basic,Pro,11,245,2940,true,false,annual,true,2024-08-28,2024-12-17,false
S-5818be,A-692f18,active,Pro,Pro,5,245,2940,false,false,annual,true,2024-06-19,2024-07-10,false
S-5f9a67,A-6da850,active,Pro,Pro,5,245,2940,false,false,annual,true,2023-12-04,2024-01-08,false
S-066d80,A-9b9fe9,active,Pro,Pro,5,245,2940,false,false,monthly,true,2024-08-17,2024-10-17,false
S-3b29ea,A-c37cab,active,Basic,Pro,13,247,2964,true,false,monthly,false,2024-11-26,2024-12-13,false
S-285534,A-49b828,active,Basic,Pro,13,247,2964,true,false,annual,true,2024-11-09,2024-11-22,false
S-e27a20,A-ffc04f,active,Basic,Pro,13,247,2964,true,false,monthly,true,2024-12-28,2999-12-31,true
S-58d2c8,A-a6d261,active,Basic,Pro,13,247,2964,true,false,annual,true,2024-11-19,2999-12-31,true
S-d19da0,A-7da956,active,Basic,Pro,13,247,2964,true,false,annual,true,2024-11-04,2024-11-12,false
S-95d15a,A-9289f6,active,Basic,Pro,13,247,2964,true,false,annual,true,2024-12-05,2024-12-11,false
S-01b2dc,A-cc102e,active,Basic,Pro,13,247,2964,true,false,annual,true,2024-12-23,2999-12-31,true
S-64ddbc,A-c16cf7,active,Basic,Pro,13,247,2964,true,false,monthly,true,2024-12-18,2024-12-23,false
S-37b367,A-a8d89d,active,Basic,Pro,13,247,2964,true,false,annual,true,2024-09-17,2024-09-24,false
S-9f38a5,A-cc102e,active,Basic,Pro,13,247,2964,true,false,monthly,true,2024-05-30,2024-09-06,false
S-e3b379,A-1f559b,active,Basic,Pro,13,247,2964,true,false,monthly,true,2024-02-08,2024-02-27,false
S-8ed780,A-bc87bc,active,Basic,Pro,13,247,2964,true,false,monthly,true,2024-12-09,2024-12-15,false
S-a55d16,A-7da956,active,Basic,Pro,13,247,2964,true,false,monthly,false,2024-07-23,2024-08-13,false
S-3236ee,A-0b0d6d,active,Basic,Pro,13,247,2964,true,false,monthly,true,2024-12-31,2024-12-31,false
S-91c435,A-dfbd31,active,Basic,Pro,14,266,3192,true,false,monthly,true,2024-12-09,2999-12-31,true
S-0c47cb,A-b9eed8,active,Basic,Pro,14,266,3192,true,false,annual,true,2024-08-27,2024-08-27,false
S-8707e7,A-17939a,active,Basic,Pro,14,266,3192,true,false,annual,true,2024-12-31,2999-12-31,true
S-534c28,A-e888d1,active,Basic,Pro,14,266,3192,true,false,monthly,true,2024-09-16,2024-10-31,false
S-104ed3,A-855a48,active,Basic,Pro,14,266,3192,true,false,annual,true,2024-03-02,2024-03-17,false
S-704195,A-dfbd31,active,Basic,Pro,14,266,3192,true,false,monthly,true,2024-04-29,2024-06-17,false
S-f018e9,A-019782,active,Basic,Pro,14,266,3192,true,false,annual,true,2024-06-25,2024-12-04,false
S-7077ab,A-fda07f,active,Basic,Pro,14,266,3192,true,false,monthly,true,2024-12-30,2999-12-31,true
S-a2ee32,A-2922b6,active,Basic,Pro,15,285,3420,true,false,monthly,true,2024-12-15,2024-12-17,false
S-e98d6b,A-309e54,active,Basic,Pro,15,285,3420,true,false,annual,true,2024-12-31,2999-12-31,true
S-67b7bf,A-dcc2f0,active,Basic,Pro,15,285,3420,true,false,monthly,false,2024-10-13,2024-10-25,false
S-1dceca,A-f92792,active,Basic,Pro,15,285,3420,true,false,monthly,false,2024-08-01,2024-08-25,false
S-4ea564,A-de58ca,active,Basic,Pro,15,285,3420,true,false,annual,true,2024-08-09,2024-09-01,false
S-25a969,A-c9bb3e,active,Basic,Pro,15,285,3420,true,false,annual,true,2024-06-02,2024-06-08,false
S-713c12,A-8ed5dd,active,Basic,Pro,15,285,3420,true,false,monthly,true,2024-11-27,2999-12-31,true
S-bf9b37,A-692f18,active,Pro,Pro,6,294,3528,false,false,annual,true,2024-05-25,2024-06-02,false
S-1f2b1a,A-544d0a,active,Pro,Pro,6,294,3528,false,false,monthly,true,2024-06-22,2024-06-27,false
S-8b486a,A-59f724,active,Pro,Pro,77,294,3528,false,false,annual,false,2024-06-12,2024-06-22,false
S-3383a4,A-c37601,active,Pro,Pro,12,294,3528,false,false,annual,true,2024-12-29,2024-12-30,false
S-c6c2f6,A-4e0e85,active,Enterprise,Pro,104,294,3528,false,true,monthly,true,2024-08-22,2024-09-20,false
S-b81200,A-7c6b6b,active,Pro,Pro,6,294,3528,false,false,monthly,true,2024-12-21,2024-12-25,false
S-d2624d,A-4e0e85,active,Pro,Pro,6,294,3528,false,false,annual,false,2024-07-19,2024-08-22,false
S-6aa72f,A-58b9ff,active,Enterprise,Pro,3,294,3528,false,true,annual,false,2024-07-05,2024-07-14,false
S-b784a1,A-59f724,active,Pro,Pro,6,294,3528,false,false,monthly,true,2024-05-29,2024-06-12,false
S-016b5f,A-977ca0,active,Enterprise,Pro,6,294,3528,false,true,monthly,true,2024-04-08,2024-04-14,false
S-e14e00,A-a7bd4b,active,Pro,Pro,6,294,3528,false,false,monthly,true,2023-10-05,2023-10-31,false
S-1577c3,A-544d0a,active,Basic,Pro,3,294,3528,true,false,monthly,true,2024-11-29,2024-12-07,false
S-f5df4a,A-58b9ff,active,Pro,Pro,6,294,3528,false,false,annual,false,2024-06-26,2024-07-05,false
S-fbbd54,A-692f18,active,Pro,Pro,5,294,3528,false,false,monthly,true,2024-06-02,2024-06-12,false
S-934bd4,A-ccc747,active,Basic,Pro,16,304,3648,true,false,annual,true,2024-11-04,2999-12-31,true
S-96e3e8,A-d3c88e,active,Basic,Pro,16,304,3648,true,false,monthly,true,2024-12-10,2024-12-13,false
S-8cad7b,A-5f2961,active,Basic,Pro,16,304,3648,true,false,annual,true,2024-12-23,2999-12-31,true
S-053142,A-ffc04f,active,Basic,Pro,16,304,3648,true,false,monthly,true,2024-11-06,2024-11-30,false
S-ceaff7,A-a8b49c,active,Basic,Pro,16,304,3648,true,false,annual,true,2024-02-16,2024-02-17,false
S-643ccd,A-45ce7a,active,Basic,Pro,16,304,3648,true,false,annual,false,2024-09-30,2024-11-13,false
S-712e69,A-0f3e88,active,Basic,Pro,17,323,3876,true,false,annual,true,2024-11-24,2024-12-11,false
S-7d4d45,A-474ad4,active,Basic,Pro,17,323,3876,true,false,annual,true,2023-12-20,2024-01-06,false
S-2ff0ab,A-712f1c,active,Basic,Pro,17,323,3876,true,false,monthly,true,2024-05-11,2024-05-15,false
S-bba658,A-e4bf56,active,Basic,Pro,17,323,3876,true,false,monthly,false,2024-12-17,2024-12-25,false
S-684751,A-86cdb4,active,Basic,Pro,17,323,3876,true,false,monthly,true,2024-12-31,2999-12-31,true
S-d1c9e3,A-075038,active,Basic,Pro,17,323,3876,true,false,annual,true,2024-01-09,2024-01-11,false
S-9c6bd0,A-075038,active,Basic,Pro,17,323,3876,true,false,monthly,true,2024-04-11,2024-05-08,false
S-59edf9,A-427b69,active,Basic,Pro,17,323,3876,true,false,monthly,false,2024-12-16,2999-12-31,true
S-e6513c,A-2edab2,active,Basic,Pro,17,323,3876,true,false,monthly,true,2023-12-05,2024-03-05,false
S-24ae40,A-328bd0,active,Basic,Pro,18,342,4104,true,false,monthly,true,2024-02-11,2024-02-28,false
S-ec690c,A-328bd0,active,Basic,Pro,18,342,4104,true,false,annual,true,2023-10-11,2023-10-19,false
S-6c9ec4,A-b9eed8,active,Basic,Pro,18,342,4104,true,false,monthly,true,2024-11-30,2999-12-31,true
S-a5d1e3,A-e19ff6,active,Basic,Pro,18,342,4104,true,false,monthly,true,2024-07-01,2024-08-11,false
S-a4d69d,A-592832,active,Basic,Pro,18,342,4104,true,false,monthly,true,2024-12-11,2024-12-17,false
S-2e78ce,A-84ebe4,active,Basic,Pro,18,342,4104,true,false,monthly,true,2024-04-15,2024-04-19,false
S-991f61,A-5247b3,active,Basic,Pro,18,342,4104,true,false,monthly,true,2024-10-18,2024-11-25,false
S-6ce794,A-45ce7a,active,Basic,Pro,18,342,4104,true,false,monthly,false,2024-02-20,2024-03-19,false
S-763b53,A-592832,active,Basic,Pro,18,342,4104,true,false,annual,false,2024-12-22,2024-12-22,false
S-3a3d0f,A-751c58,active,Basic,Pro,18,342,4104,true,false,annual,true,2024-09-20,2024-10-11,false
S-34253c,A-1b9609,active,Basic,Pro,18,342,4104,true,false,annual,false,2023-12-02,2024-01-11,false
S-021ca9,A-9affe6,active,Basic,Pro,18,342,4104,true,false,monthly,true,2024-10-01,2024-11-14,false
S-e2a10c,A-118d55,active,Basic,Pro,18,342,4104,true,false,annual,true,2024-12-24,2024-12-24,false
S-317bed,A-53f4e3,active,Basic,Pro,18,342,4104,true,false,monthly,false,2024-10-16,2024-11-05,false
S-e7e013,A-241e75,active,Basic,Pro,18,342,4104,true,false,monthly,false,2024-08-07,2024-09-08,false
S-67c2c9,A-396e5f,active,Pro,Pro,7,343,4116,false,false,monthly,true,2024-11-15,2024-12-02,false
S-0c4162,A-a8b49c,active,Basic,Pro,19,343,4116,true,false,monthly,true,2023-11-24,2023-12-26,false
S-6cafdf,A-6f8ad2,active,Pro,Pro,7,343,4116,false,false,annual,false,2024-12-27,2024-12-31,false
S-dfa4c8,A-eb7fac,active,Pro,Pro,7,343,4116,false,false,annual,true,2024-01-21,2024-02-24,false
S-ab7022,A-7df7a7,active,Basic,Pro,85,343,4116,true,false,monthly,true,2023-03-03,2023-06-10,false
S-f1aa04,A-7f4db3,active,Pro,Pro,7,343,4116,false,false,monthly,true,2023-07-24,2023-10-12,false
S-b5337b,A-7c6b6b,active,Pro,Pro,7,343,4116,false,false,annual,true,2024-12-10,2024-12-14,false
S-a9916f,A-054577,active,Pro,Pro,7,343,4116,false,false,annual,true,2024-05-18,2024-06-15,false
S-3af429,A-9077b0,active,Basic,Pro,30,343,4116,true,false,monthly,true,2024-12-10,2024-12-20,false
S-62f048,A-c45b23,active,Pro,Pro,7,343,4116,false,false,monthly,true,2024-02-13,2024-04-09,false
S-68e134,A-dbc825,active,Basic,Pro,19,361,4332,true,false,monthly,true,2024-05-20,2024-06-29,false
S-92a38d,A-779e4e,active,Basic,Pro,19,361,4332,true,false,monthly,true,2024-09-14,2024-09-18,false
S-138c41,A-00cac8,active,Basic,Pro,19,361,4332,true,false,annual,true,2023-12-26,2024-03-03,false
S-927235,A-e61e98,active,Basic,Pro,19,361,4332,true,false,monthly,true,2024-01-15,2024-05-13,false
S-c61dc9,A-f92792,active,Basic,Pro,19,361,4332,true,false,annual,false,2024-12-15,2999-12-31,true
S-55d53c,A-2f6a32,active,Basic,Pro,19,361,4332,true,false,annual,true,2024-12-08,2999-12-31,true
S-54d8cf,A-2f6a32,active,Basic,Pro,19,361,4332,true,false,monthly,true,2024-10-13,2024-10-25,false
S-99af79,A-0532a9,active,Basic,Pro,19,361,4332,true,false,annual,false,2024-10-05,2024-10-17,false
S-1d4aa3,A-e61e98,active,Basic,Pro,19,361,4332,true,false,monthly,true,2024-06-02,2024-08-31,false
S-eec4d5,A-0532a9,active,Basic,Pro,19,361,4332,true,false,annual,true,2024-12-10,2024-12-20,false
S-9c4090,A-6f50ae,active,Basic,Pro,19,361,4332,true,false,annual,false,2024-05-01,2024-05-14,false
S-9871f4,A-8e47ca,active,Basic,Pro,19,361,4332,true,false,monthly,true,2024-03-05,2024-03-28,false
S-1da72c,A-4bfa33,active,Basic,Pro,20,380,4560,true,false,monthly,true,2024-12-12,2024-12-12,false
S-450fa9,A-186a44,active,Basic,Pro,20,380,4560,true,false,monthly,false,2024-12-17,2024-12-25,false
S-e1db7e,A-186a44,active,Basic,Pro,20,380,4560,true,false,annual,true,2024-03-13,2024-05-20,false
S-8b349c,A-32728c,active,Basic,Pro,20,380,4560,true,false,annual,true,2023-07-01,2024-03-23,false
S-8dd1cf,A-4d1e75,active,Basic,Pro,20,380,4560,true,false,monthly,false,2024-12-17,2999-12-31,true
S-09c11e,A-19b2c8,active,Basic,Pro,20,380,4560,true,false,annual,false,2023-07-12,2023-07-31,false
S-96b8d5,A-659280,active,Basic,Pro,20,380,4560,true,false,annual,false,2024-02-15,2024-04-28,false
S-450fa92,A-186a44,churned,Basic,Pro,20,380,4560,true,false,monthly,false,2024-12-25,2999-12-31,true
S-021004,A-186a44,active,Basic,Pro,20,380,4560,true,false,monthly,true,2024-07-05,2024-08-03,false
S-4d8a27,A-977ca0,active,Basic,Pro,20,380,4560,true,false,monthly,true,2024-07-03,2024-07-25,false
S-a14c42,A-4d1e75,active,Basic,Pro,20,380,4560,true,false,monthly,true,2024-10-10,2024-10-10,false
S-1dbbc2,A-42b791,active,Basic,Pro,20,380,4560,true,false,monthly,false,2024-12-30,2999-12-31,true
S-f40318,A-e19ff6,active,Enterprise,Pro,14,392,4704,false,true,annual,false,2024-03-25,2024-06-01,false
S-76b176,A-6da850,active,Pro,Pro,8,392,4704,false,false,monthly,false,2024-11-10,2024-12-28,false
S-3ea19d,A-4e44e8,active,Basic,Pro,10,392,4704,true,false,monthly,true,2024-09-28,2024-10-16,false
S-2f0815,A-22d9d2,active,Pro,Pro,8,392,4704,false,false,monthly,true,2024-10-14,2024-10-24,false
S-37dc91,A-a1bbb6,active,Pro,Pro,15,392,4704,false,false,annual,true,2024-10-04,2999-12-31,true
S-f3ff06,A-249769,active,Pro,Pro,8,392,4704,false,false,annual,true,2024-10-18,2024-11-17,false
S-c07ede,A-cea1f0,active,Pro,Pro,8,392,4704,false,false,annual,false,2024-10-07,2024-10-18,false
S-0aed9e,A-22d9d2,active,Pro,Pro,8,392,4704,false,false,annual,true,2024-06-29,2024-07-02,false
S-24d19a,A-34ea2f,active,Pro,Pro,8,392,4704,false,false,annual,false,2024-09-10,2024-09-24,false
S-504bce,A-474ad4,active,Enterprise,Pro,41,392,4704,false,true,annual,true,2024-11-28,2024-11-30,false
S-b991d2,A-3ce5b8,active,Pro,Pro,8,392,4704,false,false,annual,true,2024-02-17,2024-03-05,false
S-455183,A-22d9d2,active,Pro,Pro,8,392,4704,false,false,monthly,true,2024-06-05,2024-06-10,false
S-f9b284,A-22d9d2,active,Pro,Pro,8,392,4704,false,false,annual,true,2024-07-02,2024-07-23,false
S-0e8781,A-34ea2f,active,Enterprise,Pro,23,392,4704,false,true,monthly,false,2024-09-24,2024-10-03,false
S-592c0d,A-a7bd4b,active,Pro,Pro,5,392,4704,false,false,annual,true,2023-06-13,2023-10-05,false
S-e5a001,A-922109,active,Basic,Pro,9,392,4704,true,false,monthly,true,2024-10-20,2024-11-08,false
S-5f40a3,A-6da850,active,Basic,Pro,5,392,4704,true,false,monthly,false,2024-12-28,2024-12-31,false
S-a892fd,A-22f2df,active,Pro,Pro,8,392,4704,false,false,monthly,false,2024-12-27,2024-12-29,false
S-29a901,A-378b99,active,Pro,Pro,8,392,4704,false,false,annual,true,2024-10-24,2024-11-03,false
S-3503b4,A-58b9ff,active,Enterprise,Pro,2,398,4776,false,true,monthly,true,2024-07-18,2024-08-09,false
S-446c54,A-296d7c,active,Enterprise,Pro,2,398,4776,false,true,annual,true,2024-11-05,2024-11-26,false
S-33e40e,A-86cdb4,active,Enterprise,Pro,2,398,4776,false,true,annual,true,2024-10-10,2024-10-13,false
S-58d17c,A-396e5f,active,Enterprise,Pro,2,398,4776,false,true,monthly,true,2024-12-02,2024-12-19,false
S-ceffe9,A-89ee83,active,Enterprise,Pro,2,398,4776,false,true,monthly,true,2024-11-23,2024-11-29,false
S-bdf4de,A-6e7827,active,Enterprise,Pro,2,398,4776,false,true,annual,true,2024-03-22,2024-04-22,false
S-310ae0,A-58b9ff,active,Enterprise,Pro,2,398,4776,false,true,monthly,true,2024-09-13,2024-09-24,false
S-1e3a06,A-2b9d3e,active,Enterprise,Pro,2,398,4776,false,true,monthly,true,2024-12-26,2999-12-31,true
S-3266912,A-e40f45,churned,Basic,Pro,21,399,4788,true,false,monthly,false,2024-12-22,2999-12-31,true
S-396a84,A-5b4ebb,active,Basic,Pro,21,399,4788,true,false,monthly,false,2024-10-23,2024-11-21,false
S-6b1de8,A-6843f2,active,Basic,Pro,21,399,4788,true,false,monthly,true,2024-12-27,2024-12-31,false
S-c1056f,A-6f8ad2,active,Basic,Pro,21,399,4788,true,false,monthly,false,2024-10-23,2024-12-04,false
S-326691,A-e40f45,active,Basic,Pro,21,399,4788,true,false,monthly,false,2024-11-24,2024-12-22,false
S-425607,A-ffdfd5,active,Basic,Pro,21,399,4788,true,false,annual,true,2024-06-11,2024-08-18,false
S-64bd69,A-ac9111,active,Basic,Pro,21,399,4788,true,false,annual,true,2023-10-04,2023-10-04,false
S-b04174,A-5b4ebb,active,Basic,Pro,21,399,4788,true,false,monthly,true,2024-10-15,2024-10-18,false
S-8a6579,A-80eeb6,active,Basic,Pro,22,418,5016,true,false,annual,true,2024-11-01,2024-12-20,false
S-f29e7f,A-bbe56f,active,Basic,Pro,22,418,5016,true,false,annual,true,2024-10-15,2999-12-31,true
S-4815a3,A-19b2c8,active,Basic,Pro,22,418,5016,true,false,monthly,true,2023-08-01,2023-08-06,false
S-a09e70,A-58b9ff,active,Basic,Pro,22,418,5016,true,false,annual,true,2024-10-13,2024-10-16,false
S-e7a190,A-0a62f5,active,Basic,Pro,22,418,5016,true,false,annual,true,2024-12-06,2024-12-21,false
S-21d0ab,A-a1b80b,active,Basic,Pro,22,418,5016,true,false,monthly,true,2024-07-21,2024-08-15,false
S-0b25d7,A-0e966d,active,Basic,Pro,22,418,5016,true,false,monthly,true,2024-10-30,2024-11-11,false
S-0921a1,A-ee42db,active,Basic,Pro,22,418,5016,true,false,annual,true,2023-08-02,2023-10-21,false
S-0acba4,A-4e631b,active,Basic,Pro,22,418,5016,true,false,annual,false,2024-11-22,2024-12-10,false
S-fae195,A-a7bd4b,active,Basic,Pro,22,418,5016,true,false,annual,false,2023-10-31,2023-11-15,false
S-86673a,A-ced9aa,active,Basic,Pro,22,418,5016,true,false,monthly,true,2024-11-08,2024-11-23,false
S-59c612,A-aa9511,active,Basic,Pro,23,437,5244,true,false,monthly,true,2023-10-25,2023-11-01,false
S-4920e0,A-52dd88,active,Basic,Pro,23,437,5244,true,false,annual,true,2023-12-05,2023-12-12,false
S-cb853a,A-c37cab,active,Basic,Pro,23,437,5244,true,false,annual,true,2024-12-17,2999-12-31,true
S-973625,A-794a0b,active,Basic,Pro,23,437,5244,true,false,annual,false,2023-12-18,2024-02-05,false
S-97aa94,A-bb3bd4,active,Basic,Pro,23,437,5244,true,false,annual,true,2024-06-11,2024-08-18,false
S-5f4cc6,A-378b99,active,Pro,Pro,16,441,5292,false,false,monthly,true,2024-10-14,2024-10-24,false
S-89c03a,A-8ae3fc,active,Pro,Pro,9,441,5292,false,false,monthly,true,2024-09-20,2024-10-12,false
S-49d73e,A-f44180,active,Enterprise,Pro,35,441,5292,false,true,annual,true,2024-06-30,2024-12-10,false
S-239429,A-65aeb5,active,Enterprise,Pro,9,441,5292,false,true,monthly,true,2024-05-11,2024-08-01,false
S-9bf16e,A-533452,active,Pro,Pro,9,441,5292,false,false,monthly,true,2024-11-23,2024-11-24,false
S-304f59,A-625d0b,active,Basic,Pro,25,441,5292,true,false,annual,true,2024-10-15,2024-10-17,false
S-f0a2e5,A-55f257,active,Basic,Pro,23,441,5292,true,false,annual,true,2024-06-05,2024-06-29,false
S-e7cb68,A-474ad4,active,Pro,Pro,9,441,5292,false,false,annual,true,2024-01-29,2024-03-23,false
S-b156cf,A-625d0b,active,Pro,Pro,9,441,5292,false,false,annual,true,2024-11-22,2024-12-24,false
S-1cf9b0,A-922109,active,Pro,Pro,9,441,5292,false,false,monthly,false,2024-07-15,2024-07-17,false
S-ef3aa2,A-5a92e7,active,Pro,Pro,9,441,5292,false,false,monthly,false,2024-09-19,2024-09-28,false
S-f72b84,A-f44180,active,Pro,Pro,9,441,5292,false,false,monthly,true,2024-06-22,2024-06-30,false
S-7cc0ec,A-a6d261,active,Pro,Pro,9,441,5292,false,false,monthly,false,2024-02-25,2024-03-07,false
S-817cf0,A-378b99,active,Pro,Pro,9,441,5292,false,false,annual,true,2024-10-14,2024-10-14,false
S-87b9f7,A-39868b,active,Basic,Pro,17,441,5292,true,false,annual,false,2024-11-28,2999-12-31,true
S-bb1cf1,A-3a5ad8,active,Enterprise,Pro,9,441,5292,false,true,monthly,false,2024-09-07,2024-11-06,false
S-64d203,A-f17767,active,Pro,Pro,9,441,5292,false,false,monthly,true,2024-03-20,2024-08-03,false
S-2dc98b,A-5a92e7,active,Pro,Pro,9,441,5292,false,false,annual,true,2024-11-08,2024-12-03,false
S-428e9a,A-8ae3fc,active,Enterprise,Pro,88,441,5292,false,true,monthly,true,2024-10-12,2024-11-22,false
S-2abffe,A-a8b49c,active,Pro,Pro,9,441,5292,false,false,monthly,false,2024-03-02,2024-03-23,false
S-0c42bc,A-712426,active,Pro,Pro,9,441,5292,false,false,annual,true,2024-12-16,2024-12-19,false
S-c3bf1d,A-55f257,active,Pro,Pro,9,441,5292,false,false,annual,true,2024-03-15,2024-06-05,false
S-fbd522,A-310452,active,Pro,Pro,9,441,5292,false,false,annual,false,2024-12-28,2024-12-28,false
S-4260ed,A-4f18f0,active,Basic,Pro,24,456,5472,true,false,annual,true,2024-07-15,2024-07-26,false
S-09ada1,A-87aa7b,active,Basic,Pro,24,456,5472,true,false,annual,true,2024-11-23,2024-12-23,false
S-d5a07a,A-19b2c8,active,Basic,Pro,24,456,5472,true,false,annual,true,2024-07-12,2024-07-20,false
S-cb3a85,A-1d5444,active,Basic,Pro,24,456,5472,true,false,annual,true,2024-07-28,2024-08-02,false
S-5b699e,A-b7b7b7,active,Basic,Pro,24,456,5472,true,false,annual,true,2024-09-16,2024-09-19,false
S-b2238e,A-104f1a,active,Basic,Pro,24,456,5472,true,false,monthly,true,2024-11-16,2024-12-10,false
S-4fd9ba,A-d4ac0e,active,Basic,Pro,24,456,5472,true,false,monthly,true,2024-09-10,2024-09-17,false
S-5f8ad0,A-dfbd31,active,Basic,Pro,24,456,5472,true,false,annual,true,2024-08-08,2024-09-17,false
S-166024,A-443b7c,active,Basic,Pro,24,456,5472,true,false,monthly,true,2024-10-20,2024-10-26,false
S-950c4e,A-ee42db,active,Basic,Pro,24,456,5472,true,false,annual,true,2024-02-20,2024-06-19,false
S-27ab7f,A-dcc2f0,active,Basic,Pro,25,475,5700,true,false,annual,true,2023-12-23,2024-01-15,false
S-ecefa1,A-40a557,active,Basic,Pro,25,475,5700,true,false,monthly,true,2024-06-26,2024-09-21,false
S-a83bc2,A-b07b56,active,Basic,Pro,25,475,5700,true,false,monthly,false,2024-11-25,2024-11-26,false
S-69b66d,A-6da850,active,Basic,Pro,25,475,5700,true,false,annual,true,2024-01-08,2024-01-17,false
S-8bbfcd,A-eb1312,active,Basic,Pro,25,475,5700,true,false,annual,false,2024-12-02,2024-12-10,false
S-4e4ab7,A-eb1312,active,Basic,Pro,25,475,5700,true,false,monthly,false,2024-10-08,2024-10-09,false
S-cd8a6a,A-96215d,active,Pro,Pro,10,490,5880,false,false,annual,false,2024-11-04,2999-12-31,true
S-5c8af8,A-a2485e,active,Pro,Pro,10,490,5880,false,false,monthly,true,2024-11-05,2024-11-16,false
S-ef4ad8,A-bcf87c,active,Pro,Pro,10,490,5880,false,false,annual,false,2024-08-14,2024-08-22,false
S-ad26e3,A-c37601,active,Pro,Pro,6,490,5880,false,false,monthly,false,2024-11-04,2024-11-11,false
S-95c467,A-c37601,active,Pro,Pro,10,490,5880,false,false,annual,true,2024-11-02,2024-11-04,false
S-7ea5d9,A-684255,active,Pro,Pro,10,490,5880,false,false,monthly,true,2024-08-05,2024-08-18,false
S-9fbee8,A-49b828,active,Pro,Pro,10,490,5880,false,false,annual,true,2024-10-09,2024-11-09,false
S-d3e724,A-dec005,active,Basic,Pro,26,494,5928,true,false,monthly,true,2024-08-24,2024-08-28,false
S-579a24,A-32fb14,active,Basic,Pro,26,494,5928,true,false,monthly,false,2024-09-04,2024-11-09,false
S-c3ecd8,A-d82ef9,active,Basic,Pro,26,494,5928,true,false,monthly,false,2024-10-30,2024-11-14,false
S-8e5fd4,A-43a9e3,active,Basic,Pro,27,513,6156,true,false,annual,true,2024-03-09,2024-03-26,false
S-d6c9dc,A-80eeb6,active,Basic,Pro,27,513,6156,true,false,annual,true,2024-10-07,2024-10-27,false
S-9af385,A-157070,active,Basic,Pro,27,513,6156,true,false,monthly,true,2024-09-26,2024-10-05,false
S-81d580,A-f03140,active,Basic,Pro,27,513,6156,true,false,annual,false,2024-07-09,2024-07-10,false
S-cfedb3,A-54d94a,active,Basic,Pro,27,513,6156,true,false,annual,true,2024-07-16,2024-08-06,false
S-8966c9,A-cd458b,active,Basic,Pro,27,513,6156,true,false,monthly,true,2024-09-26,2024-10-04,false
S-df91b0,A-ba6516,active,Basic,Pro,27,513,6156,true,false,monthly,false,2024-10-04,2024-11-03,false
S-dfaf24,A-970c97,active,Basic,Pro,27,513,6156,true,false,annual,false,2024-12-15,2024-12-16,false
S-b4d224,A-4c6f11,active,Basic,Pro,27,513,6156,true,false,annual,true,2024-05-31,2024-07-14,false
S-6d6ab6,A-54d94a,active,Basic,Pro,27,513,6156,true,false,annual,true,2024-12-21,2999-12-31,true
S-393c51,A-ba6516,active,Basic,Pro,27,513,6156,true,false,annual,true,2024-04-02,2024-04-03,false
S-f951ac,A-297a2d,active,Basic,Pro,27,513,6156,true,false,annual,true,2024-08-29,2024-11-05,false
S-b93c11,A-9f9299,active,Basic,Pro,28,532,6384,true,false,monthly,false,2024-07-08,2024-07-18,false
S-c41b43,A-9f9299,active,Basic,Pro,28,532,6384,true,false,monthly,true,2024-11-17,2024-11-18,false
S-7277c8,A-a2485e,active,Basic,Pro,28,532,6384,true,false,annual,false,2024-11-16,2024-12-05,false
S-a66766,A-9f9299,active,Basic,Pro,28,532,6384,true,false,monthly,false,2024-03-09,2024-04-04,false
S-9c9700,A-0f6450,active,Basic,Pro,28,532,6384,true,false,annual,true,2024-12-31,2024-12-31,false
S-70b1cf,A-4ae22a,active,Basic,Pro,28,532,6384,true,false,monthly,true,2024-09-24,2024-10-17,false
S-1bf267,A-c42f1f,active,Basic,Pro,28,532,6384,true,false,annual,true,2024-11-13,2024-11-19,false
S-cd4d67,A-40de06,active,Basic,Pro,28,532,6384,true,false,monthly,true,2024-09-08,2024-09-13,false
S-db3e30,A-40de06,active,Basic,Pro,28,532,6384,true,false,annual,true,2023-11-08,2023-11-08,false
S-18f498,A-684255,active,Basic,Pro,28,532,6384,true,false,monthly,false,2024-10-29,2024-12-15,false
S-9f123c,A-9c18c4,active,Enterprise,Pro,11,539,6468,false,true,annual,true,2024-07-30,2024-09-07,false
S-cf30e2,A-2789e3,active,Pro,Pro,11,539,6468,false,false,monthly,true,2024-12-14,2999-12-31,true
S-b37b2a,A-78f02b,active,Pro,Pro,11,539,6468,false,false,annual,true,2024-12-08,2999-12-31,true
S-1131ff,A-0f7d77,active,Basic,Pro,3,539,6468,true,false,monthly,true,2024-12-01,2024-12-08,false
S-6cb3d7,A-fd7ad3,active,Pro,Pro,11,539,6468,false,false,annual,true,2024-11-26,2024-11-29,false
S-61a647,A-726cfa,active,Pro,Pro,11,539,6468,false,false,annual,true,2023-11-01,2023-11-21,false
S-4c82da,A-b9eed8,active,Pro,Pro,11,539,6468,false,false,monthly,false,2024-08-01,2024-08-27,false
S-d6dc7a,A-0e966d,active,Pro,Pro,11,539,6468,false,false,monthly,false,2024-10-02,2024-10-27,false
S-600ea7,A-726cfa,active,Pro,Pro,11,539,6468,false,false,annual,true,2023-11-21,2023-12-03,false
S-eae773,A-88c6ca,active,Pro,Pro,11,539,6468,false,false,monthly,true,2024-12-03,2024-12-18,false
S-1a3d9c,A-684255,active,Pro,Pro,11,539,6468,false,false,annual,false,2024-07-07,2024-08-05,false
S-93ce26,A-726cfa,active,Enterprise,Pro,11,539,6468,false,true,monthly,true,2023-12-03,2024-01-05,false
S-a79d1f,A-f45426,active,Enterprise,Pro,9,539,6468,false,true,monthly,true,2024-09-23,2024-09-27,false
S-665df9,A-a0ca4e,active,Pro,Pro,11,539,6468,false,false,annual,true,2024-10-28,2024-11-19,false
S-40e528,A-a0ca4e,active,Enterprise,Pro,19,539,6468,false,true,annual,true,2024-11-19,2024-12-01,false
S-2ba4ee,A-cab532,active,Basic,Pro,20,539,6468,true,false,annual,true,2024-05-21,2024-07-07,false
S-008cab,A-202b67,active,Pro,Pro,11,539,6468,false,false,monthly,false,2024-05-31,2024-06-22,false
S-dc1c10,A-139c3b,active,Basic,Pro,29,551,6612,true,false,annual,true,2024-11-28,2024-12-12,false
S-da9d5f,A-a33200,active,Basic,Pro,29,551,6612,true,false,annual,true,2024-10-21,2024-10-25,false
S-34cfad,A-5a3eb9,active,Basic,Pro,29,551,6612,true,false,annual,true,2023-12-15,2024-03-15,false
S-496c1e,A-f19b24,active,Basic,Pro,29,551,6612,true,false,annual,true,2024-08-20,2024-12-01,false
S-45ee20,A-1619f8,active,Basic,Pro,29,551,6612,true,false,monthly,true,2024-07-21,2024-11-05,false
S-e4cb85,A-34ea2f,active,Basic,Pro,29,551,6612,true,false,annual,true,2024-10-21,2024-10-28,false
S-4d30ba,A-600734,active,Basic,Pro,29,551,6612,true,false,annual,true,2024-02-25,2024-03-02,false
S-ccc0fe,A-1619f8,active,Basic,Pro,29,551,6612,true,false,monthly,true,2024-11-28,2999-12-31,true
S-07399c,A-4e44e8,active,Basic,Pro,29,551,6612,true,false,monthly,true,2024-11-18,2024-12-19,false
S-175429,A-b54c01,active,Basic,Pro,29,551,6612,true,false,annual,false,2024-12-23,2999-12-31,true
S-172953,A-e60f9d,active,Basic,Pro,29,551,6612,true,false,monthly,true,2024-12-11,2024-12-19,false
S-ba228b,A-a33200,active,Basic,Pro,29,551,6612,true,false,monthly,true,2024-12-20,2999-12-31,true
S-1d69ca,A-cea1f0,active,Basic,Pro,30,570,6840,true,false,monthly,false,2024-06-24,2024-08-06,false
S-51b668,A-82d8a6,active,Basic,Pro,30,570,6840,true,false,monthly,true,2024-12-28,2024-12-29,false
S-c76699,A-f9cc74,active,Basic,Pro,30,570,6840,true,false,monthly,false,2024-11-26,2024-11-29,false
S-4fd561,A-0dbdc6,active,Basic,Pro,30,570,6840,true,false,monthly,true,2023-11-04,2024-03-13,false
S-180b6c,A-f3ff05,active,Basic,Pro,30,570,6840,true,false,monthly,true,2024-12-02,2999-12-31,true
S-905752,A-bcf664,active,Basic,Pro,30,570,6840,true,false,monthly,true,2024-08-29,2024-09-02,false
S-cdde2b,A-c7ffc2,active,Basic,Pro,30,570,6840,true,false,monthly,false,2023-07-19,2023-08-21,false
S-92b77f,A-7dacce,active,Pro,Pro,12,588,7056,false,false,annual,false,2024-11-27,2024-11-27,false
S-14f672,A-692f18,active,Pro,Pro,12,588,7056,false,false,monthly,true,2024-07-10,2024-07-18,false
S-23587d,A-db5e9e,active,Pro,Pro,12,588,7056,false,false,annual,true,2024-12-28,2024-12-28,false
S-24d48b,A-7c83a1,active,Pro,Pro,12,588,7056,false,false,annual,true,2024-05-16,2024-05-24,false
S-3dc46b,A-5790f4,active,Pro,Pro,12,588,7056,false,false,monthly,false,2024-12-23,2024-12-24,false
S-8bac4e,A-558c72,active,Pro,Pro,12,588,7056,false,false,monthly,true,2023-12-17,2024-01-16,false
S-fa03a5,A-7dacce,active,Pro,Pro,12,588,7056,false,false,annual,true,2024-11-27,2024-11-28,false
S-d74733,A-7641d3,active,Pro,Pro,12,588,7056,false,false,monthly,false,2024-05-10,2024-05-13,false
S-dda681,A-8bde0c,active,Pro,Pro,12,588,7056,false,false,monthly,false,2024-12-21,2024-12-23,false
S-885bd4,A-8bde0c,active,Pro,Pro,12,588,7056,false,false,annual,true,2024-11-13,2024-12-12,false
S-fcef74,A-ad64c6,active,Pro,Pro,12,588,7056,false,false,monthly,true,2024-09-08,2024-11-20,false
S-d44108,A-7c83a1,active,Pro,Pro,12,588,7056,false,false,monthly,true,2024-11-02,2024-11-10,false
S-8dd1f6,A-098560,active,Pro,Pro,12,588,7056,false,false,monthly,false,2024-03-24,2024-04-13,false
S-d1aacf,A-c70870,active,Basic,Pro,31,589,7068,true,false,annual,true,2024-12-06,2024-12-09,false
S-41bb1b,A-993085,active,Basic,Pro,31,589,7068,true,false,annual,true,2024-08-17,2024-09-09,false
S-82989b,A-f5641b,active,Basic,Pro,31,589,7068,true,false,monthly,true,2024-11-30,2024-12-21,false
S-e44044,A-eb2fdc,active,Basic,Pro,31,589,7068,true,false,annual,true,2024-12-19,2999-12-31,true
S-0206eb,A-883b7d,active,Basic,Pro,31,589,7068,true,false,monthly,true,2024-04-26,2024-05-01,false
S-37d427,A-eb2fdc,active,Basic,Pro,31,589,7068,true,false,monthly,true,2024-04-06,2024-05-15,false
S-495d33,A-50f3f7,active,Basic,Pro,31,589,7068,true,false,monthly,true,2024-07-24,2024-10-23,false
S-1976bb,A-eb2fdc,active,Basic,Pro,31,589,7068,true,false,monthly,true,2024-06-13,2024-07-07,false
S-d9d6ac,A-054577,active,Enterprise,Pro,3,597,7164,false,true,annual,true,2024-07-17,2024-08-06,false
S-8e701b,A-4437e4,active,Enterprise,Pro,3,597,7164,false,true,monthly,false,2024-04-21,2024-05-14,false
S-b250cc,A-029f69,active,Enterprise,Pro,3,597,7164,false,true,annual,true,2024-11-08,2024-11-11,false
S-41871d,A-029f69,active,Enterprise,Pro,3,597,7164,false,true,annual,true,2024-08-10,2024-08-11,false
S-1109d6,A-a2485e,active,Enterprise,Pro,3,597,7164,false,true,annual,true,2024-08-11,2024-08-17,false
S-027102,A-3c1a3f,active,Enterprise,Pro,3,597,7164,false,true,annual,true,2024-09-30,2024-10-07,false
S-11e29d,A-71615e,active,Basic,Pro,32,608,7296,true,false,monthly,true,2024-10-13,2024-10-21,false
S-27e9ad,A-05f0e5,active,Basic,Pro,32,608,7296,true,false,annual,true,2023-10-18,2023-10-31,false
S-12ed58,A-1f0ac7,active,Basic,Pro,32,608,7296,true,false,annual,true,2024-11-14,2024-12-20,false
S-9aa190,A-9b9fe9,active,Basic,Pro,33,627,7524,true,false,annual,true,2024-10-17,2024-10-27,false
S-f713a1,A-cb5333,active,Basic,Pro,33,627,7524,true,false,annual,true,2024-07-26,2024-07-29,false
S-a76521,A-eb7c38,active,Basic,Pro,33,627,7524,true,false,annual,true,2024-12-04,2999-12-31,true
S-2410c6,A-5247b3,active,Basic,Pro,33,627,7524,true,false,annual,false,2024-05-11,2024-06-14,false
S-f4019e,A-7988d1,active,Basic,Pro,33,627,7524,true,false,monthly,false,2024-09-28,2024-12-03,false
S-b28ec2,A-ee42db,active,Basic,Pro,33,627,7524,true,false,monthly,false,2023-11-03,2024-01-15,false
S-d316df,A-726cfa,active,Basic,Pro,33,627,7524,true,false,annual,true,2024-07-12,2024-08-02,false
S-71cefe,A-cb5333,active,Basic,Pro,33,627,7524,true,false,annual,true,2024-06-19,2024-06-25,false
S-012ab9,A-b78bf8,active,Basic,Pro,33,627,7524,true,false,monthly,true,2024-12-04,2024-12-08,false
S-d660d6,A-cab532,active,Basic,Pro,33,627,7524,true,false,annual,true,2024-05-01,2024-05-12,false
S-5bbfe3,A-1ac5e0,active,Basic,Pro,33,627,7524,true,false,monthly,true,2024-11-29,2024-11-30,false
S-b633be,A-6c093d,active,Basic,Pro,62,637,7644,true,false,monthly,true,2023-09-26,2024-01-17,false
S-c5f3d4,A-9f2731,active,Pro,Pro,5,637,7644,false,false,annual,true,2024-11-22,2999-12-31,true
S-cccce3,A-3b5cd1,active,Pro,Pro,13,637,7644,false,false,monthly,true,2023-11-18,2023-12-29,false
S-f3138f,A-3b5cd1,active,Enterprise,Pro,55,637,7644,false,true,annual,true,2024-06-11,2024-11-24,false
S-2b35cc,A-9f2731,active,Pro,Pro,13,637,7644,false,false,monthly,true,2024-11-11,2024-11-22,false
S-2c4527,A-6965e1,active,Pro,Pro,13,637,7644,false,false,annual,true,2024-12-22,2024-12-26,false
S-d914d8,A-ee42db,active,Pro,Pro,13,637,7644,false,false,monthly,true,2023-06-30,2023-08-02,false
S-cf59a0,A-c16cf7,active,Basic,Pro,18,637,7644,true,false,monthly,true,2024-11-02,2024-11-13,false
S-c4cef7,A-2e4581,active,Pro,Pro,13,637,7644,false,false,annual,false,2024-10-25,2024-10-30,false
S-0267b7,A-65a46c,active,Enterprise,Pro,13,637,7644,false,true,monthly,true,2024-10-17,2024-12-24,false
S-ce695e,A-cb6cc6,active,Enterprise,Pro,13,637,7644,false,true,annual,false,2024-05-25,2024-09-07,false
S-d6cffe,A-e7a1e2,active,Enterprise,Pro,6,637,7644,false,true,annual,true,2024-10-10,2024-10-23,false
S-67c131,A-432483,active,Pro,Pro,13,637,7644,false,false,annual,true,2024-09-02,2024-11-29,false
S-9b8504,A-c37cab,active,Pro,Pro,13,637,7644,false,false,annual,true,2024-10-19,2024-10-26,false
S-15c444,A-6965e1,active,Pro,Pro,13,637,7644,false,false,monthly,true,2024-12-07,2024-12-07,false
S-05624a,A-c37cab,active,Pro,Pro,13,637,7644,false,false,annual,true,2024-10-26,2024-11-26,false
S-2fc8fa,A-65a46c,active,Pro,Pro,13,637,7644,false,false,monthly,false,2024-08-10,2024-10-17,false
S-e79dbc,A-2e4581,active,Pro,Pro,66,637,7644,false,false,monthly,true,2024-10-30,2024-11-12,false
S-f0e458,A-ab438f,active,Pro,Pro,77,637,7644,false,false,monthly,true,2024-12-27,2999-12-31,true
S-2dad6b,A-104f1a,active,Basic,Pro,34,646,7752,true,false,monthly,true,2024-12-20,2999-12-31,true
S-10a1b5,A-e98302,active,Basic,Pro,34,646,7752,true,false,annual,false,2024-09-09,2024-11-22,false
S-4f91d0,A-7f8241,active,Basic,Pro,34,646,7752,true,false,monthly,false,2024-10-12,2024-12-24,false
S-21c164,A-029f69,active,Basic,Pro,34,646,7752,true,false,annual,true,2024-12-31,2999-12-31,true
S-3d58c6,A-054577,active,Basic,Pro,34,646,7752,true,false,monthly,true,2024-06-15,2024-06-29,false
S-8c61f4,A-72799b,active,Basic,Pro,34,646,7752,true,false,annual,false,2024-04-17,2024-04-21,false
S-24cdb5,A-592832,active,Basic,Pro,35,665,7980,true,false,annual,true,2024-10-21,2024-11-03,false
S-a1cc61,A-bc4d48,active,Basic,Pro,35,665,7980,true,false,annual,true,2024-07-04,2024-07-12,false
S-47cf94,A-e5d6ab,active,Basic,Pro,35,665,7980,true,false,annual,true,2023-10-02,2023-10-08,false
S-6d6bde,A-068fc6,active,Basic,Pro,35,665,7980,true,false,monthly,true,2024-10-14,2024-12-03,false
S-770f21,A-a8d89d,active,Basic,Pro,35,665,7980,true,false,monthly,true,2024-07-12,2024-08-24,false
S-d747bc,A-068fc6,active,Basic,Pro,35,665,7980,true,false,monthly,true,2024-03-17,2024-04-13,false
S-2e55e6,A-f19409,active,Basic,Pro,35,665,7980,true,false,annual,false,2024-12-20,2999-12-31,true
S-f69fca,A-4c38bc,active,Basic,Pro,36,684,8208,true,false,annual,true,2024-07-06,2024-07-14,false
S-c13970,A-59f724,active,Basic,Pro,36,684,8208,true,false,monthly,true,2024-06-27,2024-07-15,false
S-2dbf11,A-e888d1,active,Pro,Pro,14,686,8232,false,false,annual,true,2024-05-25,2024-09-16,false
S-601f31,A-625d0b,active,Pro,Pro,14,686,8232,false,false,annual,true,2024-11-09,2024-11-16,false
S-a0abcf,A-42b791,active,Pro,Pro,14,686,8232,false,false,annual,false,2024-12-11,2024-12-30,false
S-d50f1d,A-08e34e,active,Basic,Pro,29,686,8232,true,false,annual,true,2024-07-02,2024-08-07,false
S-525864,A-a09355,active,Pro,Pro,14,686,8232,false,false,monthly,true,2024-12-29,2999-12-31,true
S-dfbd792,A-977ca0,churned,Pro,Pro,14,686,8232,false,false,annual,true,2024-11-24,2024-11-24,false
S-c341e1,A-bb2f49,active,Pro,Pro,14,686,8232,false,false,monthly,true,2024-09-04,2024-11-14,false
S-dfbd79,A-977ca0,active,Pro,Pro,14,686,8232,false,false,annual,true,2024-11-24,2999-12-31,true
S-4311fb,A-2b9d3e,active,Pro,Pro,14,686,8232,false,false,monthly,true,2024-11-12,2024-12-26,false
S-9fc9f5,A-970c97,active,Pro,Pro,14,686,8232,false,false,annual,false,2024-11-04,2024-12-15,false
S-2c3d7d,A-c62e55,active,Pro,Pro,14,686,8232,false,false,annual,true,2024-12-31,2999-12-31,true
S-373c6e,A-dfbd31,active,Pro,Pro,14,686,8232,false,false,monthly,true,2024-10-15,2024-10-16,false
S-da8d5f,A-55f257,active,Pro,Pro,14,686,8232,false,false,monthly,true,2024-03-06,2024-03-15,false
S-479d9a,A-463db0,active,Basic,Pro,37,703,8436,true,false,monthly,true,2024-12-12,2024-12-15,false
S-ca98c9,A-3be56b,active,Basic,Pro,37,703,8436,true,false,monthly,true,2024-08-23,2024-12-01,false
S-a3b329,A-3a7284,active,Basic,Pro,37,703,8436,true,false,monthly,false,2024-12-23,2024-12-25,false
S-9df4f6,A-9174e0,active,Basic,Pro,37,703,8436,true,false,monthly,true,2024-12-24,2024-12-24,false
S-8e6903,A-bd4708,active,Basic,Pro,37,703,8436,true,false,monthly,false,2024-09-15,2024-10-02,false
S-1bd2ec2,A-e60f9d,churned,Basic,Pro,38,722,8664,true,false,annual,true,2024-12-28,2999-12-31,true
S-c27e9c,A-9f2731,active,Basic,Pro,38,722,8664,true,false,monthly,true,2024-11-02,2024-11-08,false
S-1f505e,A-95b24a,active,Basic,Pro,38,722,8664,true,false,annual,true,2023-07-30,2023-10-07,false
S-18e3a5,A-c43359,active,Basic,Pro,38,722,8664,true,false,annual,true,2024-11-25,2024-11-29,false
S-1bd2ec,A-e60f9d,active,Basic,Pro,38,722,8664,true,false,annual,true,2024-12-25,2024-12-28,false
S-c6ff41,A-443f6f,active,Basic,Pro,38,722,8664,true,false,monthly,true,2024-12-19,2024-12-21,false
S-61797c,A-ad296b,active,Basic,Pro,38,722,8664,true,false,annual,true,2024-07-25,2024-08-08,false
S-eec041,A-c43359,active,Basic,Pro,38,722,8664,true,false,monthly,true,2024-12-22,2999-12-31,true
S-eb23dd,A-4ef964,active,Basic,Pro,38,722,8664,true,false,monthly,true,2024-09-27,2024-11-11,false
S-a2cde5,A-463db0,active,Pro,Pro,15,735,8820,false,false,annual,false,2024-12-20,2024-12-26,false
S-165850,A-d5a319,active,Pro,Pro,15,735,8820,false,false,annual,true,2023-09-25,2023-10-30,false
S-1f8215,A-f17767,active,Pro,Pro,15,735,8820,false,false,annual,true,2024-12-10,2999-12-31,true
S-4c6ee1,A-8bde0c,active,Pro,Pro,15,735,8820,false,false,annual,true,2024-12-23,2024-12-23,false
S-bf4ec8,A-7a0d69,active,Pro,Pro,15,735,8820,false,false,monthly,true,2024-08-20,2024-09-06,false
S-7820a5,A-019782,active,Pro,Pro,15,735,8820,false,false,monthly,true,2023-08-16,2023-08-19,false
S-23ba41,A-de58ca,active,Pro,Pro,15,735,8820,false,false,annual,true,2024-06-09,2024-08-09,false
S-69b3ac,A-de58ca,active,Enterprise,Pro,80,735,8820,false,true,annual,false,2023-05-07,2023-07-09,false
S-a30f36,A-dcc2f0,active,Pro,Pro,15,735,8820,false,false,annual,true,2024-10-03,2024-10-13,false
S-a18ab0,A-309e54,active,Pro,Pro,15,735,8820,false,false,monthly,true,2024-12-21,2024-12-26,false
S-767957,A-751c58,active,Enterprise,Pro,15,735,8820,false,true,annual,true,2024-08-28,2024-08-30,false
S-3a79ac,A-f92792,active,Basic,Pro,4,735,8820,true,false,monthly,true,2024-11-15,2024-11-24,false
S-3f82bc,A-d5a319,active,Basic,Pro,15,735,8820,true,false,monthly,true,2023-10-30,2023-11-15,false
S-08e560,A-de58ca,active,Pro,Pro,15,735,8820,false,false,monthly,true,2023-09-25,2023-10-09,false
S-82a67a,A-712426,active,Pro,Pro,15,735,8820,false,false,annual,true,2024-12-11,2024-12-15,false
S-0fc93f,A-5fe118,active,Basic,Pro,39,741,8892,true,false,annual,false,2024-12-04,2024-12-05,false
S-0bccd9,A-96bbc6,active,Basic,Pro,39,741,8892,true,false,monthly,true,2024-12-25,2999-12-31,true
S-a02981,A-7920cc,active,Basic,Pro,39,741,8892,true,false,monthly,true,2024-02-04,2024-02-19,false
S-7acd8b,A-7920cc,active,Basic,Pro,39,741,8892,true,false,annual,true,2024-07-17,2024-07-28,false
S-302856,A-e1b9cd,active,Basic,Pro,40,760,9120,true,false,annual,true,2023-05-24,2023-05-28,false
S-3baf90,A-5a3eb9,active,Basic,Pro,40,760,9120,true,false,annual,false,2024-06-19,2024-08-18,false
S-a4fd17,A-cbbe12,active,Basic,Pro,40,760,9120,true,false,monthly,false,2024-05-11,2024-06-08,false
S-4eb120,A-e1b9cd,active,Basic,Pro,40,760,9120,true,false,monthly,true,2024-09-28,2024-12-05,false
S-0891f1,A-e1b9cd,active,Basic,Pro,40,760,9120,true,false,annual,false,2024-01-03,2024-01-09,false
S-7b65f4,A-7f29a7,active,Basic,Pro,41,779,9348,true,false,monthly,false,2024-11-07,2024-11-24,false
S-bb3c63,A-94d3da,active,Basic,Pro,41,779,9348,true,false,monthly,true,2023-12-01,2023-12-26,false
S-aa5012,A-6f8ad2,active,Basic,Pro,41,779,9348,true,false,annual,false,2024-12-31,2999-12-31,true
S-62fa42,A-bb1486,active,Basic,Pro,41,779,9348,true,false,annual,false,2024-12-06,2024-12-09,false
S-c14b9d,A-91e948,active,Basic,Pro,41,779,9348,true,false,monthly,true,2023-12-06,2024-01-26,false
S-64d8c9,A-34ea2f,active,Basic,Pro,41,779,9348,true,false,monthly,true,2024-11-30,2024-12-25,false
S-e98296,A-6f8ad2,active,Pro,Pro,16,784,9408,false,false,monthly,true,2024-10-22,2024-10-23,false
S-e62fc9,A-0651a4,active,Pro,Pro,16,784,9408,false,false,monthly,false,2024-12-23,2024-12-25,false
S-94d88f,A-ccc747,active,Pro,Pro,16,784,9408,false,false,annual,false,2024-09-11,2024-10-15,false
S-6d10f7,A-7641d3,active,Pro,Pro,16,784,9408,false,false,monthly,true,2024-11-17,2024-11-21,false
S-fe77d4,A-fda07f,active,Pro,Pro,16,784,9408,false,false,monthly,true,2024-12-01,2024-12-30,false
S-7252b5,A-5247b3,active,Pro,Pro,16,784,9408,false,false,monthly,true,2024-09-25,2024-10-14,false
S-934f6d,A-40a557,active,Pro,Pro,16,784,9408,false,false,monthly,true,2024-11-23,2024-12-14,false
S-a10469,A-5247b3,active,Pro,Pro,16,784,9408,false,false,annual,true,2024-10-14,2024-10-18,false
S-d71a1f,A-40a557,active,Pro,Pro,16,784,9408,false,false,annual,true,2024-11-03,2024-11-23,false
S-e7416c,A-6dee43,active,Pro,Pro,16,784,9408,false,false,annual,true,2024-05-15,2024-05-27,false
S-9dbe8c,A-d3c88e,active,Basic,Pro,16,784,9408,true,false,monthly,true,2024-10-27,2024-11-01,false
S-20f1bd,A-bb2f49,active,Pro,Pro,16,784,9408,false,false,monthly,true,2024-02-16,2024-06-15,false
S-615537,A-7f4db3,active,Pro,Pro,16,784,9408,false,false,annual,true,2024-03-30,2024-06-29,false
S-ce932b,A-a1b80b,active,Pro,Pro,16,784,9408,false,false,annual,false,2024-08-24,2024-09-07,false
S-5a1d20,A-f97b9a,active,Pro,Pro,16,784,9408,false,false,annual,true,2024-12-08,2999-12-31,true
S-8ea942,A-0651a4,active,Enterprise,Pro,36,784,9408,false,true,annual,true,2024-12-19,2024-12-21,false
S-fcd20b,A-157070,active,Pro,Pro,16,784,9408,false,false,annual,true,2024-07-07,2024-07-23,false
S-f49f24,A-ccc747,active,Pro,Pro,16,784,9408,false,false,annual,false,2024-07-14,2024-09-11,false
S-f2d47e,A-6dee43,active,Enterprise,Pro,54,784,9408,false,true,monthly,true,2024-05-27,2024-07-29,false
S-fc8f09,A-68f37c,active,Enterprise,Pro,4,796,9552,false,true,monthly,true,2024-10-05,2999-12-31,true
S-7b3fd3,A-5a92e7,active,Enterprise,Pro,4,796,9552,false,true,annual,true,2024-07-08,2024-07-15,false
S-bc0806,A-d792a6,active,Enterprise,Pro,4,796,9552,false,true,monthly,true,2024-07-04,2024-09-27,false
S-5c3f50,A-f3ff05,active,Enterprise,Pro,4,796,9552,false,true,annual,true,2024-09-11,2024-09-19,false
S-a0ba0c,A-eb1312,active,Basic,Pro,42,798,9576,true,false,monthly,true,2024-12-18,2024-12-27,false
S-ddbad0,A-bad8c1,active,Basic,Pro,42,798,9576,true,false,monthly,true,2023-09-16,2023-11-15,false
S-765100,A-b7ef83,active,Basic,Pro,43,817,9804,true,false,monthly,true,2024-06-29,2024-07-01,false
S-1c3522,A-075038,active,Pro,Pro,17,833,9996,false,false,annual,true,2023-11-26,2023-11-30,false
S-a04ec4,A-4ef964,active,Pro,Pro,17,833,9996,false,false,annual,true,2024-06-17,2024-07-28,false
S-df147d,A-940b8b,active,Enterprise,Pro,10,833,9996,false,true,monthly,true,2024-09-13,2024-11-11,false
S-7fbc53,A-2edab2,active,Pro,Pro,17,833,9996,false,false,monthly,false,2024-03-29,2024-06-19,false
S-80c296,A-e888d1,active,Pro,Pro,17,833,9996,false,false,monthly,true,2024-12-19,2999-12-31,true
S-f29976,A-977ca0,active,Pro,Pro,6,833,9996,false,false,annual,true,2023-06-10,2023-08-18,false
S-cf44af,A-3be56b,active,Pro,Pro,17,833,9996,false,false,annual,true,2024-03-08,2024-05-01,false
S-eaf2e2,A-427b69,active,Pro,Pro,17,833,9996,false,false,annual,false,2024-10-24,2024-11-06,false
S-383fc5,A-474ad4,active,Enterprise,Pro,8,833,9996,false,true,monthly,true,2024-07-03,2024-09-13,false
S-0f6f44,A-9b9fe9,active,Pro,Pro,17,833,9996,false,false,monthly,true,2024-06-11,2024-08-17,false
S-5d0af1,A-977ca0,active,Pro,Pro,17,833,9996,false,false,monthly,false,2023-04-19,2023-06-10,false
S-e05562,A-075038,active,Pro,Pro,17,833,9996,false,false,monthly,true,2023-11-08,2023-11-26,false
S-b27c2f,A-625d0b,active,Pro,Pro,17,833,9996,false,false,monthly,true,2024-12-24,2024-12-29,false
S-d31de5,A-f45426,active,Pro,Pro,17,833,9996,false,false,monthly,true,2024-11-22,2024-12-10,false
S-894692,A-c62e55,active,Pro,Pro,17,833,9996,false,false,monthly,true,2024-02-22,2024-03-07,false
S-33deb8,A-427b69,active,Pro,Pro,17,833,9996,false,false,annual,true,2024-11-30,2024-12-08,false
S-434140,A-075038,active,Pro,Pro,17,833,9996,false,false,annual,true,2024-02-25,2024-04-11,false
S-302add,A-712f1c,active,Pro,Pro,17,833,9996,false,false,annual,true,2024-10-05,2024-12-01,false
S-22083e,A-6e7827,active,Pro,Pro,17,833,9996,false,false,annual,true,2024-12-19,2999-12-31,true
S-3ba19e,A-075038,active,Basic,Pro,49,833,9996,true,false,annual,true,2024-08-10,2024-08-19,false
S-b6d200,A-d27f50,active,Basic,Pro,44,836,10032,true,false,monthly,true,2024-12-19,2024-12-29,false
S-afc43d,A-02cd81,active,Basic,Pro,44,836,10032,true,false,annual,false,2024-08-25,2024-09-10,false
S-4994d6,A-5a3eb9,active,Basic,Pro,44,836,10032,true,false,annual,true,2024-08-26,2024-10-30,false
S-480226,A-7f6b86,active,Basic,Pro,45,855,10260,true,false,annual,true,2024-05-21,2024-07-05,false
S-3d2ebb,A-716841,active,Basic,Pro,45,855,10260,true,false,annual,true,2024-10-15,2024-11-14,false
S-3445f5,A-7f6b86,active,Basic,Pro,45,855,10260,true,false,annual,false,2023-10-15,2023-10-24,false
S-3f1bb5,A-7e0a10,active,Basic,Pro,46,874,10488,true,false,annual,true,2023-12-21,2024-01-03,false
S-6709f4,A-bcbe98,active,Basic,Pro,46,874,10488,true,false,monthly,false,2024-12-06,2024-12-30,false
S-8eb955,A-bcbe98,active,Basic,Pro,46,874,10488,true,false,monthly,true,2024-08-09,2024-09-09,false
S-e60ba0,A-d26ab4,active,Pro,Pro,62,882,10584,false,false,annual,false,2024-11-18,2024-11-20,false
S-b76ba6,A-d4ac0e,active,Pro,Pro,18,882,10584,false,false,monthly,true,2024-12-14,2999-12-31,true
S-a67e83,A-c4ea60,active,Pro,Pro,18,882,10584,false,false,monthly,true,2024-10-28,2024-11-09,false
S-215e9c,A-6965e1,active,Pro,Pro,18,882,10584,false,false,monthly,true,2024-12-06,2024-12-07,false
S-7826c1,A-157070,active,Pro,Pro,18,882,10584,false,false,monthly,true,2024-07-23,2024-08-26,false
S-cce34b,A-462d45,active,Pro,Pro,18,882,10584,false,false,monthly,true,2024-03-25,2024-04-19,false
S-726749,A-43a9e3,active,Pro,Pro,18,882,10584,false,false,annual,true,2024-02-22,2024-03-09,false
S-c2fd82,A-84ebe4,active,Enterprise,Pro,82,882,10584,false,true,monthly,true,2024-06-29,2024-08-07,false
S-936e80,A-5a3eb9,active,Pro,Pro,18,882,10584,false,false,annual,true,2023-09-21,2023-12-15,false
S-096065,A-2b9d3e,active,Enterprise,Pro,11,882,10584,false,true,annual,true,2024-03-27,2024-04-28,false
S-762cae,A-6e08f3,active,Pro,Pro,18,882,10584,false,false,annual,true,2024-08-11,2024-12-24,false
S-2178f0,A-b30291,active,Basic,Pro,5,882,10584,true,false,monthly,true,2024-09-26,2024-09-27,false
S-44d025,A-d4ac0e,active,Pro,Pro,18,882,10584,false,false,annual,true,2024-11-29,2024-12-14,false
S-3d0aa6,A-81edc3,active,Enterprise,Pro,7,882,10584,false,true,monthly,true,2024-02-09,2024-06-08,false
S-a1e688,A-2f6a32,active,Basic,Pro,47,893,10716,true,false,annual,true,2024-11-10,2024-11-16,false
S-023f5f,A-b2225d,active,Basic,Pro,47,893,10716,true,false,annual,true,2024-08-18,2024-09-01,false
S-380617,A-b2225d,active,Basic,Pro,47,893,10716,true,false,annual,true,2024-12-10,2999-12-31,true
S-ac42e8,A-417d2f,active,Basic,Pro,49,931,11172,true,false,monthly,false,2024-09-08,2024-09-14,false
S-3f00dc,A-6f50ae,active,Pro,Pro,19,931,11172,false,false,annual,true,2024-09-02,2024-11-19,false
S-127d0b,A-1e50e0,active,Pro,Pro,19,931,11172,false,false,monthly,true,2024-05-04,2024-09-05,false
S-0e594f,A-af0cd2,active,Basic,Pro,45,931,11172,true,false,annual,true,2024-09-21,2024-09-27,false
S-c1f8e1,A-0532a9,active,Pro,Pro,19,931,11172,false,false,annual,false,2024-12-26,2999-12-31,true
S-a2fb62,A-443f6f,active,Pro,Pro,19,931,11172,false,false,annual,true,2024-12-10,2024-12-15,false
S-936732,A-2f6a32,active,Pro,Pro,19,931,11172,false,false,annual,true,2024-11-28,2024-12-01,false
S-7791c3,A-856b1e,active,Pro,Pro,19,931,11172,false,false,monthly,true,2024-01-13,2024-02-03,false
S-ad7716,A-af0cd2,active,Pro,Pro,19,931,11172,false,false,annual,false,2023-04-13,2023-04-15,false
S-68b261,A-d535f6,active,Pro,Pro,19,931,11172,false,false,annual,true,2024-12-11,2024-12-11,false
S-418b7c,A-35083d,active,Pro,Pro,19,931,11172,false,false,annual,true,2024-10-17,2024-12-15,false
S-0f9910,A-af0cd2,active,Basic,Pro,19,931,11172,true,false,monthly,true,2023-07-10,2023-10-04,false
S-518472,A-e7beab,active,Pro,Pro,19,931,11172,false,false,monthly,true,2024-12-08,2024-12-23,false
S-f5d8ce,A-756192,active,Pro,Pro,19,931,11172,false,false,monthly,false,2023-10-27,2024-06-14,false
S-931899,A-af0cd2,active,Pro,Pro,19,931,11172,false,false,annual,true,2023-04-15,2023-07-10,false
S-842638,A-35083d,active,Pro,Pro,19,931,11172,false,false,annual,true,2024-05-04,2024-05-11,false
S-aeec81,A-e4bf56,active,Pro,Pro,19,931,11172,false,false,monthly,false,2024-12-12,2024-12-17,false
S-dc3e11,A-2f6a32,active,Pro,Pro,19,931,11172,false,false,monthly,true,2024-12-01,2024-12-08,false
S-b86304,A-462d45,active,Pro,Pro,19,931,11172,false,false,annual,true,2024-05-07,2024-08-05,false
S-b95b76,A-dbc825,active,Pro,Pro,19,931,11172,false,false,monthly,true,2024-05-02,2024-05-20,false
S-d90f5e,A-bd4513,active,Basic,Pro,50,950,11400,true,false,annual,true,2024-12-15,2024-12-17,false
S-15a8c0,A-700ade,active,Basic,Pro,50,950,11400,true,false,monthly,false,2024-12-29,2999-12-31,true
S-8317da,A-d49cc5,active,Basic,Pro,50,950,11400,true,false,monthly,true,2024-12-10,2999-12-31,true
S-34553e,A-d49cc5,active,Basic,Pro,50,950,11400,true,false,annual,false,2024-06-25,2024-07-06,false
S-642365,A-bd4513,active,Basic,Pro,50,950,11400,true,false,annual,true,2024-12-13,2024-12-13,false
S-e66964,A-e6afc1,active,Basic,Pro,51,969,11628,true,false,monthly,false,2023-06-03,2023-08-05,false
S-6403db,A-37f969,active,Basic,Pro,51,969,11628,true,false,monthly,true,2023-11-02,2023-12-02,false
S-813cdc,A-39b19f,active,Pro,Pro,20,980,11760,false,false,annual,true,2023-07-04,2023-07-20,false
S-2c091a,A-32728c,active,Pro,Pro,20,980,11760,false,false,annual,true,2023-06-20,2023-07-01,false
S-b78829,A-2e4581,active,Pro,Pro,20,980,11760,false,false,monthly,true,2024-11-12,2024-11-13,false
S-d11408,A-781cc0,active,Enterprise,Pro,12,980,11760,false,true,monthly,true,2024-11-30,2024-12-08,false
S-3d6100,A-854864,active,Pro,Pro,20,980,11760,false,false,annual,true,2024-12-24,2024-12-25,false
S-56ed05,A-bbc346,active,Pro,Pro,19,980,11760,false,false,annual,true,2024-12-24,2999-12-31,true
S-df819a,A-ffc04f,active,Pro,Pro,20,980,11760,false,false,monthly,false,2024-09-08,2024-09-09,false
S-d7e65d,A-5a92e7,active,Pro,Pro,20,980,11760,false,false,monthly,true,2024-08-30,2024-09-19,false
S-a4f26d,A-32728c,active,Pro,Pro,20,980,11760,false,false,monthly,true,2023-05-21,2023-06-20,false
S-3a694d,A-781cc0,active,Pro,Pro,20,980,11760,false,false,monthly,false,2024-11-10,2024-11-30,false
S-31428b,A-86cdb4,active,Basic,Pro,52,988,11856,true,false,annual,true,2024-12-14,2024-12-19,false
S-f81687,A-e7a1e2,active,Enterprise,Pro,5,995,11940,false,true,monthly,true,2024-11-23,2024-12-26,false
S-3fa87d,A-81edc3,active,Enterprise,Pro,5,995,11940,false,true,monthly,true,2023-11-13,2024-01-14,false
S-9fc31d,A-a7bd4b,active,Enterprise,Pro,5,995,11940,false,true,annual,true,2024-06-02,2024-09-18,false
S-5fe3e5,A-9b9fe9,active,Enterprise,Pro,5,995,11940,false,true,annual,false,2023-11-28,2023-12-10,false
S-c20518,A-b2af2e,active,Enterprise,Pro,5,995,11940,false,true,monthly,true,2024-10-14,2024-12-31,false
S-cdc347,A-8ed5dd,active,Enterprise,Pro,5,995,11940,false,true,monthly,true,2024-01-31,2024-02-18,false
S-b821f4,A-adc1f3,active,Enterprise,Pro,5,995,11940,false,true,monthly,true,2024-12-21,2999-12-31,true
S-a91e0c,A-22f2df,active,Enterprise,Pro,5,995,11940,false,true,monthly,true,2024-12-29,2024-12-30,false
S-f60667,A-b7ef83,active,Enterprise,Pro,5,995,11940,false,true,annual,true,2024-09-18,2024-10-20,false
S-84e146,A-d82ef9,active,Basic,Pro,53,1007,12084,true,false,monthly,true,2024-07-21,2024-07-30,false
S-b112eb,A-8bde0c,active,Basic,Pro,53,1007,12084,true,false,monthly,true,2024-12-19,2024-12-20,false
S-84c44b,A-9bfc9f,active,Basic,Pro,53,1007,12084,true,false,monthly,true,2024-01-01,2024-03-14,false
S-653165,A-ac85cd,active,Basic,Pro,53,1007,12084,true,false,annual,true,2024-09-26,2024-10-13,false
S-1dd0ad,A-ac85cd,active,Basic,Pro,53,1007,12084,true,false,monthly,true,2024-11-11,2024-11-30,false
S-74d86d,A-5ed98d,active,Basic,Pro,54,1026,12312,true,false,annual,true,2024-12-20,2024-12-21,false
S-2565f0,A-6a4e2d,active,Basic,Pro,54,1026,12312,true,false,annual,false,2023-07-09,2023-07-12,false
S-e7de53,A-4a4c2d,active,Basic,Pro,54,1026,12312,true,false,monthly,true,2024-07-08,2024-09-18,false
S-a24aa1,A-c608c8,active,Pro,Pro,21,1029,12348,false,false,monthly,true,2024-03-07,2024-03-11,false
S-648618,A-726cfa,active,Pro,Pro,21,1029,12348,false,false,monthly,false,2023-09-07,2023-11-01,false
S-9ae8de,A-779e4e,active,Pro,Pro,21,1029,12348,false,false,monthly,true,2023-03-27,2023-07-13,false
S-36f6ec,A-ccb686,active,Pro,Pro,21,1029,12348,false,false,monthly,true,2024-08-16,2024-08-17,false
S-5c4dd7,A-0b0d6d,active,Pro,Pro,21,1029,12348,false,false,annual,true,2024-12-31,2024-12-31,false
S-8b9889,A-ac9111,active,Pro,Pro,21,1029,12348,false,false,monthly,true,2024-08-18,2024-08-26,false
S-6d0817,A-fa2041,active,Pro,Pro,21,1029,12348,false,false,monthly,true,2024-08-19,2024-10-18,false
S-e3165d,A-3b5cd1,active,Pro,Pro,21,1029,12348,false,false,monthly,true,2023-10-09,2023-11-18,false
S-b5b9a5,A-812c5b,active,Basic,Pro,55,1045,12540,true,false,monthly,true,2024-07-25,2024-10-12,false
S-66bae1,A-812c5b,active,Basic,Pro,55,1045,12540,true,false,monthly,true,2024-10-22,2024-11-07,false
S-31be9c,A-5f2961,active,Basic,Pro,55,1045,12540,true,false,monthly,false,2024-12-02,2024-12-03,false
S-095083,A-98a59a,active,Basic,Pro,56,1064,12768,true,false,annual,true,2023-09-27,2023-11-10,false
S-cd3a01,A-98a59a,active,Basic,Pro,56,1064,12768,true,false,monthly,false,2024-05-10,2024-08-01,false
S-a610f6,A-98a59a,active,Basic,Pro,56,1064,12768,true,false,annual,false,2023-11-25,2024-02-16,false
S-307a21,A-940b8b,active,Basic,Pro,56,1064,12768,true,false,monthly,false,2024-05-02,2024-06-07,false
S-6cff7d,A-87aa7b,active,Basic,Pro,56,1064,12768,true,false,monthly,true,2024-07-18,2024-07-22,false
S-d725da,A-f17767,active,Pro,Pro,22,1078,12936,false,false,annual,true,2024-02-15,2024-03-20,false
S-06fb77,A-96e141,active,Pro,Pro,22,1078,12936,false,false,annual,true,2024-03-28,2024-05-04,false
S-f95951,A-02fac6,active,Pro,Pro,22,1078,12936,false,false,monthly,true,2024-09-10,2024-09-20,false
S-9780e9,A-dcc2f0,active,Basic,Pro,15,1078,12936,true,false,annual,true,2024-09-02,2024-09-16,false
S-b6793d,A-6f50ae,active,Pro,Pro,22,1078,12936,false,false,annual,false,2024-07-19,2024-09-02,false
S-aaaa83,A-712533,active,Basic,Pro,45,1078,12936,true,false,monthly,true,2024-04-26,2024-07-15,false
S-f316d5,A-f25509,active,Basic,Pro,57,1083,12996,true,false,annual,true,2024-12-26,2999-12-31,true
S-ddf5ff,A-1f559b,active,Basic,Pro,58,1102,13224,true,false,monthly,false,2024-06-21,2024-06-27,false
S-3bdedd,A-378b99,active,Basic,Pro,59,1121,13452,true,false,monthly,true,2024-11-03,2024-11-05,false
S-68f388,A-671f31,active,Basic,Pro,59,1121,13452,true,false,monthly,true,2024-11-27,2024-12-07,false
S-c7b793,A-90a8c8,active,Pro,Pro,23,1127,13524,false,false,monthly,true,2024-11-07,2024-12-03,false
S-710a78,A-f6b2fb,active,Enterprise,Pro,23,1127,13524,false,true,annual,true,2024-10-21,2024-11-18,false
S-32ab86,A-7c6b6b,active,Pro,Pro,23,1127,13524,false,false,monthly,true,2024-12-28,2999-12-31,true
S-742e23,A-aa9511,active,Pro,Pro,23,1127,13524,false,false,annual,true,2024-06-23,2024-07-04,false
S-d2b5db,A-db5e9e,active,Pro,Pro,13,1127,13524,false,false,annual,false,2024-12-09,2024-12-16,false
S-09761d,A-6843f2,active,Pro,Pro,23,1127,13524,false,false,annual,true,2024-12-31,2999-12-31,true
S-c2c321,A-684255,active,Enterprise,Pro,14,1127,13524,false,true,monthly,true,2024-06-18,2024-06-28,false
S-2fd379,A-f19409,active,Basic,Pro,28,1127,13524,true,false,annual,true,2024-06-12,2024-08-27,false
S-1b6221,A-f6b2fb,active,Enterprise,Pro,23,1127,13524,false,true,monthly,false,2024-06-12,2024-06-20,false
S-866608,A-88c6ca,active,Pro,Pro,23,1127,13524,false,false,annual,true,2024-12-23,2999-12-31,true
S-16b6dc,A-794a0b,active,Pro,Pro,23,1127,13524,false,false,monthly,true,2024-04-02,2024-06-02,false
S-56cb4f,A-cab532,active,Pro,Pro,23,1127,13524,false,false,annual,true,2024-07-23,2024-10-14,false
S-ea4844,A-c16b88,active,Pro,Pro,23,1127,13524,false,false,monthly,true,2024-06-03,2024-06-10,false
S-5d0f41,A-956988,active,Pro,Pro,23,1127,13524,false,false,monthly,true,2024-12-18,2024-12-18,false
S-f8e69c,A-52dd88,active,Pro,Pro,23,1127,13524,false,false,monthly,true,2023-10-10,2023-12-05,false
S-266ada,A-794a0b,active,Pro,Pro,23,1127,13524,false,false,monthly,true,2024-06-24,2024-07-05,false
S-de7a48,A-ccc747,active,Pro,Pro,23,1127,13524,false,false,annual,true,2024-10-15,2024-11-04,false
S-938e4e,A-794a0b,active,Pro,Pro,23,1127,13524,false,false,annual,false,2024-06-02,2024-06-24,false
S-22eb3c,A-0a282f,active,Basic,Pro,60,1140,13680,true,false,monthly,true,2024-12-20,2024-12-20,false
S-65e749,A-2d4502,active,Basic,Pro,61,1159,13908,true,false,monthly,false,2024-07-14,2024-07-19,false
S-e2fd71,A-158f4e,active,Basic,Pro,61,1159,13908,true,false,monthly,true,2023-11-29,2023-12-19,false
S-9d505c,A-8bde0c,active,Basic,Pro,61,1159,13908,true,false,monthly,true,2024-12-14,2024-12-15,false
S-3a6a71,A-462d45,active,Basic,Pro,61,1159,13908,true,false,monthly,false,2024-04-19,2024-05-03,false
S-689032,A-410e86,active,Enterprise,Pro,24,1176,14112,false,true,monthly,false,2024-12-14,2024-12-17,false
S-0e4b0c,A-39b19f,active,Pro,Pro,24,1176,14112,false,false,annual,true,2023-02-28,2023-07-04,false
S-b9c635,A-87aa7b,active,Pro,Pro,24,1176,14112,false,false,monthly,true,2024-06-02,2024-06-05,false
S-1c2a4a,A-b7b7b7,active,Pro,Pro,24,1176,14112,false,false,annual,true,2024-12-29,2999-12-31,true
S-1b713e,A-1d5444,active,Basic,Pro,24,1176,14112,true,false,annual,false,2024-11-26,2999-12-31,true
S-8e5be7,A-5ed98d,active,Pro,Pro,24,1176,14112,false,false,monthly,true,2024-11-01,2024-11-25,false
S-916876,A-5ed98d,active,Pro,Pro,24,1176,14112,false,false,monthly,true,2024-09-08,2024-11-01,false
S-fc9cc3,A-9b9fe9,active,Pro,Pro,24,1176,14112,false,false,annual,true,2024-01-01,2024-05-26,false
S-561e21,A-87aa7b,active,Pro,Pro,24,1176,14112,false,false,annual,true,2024-08-29,2024-09-24,false
S-9ee11d,A-104f1a,active,Pro,Pro,24,1176,14112,false,false,monthly,true,2024-10-11,2024-11-16,false
S-0fb7bb,A-87aa7b,active,Pro,Pro,24,1176,14112,false,false,annual,false,2024-06-05,2024-06-17,false
S-276d44,A-87aa7b,active,Pro,Pro,24,1176,14112,false,false,monthly,true,2024-06-17,2024-07-18,false
S-6ca5ab,A-55f257,active,Basic,Pro,14,1176,14112,true,false,annual,true,2024-07-31,2024-08-19,false
S-457217,A-104f1a,active,Pro,Pro,24,1176,14112,false,false,monthly,true,2024-12-18,2024-12-20,false
S-5d8b88,A-1d5444,active,Pro,Pro,24,1176,14112,false,false,annual,true,2024-11-25,2024-11-26,false
S-1e8910,A-9b9fe9,active,Pro,Pro,5,1176,14112,false,false,monthly,true,2024-05-26,2024-06-11,false
S-80ed6b,A-b7b7b7,active,Pro,Pro,24,1176,14112,false,false,annual,true,2024-07-29,2024-08-27,false
S-4ebd94,A-c62e55,active,Pro,Pro,24,1176,14112,false,false,annual,true,2024-03-07,2024-04-04,false
S-d61866,A-f17767,active,Enterprise,Pro,6,1194,14328,false,true,monthly,true,2023-03-22,2023-05-02,false
S-ec7c12,A-cbd1a3,active,Enterprise,Pro,6,1194,14328,false,true,monthly,true,2024-12-02,2024-12-09,false
S-b65ff3,A-c37601,active,Enterprise,Pro,6,1194,14328,false,true,annual,true,2024-11-11,2024-11-29,false
S-82eb3e,A-49b828,active,Enterprise,Pro,6,1194,14328,false,true,annual,false,2024-07-18,2024-08-09,false
S-d0259a,A-4e0e85,active,Enterprise,Pro,6,1194,14328,false,true,monthly,true,2024-02-22,2024-04-10,false
S-001561,A-1b7577,active,Enterprise,Pro,6,1194,14328,false,true,annual,true,2024-12-12,2024-12-29,false
S-193d88,A-4437e4,active,Enterprise,Pro,6,1194,14328,false,true,annual,true,2024-10-12,2024-12-07,false
S-7f5d03,A-22d9d2,active,Pro,Pro,25,1225,14700,false,false,monthly,false,2024-06-10,2024-06-29,false
S-6ab430,A-b07b56,active,Pro,Pro,25,1225,14700,false,false,monthly,true,2024-11-24,2024-11-25,false
S-cfcd07,A-4a267b,active,Basic,Pro,25,1225,14700,true,false,annual,true,2024-08-29,2024-09-15,false
S-375190,A-d4ac0e,active,Pro,Pro,25,1225,14700,false,false,monthly,true,2024-06-01,2024-07-02,false
S-ee994a,A-49b828,active,Pro,Pro,25,1225,14700,false,false,monthly,true,2024-04-18,2024-07-18,false
S-1e15d1,A-700ade,active,Pro,Pro,25,1225,14700,false,false,annual,true,2024-11-17,2024-11-19,false
S-da0c62,A-d4ac0e,active,Enterprise,Pro,21,1225,14700,false,true,monthly,true,2024-07-02,2024-07-07,false
S-dc3bbc,A-80eeb6,active,Pro,Pro,25,1225,14700,false,false,annual,true,2024-09-18,2024-10-07,false
S-aef18a,A-4a267b,active,Pro,Pro,25,1225,14700,false,false,annual,true,2024-11-06,2999-12-31,true
S-b95110,A-b07b56,active,Pro,Pro,25,1225,14700,false,false,monthly,false,2024-12-16,2024-12-16,false
S-42822d,A-443f6f,active,Pro,Pro,25,1225,14700,false,false,annual,true,2024-12-15,2024-12-19,false
S-e3c3c8,A-856b1e,active,Pro,Pro,25,1225,14700,false,false,monthly,false,2023-12-30,2024-01-13,false
S-887d48,A-b07b56,active,Pro,Pro,25,1225,14700,false,false,annual,true,2024-11-20,2024-11-24,false
S-4e4ef4,A-9ee962,active,Pro,Pro,25,1225,14700,false,false,monthly,true,2023-07-09,2023-08-27,false
S-5521f5,A-098560,active,Pro,Pro,25,1225,14700,false,false,monthly,false,2024-04-13,2024-04-29,false
S-eaac58,A-ff3c73,active,Basic,Pro,66,1254,15048,true,false,annual,true,2023-04-08,2023-06-26,false
S-4ed997,A-d82ef9,active,Pro,Pro,26,1274,15288,false,false,annual,true,2024-10-23,2024-10-30,false
S-bbff6f,A-df10db,active,Pro,Pro,26,1274,15288,false,false,monthly,true,2024-05-19,2024-05-30,false
S-59dc4b,A-f17767,active,Pro,Pro,26,1274,15288,false,false,monthly,true,2023-09-17,2023-11-01,false
S-79ab7e,A-956988,active,Enterprise,Pro,72,1274,15288,false,true,monthly,false,2024-12-13,2024-12-14,false
S-20952f,A-d82ef9,active,Pro,Pro,26,1274,15288,false,false,annual,true,2024-09-10,2024-09-28,false
S-006908,A-d82ef9,active,Pro,Pro,26,1274,15288,false,false,monthly,true,2024-09-28,2024-10-04,false
S-3edc14,A-d82ef9,active,Pro,Pro,26,1274,15288,false,false,annual,true,2024-10-04,2024-10-23,false
S-9a1297,A-b11cd0,active,Pro,Pro,26,1274,15288,false,false,annual,true,2024-07-20,2999-12-31,true
S-447189,A-378b99,active,Basic,Pro,68,1292,15504,true,false,monthly,true,2024-09-19,2024-10-07,false
S-bd5207,A-7cfe77,active,Basic,Pro,69,1311,15732,true,false,annual,true,2024-12-05,2999-12-31,true
S-bfc0f8,A-7cfe77,active,Basic,Pro,69,1311,15732,true,false,monthly,true,2024-08-10,2024-08-24,false
S-875645,A-2d1036,active,Basic,Pro,69,1311,15732,true,false,monthly,true,2024-09-24,2024-09-25,false
S-83b708,A-2d1036,active,Basic,Pro,69,1311,15732,true,false,monthly,true,2024-09-02,2024-09-23,false
S-8cc2e2,A-4437e4,active,Pro,Pro,27,1323,15876,false,false,monthly,true,2024-02-12,2024-04-21,false
S-9225ac,A-eafc6e,active,Pro,Pro,31,1323,15876,false,false,annual,true,2024-09-28,2024-10-30,false
S-5717da,A-54d94a,active,Pro,Pro,27,1323,15876,false,false,monthly,true,2024-10-24,2024-12-19,false
S-fd0d21,A-2446e3,active,Basic,Pro,27,1323,15876,true,false,annual,false,2024-09-02,2024-09-16,false
S-1ccdd4,A-54d94a,active,Pro,Pro,27,1323,15876,false,false,monthly,true,2024-10-21,2024-10-24,false
S-cfb886,A-54d94a,active,Pro,Pro,27,1323,15876,false,false,annual,true,2024-12-19,2024-12-21,false
S-0bb284,A-b07b56,active,Pro,Pro,27,1323,15876,false,false,monthly,false,2024-12-16,2024-12-18,false
S-37f480,A-87aa7b,active,Pro,Pro,27,1323,15876,false,false,annual,false,2024-05-25,2024-06-02,false
S-0a7396,A-54d94a,active,Pro,Pro,27,1323,15876,false,false,monthly,true,2024-02-24,2024-07-16,false
S-a903ad,A-59f724,active,Pro,Pro,27,1323,15876,false,false,annual,true,2024-06-22,2024-06-27,false
S-5e6790,A-ba6516,active,Pro,Pro,27,1323,15876,false,false,monthly,false,2024-03-17,2024-04-02,false
S-8932ce,A-fa3095,active,Basic,Pro,70,1330,15960,true,false,monthly,true,2024-12-18,2024-12-30,false
S-3df0c3,A-922109,active,Basic,Pro,72,1368,16416,true,false,annual,true,2024-04-06,2024-07-04,false
S-abdeb7,A-40de06,active,Enterprise,Pro,28,1372,16464,false,true,annual,true,2024-06-02,2024-07-16,false
S-94c6a5,A-40de06,active,Pro,Pro,28,1372,16464,false,false,monthly,true,2024-08-22,2024-09-08,false
S-bdd4c5,A-5a92e7,active,Pro,Pro,28,1372,16464,false,false,monthly,true,2024-12-03,2024-12-04,false
S-4a724b,A-00bed1,active,Pro,Pro,28,1372,16464,false,false,annual,true,2024-08-06,2024-08-18,false
S-d5aded,A-0f6450,active,Pro,Pro,28,1372,16464,false,false,monthly,true,2024-12-29,2024-12-30,false
S-293a1f,A-40de06,active,Pro,Pro,28,1372,16464,false,false,monthly,false,2024-05-17,2024-06-02,false
S-4ac0bb,A-7c6b6b,active,Pro,Pro,28,1372,16464,false,false,monthly,false,2024-12-25,2024-12-28,false
S-0c43c2,A-0f6450,active,Pro,Pro,28,1372,16464,false,false,monthly,false,2024-12-30,2024-12-31,false
S-4c7591,A-17939a,active,Pro,Pro,28,1372,16464,false,false,monthly,true,2024-12-30,2024-12-31,false
S-46ff9c,A-139c3b,active,Pro,Pro,28,1372,16464,false,false,monthly,true,2024-11-27,2024-11-28,false
S-69a807,A-40de06,active,Pro,Pro,28,1372,16464,false,false,annual,true,2023-10-28,2023-11-08,false
S-71c67c,A-0f6450,active,Pro,Pro,28,1372,16464,false,false,monthly,true,2024-12-30,2024-12-30,false
S-1a93b8,A-5a92e7,active,Enterprise,Pro,19,1372,16464,false,true,annual,false,2024-10-03,2024-10-14,false
S-7a06fe,A-5a92e7,active,Pro,Pro,28,1372,16464,false,false,monthly,true,2024-09-28,2024-10-03,false
S-52d03a,A-342303,active,Enterprise,Pro,10,1372,16464,false,true,annual,true,2024-11-30,2999-12-31,true
S-b7ef4c,A-5ed98d,active,Pro,Pro,28,1372,16464,false,false,monthly,false,2024-11-25,2024-12-20,false
S-af2d97,A-781cc0,active,Pro,Pro,28,1372,16464,false,false,monthly,false,2024-11-01,2024-11-10,false
S-bc5755,A-ffdfd5,active,Enterprise,Pro,7,1393,16716,false,true,monthly,true,2024-10-20,2024-10-23,false
S-69cc68,A-7f4db3,active,Enterprise,Pro,7,1393,16716,false,true,annual,true,2023-10-12,2023-10-31,false
S-6ace80,A-6f8ad2,active,Enterprise,Pro,7,1393,16716,false,true,monthly,true,2024-09-16,2024-09-27,false
S-467016,A-e83938,active,Enterprise,Pro,7,1393,16716,false,true,monthly,true,2024-11-28,2024-12-06,false
S-48aa95,A-a8b49c,active,Enterprise,Pro,7,1393,16716,false,true,monthly,true,2024-03-23,2024-06-02,false
S-9c5590,A-9affe6,active,Enterprise,Pro,7,1393,16716,false,true,annual,true,2024-06-09,2024-06-22,false
S-126e7e,A-0f7d77,active,Enterprise,Pro,7,1393,16716,false,true,monthly,false,2024-12-21,2024-12-31,false
S-77c22b,A-6c093d,active,Enterprise,Pro,7,1393,16716,false,true,annual,true,2024-03-13,2024-05-08,false
S-28a2b2,A-eb7fac,active,Enterprise,Pro,7,1393,16716,false,true,monthly,true,2024-09-22,2024-10-22,false
S-2a53d5,A-5a184f,active,Basic,Pro,74,1406,16872,true,false,annual,true,2023-09-03,2023-11-30,false
S-7425f9,A-3d957b,active,Pro,Pro,29,1421,17052,false,false,monthly,true,2024-07-30,2024-08-05,false
S-869430,A-9affe6,active,Pro,Pro,29,1421,17052,false,false,monthly,true,2024-02-16,2024-06-09,false
S-f24609,A-151c9a,active,Pro,Pro,29,1421,17052,false,false,monthly,true,2023-07-14,2024-02-10,false
S-2f138c,A-ce66f8,active,Pro,Pro,29,1421,17052,false,false,annual,true,2024-07-27,2999-12-31,true
S-b69d76,A-b54c01,active,Pro,Pro,29,1421,17052,false,false,monthly,true,2024-10-28,2024-10-29,false
S-81510a,A-b54c01,active,Pro,Pro,29,1421,17052,false,false,annual,true,2024-10-29,2024-12-23,false
S-6b200f,A-600734,active,Pro,Pro,29,1421,17052,false,false,annual,true,2024-02-17,2024-02-25,false
S-544f34,A-fdfc91,active,Pro,Pro,29,1421,17052,false,false,monthly,true,2024-05-09,2024-07-31,false
S-ac6f24,A-fdfc91,active,Pro,Pro,29,1421,17052,false,false,monthly,true,2024-05-03,2024-05-09,false
S-9b8167,A-054577,active,Pro,Pro,29,1421,17052,false,false,monthly,true,2024-05-08,2024-05-18,false
S-6d96c9,A-a33200,active,Pro,Pro,29,1421,17052,false,false,monthly,true,2024-10-14,2024-10-21,false
S-a3ab14,A-fdfc91,active,Pro,Pro,29,1421,17052,false,false,annual,false,2024-07-31,2024-08-11,false
S-82c91a,A-462d45,active,Pro,Pro,30,1470,17640,false,false,annual,true,2024-12-10,2999-12-31,true
S-23f506,A-9ee962,active,Basic,Pro,9,1470,17640,true,false,annual,true,2023-09-28,2023-11-22,false
S-8c767b,A-b07b56,active,Enterprise,Pro,29,1470,17640,false,true,monthly,true,2024-12-03,2024-12-08,false
S-6bde88,A-157070,active,Pro,Pro,49,1470,17640,false,false,annual,true,2024-09-18,2024-09-26,false
S-ece5a5,A-9ee962,active,Pro,Pro,30,1470,17640,false,false,annual,false,2023-08-27,2023-09-28,false
S-56c529,A-856b1e,active,Pro,Pro,30,1470,17640,false,false,monthly,true,2023-12-17,2023-12-30,false
S-a2aa70,A-4d1e75,active,Pro,Pro,47,1519,18228,false,false,monthly,false,2024-12-17,2024-12-17,false
S-3e510d,A-50f3f7,active,Pro,Pro,31,1519,18228,false,false,annual,true,2024-06-27,2024-07-12,false
S-7be036,A-3a7284,active,Pro,Pro,31,1519,18228,false,false,annual,true,2024-12-28,2999-12-31,true
S-4d8633,A-e83938,active,Pro,Pro,31,1519,18228,false,false,monthly,true,2024-07-17,2024-11-28,false
S-9a4589,A-3a7284,active,Pro,Pro,31,1519,18228,false,false,annual,true,2024-12-15,2024-12-15,false
S-af854c,A-cab532,active,Enterprise,Pro,58,1519,18228,false,true,annual,true,2024-02-16,2024-03-25,false
S-a80511,A-993085,active,Pro,Pro,31,1519,18228,false,false,annual,true,2024-09-14,2024-09-23,false
S-ff78bf,A-50f3f7,active,Pro,Pro,31,1519,18228,false,false,monthly,false,2024-05-13,2024-05-15,false
S-b4ac47,A-3b5cd1,active,Pro,Pro,31,1519,18228,false,false,annual,false,2023-10-07,2023-10-09,false
S-0e7e70,A-50f3f7,active,Pro,Pro,31,1519,18228,false,false,annual,true,2024-05-15,2024-06-01,false
S-01bbfe,A-50f3f7,active,Pro,Pro,31,1519,18228,false,false,annual,true,2024-07-12,2024-07-24,false
S-924925,A-4d1e75,active,Pro,Pro,31,1519,18228,false,false,monthly,false,2024-11-17,2024-12-17,false
S-6cdfb7,A-432483,active,Pro,Pro,31,1519,18228,false,false,annual,true,2024-11-29,2999-12-31,true
S-4d9bfd,A-2bc93d,active,Enterprise,Pro,14,1519,18228,false,true,annual,true,2024-08-31,2024-09-10,false
S-0185ce,A-50f3f7,active,Pro,Pro,31,1519,18228,false,false,annual,false,2024-06-01,2024-06-27,false
S-9a952b,A-bcf664,active,Basic,Pro,5,1568,18816,true,false,monthly,true,2023-08-30,2023-10-05,false
S-712e04,A-cc98bc,active,Basic,Pro,32,1568,18816,true,false,monthly,true,2024-09-20,2999-12-31,true
S-4a3e6c,A-acb7f7,active,Pro,Pro,32,1568,18816,false,false,monthly,true,2024-06-19,2024-07-15,false
S-f0ad87,A-acb7f7,active,Basic,Pro,32,1568,18816,true,false,annual,false,2024-10-13,2024-11-26,false
S-43c489,A-c222ab,active,Pro,Pro,32,1568,18816,false,false,annual,true,2024-08-27,2024-09-19,false
S-8ba974,A-cc98bc,active,Pro,Pro,32,1568,18816,false,false,annual,true,2024-07-03,2024-09-20,false
S-5d6528,A-22d9d2,active,Enterprise,Pro,8,1592,19104,false,true,monthly,true,2024-07-23,2024-08-09,false
S-b805b2,A-d77f4c,active,Enterprise,Pro,8,1592,19104,false,true,annual,false,2024-04-13,2024-04-22,false
S-85c06f,A-bb2f49,active,Enterprise,Pro,8,1592,19104,false,true,annual,true,2023-12-13,2024-01-14,false
S-ddb09e,A-cc1d8d,active,Enterprise,Pro,8,1592,19104,false,true,monthly,false,2024-12-10,2024-12-13,false
S-f64908,A-1ac5e0,active,Basic,Pro,33,1617,19404,true,false,monthly,false,2024-12-11,2024-12-30,false
S-5bde76,A-cb5333,active,Pro,Pro,33,1617,19404,false,false,monthly,true,2024-09-08,2024-09-17,false
S-c6dc67,A-9f2731,active,Pro,Pro,33,1617,19404,false,false,monthly,true,2024-11-10,2024-11-11,false
S-d74a31,A-993085,active,Pro,Pro,33,1617,19404,false,false,monthly,true,2024-09-23,2024-10-22,false
S-0a3e58,A-417d2f,active,Pro,Pro,33,1617,19404,false,false,monthly,true,2024-12-28,2999-12-31,true
S-7b9b62,A-cb5333,active,Pro,Pro,33,1617,19404,false,false,monthly,false,2024-09-17,2024-09-30,false
S-0e3b42,A-cb5333,active,Pro,Pro,33,1617,19404,false,false,annual,false,2024-06-02,2024-06-19,false
S-d5605e,A-e351e1,active,Basic,Pro,33,1617,19404,true,false,monthly,false,2024-11-11,2024-12-26,false
S-4f3461,A-b78bf8,active,Enterprise,Pro,33,1617,19404,false,true,monthly,true,2024-12-18,2024-12-28,false
S-9686c6,A-eb2fdc,active,Pro,Pro,33,1617,19404,false,false,annual,false,2024-05-31,2024-06-13,false
S-1f93cd,A-30b4ca,active,Basic,Pro,86,1634,19608,true,false,monthly,true,2024-08-25,2024-10-03,false
S-db7c1d,A-4814a3,active,Basic,Pro,87,1653,19836,true,false,monthly,true,2024-10-05,2024-10-19,false
S-704cf3,A-5a215a,active,Basic,Pro,87,1653,19836,true,false,monthly,true,2024-11-24,2024-12-10,false
S-75c438,A-92a3af,active,Pro,Pro,34,1666,19992,false,false,monthly,true,2024-08-14,2024-09-01,false
S-115423,A-7f8241,active,Pro,Pro,34,1666,19992,false,false,annual,true,2023-08-05,2023-09-06,false
S-e874c1,A-92a3af,active,Pro,Pro,34,1666,19992,false,false,monthly,false,2024-07-24,2024-08-14,false
S-80dc6b,A-b07b56,active,Basic,Pro,25,1666,19992,true,false,annual,true,2024-12-21,2999-12-31,true
S-bfc2c2,A-7f8241,active,Pro,Pro,34,1666,19992,false,false,monthly,true,2023-09-06,2023-09-24,false
S-51dfbc,A-7f8241,active,Pro,Pro,34,1666,19992,false,false,monthly,false,2023-09-24,2023-10-12,false
S-8738af,A-84ebe4,active,Pro,Pro,34,1666,19992,false,false,monthly,true,2024-03-19,2024-04-15,false
S-3f82f4,A-054577,active,Basic,Pro,90,1710,20520,true,false,monthly,true,2024-08-26,2024-08-27,false
S-88cb91,A-cab532,active,Pro,Pro,35,1715,20580,false,false,annual,true,2024-12-16,2999-12-31,true
S-07c0da,A-068fc6,active,Pro,Pro,35,1715,20580,false,false,annual,true,2024-01-02,2024-03-17,false
S-2f729b,A-3be56b,active,Pro,Pro,35,1715,20580,false,false,monthly,true,2024-02-01,2024-03-08,false
S-4bfa1d,A-ce550d,active,Pro,Pro,35,1715,20580,false,false,monthly,true,2024-12-21,2024-12-31,false
S-e505f2,A-bb2f49,active,Pro,Pro,35,1715,20580,false,false,annual,true,2024-06-15,2024-09-04,false
S-7ac9dd,A-ce550d,active,Pro,Pro,35,1715,20580,false,false,annual,false,2024-11-24,2024-12-04,false
S-5b9bb9,A-bc4d48,active,Pro,Pro,35,1715,20580,false,false,annual,false,2024-08-29,2024-11-28,false
S-3cae3d,A-ce550d,active,Pro,Pro,35,1715,20580,false,false,annual,false,2024-12-04,2024-12-16,false
S-091a8d,A-098560,active,Pro,Pro,23,1715,20580,false,false,monthly,true,2024-02-24,2024-03-24,false
S-cd13b5,A-6e7827,active,Pro,Pro,35,1715,20580,false,false,monthly,true,2024-04-30,2024-08-30,false
S-30e0c1,A-977ca0,active,Pro,Pro,35,1715,20580,false,false,monthly,true,2024-08-02,2024-11-24,false
S-d925e2,A-ce550d,active,Pro,Pro,35,1715,20580,false,false,annual,true,2024-12-16,2024-12-21,false
S-11939f,A-40906c,active,Basic,Pro,92,1748,20976,true,false,monthly,true,2024-10-14,2024-11-06,false
S-abd244,A-66224b,active,Basic,Pro,92,1748,20976,true,false,monthly,false,2024-12-05,2024-12-06,false
S-a86344,A-00bed1,active,Pro,Pro,36,1764,21168,false,false,annual,true,2024-08-18,2024-08-28,false
S-529f0c,A-592832,active,Pro,Pro,18,1764,21168,false,false,monthly,true,2024-11-28,2024-12-01,false
S-57e129,A-b11cd0,active,Pro,Pro,36,1764,21168,false,false,monthly,true,2024-02-17,2024-07-20,false
S-de9b4b,A-600734,active,Pro,Pro,36,1764,21168,false,false,monthly,true,2024-11-06,2999-12-31,true
S-c3472f,A-038089,active,Pro,Pro,36,1764,21168,false,false,monthly,true,2024-07-23,2024-12-30,false
S-dbceba,A-3cc791,active,Pro,Pro,36,1764,21168,false,false,monthly,true,2024-12-19,2999-12-31,true
S-c2701b,A-50bb9f,active,Pro,Pro,36,1764,21168,false,false,monthly,false,2024-12-24,2024-12-27,false
S-9a78512,A-4c38bc,churned,Pro,Pro,36,1764,21168,false,false,annual,true,2024-12-28,2999-12-31,true
S-18f829,A-a33200,active,Pro,Pro,36,1764,21168,false,false,annual,true,2024-11-16,2024-11-26,false
S-2f7250,A-3ce5b8,active,Pro,Pro,36,1764,21168,false,false,monthly,true,2024-03-05,2024-04-28,false
S-0b831e,A-4c38bc,active,Pro,Pro,36,1764,21168,false,false,annual,true,2024-05-10,2024-06-01,false
S-307e49,A-4c38bc,active,Pro,Pro,36,1764,21168,false,false,monthly,false,2024-06-01,2024-07-06,false
S-7f5316,A-856b1e,active,Basic,Pro,19,1764,21168,true,false,monthly,true,2024-10-17,2999-12-31,true
S-0c03b0,A-39b19f,active,Pro,Pro,36,1764,21168,false,false,monthly,false,2023-11-23,2024-03-25,false
S-f3dd83,A-00bed1,active,Enterprise,Pro,28,1764,21168,false,true,monthly,true,2024-08-28,2024-09-01,false
S-c1c6ca,A-856b1e,active,Pro,Pro,36,1764,21168,false,false,monthly,true,2024-02-03,2024-10-17,false
S-9a7851,A-4c38bc,active,Pro,Pro,36,1764,21168,false,false,annual,true,2024-12-27,2024-12-28,false
S-bb1a91,A-5c046d,active,Basic,Pro,93,1767,21204,true,false,annual,true,2024-08-18,2024-09-07,false
S-68ecd5,A-684255,active,Enterprise,Pro,9,1791,21492,false,true,annual,true,2024-08-18,2024-08-31,false
S-af8f54,A-712426,active,Enterprise,Pro,9,1791,21492,false,true,monthly,true,2024-11-28,2024-12-07,false
S-29ec80,A-625d0b,active,Enterprise,Pro,9,1791,21492,false,true,annual,true,2024-12-29,2999-12-31,true
S-b204c4,A-68f37c,active,Enterprise,Pro,9,1791,21492,false,true,annual,false,2024-02-20,2024-02-23,false
S-18b808,A-425e76,active,Enterprise,Pro,9,1791,21492,false,true,annual,true,2024-08-13,2999-12-31,true
S-d073bb,A-a1bbb6,active,Enterprise,Pro,9,1791,21492,false,true,monthly,true,2023-08-13,2023-12-21,false
S-5daabf,A-533452,active,Enterprise,Pro,9,1791,21492,false,true,monthly,true,2024-12-16,2024-12-18,false
S-49b640,A-956988,active,Enterprise,Pro,9,1791,21492,false,true,monthly,true,2024-12-02,2024-12-05,false
S-9bd0ec,A-fe79a5,active,Enterprise,Pro,9,1791,21492,false,true,annual,true,2024-12-26,2999-12-31,true
S-34a131,A-2e4581,active,Enterprise,Pro,9,1791,21492,false,true,annual,false,2024-11-29,2024-12-09,false
S-24ecbf,A-92a333,active,Enterprise,Pro,9,1791,21492,false,true,monthly,true,2024-03-17,2024-07-03,false
S-c68e80,A-2bc93d,active,Basic,Pro,95,1805,21660,true,false,monthly,true,2024-03-26,2024-04-16,false
S-b15faf,A-3a5ad8,active,Basic,Pro,95,1805,21660,true,false,monthly,true,2024-05-15,2024-05-17,false
S-77ca30,A-82d8a6,active,Pro,Pro,37,1813,21756,false,false,monthly,true,2024-12-12,2024-12-13,false
S-5f3359,A-9174e0,active,Pro,Pro,37,1813,21756,false,false,annual,true,2024-12-10,2024-12-14,false
S-684915,A-bd4708,active,Enterprise,Pro,37,1813,21756,false,true,annual,true,2024-12-05,2024-12-14,false
S-526a2c,A-9174e0,active,Pro,Pro,37,1813,21756,false,false,monthly,true,2024-12-21,2024-12-24,false
S-07e821,A-e61e98,active,Pro,Pro,37,1813,21756,false,false,monthly,true,2023-11-09,2023-12-06,false
S-26593b,A-328bd0,active,Pro,Pro,37,1813,21756,false,false,annual,true,2024-05-22,2024-07-14,false
S-3e6a40,A-94c3cd,active,Enterprise,Pro,32,1813,21756,false,true,monthly,true,2024-08-07,2024-09-29,false
S-02949d,A-bd4708,active,Pro,Pro,37,1813,21756,false,false,annual,true,2024-12-02,2024-12-05,false
S-b18d59,A-bd4708,active,Pro,Pro,37,1813,21756,false,false,annual,true,2024-10-20,2024-12-02,false
S-4522a0,A-0aaf6e,active,Basic,Pro,18,1813,21756,true,false,annual,false,2024-07-16,2024-08-01,false
S-f2dd76,A-443b7c,active,Pro,Pro,39,1862,22344,false,false,monthly,false,2024-11-13,2024-11-18,false
S-2877e6,A-95b24a,active,Enterprise,Pro,38,1862,22344,false,true,monthly,true,2024-06-28,2024-09-12,false
S-209456,A-95b24a,active,Pro,Pro,38,1862,22344,false,false,annual,true,2023-07-18,2023-07-30,false
S-441ab2,A-e36807,active,Basic,Pro,25,1862,22344,true,false,annual,true,2024-07-07,2024-07-22,false
S-7a2991,A-4d1e75,active,Pro,Pro,39,1911,22932,false,false,annual,true,2024-11-14,2024-11-17,false
S-76eded,A-ae052e,active,Pro,Pro,39,1911,22932,false,false,monthly,true,2024-10-24,2024-11-28,false
S-c619d6,A-ae052e,active,Pro,Pro,39,1911,22932,false,false,annual,true,2024-09-02,2024-10-24,false
S-991d05,A-cdf020,active,Pro,Pro,39,1911,22932,false,false,annual,false,2024-01-25,2024-01-31,false
S-31d8aa,A-96bbc6,active,Pro,Pro,39,1911,22932,false,false,annual,true,2024-05-28,2024-06-07,false
S-82be96,A-7920cc,active,Pro,Pro,39,1911,22932,false,false,annual,true,2024-11-29,2024-12-06,false
S-00ab51,A-ae052e,active,Pro,Pro,39,1911,22932,false,false,monthly,true,2024-03-31,2024-09-02,false
S-4bef15,A-600734,active,Enterprise,Pro,29,1911,22932,false,true,annual,true,2024-08-14,2024-08-29,false
S-c7a771,A-7920cc,active,Pro,Pro,39,1911,22932,false,false,monthly,true,2024-07-04,2024-07-17,false
S-1e349b,A-2e4581,active,Basic,Pro,102,1938,23256,true,false,monthly,true,2024-11-13,2024-11-17,false
S-195cd5,A-ae052e,active,Pro,Pro,40,1960,23520,false,false,monthly,true,2024-11-28,2024-12-17,false
S-e5909f,A-b44e3e,active,Pro,Pro,40,1960,23520,false,false,annual,true,2024-04-17,2024-05-29,false
S-c847dc,A-22f2df,active,Pro,Pro,6,1960,23520,false,false,annual,false,2024-12-26,2024-12-27,false
S-66a625,A-e1b9cd,active,Pro,Pro,40,1960,23520,false,false,monthly,true,2024-12-24,2999-12-31,true
S-f4e174,A-ae052e,active,Basic,Pro,39,1960,23520,true,false,annual,true,2024-12-17,2999-12-31,true
S-4c8ab8,A-39ddf4,active,Pro,Pro,40,1960,23520,false,false,monthly,true,2024-12-26,2024-12-27,false
S-37879d,A-9779ad,active,Pro,Pro,40,1960,23520,false,false,monthly,false,2024-09-17,2024-10-23,false
S-5178de,A-e61e98,active,Pro,Pro,40,1960,23520,false,false,annual,false,2023-12-06,2024-01-05,false
S-be828b,A-cbbe12,active,Pro,Pro,40,1960,23520,false,false,monthly,true,2023-08-09,2023-12-05,false
S-842582,A-104f1a,active,Pro,Pro,45,1960,23520,false,false,annual,true,2024-09-24,2024-10-11,false
S-df0314,A-39ddf4,active,Pro,Pro,40,1960,23520,false,false,monthly,true,2024-12-21,2024-12-24,false
S-46a7eb,A-e19ff6,active,Enterprise,Pro,43,1960,23520,false,true,monthly,true,2024-10-05,2024-10-23,false
S-7c81dd,A-104f1a,active,Pro,Pro,40,1960,23520,false,false,monthly,true,2024-09-05,2024-09-24,false
S-335e1e,A-22f2df,active,Pro,Pro,40,1960,23520,false,false,monthly,true,2024-12-24,2024-12-26,false
S-febd10,A-e61e98,active,Pro,Pro,32,1960,23520,false,false,annual,true,2024-01-05,2024-01-15,false
S-d69e2c,A-39ddf4,active,Pro,Pro,40,1960,23520,false,false,annual,false,2024-12-27,2024-12-29,false
S-404132,A-39ddf4,active,Pro,Pro,40,1960,23520,false,false,annual,true,2024-12-20,2024-12-21,false
S-3d0e64,A-cbbe12,active,Pro,Pro,40,1960,23520,false,false,monthly,true,2023-12-05,2024-05-11,false
S-c57c91,A-39ddf4,active,Pro,Pro,40,1960,23520,false,false,monthly,true,2024-12-24,2024-12-26,false
S-9a41e6,A-9289f6,active,Enterprise,Pro,10,1990,23880,false,true,annual,true,2024-03-14,2024-04-08,false
S-d62a15,A-089363,active,Enterprise,Pro,10,1990,23880,false,true,annual,true,2024-08-08,2024-10-13,false
S-d3ecc2,A-9123ac,active,Enterprise,Pro,10,1990,23880,false,true,monthly,true,2024-10-19,2024-10-21,false
S-c4c9ce,A-625d0b,active,Enterprise,Pro,10,1990,23880,false,true,monthly,true,2024-11-16,2024-11-21,false
S-c318ea,A-ccb686,active,Enterprise,Pro,10,1990,23880,false,true,monthly,true,2024-08-17,2024-08-22,false
S-71fc3d,A-ccb686,active,Enterprise,Pro,10,1990,23880,false,true,monthly,true,2024-12-06,2024-12-11,false
S-9c0df6,A-883b7d,active,Pro,Pro,41,2009,24108,false,false,monthly,true,2024-04-24,2024-04-26,false
S-0334aa,A-acb7f7,active,Pro,Pro,41,2009,24108,false,false,annual,true,2024-04-12,2024-06-19,false
S-c5e371,A-956988,active,Pro,Pro,41,2009,24108,false,false,monthly,true,2024-12-15,2024-12-18,false
S-94fa70,A-1b7577,active,Pro,Pro,41,2009,24108,false,false,monthly,true,2024-12-30,2999-12-31,true
S-a7a7c7,A-2ebb4b,active,Basic,Pro,41,2009,24108,true,false,monthly,true,2023-11-02,2024-05-06,false
S-6e5a3d,A-bb1486,active,Pro,Pro,41,2009,24108,false,false,annual,true,2024-11-23,2024-12-06,false
S-58ccb4,A-bb1486,active,Pro,Pro,41,2009,24108,false,false,monthly,true,2024-11-18,2024-11-23,false
S-3c87b4,A-2ebb4b,active,Pro,Pro,41,2009,24108,false,false,monthly,true,2024-12-10,2999-12-31,true
S-32e8fa,A-94d3da,active,Pro,Pro,41,2009,24108,false,false,annual,true,2023-06-04,2023-06-05,false
S-7fb77e,A-91e948,active,Pro,Pro,41,2009,24108,false,false,annual,true,2023-11-10,2023-12-06,false
S-3d4f7a,A-ed510f,active,Pro,Pro,42,2058,24696,false,false,monthly,true,2024-12-21,2999-12-31,true
S-73cd99,A-726cfa,active,Enterprise,Pro,11,2058,24696,false,true,monthly,true,2024-09-06,2024-11-03,false
S-f7cde3,A-82d8a6,active,Pro,Pro,42,2058,24696,false,false,annual,false,2024-12-13,2024-12-13,false
S-f8ee6e,A-ed510f,active,Enterprise,Pro,42,2058,24696,false,true,monthly,true,2023-04-19,2023-07-17,false
S-ff23a7,A-35083d,active,Pro,Pro,48,2058,24696,false,false,monthly,true,2024-08-04,2024-08-13,false
S-4f81c2,A-ed510f,active,Pro,Pro,42,2058,24696,false,false,monthly,false,2024-09-18,2024-12-21,false
S-226cf3,A-956988,active,Pro,Pro,42,2058,24696,false,false,monthly,true,2024-12-18,2024-12-26,false
S-c5cfb0,A-8b0451,active,Basic,Pro,41,2107,25284,true,false,monthly,false,2024-10-05,2024-10-26,false
S-be53ea,A-526d93,active,Pro,Pro,43,2107,25284,false,false,annual,true,2024-07-28,2024-09-26,false
S-23d18f,A-ad3abd,active,Basic,Pro,44,2156,25872,true,false,monthly,true,2023-11-21,2024-03-25,false
S-507731,A-e43bf7,active,Pro,Pro,44,2156,25872,false,false,annual,true,2024-06-02,2024-07-28,false
S-ed4e09,A-e43bf7,active,Pro,Pro,44,2156,25872,false,false,annual,true,2024-02-26,2024-06-02,false
S-936fa3,A-02cd81,active,Pro,Pro,44,2156,25872,false,false,annual,true,2024-07-16,2024-08-13,false
S-18b1f9,A-02cd81,active,Pro,Pro,44,2156,25872,false,false,monthly,true,2024-08-13,2024-08-25,false
S-4a90fd,A-d27f50,active,Pro,Pro,44,2156,25872,false,false,annual,false,2024-08-26,2024-10-20,false
S-7c1eb7,A-02cd81,active,Pro,Pro,44,2156,25872,false,false,monthly,true,2024-05-12,2024-05-13,false
S-f86bcf,A-592832,active,Pro,Pro,44,2156,25872,false,false,annual,false,2024-12-02,2024-12-11,false
S-fa2170,A-ad3abd,active,Pro,Pro,44,2156,25872,false,false,monthly,true,2024-10-14,2999-12-31,true
S-fc2742,A-c9bb3e,active,Enterprise,Pro,11,2189,26268,false,true,annual,true,2024-08-13,2024-08-20,false
S-741431,A-6e7827,active,Enterprise,Pro,11,2189,26268,false,true,monthly,true,2024-08-30,2024-10-23,false
S-37a9e3,A-c608c8,active,Enterprise,Pro,11,2189,26268,false,true,monthly,false,2024-06-07,2024-08-28,false
S-702fe2,A-d77f4c,active,Enterprise,Pro,11,2189,26268,false,true,monthly,true,2024-03-27,2024-03-31,false
S-fedcd9,A-65c341,active,Enterprise,Pro,11,2189,26268,false,true,annual,true,2024-10-01,2024-10-03,false
S-10fc7d,A-cab532,active,Enterprise,Pro,11,2189,26268,false,true,annual,true,2024-10-14,2024-11-22,false
S-70e232,A-331424,active,Enterprise,Pro,11,2189,26268,false,true,annual,true,2024-01-24,2024-02-16,false
S-c284ce,A-0f3e88,active,Enterprise,Pro,11,2189,26268,false,true,monthly,true,2024-02-03,2024-04-18,false
S-b70eef,A-b7b7b7,active,Pro,Pro,24,2205,26460,false,false,monthly,true,2024-11-12,2024-12-29,false
S-486088,A-0cc442,active,Pro,Pro,45,2205,26460,false,false,monthly,true,2024-09-18,2024-09-25,false
S-a60299,A-716841,active,Pro,Pro,45,2205,26460,false,false,monthly,true,2024-09-20,2024-10-15,false
S-91cd9b,A-cdf020,active,Pro,Pro,45,2205,26460,false,false,annual,true,2024-01-31,2024-04-06,false
S-fb9972,A-0158bb,active,Pro,Pro,45,2205,26460,false,false,annual,true,2024-12-31,2999-12-31,true
S-3d6648,A-e2cd1b,active,Enterprise,Pro,15,2205,26460,false,true,monthly,true,2024-10-05,2024-11-20,false
S-891eb4,A-716841,active,Pro,Pro,45,2205,26460,false,false,annual,true,2024-09-20,2024-09-20,false
S-16ef7a,A-751c58,active,Basic,Pro,16,2205,26460,true,false,monthly,true,2024-12-16,2024-12-18,false
S-1fb7ac2,A-117171,churned,Pro,Pro,45,2205,26460,false,false,annual,true,2024-12-17,2999-12-31,true
S-1fb7ac,A-117171,active,Pro,Pro,45,2205,26460,false,false,annual,true,2024-12-14,2024-12-17,false
S-f49e0b,A-7f6b86,active,Pro,Pro,45,2205,26460,false,false,annual,true,2024-01-21,2024-05-21,false
S-97bc99,A-82861f,active,Pro,Pro,46,2254,27048,false,false,annual,true,2024-05-25,2024-05-27,false
S-7ab68f,A-bcbe98,active,Basic,Pro,46,2254,27048,true,false,annual,true,2024-09-18,2024-09-22,false
S-fee60b,A-4a267b,active,Pro,Pro,46,2254,27048,false,false,monthly,true,2024-09-22,2024-10-12,false
S-d538f6,A-d535f6,active,Enterprise,Pro,12,2254,27048,false,true,monthly,true,2024-12-15,2999-12-31,true
S-70a8d6,A-bcbe98,active,Pro,Pro,46,2254,27048,false,false,annual,true,2024-11-20,2024-12-06,false
S-9a410c,A-d535f6,active,Pro,Pro,46,2254,27048,false,false,annual,true,2024-12-11,2024-12-15,false
S-444f22,A-8ed5dd,active,Pro,Pro,46,2254,27048,false,false,monthly,true,2023-12-09,2024-01-31,false
S-b9c6ce,A-e1462e,active,Enterprise,Pro,15,2254,27048,false,true,monthly,true,2024-10-06,2024-11-20,false
S-a0e1dc,A-712426,active,Basic,Pro,119,2261,27132,true,false,monthly,true,2024-12-19,2024-12-30,false
S-242e1b,A-313be3,active,Pro,Pro,47,2303,27636,false,false,annual,false,2024-08-25,2024-09-29,false
S-9d8ac4,A-313be3,active,Basic,Pro,47,2303,27636,true,false,annual,true,2024-09-29,2024-11-14,false
S-6450ac,A-b2225d,active,Basic,Pro,47,2303,27636,true,false,annual,true,2024-09-17,2024-10-17,false
S-41f762,A-faa28c,active,Basic,Pro,48,2352,28224,true,false,monthly,true,2024-02-15,2024-02-17,false
S-99fbf7,A-7dacce,active,Enterprise,Pro,12,2388,28656,false,true,annual,true,2024-09-10,2024-09-18,false
S-6d9231,A-c37601,active,Enterprise,Pro,12,2388,28656,false,true,monthly,true,2024-12-24,2024-12-28,false
S-0e9f04,A-7c83a1,active,Enterprise,Pro,12,2388,28656,false,true,monthly,true,2024-05-24,2024-06-27,false
S-2ee940,A-8bde0c,active,Enterprise,Pro,12,2388,28656,false,true,annual,true,2024-12-12,2024-12-13,false
S-80af53,A-fd7ad3,active,Enterprise,Pro,12,2388,28656,false,true,monthly,true,2024-12-23,2024-12-26,false
S-a61006,A-8bde0c,active,Enterprise,Pro,12,2388,28656,false,true,monthly,true,2024-12-24,2024-12-26,false
S-e195f5,A-956988,active,Enterprise,Pro,12,2388,28656,false,true,monthly,true,2024-12-26,2024-12-30,false
S-6c109f,A-c42f1f,active,Enterprise,Pro,12,2388,28656,false,true,annual,true,2024-10-13,2024-10-26,false
S-c8d680,A-558c72,active,Enterprise,Pro,12,2388,28656,false,true,monthly,true,2024-01-16,2024-03-07,false
S-f89d8c,A-88c6ca,active,Pro,Pro,49,2401,28812,false,false,monthly,true,2024-12-18,2024-12-23,false
S-75985b,A-3793ee,active,Enterprise,Pro,49,2401,28812,false,true,monthly,true,2023-11-25,2024-01-24,false
S-75fe32,A-3793ee,active,Pro,Pro,49,2401,28812,false,false,annual,true,2024-03-13,2024-07-22,false
S-aea1bf,A-d49cc5,active,Pro,Pro,50,2450,29400,false,false,monthly,true,2024-05-10,2024-06-25,false
S-f9f7af,A-20736a,active,Pro,Pro,50,2450,29400,false,false,annual,true,2024-08-07,2024-09-03,false
S-2ee2e1,A-692f18,active,Pro,Pro,50,2450,29400,false,false,annual,false,2024-06-12,2024-06-19,false
S-e301c9,A-1e1b80,active,Enterprise,Pro,50,2450,29400,false,true,monthly,true,2024-09-22,2024-11-04,false
S-4c2f78,A-533452,active,Pro,Pro,51,2499,29988,false,false,monthly,true,2024-11-24,2024-11-25,false
S-a7d34e,A-a7bd4b,active,Pro,Pro,51,2499,29988,false,false,annual,true,2024-05-31,2024-06-02,false
S-97a010,A-dcc3f1,active,Enterprise,Pro,21,2499,29988,false,true,monthly,true,2024-03-22,2024-05-29,false
S-aabbf4,A-54d94a,active,Pro,Pro,52,2548,30576,false,false,annual,true,2024-01-06,2024-02-24,false
S-2e1ceb,A-ccb686,active,Enterprise,Pro,12,2548,30576,false,true,annual,false,2024-03-23,2024-04-17,false
S-c4aa5f,A-ccb686,active,Pro,Pro,52,2548,30576,false,false,annual,false,2024-02-28,2024-03-23,false
S-6129d4,A-6965e1,active,Enterprise,Pro,13,2587,31044,false,true,annual,true,2024-12-26,2024-12-26,false
S-b4cd75,A-cc102e,active,Enterprise,Pro,13,2587,31044,false,true,monthly,false,2024-09-23,2024-11-04,false
S-ff582b,A-3b5cd1,active,Enterprise,Pro,13,2587,31044,false,true,monthly,true,2023-12-29,2024-01-03,false
S-cb3c72,A-69b156,active,Enterprise,Pro,13,2587,31044,false,true,monthly,true,2024-06-16,2024-09-16,false
S-f7b2fc,A-f446b6,active,Enterprise,Pro,13,2587,31044,false,true,monthly,true,2024-07-25,2024-09-08,false
S-25270a,A-de24d5,active,Enterprise,Pro,13,2587,31044,false,true,annual,true,2024-12-15,2024-12-19,false
S-2e84f2,A-ee42db,active,Enterprise,Pro,13,2587,31044,false,true,annual,true,2024-08-10,2024-10-25,false
S-aef80b,A-ccabf0,active,Enterprise,Pro,13,2587,31044,false,true,annual,true,2024-01-05,2024-03-03,false
S-5a1fc3,A-05d3b3,active,Enterprise,Pro,13,2587,31044,false,true,monthly,true,2024-01-29,2024-02-04,false
S-f5ce8e,A-8b25f2,active,Enterprise,Pro,13,2587,31044,false,true,monthly,true,2024-12-15,2999-12-31,true
S-25ee09,A-94f8c9,active,Enterprise,Pro,13,2587,31044,false,true,monthly,true,2024-04-11,2024-04-17,false
S-6f47c5,A-0b0d6d,active,Enterprise,Pro,13,2587,31044,false,true,annual,true,2024-12-31,2024-12-31,false
S-5ed335,A-7df7a7,active,Enterprise,Pro,13,2587,31044,false,true,monthly,true,2023-10-17,2023-12-13,false
S-0146f6,A-7641d3,active,Enterprise,Pro,13,2587,31044,false,true,monthly,true,2024-05-13,2024-05-21,false
S-635570,A-883b7d,active,Enterprise,Pro,50,2597,31164,false,true,annual,false,2024-05-12,2024-05-29,false
S-9f8593,A-396e5f,active,Enterprise,Pro,2,2597,31164,false,true,monthly,true,2024-10-23,2024-10-25,false
S-79e254,A-474ad4,active,Pro,Pro,53,2597,31164,false,false,annual,false,2024-03-23,2024-04-18,false
S-6ee6c9,A-396e5f,active,Pro,Pro,53,2597,31164,false,false,annual,true,2024-10-19,2024-10-23,false
S-11034a,A-9bfc9f,active,Pro,Pro,53,2597,31164,false,false,annual,true,2024-07-11,2024-07-30,false
S-7f94c2,A-9bfc9f,active,Pro,Pro,53,2597,31164,false,false,monthly,true,2023-10-16,2024-01-01,false
S-6bf7d7,A-9bfc9f,active,Pro,Pro,53,2597,31164,false,false,annual,false,2024-03-23,2024-04-25,false
S-2c8143,A-9bfc9f,active,Pro,Pro,53,2597,31164,false,false,monthly,true,2024-04-25,2024-07-11,false
S-0cb6ed,A-ac85cd,active,Pro,Pro,53,2597,31164,false,false,annual,true,2024-11-09,2024-11-11,false
S-78ba09,A-f97b9a,active,Pro,Pro,54,2646,31752,false,false,annual,false,2024-11-30,2024-12-08,false
S-6cf058,A-4a4c2d,active,Basic,Pro,54,2646,31752,true,false,monthly,true,2024-02-23,2024-04-16,false
S-b279c9,A-50bb9f,active,Pro,Pro,54,2646,31752,false,false,annual,true,2024-12-27,2999-12-31,true
S-049328,A-39b19f,active,Pro,Pro,55,2695,32340,false,false,monthly,true,2023-07-20,2023-11-23,false
S-46dfac,A-6dee43,active,Pro,Pro,17,2695,32340,false,false,annual,true,2024-10-16,2999-12-31,true
S-dcde3f,A-ffc04f,active,Pro,Pro,13,2695,32340,false,false,monthly,false,2024-08-05,2024-09-08,false
S-ce5450,A-0a282f,active,Pro,Pro,8,2695,32340,false,false,annual,true,2024-12-25,2024-12-27,false
S-8b3e35,A-e693b6,active,Enterprise,Pro,55,2695,32340,false,true,annual,true,2024-07-19,2024-08-31,false
S-96a469,A-e693b6,active,Pro,Pro,55,2695,32340,false,false,annual,true,2023-10-08,2024-03-14,false
S-3a1a06,A-eb7fac,active,Enterprise,Pro,14,2786,33432,false,true,monthly,true,2024-07-09,2024-09-03,false
S-020dce,A-10b8da,active,Enterprise,Pro,14,2786,33432,false,true,monthly,false,2024-07-05,2024-09-14,false
S-a24db6,A-96215d,active,Enterprise,Pro,14,2786,33432,false,true,monthly,true,2024-09-13,2024-09-30,false
S-dc7143,A-3ce5b8,active,Enterprise,Pro,14,2786,33432,false,true,monthly,true,2024-04-28,2024-05-22,false
S-040f03,A-31ab9a,active,Enterprise,Pro,14,2786,33432,false,true,annual,true,2024-10-26,2024-12-06,false
S-2bbf5c,A-a09355,active,Enterprise,Pro,14,2786,33432,false,true,annual,true,2024-10-17,2024-10-19,false
S-dbc1ca,A-8adedc,active,Enterprise,Pro,14,2786,33432,false,true,annual,true,2024-04-24,2024-05-18,false
S-c6e62c,A-a09355,active,Enterprise,Pro,14,2786,33432,false,true,annual,true,2024-10-21,2024-10-27,false
S-606d6d,A-054577,active,Enterprise,Pro,14,2786,33432,false,true,monthly,true,2024-12-01,2024-12-09,false
S-5a18e5,A-3d957b,active,Enterprise,Pro,14,2786,33432,false,true,monthly,true,2024-08-05,2024-08-18,false
S-dd73ac,A-39b19f,active,Enterprise,Pro,14,2786,33432,false,true,monthly,false,2024-05-17,2024-09-04,false
S-f74bdd,A-c16101,active,Enterprise,Pro,14,2786,33432,false,true,annual,true,2024-09-14,2024-09-17,false
S-9f57f5,A-96e141,active,Enterprise,Pro,14,2786,33432,false,true,monthly,true,2024-05-04,2024-08-05,false
S-53fa80,A-462d45,active,Enterprise,Pro,14,2786,33432,false,true,monthly,true,2024-08-05,2024-09-24,false
S-d1b062,A-a6d261,active,Enterprise,Pro,14,2786,33432,false,true,monthly,true,2024-03-07,2024-04-26,false
S-604bd0,A-0e966d,active,Pro,Pro,57,2793,33516,false,false,monthly,false,2024-10-27,2024-10-30,false
S-51cb35,A-18793f,active,Basic,Pro,148,2812,33744,true,false,annual,true,2024-12-20,2024-12-23,false
S-88de1c,A-18793f,active,Basic,Pro,148,2812,33744,true,false,annual,true,2024-12-24,2024-12-24,false
S-e5bed6,A-05f0e5,active,Pro,Pro,58,2842,34104,false,false,annual,true,2024-11-23,2999-12-31,true
S-b03125,A-fd9422,active,Pro,Pro,58,2842,34104,false,false,annual,true,2024-12-20,2999-12-31,true
S-07ff57,A-c608c8,active,Pro,Pro,58,2842,34104,false,false,monthly,false,2024-03-11,2024-06-07,false
S-02af5d,A-d82ef9,active,Enterprise,Pro,26,2842,34104,false,true,annual,true,2024-08-07,2024-08-10,false
S-39a28e,A-08e34e,active,Enterprise,Pro,14,2842,34104,false,true,monthly,true,2024-12-26,2024-12-31,false
S-142456,A-22d9d2,active,Basic,Pro,10,2842,34104,true,false,annual,true,2024-04-30,2024-06-02,false
S-a175c2,A-d40bf7,active,Enterprise,Pro,59,2891,34692,false,true,annual,true,2024-12-15,2024-12-27,false
S-7554c2,A-d40bf7,active,Pro,Pro,59,2891,34692,false,false,annual,true,2024-12-13,2024-12-14,false
S-e338a1,A-d40bf7,active,Pro,Pro,59,2891,34692,false,false,monthly,true,2024-12-14,2024-12-15,false
S-f45fe3,A-02fac6,active,Pro,Pro,59,2891,34692,false,false,monthly,true,2024-05-30,2024-09-10,false
S-1cebf9,A-dfbd31,active,Pro,Pro,60,2940,35280,false,false,annual,true,2024-10-16,2024-11-08,false
S-5ede24,A-9bfc9f,active,Pro,Pro,60,2940,35280,false,false,monthly,true,2024-07-30,2999-12-31,true
S-4e0220,A-fa2041,active,Enterprise,Pro,15,2985,35820,false,true,annual,true,2024-10-18,2024-10-27,false
S-e090ae,A-e2cd1b,active,Enterprise,Pro,15,2985,35820,false,true,annual,true,2024-05-25,2024-06-24,false
S-d8a52e,A-cc102e,active,Enterprise,Pro,15,2985,35820,false,true,monthly,true,2024-11-19,2024-12-11,false
S-075ffc,A-eb7c38,active,Enterprise,Pro,15,2985,35820,false,true,annual,true,2024-09-02,2024-09-16,false
S-3ceff3,A-029f69,active,Enterprise,Pro,15,2985,35820,false,true,annual,true,2024-09-14,2024-09-15,false
S-aede24,A-751c58,active,Enterprise,Pro,15,2985,35820,false,true,annual,true,2024-09-09,2024-09-16,false
S-808efb,A-7da956,active,Enterprise,Pro,15,2985,35820,false,true,monthly,true,2024-11-16,2999-12-31,true
S-5bbb5b,A-ffc04f,active,Enterprise,Pro,15,2985,35820,false,true,annual,true,2024-12-01,2024-12-21,false
S-58a152,A-90a8c8,active,Enterprise,Pro,15,2985,35820,false,true,monthly,false,2024-12-03,2999-12-31,true
S-9d36ff,A-2e3bad,active,Enterprise,Pro,61,2989,35868,false,true,monthly,true,2024-03-11,2024-04-03,false
S-bfe8ca,A-22f2df,active,Pro,Pro,61,2989,35868,false,false,annual,true,2024-12-22,2024-12-24,false
S-6b3ac8,A-7641d3,active,Pro,Pro,61,2989,35868,false,false,monthly,true,2024-08-03,2024-11-17,false
S-89a8a2,A-72799b,active,Pro,Pro,61,2989,35868,false,false,annual,true,2024-10-21,2999-12-31,true
S-8eab5b,A-2e3bad,active,Pro,Pro,61,2989,35868,false,false,annual,true,2024-01-14,2024-03-11,false
S-9714fa,A-158f4e,active,Pro,Pro,61,2989,35868,false,false,annual,true,2024-02-19,2024-03-22,false
S-63c794,A-158f4e,active,Pro,Pro,61,2989,35868,false,false,annual,true,2023-10-11,2023-11-29,false
S-ce5e0e,A-158f4e,active,Pro,Pro,61,2989,35868,false,false,annual,true,2023-09-17,2023-10-11,false
S-93592e,A-202b67,active,Pro,Pro,61,2989,35868,false,false,monthly,true,2024-05-18,2024-05-31,false
S-70ae65,A-df1e44,active,Pro,Pro,63,3087,37044,false,false,monthly,true,2024-05-23,2024-06-03,false
S-2c9cea,A-df1e44,active,Basic,Pro,35,3087,37044,true,false,annual,true,2024-06-03,2024-06-12,false
S-c8fa77,A-56962b,active,Basic,Pro,163,3097,37164,true,false,monthly,true,2024-08-28,2024-09-03,false
S-5a5bdb,A-96bbc6,active,Pro,Pro,64,3136,37632,false,false,annual,true,2024-09-08,2024-12-08,false
S-e9395e,A-180abf,active,Pro,Pro,64,3136,37632,false,false,monthly,true,2024-12-20,2999-12-31,true
S-85f2ab,A-180abf,active,Pro,Pro,64,3136,37632,false,false,monthly,true,2024-12-17,2024-12-20,false
S-3ec165,A-019782,active,Enterprise,Pro,16,3184,38208,false,true,annual,true,2023-08-19,2023-08-28,false
S-cdcf4a,A-22d9d2,active,Enterprise,Pro,16,3184,38208,false,true,annual,false,2024-11-08,2024-12-17,false
S-8d122e,A-e6afc1,active,Enterprise,Pro,16,3184,38208,false,true,monthly,true,2024-07-12,2024-08-15,false
S-8eae4e,A-db5e9e,active,Enterprise,Pro,16,3184,38208,false,true,monthly,true,2024-12-16,2024-12-22,false
S-1dfa14,A-d3c88e,active,Enterprise,Pro,16,3184,38208,false,true,annual,false,2024-11-19,2024-12-03,false
S-52280f,A-fa2041,active,Enterprise,Pro,16,3184,38208,false,true,annual,true,2024-07-15,2024-07-16,false
S-0d33fc,A-1b707d,active,Enterprise,Pro,16,3184,38208,false,true,monthly,true,2023-11-18,2024-01-24,false
S-12a13c,A-40a557,active,Enterprise,Pro,16,3184,38208,false,true,monthly,true,2024-12-14,2999-12-31,true
S-6e0edc,A-a1b80b,active,Enterprise,Pro,16,3184,38208,false,true,annual,true,2024-09-07,2024-09-08,false
S-65bb33,A-157070,active,Enterprise,Pro,16,3184,38208,false,true,annual,false,2024-08-26,2024-09-10,false
S-f039f9,A-7a0d69,active,Enterprise,Pro,16,3184,38208,false,true,monthly,true,2024-12-10,2999-12-31,true
S-0ab9fb,A-05f0e5,active,Pro,Pro,65,3185,38220,false,false,annual,true,2024-10-22,2024-11-23,false
S-1b8300,A-faa28c,active,Enterprise,Pro,48,3185,38220,false,true,monthly,true,2024-05-23,2024-06-06,false
S-eef92e,A-fdfc91,active,Pro,Pro,66,3234,38808,false,false,annual,true,2024-08-11,2024-08-31,false
S-36f84f,A-e08cd3,active,Pro,Pro,67,3283,39396,false,false,monthly,false,2024-12-08,2024-12-14,false
S-02be35,A-e08cd3,active,Pro,Pro,67,3283,39396,false,false,monthly,true,2024-10-01,2024-10-11,false
S-bae2c4,A-bb1486,active,Pro,Pro,67,3283,39396,false,false,annual,true,2024-12-25,2999-12-31,true
S-a18bb2,A-09540c,active,Pro,Pro,67,3283,39396,false,false,monthly,true,2024-12-22,2999-12-31,true
S-2e7756,A-b7b7b7,active,Pro,Pro,67,3283,39396,false,false,annual,true,2024-08-27,2024-09-02,false
S-3a2aee,A-e08cd3,active,Enterprise,Pro,67,3283,39396,false,true,monthly,true,2024-12-14,2024-12-25,false
S-4a08bd,A-e08cd3,active,Pro,Pro,67,3283,39396,false,false,annual,false,2024-10-11,2024-10-16,false
S-111683,A-e6afc1,active,Pro,Pro,68,3332,39984,false,false,monthly,true,2023-11-16,2024-05-08,false
S-343743,A-2d1036,active,Pro,Pro,69,3381,40572,false,false,annual,true,2024-08-25,2024-09-02,false
S-b11225,A-7cfe77,active,Pro,Pro,69,3381,40572,false,false,annual,true,2024-11-21,2024-12-05,false
S-3b0fbb,A-bd4708,active,Pro,Pro,59,3381,40572,false,false,annual,false,2024-10-12,2024-10-20,false
S-ed61a2,A-bb1486,active,Pro,Pro,69,3381,40572,false,false,monthly,true,2024-11-17,2024-11-18,false
S-b01b1c,A-76fa4d,active,Pro,Pro,69,3381,40572,false,false,monthly,true,2024-12-24,2999-12-31,true
S-804a70,A-4ef964,active,Enterprise,Pro,17,3383,40596,false,true,monthly,true,2024-07-28,2024-08-28,false
S-8a46fe,A-7d514c,active,Enterprise,Pro,17,3383,40596,false,true,monthly,true,2024-12-05,2999-12-31,true
S-984f8b,A-db5e9e,active,Enterprise,Pro,17,3383,40596,false,true,annual,true,2024-12-28,2999-12-31,true
S-599207,A-427b69,active,Enterprise,Pro,17,3383,40596,false,true,annual,true,2024-12-08,2024-12-09,false
S-e8d48e,A-2edab2,active,Enterprise,Pro,17,3383,40596,false,true,annual,true,2024-06-19,2024-07-24,false
S-294d8b,A-9289f6,active,Enterprise,Pro,17,3383,40596,false,true,monthly,true,2024-09-15,2024-11-22,false
S-a70baa,A-883b7d,active,Enterprise,Pro,17,3383,40596,false,true,annual,true,2024-08-10,2024-08-16,false
S-3bd95c,A-51ec1b,active,Enterprise,Pro,17,3383,40596,false,true,annual,true,2024-11-12,2999-12-31,true
S-adf00a,A-de24d5,active,Enterprise,Pro,17,3383,40596,false,true,annual,true,2024-11-15,2024-11-17,false
S-984f8b2,A-db5e9e,churned,Enterprise,Pro,17,3383,40596,false,true,annual,true,2024-12-28,2024-12-28,false
S-0b62cc,A-a09355,active,Enterprise,Pro,17,3383,40596,false,true,monthly,true,2024-11-11,2024-11-14,false
S-83a9a4,A-09316c,active,Pro,Pro,70,3430,41160,false,false,annual,true,2024-11-26,2024-11-27,false
S-c1164e,A-4ef964,active,Pro,Pro,70,3430,41160,false,false,monthly,false,2024-09-06,2024-09-27,false
S-a84e2b,A-afa505,active,Pro,Pro,70,3430,41160,false,false,monthly,false,2024-08-14,2024-11-19,false
S-e72beb,A-712533,active,Pro,Pro,70,3430,41160,false,false,annual,true,2024-10-26,2024-11-18,false
S-1fd72a,A-09316c,active,Pro,Pro,70,3430,41160,false,false,annual,true,2024-11-27,2024-12-07,false
S-0359cf,A-afa505,active,Pro,Pro,70,3430,41160,false,false,annual,false,2024-02-10,2024-05-10,false
S-b8daaa,A-4bfa33,active,Enterprise,Pro,8,3528,42336,false,true,annual,true,2024-12-25,2999-12-31,true
S-70c369,A-4bfa33,active,Pro,Pro,72,3528,42336,false,false,monthly,true,2024-12-24,2024-12-25,false
S-1b373c,A-5b1bcd,active,Pro,Pro,73,3577,42924,false,false,annual,false,2024-07-04,2024-09-24,false
S-d0c339,A-31ab9a,active,Pro,Pro,19,3577,42924,false,false,annual,true,2024-08-29,2024-10-26,false
S-53a9f7,A-5b1bcd,active,Pro,Pro,73,3577,42924,false,false,annual,true,2024-06-06,2024-07-04,false
S-e1ee60,A-712533,active,Enterprise,Pro,18,3582,42984,false,true,monthly,true,2024-11-18,2024-11-27,false
S-1a0f22,A-d26ab4,active,Enterprise,Pro,18,3582,42984,false,true,monthly,true,2024-12-20,2024-12-27,false
S-6608d9,A-c9bb3e,active,Enterprise,Pro,18,3582,42984,false,true,annual,true,2024-10-26,2024-11-02,false
S-3279f1,A-c4ea60,active,Enterprise,Pro,18,3582,42984,false,true,annual,true,2024-11-09,2024-12-17,false
S-0ada66,A-c4ea60,active,Enterprise,Pro,18,3582,42984,false,true,monthly,false,2024-07-29,2024-09-09,false
S-8f181e,A-5790f4,active,Enterprise,Pro,18,3582,42984,false,true,annual,true,2024-12-24,2024-12-25,false
S-80199e,A-50bb9f,active,Enterprise,Pro,18,3582,42984,false,true,monthly,true,2024-10-26,2024-10-29,false
S-1f94ad,A-328bd0,active,Enterprise,Pro,18,3582,42984,false,true,annual,false,2024-07-14,2024-08-20,false
S-755502,A-5a3eb9,active,Enterprise,Pro,18,3582,42984,false,true,annual,true,2024-05-28,2024-06-14,false
S-b23ec5,A-3be56b,active,Enterprise,Pro,18,3582,42984,false,true,annual,true,2024-05-01,2024-05-07,false
S-edd29b,A-592832,active,Enterprise,Pro,18,3582,42984,false,true,annual,true,2024-12-24,2024-12-31,false
S-972512,A-de24d5,active,Pro,Pro,54,3773,45276,false,false,monthly,true,2024-12-14,2024-12-15,false
S-59fe1d,A-9badbd,active,Basic,Pro,21,3773,45276,true,false,monthly,true,2024-10-21,2024-11-02,false
S-22cbb3,A-92a3af,active,Pro,Pro,77,3773,45276,false,false,monthly,false,2024-10-30,2024-11-07,false
S-869978,A-443f6f,active,Enterprise,Pro,19,3781,45372,false,true,monthly,false,2024-12-24,2024-12-26,false
S-2245c0,A-6f50ae,active,Enterprise,Pro,19,3781,45372,false,true,monthly,true,2024-11-19,2024-12-31,false
S-c5d797,A-35083d,active,Enterprise,Pro,19,3781,45372,false,true,monthly,true,2024-08-13,2024-09-09,false
S-b6ab32,A-dbc825,active,Enterprise,Pro,19,3781,45372,false,true,annual,true,2024-04-08,2024-04-26,false
S-35ff9e,A-ffc04f,active,Enterprise,Pro,19,3781,45372,false,true,monthly,false,2024-09-09,2024-09-14,false
S-f9c661,A-1e50e0,active,Enterprise,Pro,19,3781,45372,false,true,annual,true,2024-09-05,2999-12-31,true
S-ba67a5,A-fce879,active,Enterprise,Pro,19,3781,45372,false,true,annual,true,2024-10-27,2024-12-13,false
S-de059a,A-35083d,active,Enterprise,Pro,19,3781,45372,false,true,monthly,true,2024-05-11,2024-07-17,false
S-987539,A-9c18c4,active,Enterprise,Pro,19,3781,45372,false,true,monthly,true,2023-12-20,2023-12-26,false
S-ff681f,A-bbc346,active,Enterprise,Pro,19,3781,45372,false,true,annual,false,2024-08-31,2024-09-03,false
S-5f75b5,A-1b707d,active,Enterprise,Pro,19,3781,45372,false,true,annual,true,2024-04-13,2024-05-03,false
S-20f505,A-e1b9cd,active,Pro,Pro,78,3822,45864,false,false,annual,true,2023-11-05,2023-11-24,false
S-646813,A-a45270,active,Enterprise,Pro,14,3871,46452,false,true,monthly,true,2024-09-14,2024-09-23,false
S-21f8b3,A-7f4db3,active,Enterprise,Pro,4,3871,46452,false,true,monthly,false,2024-09-07,2024-10-29,false
S-0802a4,A-a45270,active,Pro,Pro,79,3871,46452,false,false,annual,true,2024-08-24,2024-09-14,false
S-9e74ba,A-b48f73,active,Enterprise,Pro,80,3920,47040,false,true,annual,true,2024-12-06,2024-12-13,false
S-d6f31b,A-b20d99,active,Enterprise,Pro,20,3980,47760,false,true,monthly,true,2024-11-03,2999-12-31,true
S-4dae4f,A-6e08f3,active,Enterprise,Pro,20,3980,47760,false,true,monthly,true,2024-05-09,2024-07-14,false
S-dcae52,A-00cac8,active,Enterprise,Pro,20,3980,47760,false,true,monthly,true,2024-10-29,2024-12-02,false
S-b32512,A-854864,active,Enterprise,Pro,20,3980,47760,false,true,monthly,true,2024-12-25,2024-12-27,false
S-7f8cd8,A-53f4e3,active,Enterprise,Pro,20,3980,47760,false,true,monthly,true,2024-09-18,2024-09-21,false
S-a3cbd4,A-42e5e1,active,Enterprise,Pro,20,3980,47760,false,true,monthly,true,2024-08-01,2024-08-02,false
S-a9762e,A-902ef7,active,Pro,Pro,83,4067,48804,false,false,annual,true,2024-12-05,2024-12-11,false
S-e93577,A-bb2f49,active,Pro,Pro,85,4165,49980,false,false,monthly,true,2024-11-14,2024-12-07,false
S-f366b3,A-ac85cd,active,Pro,Pro,85,4165,49980,false,false,annual,true,2024-12-26,2999-12-31,true
S-5313fa,A-e40f45,active,Enterprise,Pro,21,4179,50148,false,true,monthly,true,2024-05-17,2024-05-23,false
S-041624,A-6843f2,active,Enterprise,Pro,21,4179,50148,false,true,monthly,true,2024-12-12,2024-12-14,false
S-2372d2,A-cea1f0,active,Enterprise,Pro,21,4179,50148,false,true,annual,false,2024-12-22,2024-12-27,false
S-e260ff,A-bcf87c,active,Enterprise,Pro,21,4179,50148,false,true,annual,true,2024-12-09,2024-12-10,false
S-6485d5,A-ac9111,active,Enterprise,Pro,21,4179,50148,false,true,monthly,true,2024-06-16,2024-07-07,false
S-1ac1b4,A-ac14bb,active,Enterprise,Pro,21,4179,50148,false,true,monthly,true,2023-10-28,2024-01-16,false
S-d2932e,A-ac9111,active,Enterprise,Pro,21,4179,50148,false,true,annual,false,2024-08-26,2024-09-06,false
S-3c1038,A-30b4ca,active,Pro,Pro,86,4214,50568,false,false,monthly,true,2024-08-13,2024-08-25,false
S-28e491,A-337bc1,active,Pro,Pro,30,4214,50568,false,false,annual,true,2024-09-28,2999-12-31,true
S-b8c3e6,A-8ae05d,active,Enterprise,Pro,86,4214,50568,false,true,monthly,true,2024-12-13,2999-12-31,true
S-22c99d,A-5a215a,active,Enterprise,Pro,87,4263,51156,false,true,monthly,true,2024-03-08,2024-03-13,false
S-5da6e7,A-5a215a,active,Pro,Pro,87,4263,51156,false,false,annual,true,2024-07-29,2024-09-16,false
S-88f1be,A-5a215a,active,Pro,Pro,87,4263,51156,false,false,annual,true,2024-07-10,2024-07-13,false
S-951053,A-4814a3,active,Pro,Pro,87,4263,51156,false,false,monthly,false,2024-11-24,2024-11-26,false
S-93f835,A-5a215a,active,Pro,Pro,87,4263,51156,false,false,monthly,true,2024-02-11,2024-03-08,false
S-0e8ae2,A-4814a3,active,Pro,Pro,87,4263,51156,false,false,monthly,true,2024-11-24,2024-11-24,false
S-8324d4,A-5a215a,active,Pro,Pro,87,4263,51156,false,false,monthly,true,2024-07-13,2024-07-29,false
S-f981fe,A-3cc791,active,Enterprise,Pro,22,4378,52536,false,true,monthly,true,2024-06-01,2024-07-08,false
S-505f35,A-5a184f,active,Enterprise,Pro,22,4378,52536,false,true,annual,true,2023-12-02,2024-01-15,false
S-85eb8f,A-59f724,active,Enterprise,Pro,22,4378,52536,false,true,monthly,true,2024-01-29,2024-03-14,false
S-691d69,A-cea1f0,active,Enterprise,Pro,22,4378,52536,false,true,monthly,true,2024-10-18,2024-10-21,false
S-3ce79c,A-781cc0,active,Enterprise,Pro,22,4378,52536,false,true,monthly,false,2024-10-17,2024-10-18,false
S-52119f,A-02fac6,active,Enterprise,Pro,22,4378,52536,false,true,monthly,true,2023-11-20,2024-01-19,false
S-460deb,A-832ec2,active,Enterprise,Pro,22,4378,52536,false,true,annual,false,2024-11-27,2999-12-31,true
S-cf6ec1,A-d77f4c,active,Enterprise,Pro,22,4378,52536,false,true,monthly,false,2024-08-04,2024-10-10,false
S-e977e4,A-80eeb6,active,Enterprise,Pro,22,4378,52536,false,true,monthly,true,2023-08-25,2023-08-27,false
S-b8a352,A-5f7781,active,Enterprise,Pro,22,4378,52536,false,true,annual,true,2024-09-07,2024-09-13,false
S-33eb1d,A-02fac6,active,Enterprise,Pro,22,4378,52536,false,true,annual,false,2024-09-20,2024-09-22,false
S-dbe1b3,A-40906c,active,Pro,Pro,92,4508,54096,false,false,annual,true,2024-11-13,2024-11-18,false
S-2b4a26,A-66224b,active,Basic,Pro,92,4508,54096,true,false,annual,false,2024-11-20,2024-11-24,false
S-1ade0b,A-22d9d2,active,Pro,Pro,92,4508,54096,false,false,monthly,false,2024-10-24,2024-11-08,false
S-2beaee,A-ffdfd5,active,Pro,Pro,92,4508,54096,false,false,annual,false,2024-09-14,2024-10-20,false
S-cfd4a3,A-8bde0c,active,Pro,Pro,93,4557,54684,false,false,annual,true,2024-12-23,2024-12-24,false
S-4984e3,A-f19409,active,Enterprise,Pro,23,4577,54924,false,true,monthly,true,2024-10-20,2024-10-27,false
S-02b754,A-3b37d9,active,Enterprise,Pro,23,4577,54924,false,true,annual,false,2023-10-11,2023-11-13,false
S-caec41,A-55f257,active,Enterprise,Pro,23,4577,54924,false,true,annual,true,2024-01-24,2024-02-16,false
S-d9659f,A-aa9511,active,Enterprise,Pro,23,4577,54924,false,true,annual,false,2024-07-04,2024-08-21,false
S-70a554,A-f19409,active,Enterprise,Pro,23,4577,54924,false,true,annual,true,2023-08-09,2023-09-26,false
S-3ee7c3,A-cdf020,active,Enterprise,Pro,23,4577,54924,false,true,monthly,false,2024-04-06,2024-04-11,false
S-60b7c7,A-02fac6,active,Enterprise,Pro,23,4577,54924,false,true,annual,false,2024-05-02,2024-05-23,false
S-644316,A-cdf020,active,Enterprise,Pro,23,4577,54924,false,true,annual,true,2024-10-07,2024-10-09,false
S-909612,A-151c9a,active,Enterprise,Pro,23,4577,54924,false,true,monthly,true,2024-02-10,2024-06-10,false
S-28332f,A-ff79f2,active,Enterprise,Pro,23,4577,54924,false,true,monthly,true,2024-09-16,2024-10-17,false
S-dccf50,A-a09355,active,Enterprise,Pro,23,4577,54924,false,true,annual,false,2024-11-28,2024-12-05,false
S-6eeae1,A-c70870,active,Pro,Pro,94,4606,55272,false,false,annual,true,2024-12-29,2024-12-29,false
S-2b2532,A-410e86,active,Enterprise,Pro,24,4776,57312,false,true,monthly,false,2024-12-25,2999-12-31,true
S-0abd10,A-016043,active,Enterprise,Pro,24,4776,57312,false,true,annual,true,2024-11-23,2024-11-27,false
S-7db513,A-4f18f0,active,Enterprise,Pro,24,4776,57312,false,true,monthly,true,2024-06-01,2024-06-04,false
S-7925f0,A-87aa7b,active,Enterprise,Pro,24,4776,57312,false,true,monthly,true,2024-09-24,2024-10-15,false
S-2e2d6c,A-f6b2fb,active,Enterprise,Pro,24,4776,57312,false,true,monthly,true,2024-08-01,2024-08-11,false
S-9ed535,A-4f18f0,active,Enterprise,Pro,24,4776,57312,false,true,annual,true,2024-10-04,2024-10-12,false
S-228457,A-029f69,active,Enterprise,Pro,24,4776,57312,false,true,annual,true,2024-05-24,2024-08-04,false
S-499ea3,A-c16cf7,active,Enterprise,Pro,24,4776,57312,false,true,monthly,true,2024-10-21,2024-10-24,false
S-e7e4bd,A-1f0ac7,active,Enterprise,Pro,24,4776,57312,false,true,annual,true,2024-02-15,2024-04-29,false
S-ac01fb,A-533452,active,Enterprise,Pro,14,4949,59388,false,true,annual,true,2024-11-27,2024-11-28,false
S-d97c5f,A-533452,active,Pro,Pro,101,4949,59388,false,false,monthly,true,2024-11-25,2024-11-27,false
S-9de4eb,A-039727,active,Enterprise,Pro,25,4975,59700,false,true,monthly,true,2024-12-06,2024-12-07,false
S-540cee,A-202b67,active,Enterprise,Pro,25,4975,59700,false,true,annual,true,2024-06-22,2024-07-07,false
S-858aa0,A-6da850,active,Enterprise,Pro,25,4975,59700,false,true,annual,false,2024-10-09,2024-10-16,false
S-c005ac,A-92a3af,active,Enterprise,Pro,25,4975,59700,false,true,annual,true,2024-09-18,2024-09-19,false
S-574b52,A-039727,active,Enterprise,Pro,25,4975,59700,false,true,monthly,true,2024-11-15,2024-11-28,false
S-7079c2,A-039727,active,Enterprise,Pro,25,4975,59700,false,true,annual,true,2024-12-15,2024-12-18,false
S-1ad030,A-92a3af,active,Enterprise,Pro,25,4975,59700,false,true,annual,false,2024-09-01,2024-09-17,false
S-680dbe,A-b07b56,active,Enterprise,Pro,25,4975,59700,false,true,annual,true,2024-12-18,2024-12-19,false
S-b520e9,A-427b69,active,Enterprise,Pro,26,5174,62088,false,true,monthly,true,2024-09-15,2024-09-27,false
S-2361ec2,A-c45b23,churned,Enterprise,Pro,26,5174,62088,false,true,annual,true,2024-12-15,2999-12-31,true
S-97a57b,A-a0ca4e,active,Enterprise,Pro,26,5174,62088,false,true,monthly,true,2024-08-12,2024-09-25,false
S-2361ec,A-c45b23,active,Enterprise,Pro,26,5174,62088,false,true,annual,true,2024-12-12,2024-12-15,false
S-004d19,A-bece89,active,Enterprise,Pro,26,5174,62088,false,true,annual,true,2024-03-03,2024-03-08,false
S-1acdd2,A-7a0d69,active,Enterprise,Pro,26,5174,62088,false,true,monthly,true,2024-10-12,2024-11-20,false
S-e8488d,A-52dd88,active,Enterprise,Pro,26,5174,62088,false,true,monthly,false,2024-08-02,2024-09-09,false
S-628842,A-6f8ad2,active,Enterprise,Pro,27,5373,64476,false,true,annual,true,2024-08-26,2024-09-03,false
S-16e21f,A-82d8a6,active,Enterprise,Pro,27,5373,64476,false,true,annual,false,2024-12-13,2024-12-14,false
S-2f0291,A-ba6516,active,Enterprise,Pro,27,5373,64476,false,true,annual,true,2024-11-24,2999-12-31,true
S-33472f,A-f03140,active,Enterprise,Pro,27,5373,64476,false,true,monthly,true,2024-03-31,2024-05-25,false
S-6587d8,A-2446e3,active,Enterprise,Pro,27,5373,64476,false,true,monthly,false,2024-04-18,2024-07-14,false
S-f0972b,A-b7b7b7,active,Enterprise,Pro,27,5373,64476,false,true,monthly,true,2024-09-02,2024-09-10,false
S-a4a6c9,A-86fc1d,active,Enterprise,Pro,28,5572,66864,false,true,monthly,true,2024-08-16,2024-10-14,false
S-aaeb34,A-90a8c8,active,Enterprise,Pro,28,5572,66864,false,true,annual,false,2024-09-21,2024-10-29,false
S-d20d7c,A-970c97,active,Enterprise,Pro,28,5572,66864,false,true,monthly,false,2024-07-14,2024-11-02,false
S-4afb53,A-40de06,active,Enterprise,Pro,28,5572,66864,false,true,monthly,true,2023-12-12,2024-03-24,false
S-585d4c,A-00bed1,active,Enterprise,Pro,28,5572,66864,false,true,monthly,true,2024-05-06,2024-05-14,false
S-3b9ad8,A-6e08f3,active,Enterprise,Pro,28,5572,66864,false,true,monthly,false,2024-12-24,2024-12-27,false
S-28e360,A-ad64c6,active,Enterprise,Pro,28,5572,66864,false,true,annual,true,2024-11-20,2999-12-31,true
S-cc4bf0,A-a1bbb6,active,Enterprise,Pro,28,5572,66864,false,true,annual,false,2023-05-10,2023-06-07,false
S-83f2e5,A-e1462e,active,Enterprise,Pro,29,5771,69252,false,true,monthly,true,2023-12-01,2024-07-07,false
S-656302,A-e60f9d,active,Enterprise,Pro,29,5771,69252,false,true,monthly,true,2024-10-11,2024-10-18,false
S-9fa080,A-c1e51e,active,Enterprise,Pro,29,5771,69252,false,true,monthly,true,2024-12-24,2024-12-29,false
S-3b98b1,A-0a282f,active,Enterprise,Pro,29,5771,69252,false,true,monthly,true,2024-10-10,2024-10-11,false
S-102ebf,A-e60f9d,active,Enterprise,Pro,29,5771,69252,false,true,annual,false,2024-11-13,2024-11-24,false
S-8e3b74,A-08e34e,active,Enterprise,Pro,29,5771,69252,false,true,monthly,false,2024-11-06,2024-12-05,false
S-1d7003,A-a33200,active,Enterprise,Pro,29,5771,69252,false,true,monthly,true,2024-09-27,2024-10-14,false
S-a8299c,A-e60f9d,active,Enterprise,Pro,29,5771,69252,false,true,monthly,true,2024-12-03,2024-12-11,false
S-6630bc,A-600734,active,Enterprise,Pro,29,5771,69252,false,true,monthly,true,2024-03-07,2024-04-17,false
S-7452a42,A-118d55,churned,Enterprise,Pro,29,5771,69252,false,true,monthly,true,2024-12-31,2999-12-31,true
S-decbf7,A-a33200,active,Enterprise,Pro,29,5771,69252,false,true,annual,false,2024-11-26,2024-11-30,false
S-7452a4,A-118d55,active,Enterprise,Pro,29,5771,69252,false,true,monthly,true,2024-12-30,2024-12-31,false
S-b5162d,A-202b67,active,Enterprise,Pro,29,5771,69252,false,true,monthly,true,2024-10-09,2999-12-31,true
S-7d55dc,A-08e34e,active,Enterprise,Pro,30,5970,71640,false,true,annual,true,2024-09-01,2024-09-02,false
S-523cce,A-1b9609,active,Enterprise,Pro,30,5970,71640,false,true,monthly,true,2024-08-28,2024-09-03,false
S-2359a2,A-c7ffc2,active,Enterprise,Pro,30,5970,71640,false,true,annual,false,2024-03-12,2024-08-15,false
S-73fc8f,A-0dbdc6,active,Enterprise,Pro,30,5970,71640,false,true,monthly,false,2024-10-25,2024-10-26,false
S-708ac6,A-ab438f,active,Enterprise,Pro,30,5970,71640,false,true,monthly,true,2024-10-23,2024-11-26,false
S-fdc415,A-726cfa,active,Enterprise,Pro,30,5970,71640,false,true,annual,true,2023-08-10,2023-08-26,false
S-3bb28f,A-37f969,active,Enterprise,Pro,30,5970,71640,false,true,monthly,true,2024-01-20,2024-05-14,false
S-78172b,A-f9cc74,active,Enterprise,Pro,30,5970,71640,false,true,monthly,true,2024-10-30,2024-11-08,false
S-ff4611,A-c9bb3e,active,Pro,Pro,123,6027,72324,false,false,annual,true,2024-04-25,2024-06-02,false
S-38ac0c,A-794a0b,active,Enterprise,Pro,31,6169,74028,false,true,monthly,true,2024-07-05,2999-12-31,true
S-982ee2,A-eb2fdc,active,Enterprise,Pro,31,6169,74028,false,true,annual,true,2024-11-07,2024-11-14,false
S-add36b,A-e3bd71,active,Enterprise,Pro,31,6169,74028,false,true,monthly,true,2024-03-20,2024-03-24,false
S-dd85c4,A-65c341,active,Enterprise,Pro,31,6169,74028,false,true,monthly,true,2024-02-26,2024-03-14,false
S-33200e,A-f5641b,active,Enterprise,Pro,31,6169,74028,false,true,monthly,true,2024-08-06,2024-10-13,false
S-66a834,A-659280,active,Enterprise,Pro,31,6169,74028,false,true,annual,false,2023-12-23,2024-02-08,false
S-c75159,A-bcf87c,active,Enterprise,Pro,31,6169,74028,false,true,monthly,true,2024-08-22,2024-08-27,false
S-46b63b,A-d5a319,active,Enterprise,Pro,31,6169,74028,false,true,monthly,true,2024-09-29,2024-11-05,false
S-42671b,A-118f1c,active,Enterprise,Pro,32,6368,76416,false,true,annual,true,2024-12-11,2024-12-21,false
S-07ace5,A-71615e,active,Enterprise,Pro,32,6368,76416,false,true,monthly,true,2024-09-21,2024-10-10,false
S-398291,A-acb7f7,active,Enterprise,Pro,32,6368,76416,false,true,monthly,true,2024-07-15,2024-08-31,false
S-c43200,A-94c3cd,active,Enterprise,Pro,32,6368,76416,false,true,monthly,true,2024-12-15,2999-12-31,true
S-b9d674,A-cc98bc,active,Enterprise,Pro,32,6368,76416,false,true,monthly,true,2023-07-09,2023-10-24,false
S-2c53ad,A-c222ab,active,Enterprise,Pro,32,6368,76416,false,true,monthly,true,2024-09-19,2024-10-07,false
S-b45bc6,A-425e76,active,Enterprise,Pro,32,6368,76416,false,true,monthly,true,2023-08-18,2023-11-18,false
S-b3f2cb,A-812c5b,active,Enterprise,Pro,55,6370,76440,false,true,monthly,true,2024-06-19,2024-06-25,false
S-bf89e6,A-812c5b,active,Pro,Pro,130,6370,76440,false,false,monthly,true,2024-05-19,2024-06-19,false
S-235670,A-3a7284,active,Enterprise,Pro,33,6567,78804,false,true,monthly,true,2024-12-15,2024-12-18,false
S-5e8d9f,A-df10db,active,Enterprise,Pro,33,6567,78804,false,true,annual,true,2024-05-30,2024-06-24,false
S-0ff1eb,A-cb5333,active,Enterprise,Pro,33,6567,78804,false,true,monthly,true,2024-09-30,2024-12-11,false
S-7b7e04,A-7f8241,active,Enterprise,Pro,34,6766,81192,false,true,annual,true,2023-10-12,2023-11-29,false
S-802cc6,A-eafc6e,active,Enterprise,Pro,34,6766,81192,false,true,annual,true,2023-11-15,2024-07-17,false
S-5aea91,A-427b69,active,Enterprise,Pro,34,6766,81192,false,true,monthly,true,2024-11-06,2024-11-28,false
S-f110db,A-86902e,active,Enterprise,Pro,34,6766,81192,false,true,monthly,true,2024-06-22,2024-11-30,false
S-6f1051,A-e98302,active,Enterprise,Pro,34,6766,81192,false,true,annual,true,2024-02-01,2024-07-14,false
S-131064,A-9f0b68,active,Enterprise,Pro,34,6766,81192,false,true,annual,true,2024-10-19,2024-11-28,false
S-71cb15,A-2d4502,active,Enterprise,Pro,34,6766,81192,false,true,annual,true,2024-12-12,2999-12-31,true
S-05b1b6,A-337bc1,active,Enterprise,Pro,34,6766,81192,false,true,monthly,true,2023-11-11,2024-03-05,false
S-4690b3,A-068fc6,active,Enterprise,Pro,35,6965,83580,false,true,monthly,true,2024-12-16,2024-12-25,false
S-804965,A-157070,active,Enterprise,Pro,35,6965,83580,false,true,monthly,true,2024-03-31,2024-05-17,false
S-f36371,A-34d880,active,Enterprise,Pro,35,6965,83580,false,true,monthly,false,2024-07-22,2024-08-11,false
S-4690b32,A-068fc6,churned,Enterprise,Pro,35,6965,83580,false,true,monthly,true,2024-12-25,2999-12-31,true
S-5d5699,A-1b9609,active,Enterprise,Pro,35,6965,83580,false,true,annual,true,2024-06-16,2024-08-04,false
S-7d8dde,A-3932db,active,Enterprise,Pro,35,6965,83580,false,true,monthly,true,2024-11-29,2024-12-31,false
S-6a9918,A-92a3af,active,Enterprise,Pro,35,6965,83580,false,true,annual,false,2024-11-07,2024-11-24,false
S-65ec6b,A-ac14bb,active,Enterprise,Pro,35,6965,83580,false,true,monthly,true,2024-03-15,2024-03-26,false
S-03a5b0,A-068fc6,active,Enterprise,Pro,35,6965,83580,false,true,monthly,true,2024-07-13,2024-07-20,false
S-a64940,A-2922b6,active,Enterprise,Pro,35,6965,83580,false,true,monthly,true,2024-12-23,2024-12-25,false
S-d920e7,A-bc4d48,active,Enterprise,Pro,35,6965,83580,false,true,annual,false,2024-11-28,2024-12-27,false
S-ef2703,A-0b0d6d,active,Enterprise,Pro,36,7164,85968,false,true,annual,true,2024-12-30,2024-12-30,false
S-429220,A-18793f,active,Pro,Pro,148,7252,87024,false,false,monthly,true,2024-12-29,2024-12-30,false
S-e2d4e9,A-18793f,active,Basic,Pro,148,7252,87024,true,false,monthly,true,2024-12-30,2999-12-31,true
S-2fd486,A-18793f,active,Pro,Pro,148,7252,87024,false,false,annual,true,2024-12-29,2024-12-29,false
S-41ca59,A-692f18,active,Enterprise,Pro,37,7363,88356,false,true,monthly,true,2024-07-18,2024-07-29,false
S-431c03,A-e4bf56,active,Enterprise,Pro,37,7363,88356,false,true,monthly,true,2024-12-02,2024-12-12,false
S-ca454e,A-9174e0,active,Enterprise,Pro,37,7363,88356,false,true,monthly,true,2024-12-14,2024-12-16,false
S-1cfab2,A-712f1c,active,Enterprise,Pro,37,7363,88356,false,true,monthly,true,2024-12-01,2024-12-11,false
S-c9b0cc,A-4d1e75,active,Enterprise,Pro,38,7562,90744,false,true,monthly,true,2024-10-11,2024-10-18,false
S-977d49,A-a865bd,active,Enterprise,Pro,38,7562,90744,false,true,monthly,true,2024-04-11,2024-04-26,false
S-5fe191,A-c43359,active,Enterprise,Pro,38,7562,90744,false,true,annual,true,2024-12-11,2024-12-14,false
S-bf893c,A-6965e1,active,Enterprise,Pro,38,7562,90744,false,true,monthly,false,2024-12-07,2024-12-11,false
S-f5bd45,A-b7b7b7,active,Enterprise,Pro,39,7761,93132,false,true,monthly,true,2024-10-20,2024-11-04,false
S-15d2d2,A-96bbc6,active,Enterprise,Pro,39,7761,93132,false,true,monthly,true,2024-06-07,2024-09-01,false
S-43b137,A-756192,active,Enterprise,Pro,39,7761,93132,false,true,annual,true,2024-06-14,2024-06-28,false
S-91b63c,A-f17767,active,Enterprise,Pro,39,7761,93132,false,true,annual,true,2023-12-07,2024-01-03,false
S-b04b73,A-e1b9cd,active,Enterprise,Pro,40,7960,95520,false,true,monthly,true,2023-11-24,2023-11-25,false
S-f22b7f2,A-b44e3e,churned,Enterprise,Pro,40,7960,95520,false,true,annual,true,2024-12-27,2024-12-27,false
S-8bf576,A-cbbe12,active,Enterprise,Pro,40,7960,95520,false,true,monthly,true,2024-12-16,2999-12-31,true
S-79bf38,A-9779ad,active,Enterprise,Pro,40,7960,95520,false,true,monthly,true,2024-07-29,2024-08-14,false
S-8fd98a,A-f19409,active,Enterprise,Pro,40,7960,95520,false,true,monthly,true,2024-04-08,2024-04-17,false
S-f5bef8,A-993085,active,Enterprise,Pro,40,7960,95520,false,true,monthly,true,2023-09-22,2023-09-30,false
S-bf9e6d,A-9779ad,active,Enterprise,Pro,40,7960,95520,false,true,annual,true,2024-10-23,2024-10-27,false
S-f22b7f,A-b44e3e,active,Enterprise,Pro,40,7960,95520,false,true,annual,true,2024-12-27,2999-12-31,true
S-ef398a,A-b44e3e,active,Enterprise,Pro,40,7960,95520,false,true,annual,true,2024-05-29,2024-06-25,false
S-96383d,A-39ddf4,active,Enterprise,Pro,40,7960,95520,false,true,annual,true,2024-12-29,2024-12-30,false
S-95a570,A-56962b,active,Pro,Pro,163,7987,95844,false,false,monthly,true,2024-11-20,2024-12-15,false
S-86e45a,A-56962b,active,Pro,Pro,163,7987,95844,false,false,annual,true,2024-09-23,2024-11-20,false
S-0d497d,A-432483,active,Enterprise,Pro,41,8159,97908,false,true,annual,true,2024-01-10,2024-05-02,false
S-bdc6b7,A-7f29a7,active,Enterprise,Pro,41,8159,97908,false,true,monthly,false,2024-12-02,2024-12-03,false
S-766d8b,A-82861f,active,Enterprise,Pro,41,8159,97908,false,true,monthly,true,2024-05-27,2024-07-10,false
S-cb5020,A-2ebb4b,active,Enterprise,Pro,41,8159,97908,false,true,monthly,true,2024-06-02,2024-07-02,false
S-c51ab8,A-82861f,active,Enterprise,Pro,41,8159,97908,false,true,annual,false,2024-11-19,2999-12-31,true
S-5480a7,A-94d3da,active,Enterprise,Pro,41,8159,97908,false,true,annual,true,2023-06-05,2023-09-09,false
S-8e5d9f,A-922109,active,Enterprise,Pro,41,8159,97908,false,true,monthly,true,2024-07-17,2024-08-18,false
S-35c8a3,A-e4144b,active,Enterprise,Pro,41,8159,97908,false,true,annual,true,2024-12-22,2999-12-31,true
S-fb4fae,A-39b19f,active,Enterprise,Pro,41,8159,97908,false,true,monthly,true,2024-03-25,2024-05-11,false
S-55c61c,A-8b0451,active,Enterprise,Pro,41,8159,97908,false,true,annual,true,2024-12-21,2024-12-22,false
S-1ad0ca,A-ed510f,active,Enterprise,Pro,42,8358,100296,false,true,annual,true,2024-04-09,2024-04-21,false
S-0455a52,A-993085,churned,Enterprise,Pro,42,8358,100296,false,true,monthly,false,2024-11-10,2999-12-31,true
S-0455a5,A-993085,active,Enterprise,Pro,42,8358,100296,false,true,monthly,false,2024-10-22,2024-11-10,false
S-18565e,A-463db0,active,Enterprise,Pro,42,8358,100296,false,true,monthly,false,2024-12-26,2024-12-28,false
S-abddce,A-7d514c,active,Enterprise,Pro,43,8557,102684,false,true,monthly,true,2024-07-01,2024-09-07,false
S-6015db,A-b179bf,active,Enterprise,Pro,43,8557,102684,false,true,annual,true,2024-11-15,2024-12-24,false
S-70b537,A-526d93,active,Enterprise,Pro,43,8557,102684,false,true,annual,false,2024-09-26,2024-10-01,false
S-9b96c2,A-02cd81,active,Enterprise,Pro,44,8756,105072,false,true,monthly,true,2024-05-13,2024-06-01,false
S-a68b52,A-e89151,active,Enterprise,Pro,44,8756,105072,false,true,annual,true,2024-12-17,2999-12-31,true
S-87ebe6,A-d27f50,active,Enterprise,Pro,44,8756,105072,false,true,monthly,false,2024-10-20,2024-11-29,false
S-e73cdf,A-b7ef83,active,Enterprise,Pro,44,8756,105072,false,true,annual,false,2024-11-08,2024-11-20,false
S-9e2819,A-e43bf7,active,Enterprise,Pro,44,8756,105072,false,true,annual,true,2024-07-28,2024-12-29,false
S-9e5075,A-81edc3,active,Enterprise,Pro,44,8756,105072,false,true,annual,true,2024-09-02,2024-11-02,false
S-76e7d9,A-712f1c,active,Enterprise,Pro,44,8756,105072,false,true,monthly,true,2024-02-09,2024-03-11,false
S-2bef13,A-c16b88,active,Enterprise,Pro,45,8955,107460,false,true,monthly,false,2024-06-10,2024-06-20,false
S-61afee,A-7df7a7,active,Enterprise,Pro,45,8955,107460,false,true,monthly,false,2023-06-26,2023-09-07,false
S-a22ca2,A-dbc825,active,Enterprise,Pro,45,8955,107460,false,true,monthly,true,2024-07-30,2024-10-19,false
S-246942,A-0b0d6d,active,Enterprise,Pro,45,8955,107460,false,true,monthly,true,2024-12-31,2999-12-31,true
S-9a115f,A-f5641b,active,Enterprise,Pro,45,8955,107460,false,true,monthly,true,2024-12-29,2999-12-31,true
S-f2f40c,A-7f4db3,active,Enterprise,Pro,45,8955,107460,false,true,annual,true,2024-06-29,2024-08-14,false
S-e60306,A-f45426,active,Enterprise,Pro,46,9154,109848,false,true,annual,true,2024-12-10,2024-12-29,false
S-9f7ef0,A-b3fe05,active,Enterprise,Pro,46,9154,109848,false,true,monthly,true,2024-10-31,2024-11-04,false
S-78e1c6,A-7e0a10,active,Enterprise,Pro,46,9154,109848,false,true,monthly,false,2024-02-28,2024-03-09,false
S-5e558a,A-10b8f2,active,Enterprise,Pro,47,9353,112236,false,true,annual,true,2023-10-07,2024-01-29,false
S-bd2ab2,A-186a44,active,Enterprise,Pro,47,9353,112236,false,true,annual,true,2024-11-23,2024-12-04,false
S-7ea264,A-10b8f2,active,Enterprise,Pro,47,9353,112236,false,true,annual,true,2024-04-10,2024-04-26,false
S-682d28,A-fdfc91,active,Enterprise,Pro,47,9353,112236,false,true,annual,true,2024-08-31,2024-09-14,false
S-0b6899,A-313be3,active,Enterprise,Pro,47,9353,112236,false,true,annual,false,2024-01-31,2024-07-03,false
S-dcd084,A-d27f50,active,Enterprise,Pro,48,9552,114624,false,true,annual,true,2024-12-05,2024-12-05,false
S-5ca11a,A-309e54,active,Enterprise,Pro,48,9552,114624,false,true,annual,true,2024-12-26,2024-12-26,false
S-e27e43,A-700ade,active,Enterprise,Pro,48,9552,114624,false,true,monthly,true,2024-11-19,2024-11-20,false
S-ab152e,A-3793ee,active,Enterprise,Pro,49,9751,117012,false,true,monthly,true,2024-07-22,2024-10-23,false
S-294fb2,A-bb2f49,active,Enterprise,Pro,49,9751,117012,false,true,annual,true,2023-07-26,2023-10-26,false
S-22be2c,A-35083d,active,Enterprise,Pro,49,9751,117012,false,true,monthly,true,2024-12-15,2999-12-31,true
S-7bd2d7,A-9b9fe9,active,Enterprise,Pro,50,9950,119400,false,true,monthly,true,2024-11-28,2999-12-31,true
S-ed76ff,A-1e1b80,active,Enterprise,Pro,50,9950,119400,false,true,monthly,true,2024-03-28,2024-04-30,false
S-8ae804,A-0dbdc6,active,Enterprise,Pro,50,9950,119400,false,true,monthly,true,2024-05-05,2024-07-02,false
S-9c19fe,A-bd4513,active,Enterprise,Pro,50,9950,119400,false,true,monthly,false,2024-12-20,2024-12-30,false
S-f0c3f6,A-6f50ae,active,Enterprise,Pro,50,9950,119400,false,true,annual,true,2024-06-16,2024-07-13,false
S-e371b7,A-310452,active,Enterprise,Pro,50,9950,119400,false,true,monthly,true,2024-12-28,2024-12-29,false
S-3803ff,A-b3fe05,active,Enterprise,Pro,50,9950,119400,false,true,monthly,true,2024-08-04,2024-09-03,false
S-bedd26,A-20736a,active,Enterprise,Pro,50,9950,119400,false,true,monthly,true,2024-09-03,2024-10-02,false
S-8bb388,A-883b7d,active,Enterprise,Pro,50,9950,119400,false,true,annual,true,2024-08-22,2999-12-31,true
S-d5bf88,A-462d45,active,Enterprise,Pro,52,10348,124176,false,true,annual,true,2024-02-21,2024-02-29,false
S-6ca46a,A-0cc442,active,Enterprise,Pro,53,10547,126564,false,true,annual,true,2024-09-25,2024-09-25,false
S-eae806,A-c37601,active,Enterprise,Pro,54,10746,128952,false,true,monthly,false,2024-12-30,2999-12-31,true
S-ac1f01,A-e693b6,active,Enterprise,Pro,55,10945,131340,false,true,monthly,true,2024-03-14,2024-03-21,false
S-feccd8,A-812c5b,active,Enterprise,Pro,55,10945,131340,false,true,monthly,true,2024-12-22,2024-12-27,false
S-8cd315,A-c1e51e,active,Enterprise,Pro,55,10945,131340,false,true,monthly,true,2024-11-19,2024-11-28,false
S-9fae95,A-96bbc6,active,Enterprise,Pro,56,11144,133728,false,true,annual,true,2024-12-08,2024-12-12,false
S-b0ed51,A-98a59a,active,Enterprise,Pro,56,11144,133728,false,true,monthly,false,2024-08-08,2024-09-12,false
S-899319,A-560d27,active,Enterprise,Pro,57,11343,136116,false,true,monthly,true,2024-07-23,2024-07-31,false
S-f9cb96,A-fd9422,active,Enterprise,Pro,58,11542,138504,false,true,annual,true,2024-05-09,2024-07-12,false
S-295bac,A-779e4e,active,Enterprise,Pro,58,11542,138504,false,true,monthly,true,2023-07-13,2023-11-12,false
S-477a57,A-ccabf0,active,Enterprise,Pro,59,11741,140892,false,true,monthly,true,2023-11-29,2023-12-29,false
S-f17152,A-7f6b86,active,Enterprise,Pro,59,11741,140892,false,true,annual,true,2024-09-16,2024-10-27,false
S-c508b3,A-671f31,active,Enterprise,Pro,59,11741,140892,false,true,annual,false,2024-12-24,2024-12-28,false
S-f762a3,A-158f4e,active,Enterprise,Pro,61,12139,145668,false,true,annual,true,2024-03-22,2024-09-03,false
S-3ad334,A-158f4e,active,Enterprise,Pro,61,12139,145668,false,true,monthly,true,2024-11-23,2999-12-31,true
S-163e64,A-dfbd31,active,Enterprise,Pro,62,12338,148056,false,true,monthly,true,2024-11-08,2024-12-04,false
S-ec8b34,A-de58ca,active,Enterprise,Pro,62,12338,148056,false,true,annual,false,2023-10-09,2023-12-24,false
S-db37e1,A-4a267b,active,Enterprise,Pro,63,12537,150444,false,true,annual,false,2024-10-12,2024-10-18,false
S-f4a3ac,A-1f7acb,active,Enterprise,Pro,64,12736,152832,false,true,annual,true,2024-09-22,2999-12-31,true
S-b95c5c,A-20736a,active,Enterprise,Pro,64,12736,152832,false,true,monthly,true,2024-10-13,2024-11-23,false
S-612bfb,A-180abf,active,Enterprise,Pro,64,12736,152832,false,true,annual,true,2024-04-16,2024-07-10,false
S-4f2ca8,A-544d0a,active,Enterprise,Pro,64,12736,152832,false,true,annual,true,2024-09-24,2024-10-27,false
S-2636a7,A-1f7acb,active,Enterprise,Pro,64,12736,152832,false,true,annual,true,2024-07-05,2024-08-27,false
S-8c10c1,A-0651a4,active,Enterprise,Pro,65,12935,155220,false,true,annual,true,2024-12-25,2999-12-31,true
S-48d1f2,A-e08cd3,active,Enterprise,Pro,67,13333,159996,false,true,annual,false,2024-10-16,2024-10-20,false
S-ab476e,A-7dacce,active,Enterprise,Pro,67,13333,159996,false,true,annual,true,2024-11-28,2024-12-04,false
S-b51d34,A-2d1036,active,Enterprise,Pro,69,13731,164772,false,true,annual,true,2024-10-13,2024-11-21,false
S-5272ff,A-fda07f,active,Enterprise,Pro,69,13731,164772,false,true,annual,true,2024-11-10,2024-11-28,false
S-b7d290,A-7920cc,active,Enterprise,Pro,69,13731,164772,false,true,annual,true,2024-12-06,2999-12-31,true
S-cdc644,A-76fa4d,active,Enterprise,Pro,69,13731,164772,false,true,annual,true,2024-12-03,2024-12-05,false
S-db0f41,A-afa505,active,Enterprise,Pro,70,13930,167160,false,true,monthly,false,2024-07-26,2024-08-12,false
S-a82909,A-3a5ad8,active,Enterprise,Pro,70,13930,167160,false,true,annual,true,2024-11-19,2024-12-20,false
S-fcc241,A-443b7c,active,Enterprise,Pro,70,13930,167160,false,true,annual,true,2024-09-25,2024-09-30,false
S-4291f7,A-afa505,active,Enterprise,Pro,70,13930,167160,false,true,monthly,false,2024-11-19,2999-12-31,true
S-3df6ee,A-afa505,active,Enterprise,Pro,70,13930,167160,false,true,monthly,true,2024-05-10,2024-06-02,false
S-783694,A-fa3095,active,Enterprise,Pro,70,13930,167160,false,true,annual,true,2023-12-18,2024-05-16,false
S-e5d9a4,A-09316c,active,Enterprise,Pro,70,13930,167160,false,true,annual,true,2024-12-07,2024-12-10,false
S-f0c747,A-5b1bcd,active,Enterprise,Pro,73,14527,174324,false,true,monthly,true,2024-09-24,2024-10-04,false
S-746e1b,A-90a8c8,active,Enterprise,Pro,73,14527,174324,false,true,annual,true,2024-09-17,2024-09-19,false
S-b553d7,A-5b1bcd,active,Enterprise,Pro,73,14527,174324,false,true,annual,true,2024-10-16,2024-12-31,false
S-817e4b,A-42b791,active,Enterprise,Pro,75,14925,179100,false,true,annual,false,2024-10-08,2024-10-25,false
S-02ab8b,A-4e44e8,active,Enterprise,Pro,75,14925,179100,false,true,monthly,true,2024-11-03,2024-11-08,false
S-46852c,A-58b9ff,active,Enterprise,Pro,76,15124,181488,false,true,monthly,true,2024-09-26,2024-09-27,false
S-8d8dd0,A-902ef7,active,Enterprise,Pro,83,16517,198204,false,true,monthly,true,2024-09-30,2024-11-07,false
S-39b5ce,A-902ef7,active,Enterprise,Pro,83,16517,198204,false,true,annual,true,2024-12-11,2024-12-18,false
S-62c088,A-054577,active,Enterprise,Pro,85,16915,202980,false,true,monthly,true,2024-12-09,2999-12-31,true
S-ca1cb9,A-5a215a,active,Enterprise,Pro,87,17313,207756,false,true,annual,false,2024-09-16,2024-09-18,false
S-bef342,A-4814a3,active,Enterprise,Pro,87,17313,207756,false,true,annual,true,2024-11-26,2024-12-08,false
S-e7d026,A-0aaf6e,active,Enterprise,Pro,88,17512,210144,false,true,annual,true,2024-12-25,2024-12-26,false
S-e746d2,A-977ca0,active,Enterprise,Pro,91,18109,217308,false,true,monthly,true,2023-08-18,2023-10-15,false
S-8b00ff,A-40906c,active,Enterprise,Pro,92,18308,219696,false,true,annual,true,2024-06-19,2024-06-19,false
S-07a006,A-40906c,active,Enterprise,Pro,92,18308,219696,false,true,monthly,true,2024-11-18,2024-12-01,false
S-021985,A-66224b,active,Enterprise,Pro,92,18308,219696,false,true,monthly,false,2024-12-22,2024-12-27,false
S-d02277,A-05f0e5,active,Enterprise,Pro,92,18308,219696,false,true,monthly,true,2024-06-11,2024-07-09,false
S-e9a159,A-1f0636,active,Enterprise,Pro,105,20895,250740,false,true,monthly,false,2024-06-27,2024-07-27,false
S-edc542,A-1f0636,active,Enterprise,Pro,105,20895,250740,false,true,annual,true,2024-04-09,2024-05-29,false
S-79d1e02,A-ce550d,churned,Enterprise,Pro,109,21691,260292,false,true,monthly,true,2024-12-31,2024-12-31,false
S-79d1e0,A-ce550d,active,Enterprise,Pro,109,21691,260292,false,true,monthly,true,2024-12-31,2999-12-31,true
S-1b8454,A-d4e0d4,active,Enterprise,Pro,117,23283,279396,false,true,monthly,true,2024-10-27,2024-10-28,false
S-fe0869,A-d4e0d4,active,Enterprise,Pro,117,23283,279396,false,true,annual,true,2024-11-16,2024-11-23,false
S-61cc6f,A-d4e0d4,active,Enterprise,Pro,117,23283,279396,false,true,annual,true,2024-12-14,2999-12-31,true
S-4c100f,A-eb7fac,active,Enterprise,Pro,136,27064,324768,false,true,monthly,false,2024-02-24,2024-03-30,false
S-155b3e,A-18793f,active,Enterprise,Pro,148,29452,353424,false,true,annual,false,2024-12-19,2024-12-19,false
S-e98121,A-56962b,active,Enterprise,Pro,163,32437,389244,false,true,monthly,true,2024-12-15,2999-12-31,true
S-78f738,A-c70870,active,Enterprise,Pro,170,33830,405960,false,true,monthly,true,2024-12-29,2999-12-31,true